{
"type": "FeatureCollection",
"name": "NP_Grenze1",
"crs": { "type": "name", "properties": { "name": "urn:ogc:def:crs:OGC:1.3:CRS84" } },
"features": [
{ "type": "Feature", "properties": { "OBJEKT": "NTP", "NAME": "Karwendel", "STAND": "2022-02-02", "RECHTSQUEL": "Verordnung der Tiroler Landesregierung vom 18. Jänner 2022 (LGBl. Nr. 19/2022)", "OBJEKTBEZE": "Naturpark", "ERFASSUNGS": 5000, "CREATETIME": "2009-10-21", "UPDATETIME": "2025-12-12" }, "geometry": { "type": "MultiPolygon", "coordinates": [ [ [ [ 11.226570678378895, 47.417097315333095 ], [ 11.227229530034009, 47.416791868069474 ], [ 11.227490619522879, 47.416677532411583 ], [ 11.228036091531651, 47.416438667151162 ], [ 11.230560145360956, 47.415913526518104 ], [ 11.235564435731856, 47.41333853041143 ], [ 11.235533425840739, 47.413325902496567 ], [ 11.235490511351616, 47.413300505754322 ], [ 11.235412890396443, 47.413258606410494 ], [ 11.235352053512424, 47.413228879912694 ], [ 11.235292998146624, 47.413204167365294 ], [ 11.235258833661051, 47.413193812757363 ], [ 11.23517224370247, 47.413173795389312 ], [ 11.235127058069198, 47.413165200160456 ], [ 11.23505449888528, 47.413145072673842 ], [ 11.234972610830397, 47.413127257929823 ], [ 11.234932931118488, 47.413117504129751 ], [ 11.234891903313983, 47.413103281596733 ], [ 11.234808967614621, 47.413073728061008 ], [ 11.234751621789989, 47.413049001833102 ], [ 11.234694487087163, 47.413012536027871 ], [ 11.234640095594841, 47.412962062161057 ], [ 11.234621125520015, 47.412945993659434 ], [ 11.234612376106492, 47.412930960375732 ], [ 11.234611995508464, 47.412908584906454 ], [ 11.234608186916757, 47.41285995421471 ], [ 11.234594003826553, 47.412825391363974 ], [ 11.234584054531613, 47.412789671010785 ], [ 11.234581902063972, 47.41276283913362 ], [ 11.234579822011328, 47.412741043639564 ], [ 11.234566948800449, 47.412708701168704 ], [ 11.234543488096607, 47.412678681313885 ], [ 11.234521717556717, 47.412647532883987 ], [ 11.234511139144113, 47.412624679667601 ], [ 11.234503914515118, 47.41259956951847 ], [ 11.234509579552681, 47.412558689843252 ], [ 11.234512628791359, 47.412538527138317 ], [ 11.234507347350323, 47.412527945956953 ], [ 11.234495253906877, 47.412515736175749 ], [ 11.234481394167052, 47.412500176270818 ], [ 11.234469983229832, 47.412479011555916 ], [ 11.234462654026542, 47.412447749947148 ], [ 11.234445413998925, 47.412408731741877 ], [ 11.234438313008487, 47.412390888219797 ], [ 11.23442784516384, 47.412375310723853 ], [ 11.234414042679555, 47.412363114325615 ], [ 11.234386542335619, 47.412344872980327 ], [ 11.23434528711465, 47.412317232155608 ], [ 11.234324516768423, 47.4122950164383 ], [ 11.234315786664434, 47.412281107298639 ], [ 11.234312415746682, 47.412258197592429 ], [ 11.234318546918239, 47.412239269982869 ], [ 11.23431967982112, 47.412235762224476 ], [ 11.234334421070104, 47.412202645701676 ], [ 11.234349987490569, 47.412168965048934 ], [ 11.234350445604845, 47.412146034336644 ], [ 11.234351871123978, 47.412105187883562 ], [ 11.234355020763639, 47.412040276478486 ], [ 11.234370098107108, 47.411952902153935 ], [ 11.234373236774045, 47.411937218038894 ], [ 11.234368441820001, 47.411905369907409 ], [ 11.234364732586622, 47.411887499803591 ], [ 11.234353525317793, 47.411877522707321 ], [ 11.234330312381896, 47.411862045061419 ], [ 11.234283251434917, 47.411842832627002 ], [ 11.234255865477767, 47.411831300291986 ], [ 11.234235447346624, 47.411829787266299 ], [ 11.234214228701227, 47.411831068820675 ], [ 11.23419123823661, 47.41182789395679 ], [ 11.234171582402931, 47.41182133799645 ], [ 11.23414191132415, 47.411800873951449 ], [ 11.234096356297361, 47.411770469410186 ], [ 11.234059487492953, 47.411750619385799 ], [ 11.234041365946654, 47.411734544139364 ], [ 11.234035236616858, 47.411723960581554 ], [ 11.234035094143119, 47.411715578770853 ], [ 11.234037460960204, 47.411704371004568 ], [ 11.23405565283935, 47.411650531012903 ], [ 11.234055424754501, 47.411637112920985 ], [ 11.234050105432653, 47.411624292369289 ], [ 11.234035350760886, 47.411605951105571 ], [ 11.234009588446701, 47.411589369042559 ], [ 11.233986309091593, 47.411569970219958 ], [ 11.233975003113031, 47.411554956907658 ], [ 11.233970449900635, 47.411536535737675 ], [ 11.233960735199924, 47.411515357684294 ], [ 11.233940503469197, 47.411499856610497 ], [ 11.233907760434088, 47.411473264285647 ], [ 11.233835373413507, 47.411413981370416 ], [ 11.233817160764728, 47.411391754524281 ], [ 11.233788746596572, 47.411369598562302 ], [ 11.233733519249361, 47.411345421889251 ], [ 11.23370780090718, 47.411332194383405 ], [ 11.233654820639838, 47.41131471001809 ], [ 11.233628178485883, 47.411297019432176 ], [ 11.233577878851369, 47.411286790641412 ], [ 11.233546193043656, 47.411272494490234 ], [ 11.233495971561899, 47.411242683900973 ], [ 11.233482217103022, 47.41123328432009 ], [ 11.233436875704962, 47.4112146247342 ], [ 11.233415207141263, 47.411190185229273 ], [ 11.233405382394936, 47.411161731392468 ], [ 11.233389742137614, 47.411141157331329 ], [ 11.233376816686064, 47.411130635924096 ], [ 11.233355446311947, 47.411122968923003 ], [ 11.233329918187733, 47.411120929072588 ], [ 11.233285763044089, 47.411122956618932 ], [ 11.233253156996035, 47.411129364064514 ], [ 11.233243851061593, 47.411132234196472 ], [ 11.233216769623805, 47.411138598398296 ], [ 11.23318879277938, 47.411142172293026 ], [ 11.233170241641794, 47.411150709377807 ], [ 11.233146622011722, 47.411160401444342 ], [ 11.23312884271451, 47.411164453193507 ], [ 11.233109320266976, 47.411165730266283 ], [ 11.233087168591979, 47.411161990955414 ], [ 11.233056425873022, 47.411153281904419 ], [ 11.233016890302823, 47.411151909239372 ], [ 11.232927545728147, 47.41114421627865 ], [ 11.232881658951243, 47.411128537937955 ], [ 11.232839792564684, 47.411130358523138 ], [ 11.232824418316126, 47.411125441828268 ], [ 11.23280730662119, 47.411118865733627 ], [ 11.232767287029752, 47.411088975027688 ], [ 11.232737101793768, 47.411062362361889 ], [ 11.232678300102936, 47.411002414797565 ], [ 11.232653936406916, 47.410969046641441 ], [ 11.232607063636433, 47.410935854503741 ], [ 11.232575463611855, 47.410926585370667 ], [ 11.23254386753745, 47.410916767530004 ], [ 11.232510458044628, 47.410900811582835 ], [ 11.232460490539202, 47.410860924648837 ], [ 11.232420728329732, 47.410820409236166 ], [ 11.232372966158589, 47.410785541973645 ], [ 11.232351472785485, 47.410770608144354 ], [ 11.232334137259656, 47.410750047191669 ], [ 11.232318370475136, 47.410722764032641 ], [ 11.232312685322842, 47.410687567799251 ], [ 11.232315792212029, 47.410670759666495 ], [ 11.232330869169211, 47.410633170473872 ], [ 11.232332337321324, 47.41061973911615 ], [ 11.232331005465067, 47.41059121879065 ], [ 11.232299827359011, 47.410481836853002 ], [ 11.232294506201677, 47.410418107033529 ], [ 11.232296798558295, 47.410354065848374 ], [ 11.232297670647933, 47.410329710761808 ], [ 11.232307232449267, 47.410292722346334 ], [ 11.232302632484618, 47.410271504164776 ], [ 11.232287789576111, 47.410248684072734 ], [ 11.232282389181192, 47.41023026945507 ], [ 11.232282189934677, 47.410218524119308 ], [ 11.232287920240017, 47.410205617105611 ], [ 11.232314127627502, 47.410173526522911 ], [ 11.232355127473676, 47.410136292331522 ], [ 11.232370802568576, 47.410108196707753 ], [ 11.2323712140858, 47.41008246905286 ], [ 11.232367066889616, 47.410053574974803 ], [ 11.232334827733759, 47.410016751443408 ], [ 11.232320083570659, 47.409998967535593 ], [ 11.232301602496142, 47.409961631684197 ], [ 11.232297840990046, 47.409939849284122 ], [ 11.23229612303191, 47.40986435339186 ], [ 11.232296009220047, 47.409857644340583 ], [ 11.232299167305962, 47.409843075450823 ], [ 11.232293123983656, 47.409837528077823 ], [ 11.232281189140162, 47.40983538173041 ], [ 11.232264204987755, 47.4098355144978 ], [ 11.232237858169677, 47.409835162786784 ], [ 11.232207926261118, 47.409824207524139 ], [ 11.232178817664975, 47.409811015167719 ], [ 11.232165797901855, 47.409794899743638 ], [ 11.232155277991293, 47.4097754008138 ], [ 11.232139271550752, 47.409708966183274 ], [ 11.232127871624769, 47.409688358803493 ], [ 11.232108746065361, 47.409662226182824 ], [ 11.232034838466742, 47.40961301891366 ], [ 11.231985897913969, 47.409558588532178 ], [ 11.23196082013283, 47.409533051068777 ], [ 11.231947724712279, 47.409512465914482 ], [ 11.231946658604992, 47.409499603030795 ], [ 11.231948121012895, 47.409485047400409 ], [ 11.231956328615494, 47.409468208409876 ], [ 11.232013451922933, 47.40940511490485 ], [ 11.2320836052914, 47.409332978942459 ], [ 11.232187159995128, 47.409252180943696 ], [ 11.23222900694603, 47.409214931174972 ], [ 11.232253041093786, 47.409178944954334 ], [ 11.23229459103672, 47.409099198186233 ], [ 11.232335593495762, 47.409012179082673 ], [ 11.232355270530782, 47.408970074622381 ], [ 11.232355229590238, 47.408942668516985 ], [ 11.232354121771749, 47.408928132973585 ], [ 11.232328839199932, 47.40888973496768 ], [ 11.232312811168928, 47.408846236649573 ], [ 11.232312545561653, 47.408830579196049 ], [ 11.232304679412861, 47.408818327136025 ], [ 11.232257894215962, 47.408790171115179 ], [ 11.232182424841223, 47.408748810405882 ], [ 11.232079846723449, 47.408712131814433 ], [ 11.232043866658982, 47.408694513834376 ], [ 11.232027546829256, 47.408684576461887 ], [ 11.232020475691433, 47.408668414529771 ], [ 11.23201366713619, 47.408642734299804 ], [ 11.232002034140558, 47.408607584520659 ], [ 11.231996080143272, 47.408557288492545 ], [ 11.231991343993643, 47.408528803751523 ], [ 11.231971563523018, 47.408489805004471 ], [ 11.231964331237842, 47.408464137076649 ], [ 11.231957870876496, 47.408433983824686 ], [ 11.231951167729298, 47.408388730601295 ], [ 11.231941435370938, 47.408366428184827 ], [ 11.231935249980767, 47.40835248997633 ], [ 11.231909957632906, 47.408339267728294 ], [ 11.231872174071015, 47.408316069168983 ], [ 11.231839538359207, 47.408295627683707 ], [ 11.231825367797548, 47.408261622031922 ], [ 11.2317913505563, 47.408184696486821 ], [ 11.231771184401037, 47.408147940362383 ], [ 11.231730497214601, 47.408103510292321 ], [ 11.231673778641174, 47.408065357725242 ], [ 11.23160987430342, 47.408030058569658 ], [ 11.231537215606414, 47.408004344003153 ], [ 11.231457036048033, 47.40798594674046 ], [ 11.23137068357984, 47.407979353520147 ], [ 11.231319630515646, 47.407975272906185 ], [ 11.231281321903538, 47.407971101749339 ], [ 11.231241998586741, 47.40795630693075 ], [ 11.231211021105986, 47.407933612672132 ], [ 11.231165338410939, 47.407895373685228 ], [ 11.231119165583486, 47.407853225872088 ], [ 11.231068306806383, 47.407810547964495 ], [ 11.231041676739126, 47.407793414338329 ], [ 11.231010826480496, 47.40777743796977 ], [ 11.230991905566553, 47.407768006459698 ], [ 11.230968842395121, 47.407756511547291 ], [ 11.230934507875286, 47.407736640726554 ], [ 11.230900373857837, 47.407702790781208 ], [ 11.230855539436169, 47.40766454504886 ], [ 11.230789501276494, 47.407627580105625 ], [ 11.230736279595703, 47.40759556105732 ], [ 11.230696774733573, 47.407565323804732 ], [ 11.23066544779903, 47.407552481170271 ], [ 11.230647234024589, 47.407530811480534 ], [ 11.230643530031458, 47.407512374546485 ], [ 11.230643198694331, 47.40749280496437 ], [ 11.230646135552851, 47.407465933279617 ], [ 11.230652069865043, 47.407414986745586 ], [ 11.230647137813886, 47.407399923360217 ], [ 11.230618528430691, 47.40736603022053 ], [ 11.230590080022106, 47.40734164307014 ], [ 11.230560533794861, 47.407303277933302 ], [ 11.230513324735471, 47.407249948722026 ], [ 11.230494380668908, 47.407234436985554 ], [ 11.23048893006564, 47.407213783020588 ], [ 11.230489456069026, 47.407194764411372 ], [ 11.230490067174888, 47.407180773098695 ], [ 11.230503469728955, 47.407169479299895 ], [ 11.230516806050508, 47.407154273381444 ], [ 11.230539438309732, 47.40713563996222 ], [ 11.23056121890561, 47.407117570846275 ], [ 11.230571470370306, 47.407096236709087 ], [ 11.23057886797341, 47.407081634781932 ], [ 11.230580900214823, 47.407051415183176 ], [ 11.230579402061094, 47.40693787950859 ], [ 11.230582310605822, 47.406909335055104 ], [ 11.230586165341858, 47.406885811179585 ], [ 11.230604137897515, 47.406843162641607 ], [ 11.230623028015053, 47.406780368113544 ], [ 11.230632002007306, 47.406757928611647 ], [ 11.230638362449907, 47.406732154530182 ], [ 11.230654815267338, 47.406700698083917 ], [ 11.230664731776313, 47.406683845843105 ], [ 11.230678925203723, 47.406669190879107 ], [ 11.230691403924972, 47.406653424973442 ], [ 11.230702380043692, 47.406624817560512 ], [ 11.230717127839229, 47.406592825741399 ], [ 11.230750491796083, 47.406556209349731 ], [ 11.230780492712533, 47.406521292182795 ], [ 11.23079781224687, 47.406490953271152 ], [ 11.230804662739216, 47.406469087989954 ], [ 11.230804321912503, 47.406448960815851 ], [ 11.230795536763685, 47.406431687859104 ], [ 11.230771711740193, 47.406379858231354 ], [ 11.230737105128906, 47.40631803882453 ], [ 11.230712517510742, 47.406271243096121 ], [ 11.230691779571067, 47.406250708432751 ], [ 11.230632321574225, 47.406200838811905 ], [ 11.23058372640844, 47.406166534945292 ], [ 11.230541734340202, 47.40614505076158 ], [ 11.23052622550008, 47.406132867198288 ], [ 11.230520088098993, 47.406121725843981 ], [ 11.230520665088831, 47.406104937485203 ], [ 11.230522095684323, 47.406089266787149 ], [ 11.23052778807943, 47.406074120501522 ], [ 11.230545382113299, 47.406059996683837 ], [ 11.230561388590214, 47.406051488863646 ], [ 11.230578257803341, 47.406044638304202 ], [ 11.230611952976743, 47.406027600531864 ], [ 11.230624545305851, 47.406018552684856 ], [ 11.230626522803874, 47.406010145325986 ], [ 11.230645229273538, 47.405960781102976 ], [ 11.230664859204314, 47.40591587996915 ], [ 11.230668102788895, 47.405906347403871 ], [ 11.230667141227247, 47.405899635967273 ], [ 11.230657476269563, 47.405881254537775 ], [ 11.230645578183774, 47.40585618058725 ], [ 11.230636002161512, 47.405842268760573 ], [ 11.230621098817686, 47.405814978610522 ], [ 11.230613209006567, 47.405800495961621 ], [ 11.230613573873054, 47.405771962354805 ], [ 11.230615492472966, 47.405735033689844 ], [ 11.230622070533363, 47.405722120134612 ], [ 11.230636630834319, 47.405704107337755 ], [ 11.23066003457941, 47.405680997570613 ], [ 11.230679375241966, 47.405669099748657 ], [ 11.230684244247101, 47.405656190531438 ], [ 11.230685830095302, 47.405648910547832 ], [ 11.230684868688821, 47.405642208104453 ], [ 11.23066856894372, 47.405633385704078 ], [ 11.230643715223048, 47.405620150755098 ], [ 11.230624674107831, 47.405604351967682 ], [ 11.230617001296244, 47.405597989717691 ], [ 11.23059453590561, 47.405576353187548 ], [ 11.230570085790943, 47.405536868931897 ], [ 11.230510145385447, 47.405500710724169 ], [ 11.230492239814049, 47.405479983027917 ], [ 11.230476506777588, 47.405459238379656 ], [ 11.230460786848401, 47.405438484632349 ], [ 11.230447266097125, 47.405417722720955 ], [ 11.230431532944888, 47.405396969072662 ], [ 11.230420211227448, 47.40537619000289 ], [ 11.230406690508337, 47.405355428086288 ], [ 11.230388771628098, 47.405334691482722 ], [ 11.230368653905247, 47.405313981023212 ], [ 11.230346337190097, 47.405293287713249 ], [ 11.230328418354844, 47.405272551099728 ], [ 11.230306114920102, 47.40525185767823 ], [ 11.230283811350709, 47.405231155258839 ], [ 11.230265917825211, 47.405211911535872 ], [ 11.230245875835546, 47.405195670762964 ], [ 11.230225859121013, 47.405180922887354 ], [ 11.230194772849485, 47.405160288949794 ], [ 11.230185838820312, 47.405151418028566 ], [ 11.230183639817991, 47.405151435178638 ], [ 11.230157128256689, 47.40514120824335 ], [ 11.230130590211589, 47.405130981508513 ], [ 11.230104078670704, 47.405120754560812 ], [ 11.230068707373732, 47.405107610499954 ], [ 11.230062098360927, 47.405106168939028 ], [ 11.230053239984516, 47.405101767716701 ], [ 11.230051028973403, 47.405100291859945 ], [ 11.230020169977193, 47.405093084989453 ], [ 11.22998942371815, 47.405093324732121 ], [ 11.229958690705686, 47.40509356436327 ], [ 11.229888226958087, 47.405082186957095 ], [ 11.229857418194388, 47.405077947857869 ], [ 11.229826571089246, 47.405072224945954 ], [ 11.229795737237664, 47.405066501922377 ], [ 11.229764928642307, 47.405062271791593 ], [ 11.229736280554636, 47.405056531713178 ], [ 11.229707607377186, 47.405049307719814 ], [ 11.229676798646489, 47.405045068571823 ], [ 11.229645964978523, 47.40503935450112 ], [ 11.229615092672667, 47.405032138630766 ], [ 11.229584233622106, 47.405024922648792 ], [ 11.229557720988494, 47.405016188681145 ], [ 11.229531234705449, 47.405007445507458 ], [ 11.229478336637525, 47.404995930952914 ], [ 11.229399229674433, 47.404992077096431 ], [ 11.229368458230555, 47.404990823770895 ], [ 11.2293179104791, 47.404988240421908 ], [ 11.229304603718861, 47.404980887605227 ], [ 11.229275792624508, 47.404964714985354 ], [ 11.229251341054631, 47.404947015295797 ], [ 11.229229075247844, 47.404929298572405 ], [ 11.22920469925911, 47.404916068583269 ], [ 11.229173764784587, 47.404904382779087 ], [ 11.229142855555592, 47.404894189867832 ], [ 11.229112008632672, 47.404888466762181 ], [ 11.229081174963252, 47.404882743544995 ], [ 11.229050366529711, 47.404878513220936 ], [ 11.229019494549174, 47.404871306182194 ], [ 11.228988685975041, 47.40486706684807 ], [ 11.228957839084105, 47.404861343700709 ], [ 11.228907115201336, 47.404848327845855 ], [ 11.228900430576676, 47.40484240751293 ], [ 11.228891597565068, 47.404839499101215 ], [ 11.228891823629452, 47.404836412204538 ], [ 11.228833651077249, 47.404809890519765 ], [ 11.228816975264332, 47.404799163935984 ], [ 11.228797758115219, 47.404777600697756 ], [ 11.228778554048459, 47.404756810887044 ], [ 11.228747652048742, 47.404740762350301 ], [ 11.228693042726141, 47.404715759914183 ], [ 11.228634948944508, 47.40469388770569 ], [ 11.228618299488771, 47.404684716947614 ], [ 11.22859089515506, 47.404666311545185 ], [ 11.228563464682111, 47.404647141801519 ], [ 11.22854674963407, 47.404634085891054 ], [ 11.22853696716313, 47.404612611063882 ], [ 11.228535745549294, 47.404605388942414 ], [ 11.228535501150773, 47.404590918587779 ], [ 11.228530651306908, 47.404564197507106 ], [ 11.228527071988422, 47.404547594417409 ], [ 11.228509335628573, 47.40453760460435 ], [ 11.22847938278454, 47.404520478252884 ], [ 11.228409802772665, 47.404498605394345 ], [ 11.228330377121855, 47.404478967817177 ], [ 11.228281865240906, 47.404445489820013 ], [ 11.228267616882299, 47.404427863420999 ], [ 11.228260244697331, 47.404410246470178 ], [ 11.228253650399106, 47.404393190122889 ], [ 11.228253397728155, 47.404378225130394 ], [ 11.228250172707991, 47.404373968814369 ], [ 11.228246888809132, 47.404365440537354 ], [ 11.228240330659668, 47.404350524614699 ], [ 11.228233930010598, 47.404344152304297 ], [ 11.228227480130007, 47.404335648664372 ], [ 11.228221843344125, 47.4043203747825 ], [ 11.22817746273234, 47.404273408719362 ], [ 11.228140522447658, 47.404248880155798 ], [ 11.228097608930122, 47.404218965338842 ], [ 11.228080776324633, 47.404198930490566 ], [ 11.228080527499733, 47.404184190331527 ], [ 11.22808225706091, 47.404146948361969 ], [ 11.228082847856268, 47.404042247005243 ], [ 11.228080543043236, 47.403975561228435 ], [ 11.228088324321533, 47.403948355080587 ], [ 11.228090394241679, 47.403931276280957 ], [ 11.228086621755427, 47.403917346065384 ], [ 11.228070758859216, 47.403884900161309 ], [ 11.228058602874006, 47.403862499328767 ], [ 11.228057987742242, 47.403826058127756 ], [ 11.228045831776337, 47.403803657293508 ], [ 11.228007712930475, 47.403779137855302 ], [ 11.227979012535473, 47.403753762603571 ], [ 11.227968114201218, 47.403736011162671 ], [ 11.227970773952466, 47.403684802386479 ], [ 11.227970827202281, 47.403618098258427 ], [ 11.227958622889082, 47.403522967715098 ], [ 11.227955109392759, 47.403501614960966 ], [ 11.22794530361687, 47.403480302163203 ], [ 11.227935498000774, 47.403458998357848 ], [ 11.227916234182461, 47.403437759135372 ], [ 11.227896970379723, 47.403416519909477 ], [ 11.227877755961867, 47.403397421003298 ], [ 11.22785852846317, 47.403378331190197 ], [ 11.227839314073206, 47.403359232277261 ], [ 11.227810461207865, 47.403329513791462 ], [ 11.227791319091473, 47.403314695722663 ], [ 11.2277911386475, 47.403304002584647 ], [ 11.227784833290926, 47.403304051628702 ], [ 11.227781608526897, 47.403299804291436 ], [ 11.22777455900221, 47.403295793578323 ], [ 11.227737090920362, 47.403274480047727 ], [ 11.227724313182135, 47.403263893881601 ], [ 11.227714927234524, 47.403268239301305 ], [ 11.227714782922289, 47.403259686589344 ], [ 11.227695857245825, 47.403257693075375 ], [ 11.227642242671736, 47.40325383762255 ], [ 11.227639198183345, 47.403260274426295 ], [ 11.227623448050792, 47.403260396911811 ], [ 11.227620416806277, 47.403266833612037 ], [ 11.227601513995456, 47.403266980611903 ], [ 11.227550943917903, 47.403256688313597 ], [ 11.227542320936845, 47.403255293749034 ], [ 11.227538310352893, 47.403254645845443 ], [ 11.227484040723356, 47.403233712028943 ], [ 11.227462220592241, 47.403225294575222 ], [ 11.227455769601661, 47.403224720510501 ], [ 11.227418050841067, 47.403221365580656 ], [ 11.227386383482218, 47.403210917246248 ], [ 11.227351369862514, 47.403189800376524 ], [ 11.227341889144355, 47.403187742369902 ], [ 11.227335524846337, 47.403183510432989 ], [ 11.22727246560407, 47.403179728231741 ], [ 11.227262877199008, 47.40317835464289 ], [ 11.22724404586147, 47.403175667739283 ], [ 11.227199695843446, 47.403161045520221 ], [ 11.22717442878629, 47.403156960504511 ], [ 11.227167834999916, 47.403139904087688 ], [ 11.227155129442428, 47.403133589716951 ], [ 11.227129465843493, 47.403105986977344 ], [ 11.227120021088863, 47.403106060385532 ], [ 11.227088353857187, 47.403095611967736 ], [ 11.227056781658797, 47.403091584924439 ], [ 11.22702522255998, 47.40308754877605 ], [ 11.226980944696065, 47.403077198331523 ], [ 11.226977756096334, 47.403075091397781 ], [ 11.22694897603933, 47.403049653543164 ], [ 11.226942503687578, 47.403039009296798 ], [ 11.226936054176122, 47.403030505579828 ], [ 11.226926537418549, 47.403026307111631 ], [ 11.226920015744263, 47.403013522539943 ], [ 11.226891465337472, 47.403000918135348 ], [ 11.226859784815343, 47.402990460763064 ], [ 11.226828153783428, 47.40298215269933 ], [ 11.226799662174344, 47.402973820235033 ], [ 11.226771062493583, 47.402959075475984 ], [ 11.22673612143732, 47.40294223926869 ], [ 11.226736049285437, 47.402937958414626 ], [ 11.226720227246068, 47.402933808914753 ], [ 11.226720204417241, 47.402931668384795 ], [ 11.226688560195612, 47.402923360384982 ], [ 11.226657001375685, 47.402919333127656 ], [ 11.226625429162425, 47.402915296971088 ], [ 11.226593870351902, 47.402911269696304 ], [ 11.226562298148044, 47.402907233522313 ], [ 11.226514867868776, 47.402896907383941 ], [ 11.226505387234937, 47.402894849307472 ], [ 11.226492753795407, 47.402892806723088 ], [ 11.226483273011592, 47.402890739651383 ], [ 11.226476931636702, 47.40288864819599 ], [ 11.226457970224041, 47.40288452304253 ], [ 11.22644222019842, 47.402884645365013 ], [ 11.226435856008603, 47.40288041337724 ], [ 11.22640732860406, 47.402869949380637 ], [ 11.226397834581149, 47.402867882404664 ], [ 11.226394479105123, 47.402855082208625 ], [ 11.22639375847211, 47.402812309636737 ], [ 11.226399654881071, 47.402807649631349 ], [ 11.226414405900471, 47.402774183212514 ], [ 11.226443662559289, 47.402692690067234 ], [ 11.226444397206977, 47.402666312285753 ], [ 11.226429469159031, 47.402619287687088 ], [ 11.226416088949358, 47.402524166099163 ], [ 11.226406069641104, 47.40248934498257 ], [ 11.226385819253638, 47.40247554267642 ], [ 11.226351447995574, 47.402463406085651 ], [ 11.226313565888056, 47.402452834818789 ], [ 11.226282509334366, 47.40242748642914 ], [ 11.226245688848664, 47.402409153577622 ], [ 11.226165300941021, 47.402392715041401 ], [ 11.226073084999731, 47.402373274141247 ], [ 11.225969301843159, 47.402366317472222 ], [ 11.225886778462375, 47.402362307822457 ], [ 11.225818140512029, 47.402344221783409 ], [ 11.225593077642635, 47.402271511229664 ], [ 11.225478201845439, 47.402235173974674 ], [ 11.225406066869249, 47.402218670879265 ], [ 11.225228618015555, 47.402174282915027 ], [ 11.225132748474604, 47.402147880814681 ], [ 11.225055363245632, 47.402099622411285 ], [ 11.224858557153096, 47.402025144232304 ], [ 11.224786229817978, 47.401997174161849 ], [ 11.224763923182262, 47.401982380116912 ], [ 11.224741629805257, 47.401967585964812 ], [ 11.224713067081618, 47.401954972117494 ], [ 11.224681437001008, 47.4019466634536 ], [ 11.224652874302912, 47.401934049591077 ], [ 11.22463060372043, 47.401921395948229 ], [ 11.224608382232052, 47.401910873633561 ], [ 11.224583008155202, 47.401900375747886 ], [ 11.224557598253213, 47.401887746421224 ], [ 11.224529013028491, 47.401873000989347 ], [ 11.224506706365792, 47.401858197899799 ], [ 11.224487552460763, 47.401843379368529 ], [ 11.224458918051038, 47.401826493592679 ], [ 11.224443073784609, 47.401820203242856 ], [ 11.22443984922894, 47.401815946814722 ], [ 11.224436759879314, 47.401814216812866 ], [ 11.224318709649038, 47.401729206392233 ], [ 11.224309180086035, 47.401725007805503 ], [ 11.224302816206345, 47.401720775696369 ], [ 11.224296794969744, 47.401717224519487 ], [ 11.224259897421023, 47.401695023961175 ], [ 11.224186593828726, 47.401638872092761 ], [ 11.224127583841803, 47.401602370526426 ], [ 11.224102138223998, 47.401587600667412 ], [ 11.224057610719809, 47.401562284062123 ], [ 11.224038542224072, 47.401551746209186 ], [ 11.22402557257446, 47.401530457576911 ], [ 11.224018921481507, 47.401509128998633 ], [ 11.224015409569976, 47.40148776711154 ], [ 11.224015050233312, 47.401466380806703 ], [ 11.224001734681037, 47.401423714756987 ], [ 11.223973100654153, 47.401406828856018 ], [ 11.223944264277334, 47.401377109263088 ], [ 11.223937815452674, 47.401368605370472 ], [ 11.223931379876168, 47.401360101374891 ], [ 11.223890041168909, 47.401336900715727 ], [ 11.223889933444093, 47.40133048842128 ], [ 11.223880488998473, 47.401330561560485 ], [ 11.223877192753211, 47.401322033250459 ], [ 11.223864236472101, 47.401300744495721 ], [ 11.223851208438623, 47.401275183874084 ], [ 11.223844472290086, 47.401249574527959 ], [ 11.223840888705816, 47.401223940768652 ], [ 11.223831013259133, 47.401198355731481 ], [ 11.223827429685221, 47.40117272197147 ], [ 11.22382384611495, 47.401147088211204 ], [ 11.223820275794356, 47.401121454348086 ], [ 11.223819844781353, 47.401095796175341 ], [ 11.223822553071349, 47.401070113692946 ], [ 11.223822122058008, 47.401044455519958 ], [ 11.223824843439559, 47.401018763941352 ], [ 11.223830717513511, 47.400993056943712 ], [ 11.223830286497369, 47.400967398770426 ], [ 11.223836147317348, 47.400941691874927 ], [ 11.22383528528194, 47.400890375527865 ], [ 11.22382225736645, 47.400864814900388 ], [ 11.223809229463701, 47.400839254271212 ], [ 11.223802506639991, 47.400813644817624 ], [ 11.223808367457529, 47.400787937922878 ], [ 11.223807936455339, 47.400762279748513 ], [ 11.223804366171127, 47.400736645883001 ], [ 11.223797629966548, 47.400711027537724 ], [ 11.223784602114664, 47.400685466904761 ], [ 11.223774726799521, 47.400659881859532 ], [ 11.22376806267631, 47.400638553364651 ], [ 11.223770855971869, 47.400617142644741 ], [ 11.223773649416351, 47.400595740918085 ], [ 11.223776429461767, 47.400574330300472 ], [ 11.223776070233306, 47.400552943990832 ], [ 11.223778863672655, 47.400531542263877 ], [ 11.223778432688654, 47.400505884088155 ], [ 11.223778001705254, 47.400480225912318 ], [ 11.223774418210711, 47.400454592146964 ], [ 11.223773987230038, 47.400428933970879 ], [ 11.223770416836038, 47.400403291109157 ], [ 11.223766833350929, 47.400377657343171 ], [ 11.223760097363837, 47.400352047987099 ], [ 11.223756527133375, 47.400326414117949 ], [ 11.223749791158143, 47.40030080476096 ], [ 11.223743068435432, 47.40027519530085 ], [ 11.22373633247361, 47.400249585942774 ], [ 11.223723304768221, 47.400224025299813 ], [ 11.223703985328349, 47.400198513369872 ], [ 11.223684652661477, 47.400173001538974 ], [ 11.223671625000422, 47.400147440889562 ], [ 11.223661749844107, 47.400121855831159 ], [ 11.223651874546491, 47.400096261778359 ], [ 11.223641999409629, 47.400070676717903 ], [ 11.223632111036764, 47.400045091758983 ], [ 11.223625388405278, 47.400019482290269 ], [ 11.223618652534764, 47.399993872923545 ], [ 11.223611929916666, 47.399968263453722 ], [ 11.223605194059536, 47.399942654085898 ], [ 11.223592166495161, 47.399917093425785 ], [ 11.223572690362065, 47.399883028847064 ], [ 11.223569479242304, 47.399878772289227 ], [ 11.223553478799989, 47.399863929185635 ], [ 11.223540738519347, 47.399855473972586 ], [ 11.223524809825124, 47.39984490273153 ], [ 11.223508629850208, 47.399819366464506 ], [ 11.223495602363625, 47.399793805792349 ], [ 11.223479435664444, 47.399768269418239 ], [ 11.223460103265824, 47.399742757545809 ], [ 11.223437631663598, 47.399717269968406 ], [ 11.223412043402854, 47.399693938223457 ], [ 11.223386491251905, 47.399672755896162 ], [ 11.223354598258249, 47.399649481930275 ], [ 11.223328974133388, 47.39962400973581 ], [ 11.223309641860805, 47.399598497836529 ], [ 11.223296614526152, 47.399572937139837 ], [ 11.223283587204238, 47.39954737644144 ], [ 11.223261115771104, 47.399521888827465 ], [ 11.223244936024217, 47.399496352520288 ], [ 11.223225617085191, 47.399470840503206 ], [ 11.22321258982339, 47.399445279795891 ], [ 11.223202701779243, 47.39941969479505 ], [ 11.223195979439405, 47.399394085296471 ], [ 11.223186104658792, 47.399368500191336 ], [ 11.223179368937322, 47.39934288180055 ], [ 11.223175857672263, 47.399321528869912 ], [ 11.223175426999285, 47.399295870684583 ], [ 11.223178148768502, 47.399270188105461 ], [ 11.223171426460601, 47.399244578604588 ], [ 11.223167843352385, 47.399218944812304 ], [ 11.223161107810794, 47.399193335412996 ], [ 11.223147699013641, 47.399144247844909 ], [ 11.223138133935002, 47.399137899731279 ], [ 11.223125465746666, 47.39913372533055 ], [ 11.223131519439557, 47.399118711518916 ], [ 11.223131268265664, 47.399103746491775 ], [ 11.223127685187441, 47.399078112697424 ], [ 11.22312410211287, 47.399052478902824 ], [ 11.223110644217995, 47.399001251000591 ], [ 11.223097653054198, 47.398977830707672 ], [ 11.223075253650681, 47.398956614920451 ], [ 11.223059038248264, 47.39892893815211 ], [ 11.223030011207017, 47.398888534239994 ], [ 11.223020351824522, 47.398875773714664 ], [ 11.223017163637047, 47.398873666666496 ], [ 11.223013939378845, 47.398869410194123 ], [ 11.223004423531457, 47.398865202396877 ], [ 11.223004280003771, 47.398856649667351 ], [ 11.222985248467555, 47.398848243063775 ], [ 11.222969427944456, 47.398844093033247 ], [ 11.222960109404019, 47.398835854136678 ], [ 11.222959840420417, 47.398835613364085 ], [ 11.222934217035718, 47.398810150067312 ], [ 11.222908593675822, 47.398784686764593 ], [ 11.222860988533876, 47.398763674910576 ], [ 11.222860773202505, 47.398750841318858 ], [ 11.222897880611628, 47.398709916790509 ], [ 11.222907145315643, 47.398699159567869 ], [ 11.2229132707033, 47.39868841763483 ], [ 11.222925795253836, 47.398684039330206 ], [ 11.222925651739782, 47.398675486600247 ], [ 11.22293505994768, 47.398673282105335 ], [ 11.222938176437147, 47.398671117287677 ], [ 11.222947405058212, 47.398658210637578 ], [ 11.222956754672586, 47.398651725176748 ], [ 11.222966055121423, 47.398643099386803 ], [ 11.222969099922862, 47.398636662700049 ], [ 11.222978436285381, 47.398630177339946 ], [ 11.222981480933669, 47.398623731659491 ], [ 11.222993969695182, 47.398617221910058 ], [ 11.222993718564641, 47.398602256881048 ], [ 11.223000010123091, 47.398602208206647 ], [ 11.222999758990969, 47.398587243177602 ], [ 11.222990315033286, 47.39858731624031 ], [ 11.222987054876441, 47.398580919336005 ], [ 11.222983830638858, 47.398576662862425 ], [ 11.222974279079729, 47.398570323624654 ], [ 11.222967615554474, 47.398548995071693 ], [ 11.222964117526672, 47.398527633034867 ], [ 11.222957454011144, 47.39850630448106 ], [ 11.22295080359557, 47.398484966830921 ], [ 11.222947292484712, 47.398463613889149 ], [ 11.222933978433124, 47.398420938689171 ], [ 11.22293068252843, 47.398412410345436 ], [ 11.222914767639455, 47.398401838910857 ], [ 11.222905274705184, 47.39839978063123 ], [ 11.222911148803338, 47.398374064674641 ], [ 11.222907709546703, 47.398356992593023 ], [ 11.222878826294755, 47.39832513237296 ], [ 11.222863005936995, 47.39832098232629 ], [ 11.222856499084813, 47.398308197400212 ], [ 11.222850158403109, 47.398306105737966 ], [ 11.222849871554246, 47.398289009269945 ], [ 11.222855445421407, 47.398246187956516 ], [ 11.222880471803936, 47.398235299819092 ], [ 11.222886655727494, 47.398228838851459 ], [ 11.222896005274167, 47.398222353395568 ], [ 11.222899121738912, 47.398220188578968 ], [ 11.222930462282406, 47.398211392295288 ], [ 11.222961851977741, 47.3982047363316 ], [ 11.222993228419782, 47.398198080461825 ], [ 11.223024653867792, 47.398193555918624 ], [ 11.223055994374166, 47.398184759600809 ], [ 11.223087276421904, 47.398171691303503 ], [ 11.223128002183916, 47.398158540931576 ], [ 11.223149755225283, 47.398141264930771 ], [ 11.223196557192573, 47.398115241253443 ], [ 11.223199458229931, 47.398100242836762 ], [ 11.223199207045759, 47.398085277807226 ], [ 11.223221247151468, 47.398085107253436 ], [ 11.223236924055305, 47.39808071351441 ], [ 11.223236852199129, 47.398076432652623 ], [ 11.223255753175865, 47.398076286384523 ], [ 11.223255681318179, 47.398072005522778 ], [ 11.223289851163953, 47.398043947848471 ], [ 11.223289599954683, 47.398028982819163 ], [ 11.223285765521235, 47.397988375002193 ], [ 11.223269837445624, 47.397977803718241 ], [ 11.223266590689894, 47.397971415712085 ], [ 11.223263366618754, 47.397967168239234 ], [ 11.22325381498667, 47.397960820030164 ], [ 11.22319984712429, 47.397935576135858 ], [ 11.223187179069807, 47.397931392745811 ], [ 11.223174511168249, 47.397927218347768 ], [ 11.223168062895773, 47.397918714403183 ], [ 11.223152314335959, 47.397918836264033 ], [ 11.223149067598124, 47.397912448254374 ], [ 11.223142726952766, 47.397910356607909 ], [ 11.223130130755882, 47.397910454073497 ], [ 11.22312991551653, 47.397897629474208 ], [ 11.223123624042184, 47.397897678155203 ], [ 11.22311717578153, 47.397889174207656 ], [ 11.223116996317524, 47.397878481045915 ], [ 11.223107516564205, 47.397876413686419 ], [ 11.223107265408034, 47.397861448655917 ], [ 11.223104113050399, 47.397861473047072 ], [ 11.223075445332343, 47.397842446465773 ], [ 11.223034145538877, 47.397821376900929 ], [ 11.223018230809087, 47.397810805478585 ], [ 11.222948730036279, 47.397798516897133 ], [ 11.222948622288111, 47.39779209560367 ], [ 11.22293280208517, 47.397787945565177 ], [ 11.222926331198767, 47.397777301072814 ], [ 11.222923178845996, 47.397777325458947 ], [ 11.222888291607498, 47.397762628361811 ], [ 11.222853426904388, 47.397750062794145 ], [ 11.222815494933636, 47.397741802359015 ], [ 11.222777527216392, 47.397731410473327 ], [ 11.222749003166578, 47.397720936540523 ], [ 11.222717232455356, 47.397704074577938 ], [ 11.222672493628346, 47.397665923796964 ], [ 11.222674444673945, 47.397656671278845 ], [ 11.22263380901463, 47.397621474949119 ], [ 11.222609829986624, 47.39759607081568 ], [ 11.222587107512725, 47.397576080689618 ], [ 11.222576084974547, 47.39755073825917 ], [ 11.22256968647868, 47.397520709875238 ], [ 11.222559969811751, 47.39750372230079 ], [ 11.222546485595251, 47.397472192645061 ], [ 11.222526081911619, 47.397449863975723 ], [ 11.222504473338336, 47.397425988557458 ], [ 11.222429858068855, 47.397401740442831 ], [ 11.222306431077332, 47.39734762986231 ], [ 11.224638886544493, 47.395501427146499 ], [ 11.224953785473378, 47.395251365193594 ], [ 11.227127637302662, 47.395157486759203 ], [ 11.228305694006329, 47.395106598296621 ], [ 11.230276605426948, 47.395863029200704 ], [ 11.230283202587591, 47.395865560985762 ], [ 11.2306240066003, 47.395996354756981 ], [ 11.23279603182184, 47.397628451842856 ], [ 11.235453750950246, 47.397932093802723 ], [ 11.235634008042855, 47.397952680251386 ], [ 11.236919729809783, 47.398099548696337 ], [ 11.239778426129931, 47.398083885415055 ], [ 11.241524861481563, 47.39831313865384 ], [ 11.243096852947584, 47.398079624425336 ], [ 11.243448946855793, 47.397659081320477 ], [ 11.243409709353722, 47.397641781387918 ], [ 11.243373738511593, 47.397621469388127 ], [ 11.243344000547735, 47.397600397478257 ], [ 11.243317789376711, 47.397577268473086 ], [ 11.243159788767025, 47.397421038940713 ], [ 11.241976373018522, 47.396250845369813 ], [ 11.241948725577707, 47.396219042229042 ], [ 11.241927734116908, 47.396184972921525 ], [ 11.241913789753637, 47.396149276573567 ], [ 11.241732634116731, 47.395512365029596 ], [ 11.241675478677251, 47.395311413438073 ], [ 11.241628054999659, 47.395144674090972 ], [ 11.241548022586935, 47.394863285574509 ], [ 11.241540527930361, 47.394836299855328 ], [ 11.241449942036159, 47.394510136820202 ], [ 11.241362342926289, 47.394194723824349 ], [ 11.241281882089972, 47.39390500857747 ], [ 11.241278108781314, 47.393891421469199 ], [ 11.241000223200004, 47.392906473917037 ], [ 11.24086896804611, 47.392441235030532 ], [ 11.240470903374236, 47.39107334446215 ], [ 11.240359033685571, 47.390688932014619 ], [ 11.24035169143955, 47.390656381843648 ], [ 11.240350242318488, 47.390623465878932 ], [ 11.240355097184054, 47.39058896121329 ], [ 11.240355916881779, 47.390585621352287 ], [ 11.240395532085619, 47.39042397019103 ], [ 11.240442506577946, 47.39023231166626 ], [ 11.240482863117712, 47.390067648623798 ], [ 11.240503449880741, 47.389983651222472 ], [ 11.240519380161023, 47.389918651152222 ], [ 11.240562624724289, 47.389742207556992 ], [ 11.240614026480289, 47.389532474453823 ], [ 11.240661625798241, 47.389338254614998 ], [ 11.24071660104549, 47.389113940001927 ], [ 11.240759257490119, 47.388939889911555 ], [ 11.24079286609191, 47.38880275036027 ], [ 11.240843768433207, 47.3885950502399 ], [ 11.240890742540838, 47.388403398666448 ], [ 11.240891081428803, 47.388401995533442 ], [ 11.240891943468975, 47.388398579778503 ], [ 11.240930748453968, 47.388240849210227 ], [ 11.241001214772101, 47.387954469068177 ], [ 11.241058324142289, 47.387722374153697 ], [ 11.241106203961678, 47.387527781274677 ], [ 11.241155072929816, 47.387329173467087 ], [ 11.241199456441514, 47.387148789018568 ], [ 11.241248200911681, 47.386950684938498 ], [ 11.241261269500718, 47.386897569398428 ], [ 11.241333048645354, 47.386605842122123 ], [ 11.241400438708073, 47.386331949754876 ], [ 11.241371761099636, 47.386320406797665 ], [ 11.237965630343142, 47.384949333235902 ], [ 11.237964559532026, 47.38494890272397 ], [ 11.237964276824716, 47.384948788917846 ], [ 11.235730044527985, 47.384047653476124 ], [ 11.235728727037483, 47.384047122340789 ], [ 11.234213825078847, 47.383436072933215 ], [ 11.233606823367381, 47.383193023065935 ], [ 11.233124279788923, 47.383512514129208 ], [ 11.232651555539263, 47.383731938777842 ], [ 11.231944081496787, 47.38395319984167 ], [ 11.231331281440649, 47.384056470815359 ], [ 11.230882987831999, 47.384088104202235 ], [ 11.230260742490984, 47.384041375496757 ], [ 11.229884181082523, 47.384019150636576 ], [ 11.229348357030476, 47.383987523251392 ], [ 11.229071995644469, 47.383977574155701 ], [ 11.228919986383866, 47.383972101276235 ], [ 11.228429472677393, 47.383957161451349 ], [ 11.227746276258323, 47.383981236689266 ], [ 11.227214413753716, 47.383971303061223 ], [ 11.226585434314488, 47.383933980923544 ], [ 11.226370377163144, 47.38387468772622 ], [ 11.22549267947392, 47.383829911362398 ], [ 11.224656484679544, 47.383789503563797 ], [ 11.224187715243669, 47.383835338822912 ], [ 11.22385522629337, 47.383916034973346 ], [ 11.223436523229037, 47.383990915135527 ], [ 11.223019475125168, 47.384028412009357 ], [ 11.222320937699195, 47.384103032382086 ], [ 11.221983257851283, 47.384143162514178 ], [ 11.221507654536579, 47.38419373659228 ], [ 11.22113435593173, 47.384168480574395 ], [ 11.220947940837434, 47.384169919649246 ], [ 11.220746775735417, 47.384115191262424 ], [ 11.220435381027814, 47.384075385881673 ], [ 11.220221592464053, 47.384091109687652 ], [ 11.219994062954393, 47.38411162343202 ], [ 11.219510926790838, 47.384124721850547 ], [ 11.219179681659051, 47.384136659034958 ], [ 11.218872657129593, 47.384227035904736 ], [ 11.218836114996231, 47.384237785213507 ], [ 11.21863491256047, 47.384265369251757 ], [ 11.218523546267505, 47.384269082361378 ], [ 11.218352487674874, 47.384223278114867 ], [ 11.218238519801261, 47.384197025686603 ], [ 11.218135371637187, 47.384189252041679 ], [ 11.218034754923972, 47.384207160885268 ], [ 11.217819234190555, 47.38426879025711 ], [ 11.217651372570021, 47.384288643408304 ], [ 11.217489554807715, 47.384292743481502 ], [ 11.217369970160984, 47.384307941794617 ], [ 11.217248428534772, 47.384311247980214 ], [ 11.217172178700345, 47.384298039048815 ], [ 11.216994647778828, 47.384236654413662 ], [ 11.216901511445013, 47.38420445075532 ], [ 11.216749252773077, 47.384151360653995 ], [ 11.216595227089385, 47.384118274411044 ], [ 11.216481567975565, 47.384110580011559 ], [ 11.216353362316116, 47.384112991995238 ], [ 11.216229739818926, 47.384138215818943 ], [ 11.216021401670393, 47.384171342154303 ], [ 11.216003279556025, 47.384174223709095 ], [ 11.215872521565217, 47.384162379423621 ], [ 11.215714274158678, 47.384129518680773 ], [ 11.215484265542875, 47.384092336767182 ], [ 11.215256510159254, 47.384067911235782 ], [ 11.215127302593437, 47.384035145373502 ], [ 11.215051868041883, 47.384029179323505 ], [ 11.214945773238442, 47.384034586293716 ], [ 11.214914452504292, 47.384036181896953 ], [ 11.214879396341523, 47.384035260656951 ], [ 11.214775715499735, 47.384016422021972 ], [ 11.214661780405667, 47.384013130788006 ], [ 11.214553322104411, 47.383997599900894 ], [ 11.21443699044708, 47.383980941052002 ], [ 11.214301177318955, 47.38397900707448 ], [ 11.214163821072844, 47.383989578248631 ], [ 11.213988520357914, 47.384008328110674 ], [ 11.213713188072429, 47.384013292113494 ], [ 11.213488564475476, 47.38402270014587 ], [ 11.213406678520272, 47.384048778863814 ], [ 11.213304455671629, 47.384065029147052 ], [ 11.213209947870636, 47.384071107685266 ], [ 11.213110057428191, 47.384069491974174 ], [ 11.21301634593345, 47.384070803421473 ], [ 11.212963970852625, 47.384081913928057 ], [ 11.212936139254802, 47.384094025765222 ], [ 11.212899450876797, 47.38410025541431 ], [ 11.212881864269754, 47.38409622543017 ], [ 11.212813228962123, 47.384077711510841 ], [ 11.21276636210937, 47.384051297524799 ], [ 11.212714319854474, 47.38402968213655 ], [ 11.212693237982229, 47.384022754709193 ], [ 11.212518841441875, 47.38396545330442 ], [ 11.212334488009475, 47.383967719792558 ], [ 11.21221905752075, 47.383979906465129 ], [ 11.212146595458808, 47.383994739171726 ], [ 11.212144566237953, 47.383995918579849 ], [ 11.212098873922162, 47.384022471709429 ], [ 11.211884254042067, 47.384128228501773 ], [ 11.211811978870269, 47.384154363974638 ], [ 11.211740391735772, 47.384169189739787 ], [ 11.211695830167235, 47.384176074585149 ], [ 11.211655637811567, 47.384182331499225 ], [ 11.211630423175659, 47.384193827588604 ], [ 11.21160139221853, 47.384239266037639 ], [ 11.211587377067101, 47.38423937307563 ], [ 11.21156632612219, 47.384237749317357 ], [ 11.211547145251892, 47.384243250283212 ], [ 11.211518733416916, 47.384273215079453 ], [ 11.211507819488308, 47.384301856261381 ], [ 11.211510830764837, 47.38432503662024 ], [ 11.211486532050511, 47.384338906552138 ], [ 11.211468998822397, 47.384369858618676 ], [ 11.211448450063692, 47.384398573367598 ], [ 11.211448607639422, 47.384408092042669 ], [ 11.211435784171776, 47.384427227920042 ], [ 11.211431808841487, 47.384451651614143 ], [ 11.211427735039829, 47.384470127035463 ], [ 11.211399283624795, 47.384497712133417 ], [ 11.211381715352669, 47.384494870864636 ], [ 11.211335766160158, 47.384470829258689 ], [ 11.211310718993923, 47.384439487244741 ], [ 11.211247968630724, 47.384406053997949 ], [ 11.211174580297012, 47.384364967472187 ], [ 11.211038747119638, 47.384308888620794 ], [ 11.210969925154059, 47.384279070617424 ], [ 11.21092569737089, 47.384253230282106 ], [ 11.210891084700725, 47.384226126570695 ], [ 11.21085368742127, 47.384189524219138 ], [ 11.210811998381681, 47.384158309984933 ], [ 11.210763354766396, 47.384133471999284 ], [ 11.210691942957553, 47.384102704871324 ], [ 11.21061173485394, 47.384072974421031 ], [ 11.21052815527713, 47.384044939028918 ], [ 11.210472966820461, 47.384034587167761 ], [ 11.210419161102928, 47.384024962290574 ], [ 11.210367922878316, 47.384020117322486 ], [ 11.210297788422574, 47.384016844777229 ], [ 11.210218576415079, 47.384015544664692 ], [ 11.210133710658914, 47.384011432720662 ], [ 11.210064970653159, 47.384007672687368 ], [ 11.209972335277682, 47.383999811547667 ], [ 11.209896501256591, 47.383990870637994 ], [ 11.20987683373812, 47.383988164768141 ], [ 11.209829028588228, 47.383979009265829 ], [ 11.209795268690192, 47.38397165175207 ], [ 11.209702366086589, 47.383947609356682 ], [ 11.209646765180853, 47.383933278334041 ], [ 11.209612304832913, 47.383925925204586 ], [ 11.209549068015258, 47.383915935545957 ], [ 11.209457739526192, 47.383902352465192 ], [ 11.209364286046814, 47.383887358057464 ], [ 11.209267966463978, 47.383868577093438 ], [ 11.209178717333856, 47.383853549610301 ], [ 11.209092230932866, 47.383836121947965 ], [ 11.208924156492005, 47.383800752417919 ], [ 11.208821498777391, 47.383780116081013 ], [ 11.208739950072896, 47.383764553817691 ], [ 11.208707599269154, 47.383757660171575 ], [ 11.208643678045972, 47.383748627750848 ], [ 11.208542532758395, 47.383734642847791 ], [ 11.208345194154514, 47.383709489978997 ], [ 11.208307293181537, 47.3837059709481 ], [ 11.208276421941259, 47.383703825862234 ], [ 11.208236450919625, 47.383702226713226 ], [ 11.208197210447741, 47.383702525248722 ], [ 11.208185298208793, 47.383702615872529 ], [ 11.208143334264607, 47.383707694148477 ], [ 11.208108385685007, 47.383713195757608 ], [ 11.208091623647015, 47.383716654861303 ], [ 11.208049730317251, 47.383726016691099 ], [ 11.2079889799955, 47.383739330241958 ], [ 11.207934505282951, 47.383750691876735 ], [ 11.207838097911933, 47.383769035567298 ], [ 11.207778476706025, 47.383774288459165 ], [ 11.207709331091161, 47.383777788735252 ], [ 11.207624468054806, 47.383775895678326 ], [ 11.207598526396144, 47.383775141273347 ], [ 11.207557925018728, 47.383772099449729 ], [ 11.207437749463256, 47.383757324601461 ], [ 11.207308560023693, 47.383742599243689 ], [ 11.207281209572846, 47.383741379659575 ], [ 11.207170434153735, 47.383738413152756 ], [ 11.20710522197208, 47.383736052879314 ], [ 11.207002037026648, 47.383725890426014 ], [ 11.206931218324081, 47.383723572647554 ], [ 11.206778953437766, 47.383711877769947 ], [ 11.206740375573224, 47.383709790804261 ], [ 11.206675878285248, 47.383708377384536 ], [ 11.206583330065335, 47.383705747698279 ], [ 11.206469721480994, 47.38370089877202 ], [ 11.206389093370698, 47.383698655137181 ], [ 11.206157040710076, 47.383693277613141 ], [ 11.206124083752268, 47.383692099406012 ], [ 11.206091788145214, 47.383688537100078 ], [ 11.206055982268371, 47.383684524711015 ], [ 11.206032134304317, 47.383683278248469 ], [ 11.205998279788526, 47.38368517936987 ], [ 11.205941702505246, 47.383679363745308 ], [ 11.205824293601788, 47.383658677451606 ], [ 11.205796951033623, 47.383657932368131 ], [ 11.205783637824874, 47.383658033371098 ], [ 11.205759836839732, 47.383659642279135 ], [ 11.205733981339701, 47.383664121652309 ], [ 11.20571514768495, 47.383669500279524 ], [ 11.205684450067132, 47.383677824684909 ], [ 11.205580450598116, 47.383711852174457 ], [ 11.205545296673534, 47.383719379242308 ], [ 11.205470459611835, 47.383735403132427 ], [ 11.205448478656537, 47.383732446908297 ], [ 11.205420396460145, 47.383729328273965 ], [ 11.205388116517138, 47.383726717279025 ], [ 11.205321431702908, 47.383720083032856 ], [ 11.205282106460398, 47.38371514545986 ], [ 11.205249818712495, 47.383712058671158 ], [ 11.205209091184388, 47.383707131705201 ], [ 11.205147240762599, 47.38369617747955 ], [ 11.205083926831225, 47.383681426903074 ], [ 11.205055804252817, 47.383675928515984 ], [ 11.205040327004236, 47.383672237525488 ], [ 11.204993153078634, 47.383658792895922 ], [ 11.20491147139662, 47.383635137380892 ], [ 11.204846678439432, 47.383615637943727 ], [ 11.204816390596662, 47.38360634849559 ], [ 11.204752967403802, 47.383584934469582 ], [ 11.204695866920337, 47.383564425028148 ], [ 11.204640860106243, 47.383543422981774 ], [ 11.204562580897528, 47.383513554057345 ], [ 11.204426430695612, 47.383458898114654 ], [ 11.204351655472715, 47.383429002504023 ], [ 11.204322762286898, 47.383419225648538 ], [ 11.204229784963307, 47.383390420344824 ], [ 11.20415230825105, 47.383366732443918 ], [ 11.204026257252647, 47.383329610066006 ], [ 11.203948031651072, 47.383309503048231 ], [ 11.203806319986141, 47.383270153197863 ], [ 11.203672532229346, 47.383231303566006 ], [ 11.203549177786567, 47.383187615788245 ], [ 11.203420411838266, 47.383134448942499 ], [ 11.203310116737159, 47.383085902159969 ], [ 11.203227938034132, 47.38304249707496 ], [ 11.20318450382384, 47.383011292367819 ], [ 11.203162274638276, 47.38299123256234 ], [ 11.203161238048345, 47.382990123274176 ], [ 11.203095284713848, 47.382919551319965 ], [ 11.203017130426108, 47.382854459359727 ], [ 11.202965728469655, 47.382796779870418 ], [ 11.202926131081185, 47.382775184658037 ], [ 11.202913791104544, 47.382768235200793 ], [ 11.202889936714653, 47.382765031808987 ], [ 11.202869663127613, 47.382768040887534 ], [ 11.202845286767499, 47.382777268365466 ], [ 11.202828696281102, 47.382791196910205 ], [ 11.202799820857418, 47.382825208821657 ], [ 11.202785628162735, 47.382857205562424 ], [ 11.20275550771057, 47.382900745854855 ], [ 11.202734954757695, 47.382929459075719 ], [ 11.202719804148378, 47.382945756688457 ], [ 11.20270804024544, 47.382954888787189 ], [ 11.202676899451561, 47.382978922998824 ], [ 11.202649782109859, 47.38299197856702 ], [ 11.202624113840656, 47.383007879858368 ], [ 11.202596982203579, 47.383019983893966 ], [ 11.202565598247336, 47.383029264280786 ], [ 11.202532782142093, 47.383036652227389 ], [ 11.202511784551543, 47.383038238372976 ], [ 11.202471135761002, 47.383038069778657 ], [ 11.2024122692321, 47.383038038846657 ], [ 11.202347649413925, 47.383029007295505 ], [ 11.202269637289444, 47.383015317860661 ], [ 11.202190115129275, 47.382994976585955 ], [ 11.202104302988426, 47.382975634402136 ], [ 11.202008539978944, 47.382947799969081 ], [ 11.201804206917258, 47.382880327732728 ], [ 11.201676679839519, 47.382838453978479 ], [ 11.201618840588827, 47.382815568612223 ], [ 11.201536221094228, 47.382777163039108 ], [ 11.201473321565651, 47.382744796822585 ], [ 11.201408202547173, 47.38270530741589 ], [ 11.201352193757694, 47.382665749208698 ], [ 11.201290679838019, 47.382632419905441 ], [ 11.201252600993726, 47.382617952563429 ], [ 11.201165443348245, 47.382601951429088 ], [ 11.201097412670169, 47.382598656480383 ], [ 11.201029375557283, 47.382594886625249 ], [ 11.201011041199525, 47.382587885050008 ], [ 11.200937140822713, 47.38256845211734 ], [ 11.200880649976376, 47.382542224607356 ], [ 11.200845201979376, 47.382517265775782 ], [ 11.200767604864129, 47.382485961670568 ], [ 11.200721203543308, 47.382476791781279 ], [ 11.200667771556919, 47.382466248356003 ], [ 11.20059393370944, 47.382450622142393 ], [ 11.200527913964899, 47.382441600122846 ], [ 11.200485685766136, 47.38243049541321 ], [ 11.200429878883085, 47.38240331089532 ], [ 11.200387487385736, 47.382382211687336 ], [ 11.200312754830911, 47.382354693088473 ], [ 11.200230308090218, 47.382326756778056 ], [ 11.200169013005159, 47.382306752514054 ], [ 11.200135239921115, 47.382298439727151 ], [ 11.20009312854293, 47.382294473002489 ], [ 11.200056622262222, 47.382290464918142 ], [ 11.19999537525575, 47.382273315982893 ], [ 11.199942644069591, 47.382262766038757 ], [ 11.199774316304339, 47.382211201926836 ], [ 11.199571422259108, 47.382145619920955 ], [ 11.19948769828285, 47.382125307521179 ], [ 11.199412491399702, 47.382111595013427 ], [ 11.199323100351615, 47.382087518659588 ], [ 11.199176976362095, 47.382065295935604 ], [ 11.199100514947361, 47.382060635834648 ], [ 11.198991714120661, 47.382049555922471 ], [ 11.198899566765874, 47.382028355770125 ], [ 11.198810884299318, 47.382004748598312 ], [ 11.19876850153716, 47.381984125438947 ], [ 11.198729715600209, 47.381969185866012 ], [ 11.198647377643375, 47.381947911693729 ], [ 11.198570077588853, 47.381934690197227 ], [ 11.198498506779417, 47.381929040371553 ], [ 11.19840318211045, 47.381927854211554 ], [ 11.198354772077231, 47.381924410042416 ], [ 11.198268363457125, 47.381911257754709 ], [ 11.198182747103163, 47.381903810112348 ], [ 11.198051432221449, 47.3818871870508 ], [ 11.197942983392519, 47.381854684666649 ], [ 11.197875422975468, 47.381837105350563 ], [ 11.197795118474295, 47.381811531153502 ], [ 11.197737413829369, 47.381796734353763 ], [ 11.197679086280379, 47.381786701247108 ], [ 11.197639101461696, 47.381784145979694 ], [ 11.197547334966336, 47.38178626396445 ], [ 11.197499134425815, 47.381795669337606 ], [ 11.197419558780068, 47.381814829417493 ], [ 11.197352533405432, 47.381830088638615 ], [ 11.197316151638061, 47.38183369357052 ], [ 11.197230653095321, 47.381833383342304 ], [ 11.197205389728412, 47.381831194048232 ], [ 11.197152651776754, 47.381820167057477 ], [ 11.197084928953091, 47.38179259370127 ], [ 11.197031304653807, 47.381770150175747 ], [ 11.196962478635694, 47.381717834604231 ], [ 11.196888123884575, 47.381670320446588 ], [ 11.196817545326763, 47.381639436777661 ], [ 11.196762512631043, 47.381616527886806 ], [ 11.196704738770613, 47.381597446961017 ], [ 11.196624334504332, 47.381565684410823 ], [ 11.196557328236077, 47.381539057890954 ], [ 11.196523908206059, 47.381509322559296 ], [ 11.196515066436607, 47.38148273523877 ], [ 11.196509240475271, 47.381426139098309 ], [ 11.196520842508136, 47.38140701315492 ], [ 11.196635256968559, 47.381289542982309 ], [ 11.196706808238511, 47.381250929012126 ], [ 11.19678608122317, 47.381213208649541 ], [ 11.196828504661465, 47.381193375443686 ], [ 11.196847113725461, 47.381174196853586 ], [ 11.196845486855635, 47.38116040596185 ], [ 11.196823371112094, 47.381136298302906 ], [ 11.196781028530443, 47.381118053176145 ], [ 11.196685979835134, 47.381090684744805 ], [ 11.196559215721983, 47.381052131163514 ], [ 11.196453781698793, 47.381032456218094 ], [ 11.196384244009874, 47.381022506586916 ], [ 11.196333718104103, 47.381018126714686 ], [ 11.196216651212413, 47.381015673552255 ], [ 11.196106723062703, 47.381021257353325 ], [ 11.195926819936478, 47.381033078397607 ], [ 11.195814142747846, 47.381042015035483 ], [ 11.195762438974183, 47.381051445952949 ], [ 11.19570084422889, 47.381066662585518 ], [ 11.195605158335258, 47.381097009164321 ], [ 11.195528331889214, 47.381123644316439 ], [ 11.195469401916927, 47.381151929782028 ], [ 11.195419826950429, 47.381173720250189 ], [ 11.195384711612132, 47.381179695046384 ], [ 11.195289611417101, 47.381181478228903 ], [ 11.195212396198562, 47.381184199451994 ], [ 11.195104258033973, 47.381192148845997 ], [ 11.194994415287033, 47.381192257727918 ], [ 11.194674327795049, 47.381191442676858 ], [ 11.194609206144445, 47.381194430000662 ], [ 11.194508302968558, 47.381194828551848 ], [ 11.19436194256736, 47.381179384285375 ], [ 11.194180612146825, 47.381146472355375 ], [ 11.19403166653627, 47.381122836751594 ], [ 11.193920373579328, 47.381087496962422 ], [ 11.193745385840421, 47.381013603374171 ], [ 11.193652047983434, 47.380961945912226 ], [ 11.193561433780401, 47.380916217026851 ], [ 11.193478844430706, 47.380900770419785 ], [ 11.193185715982636, 47.38086607560642 ], [ 11.193113185190999, 47.380876732301743 ], [ 11.193056428801828, 47.380887865571438 ], [ 11.192983156334282, 47.380906856724692 ], [ 11.192902665930619, 47.380912812844194 ], [ 11.192839451183593, 47.380903766331066 ], [ 11.192751452505737, 47.380878840646965 ], [ 11.192606119373734, 47.380829355408466 ], [ 11.192528630337462, 47.380804351027827 ], [ 11.19239230699238, 47.380770267111593 ], [ 11.192219852687826, 47.380722769397913 ], [ 11.192169814520813, 47.380716003178328 ], [ 11.19208017059503, 47.380697633733334 ], [ 11.191970468524271, 47.380684769359725 ], [ 11.191746253921037, 47.38063230198987 ], [ 11.191592424627421, 47.380598942331638 ], [ 11.191516784411416, 47.380579873394645 ], [ 11.191482424581928, 47.380567635395977 ], [ 11.191358220660284, 47.380524535376807 ], [ 11.191274659806275, 47.380503145403999 ], [ 11.19112353513194, 47.380474524880029 ], [ 11.191030426896884, 47.380458561323117 ], [ 11.190914643062907, 47.380448714910116 ], [ 11.190730670227241, 47.380447112125751 ], [ 11.190564444532397, 47.380459655683509 ], [ 11.19043387704896, 47.38045646434734 ], [ 11.190262309425302, 47.380463691896239 ], [ 11.19007348465774, 47.380487112097029 ], [ 11.189879183495751, 47.380496889295465 ], [ 11.189775737736708, 47.380491709778696 ], [ 11.189700118842298, 47.380473829469558 ], [ 11.189460064530744, 47.380416715635462 ], [ 11.189242803025468, 47.380360622553006 ], [ 11.189120706861441, 47.380339517797751 ], [ 11.189043547688138, 47.380334736553813 ], [ 11.188825128550121, 47.38031553813164 ], [ 11.188711202695375, 47.380312221039723 ], [ 11.188535314044183, 47.380323048996928 ], [ 11.188463524004664, 47.380325367346821 ], [ 11.188354304184417, 47.380342242854795 ], [ 11.188148200814412, 47.380380662705136 ], [ 11.188005765402361, 47.380401949258868 ], [ 11.187899953021299, 47.380412849984992 ], [ 11.187764428741771, 47.380428135858516 ], [ 11.187618460766741, 47.38044766454712 ], [ 11.187506688704, 47.38046931814489 ], [ 11.18744042189587, 47.380488253721616 ], [ 11.187314914415825, 47.380527262572137 ], [ 11.18718598935728, 47.380571652040381 ], [ 11.18705611094393, 47.380611288500212 ], [ 11.186883383864838, 47.380655407330963 ], [ 11.186803931011189, 47.380671465889016 ], [ 11.186741785476713, 47.380674307028855 ], [ 11.186602660921823, 47.380683668318085 ], [ 11.186471844354994, 47.380665005411466 ], [ 11.186339047877295, 47.380632078120946 ], [ 11.186199957087238, 47.380589082931934 ], [ 11.186090741119047, 47.380551815085624 ], [ 11.185938332737029, 47.380497614818431 ], [ 11.185804450162255, 47.380451605125693 ], [ 11.185695186973145, 47.380411362739544 ], [ 11.185510142864354, 47.380343124854484 ], [ 11.185410638421352, 47.380310544338663 ], [ 11.185335934662312, 47.380295034341181 ], [ 11.185307861131975, 47.38029226690206 ], [ 11.185222010332849, 47.380291712870402 ], [ 11.18514586050245, 47.380295252320586 ], [ 11.184989343011607, 47.38031247492686 ], [ 11.184910757087708, 47.380327931210779 ], [ 11.184702262815486, 47.380381236027851 ], [ 11.184464362662744, 47.380457960548988 ], [ 11.184278039416283, 47.380528354840941 ], [ 11.184126292170305, 47.380569934312561 ], [ 11.184028570814538, 47.380593860541822 ], [ 11.183917643551835, 47.380613719860456 ], [ 11.183797007071513, 47.380628890930652 ], [ 11.183686813170981, 47.380639819266293 ], [ 11.183503962801938, 47.380653665485411 ], [ 11.183369063996961, 47.380653472631487 ], [ 11.183222741110821, 47.380650984071679 ], [ 11.183115174107002, 47.380632874084476 ], [ 11.183113277722214, 47.380647340611056 ], [ 11.183128056473384, 47.380669169227609 ], [ 11.183131563603272, 47.380691275412403 ], [ 11.18311703311015, 47.380702806812103 ], [ 11.183094938743073, 47.380701541721621 ], [ 11.18307905962155, 47.380694519137798 ], [ 11.183061249328787, 47.380698220683627 ], [ 11.183055205582217, 47.380714686768137 ], [ 11.183052814897943, 47.380721938783594 ], [ 11.183044668316748, 47.380726999967536 ], [ 11.183003912951309, 47.380727916302376 ], [ 11.182969252217513, 47.380729600709429 ], [ 11.182954526004234, 47.380728995329314 ], [ 11.182920813726222, 47.38072424697684 ], [ 11.182908133036479, 47.380720056525583 ], [ 11.182897417875147, 47.380707285101984 ], [ 11.18289607285673, 47.380702349809653 ], [ 11.18289295093253, 47.380690896668249 ], [ 11.182864298413939, 47.380673973617192 ], [ 11.182833797345095, 47.380672771473321 ], [ 11.182800290831445, 47.380680872142506 ], [ 11.182780686423568, 47.380703863211416 ], [ 11.182730106309442, 47.380747210256622 ], [ 11.182714747574202, 47.380787167941428 ], [ 11.182698057124583, 47.380795144385942 ], [ 11.18266973733496, 47.380798923485585 ], [ 11.182647802924864, 47.380807652820067 ], [ 11.182613427797577, 47.380827183882829 ], [ 11.182537823598777, 47.380832025383569 ], [ 11.182437029415333, 47.380839195326416 ], [ 11.182328741384129, 47.380837853149821 ], [ 11.182249640468832, 47.380821302345893 ], [ 11.182203523592309, 47.38080271721546 ], [ 11.182109105489383, 47.380803414070378 ], [ 11.182094367442001, 47.380806125873342 ], [ 11.182021202680767, 47.380819587438346 ], [ 11.181910295609764, 47.380837970449114 ], [ 11.18189641703627, 47.380840271128342 ], [ 11.181881167503693, 47.380842798690722 ], [ 11.181869903007401, 47.380846257472086 ], [ 11.181765014478726, 47.380878462002848 ], [ 11.181747945064973, 47.380883702250543 ], [ 11.181725716960193, 47.380890142651729 ], [ 11.181653688786062, 47.380911011639938 ], [ 11.181565998364748, 47.380940489693543 ], [ 11.181494347906717, 47.380952107554251 ], [ 11.181435650773816, 47.380956975649653 ], [ 11.181378043785619, 47.380948108127669 ], [ 11.181338332798298, 47.380946604718474 ], [ 11.181285288913282, 47.380946995819009 ], [ 11.181233050086639, 47.380947380959761 ], [ 11.181221276253979, 47.380942174442943 ], [ 11.181183722155772, 47.38092556664791 ], [ 11.181072433219139, 47.380908644284169 ], [ 11.181028061522174, 47.38090585651436 ], [ 11.180977645120796, 47.380902689633054 ], [ 11.180889244530807, 47.380887816463463 ], [ 11.18081300446473, 47.380868118863788 ], [ 11.180797438378185, 47.380864096952457 ], [ 11.180675999786889, 47.380825071023096 ], [ 11.180674309970319, 47.380824072480635 ], [ 11.180616665289095, 47.380790022689609 ], [ 11.180505198458219, 47.380762012550512 ], [ 11.18039092805537, 47.38076285422266 ], [ 11.180296458871334, 47.380776856562548 ], [ 11.180165863513633, 47.380777818230904 ], [ 11.180145843188628, 47.380775570381594 ], [ 11.180054645986546, 47.380765330486931 ], [ 11.1799368272412, 47.380748455094256 ], [ 11.179851657052893, 47.380731339278213 ], [ 11.179773632762261, 47.380754989172956 ], [ 11.179754170162505, 47.380760888051348 ], [ 11.179666478924691, 47.380790365556919 ], [ 11.179586793468182, 47.380780947231933 ], [ 11.17957814960935, 47.380779926086021 ], [ 11.179526652761266, 47.380783896530879 ], [ 11.179509213810107, 47.380785241806507 ], [ 11.179450960924639, 47.380789733240888 ], [ 11.179371160649085, 47.380809154976014 ], [ 11.179366391952502, 47.380810316178604 ], [ 11.179364264717742, 47.380810785154431 ], [ 11.179210207425871, 47.380844732396916 ], [ 11.179056757739264, 47.380845860888321 ], [ 11.178903097313929, 47.380833683222747 ], [ 11.178834205540234, 47.380812019829918 ], [ 11.178796118078631, 47.380787483741649 ], [ 11.178787391492254, 47.380767557408248 ], [ 11.178780744851455, 47.380746188342343 ], [ 11.178764672907215, 47.380727029274389 ], [ 11.178739413237883, 47.380725073340926 ], [ 11.178697520726262, 47.380734662794062 ], [ 11.178683658115627, 47.380737307459754 ], [ 11.178643027444355, 47.380745058117782 ], [ 11.178576609465502, 47.380732695686277 ], [ 11.178553304642978, 47.380721443824058 ], [ 11.178528023557382, 47.380718059659976 ], [ 11.178497749954193, 47.380731132708362 ], [ 11.178438973021796, 47.380736562917129 ], [ 11.178385779841175, 47.380762655823723 ], [ 11.178335615578193, 47.380780873272002 ], [ 11.178288433446594, 47.380788358926921 ], [ 11.178246347545446, 47.380785812331432 ], [ 11.178203051173227, 47.380773279820467 ], [ 11.178153930130078, 47.38074382717538 ], [ 11.178116984400932, 47.380729844825829 ], [ 11.178065647615519, 47.380725739891474 ], [ 11.177995251716807, 47.380727685257298 ], [ 11.177952059037779, 47.38072157672805 ], [ 11.177909744616526, 47.380704752770171 ], [ 11.177902240159652, 47.380695526357734 ], [ 11.177900739148928, 47.380678765161889 ], [ 11.177885068737359, 47.380674827270994 ], [ 11.177774376492241, 47.380693382794121 ], [ 11.177686748989871, 47.380738993717245 ], [ 11.177632483904622, 47.380741772062265 ], [ 11.177603481617933, 47.380739714730524 ], [ 11.177532638284111, 47.380742504990614 ], [ 11.177469558751156, 47.38074177800371 ], [ 11.177452136785574, 47.380747855796628 ], [ 11.177362838444049, 47.380750891134412 ], [ 11.177297950329777, 47.380746607371584 ], [ 11.177249016281751, 47.380754105454336 ], [ 11.177166971080107, 47.380772556319208 ], [ 11.17709863991894, 47.380772106015868 ], [ 11.176954045236457, 47.380779115751963 ], [ 11.17687412300829, 47.380776846180794 ], [ 11.176792483945977, 47.38079886375251 ], [ 11.176723753301467, 47.380839348749262 ], [ 11.17665081717543, 47.380879864541065 ], [ 11.176548384487816, 47.3809163133214 ], [ 11.176471933145013, 47.380924721587952 ], [ 11.176377051267339, 47.380898998202248 ], [ 11.176360418338289, 47.380894487906644 ], [ 11.176312100167875, 47.380873586044395 ], [ 11.17628479819294, 47.380861774772427 ], [ 11.176212582984171, 47.38083790800161 ], [ 11.176140638828706, 47.38082526535041 ], [ 11.176140160763499, 47.380825181606134 ], [ 11.176091429556136, 47.380816617862223 ], [ 11.17600640134191, 47.380808369516757 ], [ 11.17591498483409, 47.38080903927645 ], [ 11.175830379203749, 47.380827401805369 ], [ 11.175723023665022, 47.380852584203417 ], [ 11.175667758635667, 47.380864460676264 ], [ 11.175603357380936, 47.380868739737998 ], [ 11.17555586165361, 47.380878606533201 ], [ 11.175482353456569, 47.380912007448742 ], [ 11.175427645604534, 47.380963419954739 ], [ 11.175408915167463, 47.380971847409832 ], [ 11.175372528540489, 47.380988219531396 ], [ 11.175317096041367, 47.380993061490472 ], [ 11.175264751512277, 47.380986790485125 ], [ 11.17523308991813, 47.380971955413969 ], [ 11.175208826402761, 47.380960586664592 ], [ 11.175173240806767, 47.380944485078807 ], [ 11.175136470802029, 47.380927848877555 ], [ 11.175083172811942, 47.380912224095425 ], [ 11.175070529521294, 47.38090851821206 ], [ 11.175047897175123, 47.38090188303763 ], [ 11.174963044858993, 47.380904722064109 ], [ 11.174885039597276, 47.380927470827849 ], [ 11.174796995607798, 47.380959860533181 ], [ 11.174768171594092, 47.380970464666433 ], [ 11.174712619135338, 47.381010501251822 ], [ 11.174712314067905, 47.381010721152705 ], [ 11.174684233401152, 47.381030959331262 ], [ 11.174597029758322, 47.381091478718652 ], [ 11.174544876118965, 47.381181276327446 ], [ 11.174485781866267, 47.381283024516968 ], [ 11.174472056078512, 47.381353714457568 ], [ 11.174485390186799, 47.381427136932153 ], [ 11.174466494909522, 47.381472967648158 ], [ 11.174427981325119, 47.381518941832454 ], [ 11.174347080113062, 47.381596751108518 ], [ 11.174260580738487, 47.381701621009974 ], [ 11.174203569008277, 47.381812928559256 ], [ 11.174190577427018, 47.381838812832711 ], [ 11.17414659218734, 47.381926453888681 ], [ 11.174076098313249, 47.382011246736731 ], [ 11.174011887586502, 47.382080468051115 ], [ 11.174008723324622, 47.382089712434272 ], [ 11.174000408788714, 47.382113995640587 ], [ 11.1739806787944, 47.382171626978042 ], [ 11.17399637980728, 47.382251872584526 ], [ 11.173998444761333, 47.382262427034235 ], [ 11.174016825462482, 47.382324739424199 ], [ 11.174019352894403, 47.382333306286341 ], [ 11.174022599629593, 47.382344309921862 ], [ 11.174029972317017, 47.382397483316836 ], [ 11.174017650117717, 47.38244414737359 ], [ 11.173962742995776, 47.382482252224875 ], [ 11.173897969438093, 47.382515993026345 ], [ 11.173889791907058, 47.382523185500744 ], [ 11.173849663122651, 47.382558483913911 ], [ 11.17379840621985, 47.382620958035268 ], [ 11.173793028991923, 47.382631123438628 ], [ 11.173792805284807, 47.382631547819102 ], [ 11.173757191185205, 47.382698882517637 ], [ 11.17373191387818, 47.382752294503533 ], [ 11.173670686212875, 47.382803751991759 ], [ 11.173654176752366, 47.382811575582288 ], [ 11.17359938131384, 47.382837540342642 ], [ 11.173516594276183, 47.382888289974836 ], [ 11.173468495161764, 47.382904348584368 ], [ 11.17337503013049, 47.382910028671446 ], [ 11.173279417101085, 47.382912868587105 ], [ 11.173243862733241, 47.382924551364169 ], [ 11.173206051186403, 47.382949084092658 ], [ 11.173141121626607, 47.382973956037524 ], [ 11.173108288814472, 47.382990082914489 ], [ 11.173066799102541, 47.383023290750096 ], [ 11.173063130563564, 47.383027128541983 ], [ 11.173067839236236, 47.383038469619869 ], [ 11.173067876383712, 47.383038557495624 ], [ 11.17306782663479, 47.383038593837199 ], [ 11.173067742856109, 47.383038655612076 ], [ 11.173058116095291, 47.383045749772812 ], [ 11.173114749028432, 47.383083216088409 ], [ 11.173134973046054, 47.383099132754992 ], [ 11.173150382386039, 47.383109729196171 ], [ 11.173153609998176, 47.383114345936811 ], [ 11.173151721928342, 47.383127925362189 ], [ 11.173143612510883, 47.383142863424879 ], [ 11.17313946516512, 47.383150504029565 ], [ 11.173135453027321, 47.383162670623364 ], [ 11.173136730412217, 47.383176940205828 ], [ 11.173143708690144, 47.38318616986848 ], [ 11.173158090161809, 47.38319591573002 ], [ 11.173186170086801, 47.383209989597695 ], [ 11.173224422842667, 47.383228205834641 ], [ 11.173236126728019, 47.383233779761184 ], [ 11.173433144685237, 47.383284102000381 ], [ 11.173567099256513, 47.383334884629235 ], [ 11.173650233278142, 47.383384848436144 ], [ 11.173739593954028, 47.383440716604575 ], [ 11.173787005093487, 47.383502840275042 ], [ 11.173795962251422, 47.383570599413275 ], [ 11.173788693116743, 47.383664655872714 ], [ 11.173806328011297, 47.383759708635154 ], [ 11.173827204733543, 47.383828582340946 ], [ 11.173855979545163, 47.383930704381839 ], [ 11.173829432907604, 47.384047639134842 ], [ 11.173815528248053, 47.384108891348724 ], [ 11.173809055996495, 47.384135881932174 ], [ 11.173847694468165, 47.38434431806737 ], [ 11.173946976941266, 47.384879894702678 ], [ 11.173961903019023, 47.384960412181037 ], [ 11.174177128469157, 47.385153589687036 ], [ 11.174209116778803, 47.38518171125412 ], [ 11.174297590325528, 47.385245381966968 ], [ 11.174410734289369, 47.385309285953845 ], [ 11.174450432721573, 47.385333191973523 ], [ 11.174666875283975, 47.385463528873025 ], [ 11.174846478737271, 47.385564071404303 ], [ 11.175030557813249, 47.385681715584397 ], [ 11.175230252136, 47.385811619915238 ], [ 11.175367932849099, 47.385920084206781 ], [ 11.175493304259469, 47.386047676402292 ], [ 11.175585054281065, 47.386176467201743 ], [ 11.175650185136485, 47.386283874869576 ], [ 11.175683329046207, 47.386385012789184 ], [ 11.175697552178546, 47.386486289275787 ], [ 11.175697262966466, 47.386600522610856 ], [ 11.175703626058368, 47.386670204719628 ], [ 11.175734161050698, 47.386739472329147 ], [ 11.175804194876566, 47.386824632764281 ], [ 11.175869919903707, 47.386903161532558 ], [ 11.175911530389802, 47.386963779717846 ], [ 11.175916369897047, 47.38700372518705 ], [ 11.175930948949398, 47.38712736945493 ], [ 11.175972954120788, 47.387212735118517 ], [ 11.176007754825623, 47.387285778803857 ], [ 11.176175184551031, 47.387678206174449 ], [ 11.176212717857787, 47.387834999009478 ], [ 11.176209632440065, 47.387905464489243 ], [ 11.176188871907486, 47.388010328854804 ], [ 11.176288089333761, 47.388432258002517 ], [ 11.176335238666265, 47.388576605555905 ], [ 11.176386556915146, 47.388630489213732 ], [ 11.17650345096393, 47.388753383360793 ], [ 11.176517526397804, 47.388770404055371 ], [ 11.176580148295185, 47.388846134442957 ], [ 11.176892540974084, 47.388973835127402 ], [ 11.177091815729709, 47.389137567853709 ], [ 11.177098250939096, 47.389187499928319 ], [ 11.177102808039395, 47.389222860169362 ], [ 11.177167092661904, 47.389721636291135 ], [ 11.177175327560477, 47.389785527332094 ], [ 11.177194304183585, 47.389932758884562 ], [ 11.177196103763317, 47.389946719658973 ], [ 11.17721244879557, 47.390000882017858 ], [ 11.177250687463884, 47.390127615694375 ], [ 11.177259843232706, 47.390157969977658 ], [ 11.177261118374187, 47.390162193469905 ], [ 11.177298284521033, 47.390208938114519 ], [ 11.177352755454301, 47.390259852468773 ], [ 11.177376659297552, 47.390282195877155 ], [ 11.177385438873696, 47.390290401961884 ], [ 11.177470803524537, 47.390369499811534 ], [ 11.177556073739945, 47.390442648376421 ], [ 11.177630700230695, 47.3905075451325 ], [ 11.177705117249927, 47.390559355366555 ], [ 11.177730081235358, 47.390586539894464 ], [ 11.17777646715358, 47.390638554974437 ], [ 11.177828393688259, 47.390708378193729 ], [ 11.177855354882579, 47.390751016904332 ], [ 11.177891362255549, 47.39081143802202 ], [ 11.177907641602587, 47.390843446212614 ], [ 11.17792765257764, 47.390889705890125 ], [ 11.177947853048675, 47.390947863098972 ], [ 11.177995199180758, 47.391148134053132 ], [ 11.178018088015603, 47.391265053764243 ], [ 11.178027255690498, 47.391312582139072 ], [ 11.178053515797078, 47.391377120547453 ], [ 11.178073987975029, 47.391430278347087 ], [ 11.178092648362854, 47.391457747446566 ], [ 11.1781270303568, 47.391504138988019 ], [ 11.178173936153978, 47.391544727868677 ], [ 11.178198052423573, 47.391562637014026 ], [ 11.178243420655908, 47.391594668926729 ], [ 11.178273370531723, 47.391626814991369 ], [ 11.178307707303833, 47.391670351031728 ], [ 11.178366644511339, 47.391762255445485 ], [ 11.178423674316159, 47.391910336876521 ], [ 11.17842859205974, 47.391955041563193 ], [ 11.178415161613216, 47.392079842847572 ], [ 11.178415912661446, 47.392215010513695 ], [ 11.17843615804108, 47.392253891019273 ], [ 11.178471973737258, 47.39230217606886 ], [ 11.178571742418995, 47.392405203437285 ], [ 11.178606201312244, 47.392456354192774 ], [ 11.178768054288218, 47.392667841306661 ], [ 11.179092343446982, 47.393020242706946 ], [ 11.179220517937882, 47.392906211313012 ], [ 11.179503495697118, 47.393166726372094 ], [ 11.179942876072882, 47.393571208019587 ], [ 11.18031205724397, 47.393725885957203 ], [ 11.180055934703267, 47.393827908383756 ], [ 11.180159136927989, 47.394079473339616 ], [ 11.180808155750048, 47.394150337264037 ], [ 11.180724558112706, 47.394657527561215 ], [ 11.180706819283788, 47.394765152388764 ], [ 11.180691826712748, 47.394829942815335 ], [ 11.181705189784138, 47.395906732066067 ], [ 11.182811893299906, 47.39655451043172 ], [ 11.183224511202663, 47.396628077882561 ], [ 11.183473200885315, 47.396464355650181 ], [ 11.183535117365638, 47.39648844414932 ], [ 11.183657564361093, 47.396536091619787 ], [ 11.183360213299784, 47.396855573081261 ], [ 11.183879356671813, 47.397403542912954 ], [ 11.184701000453856, 47.397387749620584 ], [ 11.184860018821446, 47.397384692534096 ], [ 11.185448507298529, 47.397702870248175 ], [ 11.185775614426907, 47.397799413523913 ], [ 11.185985327750071, 47.397861306680539 ], [ 11.186480377550573, 47.397579703356627 ], [ 11.186893100299788, 47.397682830966971 ], [ 11.187533739456313, 47.398072243672289 ], [ 11.187490333561335, 47.398310994057496 ], [ 11.186955310116796, 47.398372540484019 ], [ 11.186498482498669, 47.398491699232174 ], [ 11.186347968310852, 47.398819363417019 ], [ 11.186319407553231, 47.398881540611086 ], [ 11.186322039314751, 47.398885465210348 ], [ 11.186353772434202, 47.398897128770848 ], [ 11.186477816041567, 47.398927740957006 ], [ 11.186573070425894, 47.398966301917511 ], [ 11.186693733996828, 47.399004673373291 ], [ 11.186769485150609, 47.399029099102741 ], [ 11.186809940818804, 47.399038318749071 ], [ 11.186911831721485, 47.399053625996409 ], [ 11.187126091103959, 47.3990817833769 ], [ 11.187362252373182, 47.399109777725677 ], [ 11.187456287194074, 47.399126928246055 ], [ 11.187554770819922, 47.39914821013155 ], [ 11.187650989489521, 47.399192116600233 ], [ 11.187800825841094, 47.39924633448576 ], [ 11.187968559175788, 47.39932362247076 ], [ 11.188066511731158, 47.399366325724706 ], [ 11.188219170101211, 47.399432421002366 ], [ 11.188353844277751, 47.399470092027201 ], [ 11.188513966319098, 47.399509953639203 ], [ 11.188651145424769, 47.399539871261425 ], [ 11.188934996386426, 47.39959071098599 ], [ 11.189073851533047, 47.399615855709364 ], [ 11.18916436375812, 47.399631841057051 ], [ 11.189314810844438, 47.399669393581519 ], [ 11.189595694080479, 47.399737356925463 ], [ 11.189852957063801, 47.399839708120979 ], [ 11.190007995749349, 47.399890314433129 ], [ 11.190171990447784, 47.399952752724602 ], [ 11.190219783979128, 47.399982144379273 ], [ 11.190269570369349, 47.400026395479131 ], [ 11.190298039241586, 47.400052956582215 ], [ 11.190332555223115, 47.40012825824433 ], [ 11.190377969232323, 47.400227277406778 ], [ 11.190427917707085, 47.400335781706488 ], [ 11.190482844811971, 47.400426995503061 ], [ 11.190550885906726, 47.400516326108757 ], [ 11.190608731555935, 47.400571225918803 ], [ 11.190707756361173, 47.4006799588146 ], [ 11.190729534802653, 47.400726203019531 ], [ 11.190777681155929, 47.400820680077793 ], [ 11.190813912913592, 47.4008937084606 ], [ 11.190843459552203, 47.40098677709458 ], [ 11.190855535799749, 47.401039994241188 ], [ 11.190895258678694, 47.401112044941129 ], [ 11.190936551135572, 47.401194554495028 ], [ 11.19095661710139, 47.401239736572116 ], [ 11.190970613083095, 47.401271248997858 ], [ 11.191085782447958, 47.401343219110601 ], [ 11.191536144573419, 47.401624650714943 ], [ 11.191632204288918, 47.401713816561319 ], [ 11.191667622190645, 47.40174669271088 ], [ 11.191708063752996, 47.40178423371367 ], [ 11.191795104025443, 47.401845039419406 ], [ 11.192042082780885, 47.402017575063844 ], [ 11.192228608929373, 47.402172060727978 ], [ 11.192273131733939, 47.402237411022213 ], [ 11.192405191967627, 47.40234018505604 ], [ 11.192555730306422, 47.402480183405871 ], [ 11.192629222890082, 47.402537821060228 ], [ 11.192775659264015, 47.402611532856639 ], [ 11.192778547067801, 47.402612986385151 ], [ 11.192844108951832, 47.402634048311874 ], [ 11.192848774480774, 47.402636471658859 ], [ 11.192888706800016, 47.402657217802059 ], [ 11.192930630074761, 47.402584885011677 ], [ 11.193032024649145, 47.402464400515846 ], [ 11.193299884274285, 47.402390711303937 ], [ 11.193868553606796, 47.402423983113863 ], [ 11.194123447186115, 47.402474630888292 ], [ 11.194130954552451, 47.402482525893113 ], [ 11.194439595574318, 47.402807185790586 ], [ 11.194474235224472, 47.402843624245811 ], [ 11.194475251794167, 47.402847484296061 ], [ 11.194855488529106, 47.402983701564757 ], [ 11.194907934086372, 47.40301850441395 ], [ 11.195062410505171, 47.403416377331162 ], [ 11.195070748318992, 47.403437852336538 ], [ 11.195070874323433, 47.403437861286442 ], [ 11.195300035105483, 47.403454042302236 ], [ 11.195325203235315, 47.403466934462834 ], [ 11.195326703328824, 47.403466713646466 ], [ 11.195339837026728, 47.40346601976956 ], [ 11.195373721478617, 47.403464180057753 ], [ 11.195399072524454, 47.403471129023721 ], [ 11.195458453320533, 47.403501383253975 ], [ 11.195529597273476, 47.403543686530476 ], [ 11.19557035267882, 47.403574203555522 ], [ 11.195579632204074, 47.403581150643461 ], [ 11.195634310436544, 47.403613871267922 ], [ 11.195665647102258, 47.403632623832607 ], [ 11.195676930739102, 47.40364011714663 ], [ 11.195835553632548, 47.403715942717213 ], [ 11.196164537146933, 47.403885149770446 ], [ 11.196612197565782, 47.404115392685185 ], [ 11.196618539733453, 47.404118654178816 ], [ 11.196654813288246, 47.404130726931662 ], [ 11.196999673284994, 47.404245503246258 ], [ 11.197141347063924, 47.404281325951324 ], [ 11.197224927250051, 47.404301521478708 ], [ 11.197263559934557, 47.404305991205248 ], [ 11.197432600491977, 47.404354102317185 ], [ 11.197589520180257, 47.404411228667563 ], [ 11.197732322628358, 47.404462511005782 ], [ 11.197907421911257, 47.404522027754673 ], [ 11.198029019836275, 47.404571720581842 ], [ 11.198061811438409, 47.404585121480487 ], [ 11.198164240269156, 47.404632542351472 ], [ 11.198277340064434, 47.40468940272126 ], [ 11.19844528064932, 47.404777382703415 ], [ 11.198518823709168, 47.404826805955288 ], [ 11.198636615830715, 47.404902668556076 ], [ 11.198710222149241, 47.404939632843508 ], [ 11.198731161137776, 47.404950148232729 ], [ 11.19878065692469, 47.40497595355324 ], [ 11.198788801800214, 47.404979903836214 ], [ 11.198897252747161, 47.405019645949785 ], [ 11.19889729946439, 47.405019667185115 ], [ 11.198905612807469, 47.405023791585819 ], [ 11.198907642826564, 47.405024378943146 ], [ 11.198975175966677, 47.405045746328433 ], [ 11.198993970980515, 47.405051692380006 ], [ 11.199067933926671, 47.405073148930761 ], [ 11.199127021329053, 47.405095907398902 ], [ 11.199224040172689, 47.405133849104736 ], [ 11.199297254029027, 47.405163045569189 ], [ 11.1993742532841, 47.405188683117352 ], [ 11.199441928164985, 47.405205240668508 ], [ 11.199828555835035, 47.405284579152884 ], [ 11.199897136545555, 47.405298341297133 ], [ 11.199967460155397, 47.405311494827089 ], [ 11.200014104945847, 47.405323637674158 ], [ 11.200088070004098, 47.405345093550586 ], [ 11.200180561898437, 47.405374144161364 ], [ 11.200196375977807, 47.405381130667877 ], [ 11.200252064252293, 47.40540573287614 ], [ 11.200330593910543, 47.405438458551011 ], [ 11.200417059691736, 47.405474098840301 ], [ 11.20046654837161, 47.405499308045691 ], [ 11.200534701580912, 47.405540441677125 ], [ 11.200610632559822, 47.405574971275243 ], [ 11.200635458423125, 47.405588666263974 ], [ 11.200728458536048, 47.405652615987051 ], [ 11.200761347086422, 47.405680925662089 ], [ 11.200795492317539, 47.405732429113343 ], [ 11.200876426699347, 47.405842333877608 ], [ 11.200954218750958, 47.405936939158245 ], [ 11.200998392015098, 47.40606571110623 ], [ 11.201055174201906, 47.406268756710993 ], [ 11.201056109088931, 47.406325865102929 ], [ 11.201078424849385, 47.406404230917978 ], [ 11.201136316682188, 47.406514455954003 ], [ 11.201218190163644, 47.406644132411095 ], [ 11.201318084937585, 47.406750470438595 ], [ 11.201511325687932, 47.406991157943892 ], [ 11.201642233704453, 47.407171630364324 ], [ 11.201670275046386, 47.40722496504732 ], [ 11.201740718802071, 47.407298801957765 ], [ 11.201809653524938, 47.407333979021729 ], [ 11.201899813945911, 47.407380893745305 ], [ 11.201971922739151, 47.407395817981929 ], [ 11.202112243764805, 47.407401897955452 ], [ 11.202215938330303, 47.40741896339361 ], [ 11.202408690470884, 47.407415721579007 ], [ 11.202571153403873, 47.407435912529529 ], [ 11.20274110392865, 47.407485198905619 ], [ 11.202886490760662, 47.407532886233362 ], [ 11.203079324226959, 47.407587948092115 ], [ 11.203176623823015, 47.407642543139708 ], [ 11.203189917125879, 47.407649579778074 ], [ 11.203217256201834, 47.407664050314835 ], [ 11.203258451031822, 47.407674779541168 ], [ 11.203258498767935, 47.407674781878448 ], [ 11.203288057992607, 47.407694066581335 ], [ 11.203359234882372, 47.407715530640402 ], [ 11.203445276730124, 47.40772499408741 ], [ 11.203549778330517, 47.407737887733617 ], [ 11.203662519339726, 47.407772136770802 ], [ 11.203760470848293, 47.407813042070444 ], [ 11.203853343256791, 47.407841155895859 ], [ 11.204017481789124, 47.407912179241102 ], [ 11.204057024614324, 47.407940480759592 ], [ 11.204108292001921, 47.407977174460207 ], [ 11.204211159741309, 47.408037107012497 ], [ 11.204394679080501, 47.408114641726648 ], [ 11.204532280445223, 47.408168334931162 ], [ 11.204676578587559, 47.408202939355625 ], [ 11.204769778920348, 47.408221271072051 ], [ 11.204869872725808, 47.408232412393858 ], [ 11.205078449446576, 47.408232021571237 ], [ 11.205129137878133, 47.408223307487965 ], [ 11.205221534632967, 47.408192859355275 ], [ 11.205408700437937, 47.408062930545078 ], [ 11.205543951863531, 47.407973851770869 ], [ 11.205634635747112, 47.407945796253152 ], [ 11.205663011440487, 47.40794382528918 ], [ 11.205696289109421, 47.407941513119297 ], [ 11.205707434484218, 47.407934989374539 ], [ 11.205785246816124, 47.407889412834621 ], [ 11.206202411039758, 47.407926056442832 ], [ 11.206307926252871, 47.407958031728363 ], [ 11.206533191862217, 47.408026299248661 ], [ 11.206554231058657, 47.408032674949375 ], [ 11.206614272651969, 47.408050867465057 ], [ 11.206673193016943, 47.408041055816241 ], [ 11.20674336134954, 47.408029426363996 ], [ 11.206782434397315, 47.408022936867177 ], [ 11.206783043183512, 47.408018794747449 ], [ 11.206784013980435, 47.408001244390846 ], [ 11.206784663274304, 47.407989510557471 ], [ 11.206794920567846, 47.407973726359728 ], [ 11.206842926184342, 47.407951228846208 ], [ 11.206913086428999, 47.407932848036694 ], [ 11.207041849232059, 47.407896886462289 ], [ 11.207074246641165, 47.407884503077852 ], [ 11.207159673417092, 47.407835305908733 ], [ 11.207279353877931, 47.407758718099501 ], [ 11.207449424063576, 47.407676749806434 ], [ 11.207536999660336, 47.407630391793226 ], [ 11.207554628845548, 47.407615264757858 ], [ 11.207648007771404, 47.407538163220003 ], [ 11.207735005895881, 47.407456826010893 ], [ 11.207786781013917, 47.407407884221385 ], [ 11.207797291272804, 47.407396857029099 ], [ 11.207805868104678, 47.407385487453141 ], [ 11.207813518869191, 47.407371150417774 ], [ 11.207817801722761, 47.407365168851122 ], [ 11.207825423026916, 47.407349046619146 ], [ 11.207828810577661, 47.407341881879802 ], [ 11.207847424532332, 47.40724833275258 ], [ 11.207865583483933, 47.407180369403477 ], [ 11.207862227500788, 47.407136368359033 ], [ 11.207859643971323, 47.407032866033724 ], [ 11.207861784945438, 47.406950151083272 ], [ 11.207851942042911, 47.406884781521327 ], [ 11.207854524712729, 47.406828836414114 ], [ 11.207855619738179, 47.406788966001329 ], [ 11.207862473257794, 47.406779394044662 ], [ 11.208039589669403, 47.406774120948839 ], [ 11.208184629294879, 47.40676873360978 ], [ 11.208228839571435, 47.406771253064335 ], [ 11.208318737550712, 47.406801982634072 ], [ 11.208431921641745, 47.406841816432319 ], [ 11.208533328643552, 47.406868888318257 ], [ 11.208579772402294, 47.40687924468935 ], [ 11.208645060370069, 47.406884459342486 ], [ 11.208702043613739, 47.40689616288347 ], [ 11.208764507513409, 47.406921389371227 ], [ 11.208818688991824, 47.406954532025019 ], [ 11.208879310064717, 47.406995479676745 ], [ 11.20889236464931, 47.407021795510367 ], [ 11.208911988515041, 47.407063769425442 ], [ 11.208940945416449, 47.40709781823039 ], [ 11.209053111164996, 47.407266883090251 ], [ 11.209069154245038, 47.407346722551004 ], [ 11.20907676019681, 47.407425197920091 ], [ 11.209097459810017, 47.407468591045614 ], [ 11.209121878590381, 47.407546225110977 ], [ 11.209152324217538, 47.407606678640327 ], [ 11.209209872651128, 47.4077161880437 ], [ 11.209263972093341, 47.407807874885378 ], [ 11.209302971941742, 47.407876830535422 ], [ 11.209316912338871, 47.407893144817912 ], [ 11.20935444881397, 47.407937123815998 ], [ 11.20942791245211, 47.408055078290246 ], [ 11.209466723893057, 47.408112612229772 ], [ 11.209499935123228, 47.408149484249918 ], [ 11.209554367492546, 47.408197617666751 ], [ 11.209571369288662, 47.408208197948575 ], [ 11.209609555465585, 47.408227897400671 ], [ 11.209691196461359, 47.408267970286651 ], [ 11.209861983648983, 47.408356625098122 ], [ 11.210011279875003, 47.408417600830184 ], [ 11.21015289702798, 47.408459357780337 ], [ 11.210314788886421, 47.408518808749108 ], [ 11.210386625285178, 47.408538251334228 ], [ 11.210469781723544, 47.408542614511077 ], [ 11.210519228045904, 47.40854366481252 ], [ 11.210563287642541, 47.408536903933367 ], [ 11.210652396919508, 47.408519802832792 ], [ 11.210709134193037, 47.408516514224857 ], [ 11.210770278585988, 47.408525329219479 ], [ 11.210957124940478, 47.408567454256215 ], [ 11.211016118374452, 47.40857342976232 ], [ 11.211130915468146, 47.408583262526669 ], [ 11.211197163068922, 47.408582756859104 ], [ 11.211270961743315, 47.408593616596271 ], [ 11.211359599822899, 47.408611502871665 ], [ 11.211414576345563, 47.408628931028225 ], [ 11.211445095443132, 47.408630126340995 ], [ 11.211559112909802, 47.408656385092257 ], [ 11.211682583006956, 47.408681858267535 ], [ 11.211786840567491, 47.408690343434401 ], [ 11.211811049706458, 47.408691586847702 ], [ 11.21191591082558, 47.408672937005271 ], [ 11.212018654931997, 47.40865358907385 ], [ 11.21211613035409, 47.408633568041559 ], [ 11.212166510306503, 47.408627471518507 ], [ 11.212235830740102, 47.408621944393005 ], [ 11.212294741486893, 47.408622921597832 ], [ 11.212378948758122, 47.408627275358477 ], [ 11.212412776137002, 47.408637726609712 ], [ 11.212513241958318, 47.408671227878088 ], [ 11.212595879811314, 47.408707721135016 ], [ 11.212683975925982, 47.408756309852116 ], [ 11.212779481487145, 47.408807697612666 ], [ 11.212822880022895, 47.408824500362812 ], [ 11.212903355306644, 47.408857439996204 ], [ 11.21295289674044, 47.408864200064173 ], [ 11.213084614567885, 47.408879613894307 ], [ 11.213205829371534, 47.408895821198506 ], [ 11.213255465694228, 47.408908291953267 ], [ 11.213328438555001, 47.408932722274983 ], [ 11.213382707919402, 47.408970859468674 ], [ 11.213486840443982, 47.409035032044756 ], [ 11.213613244768689, 47.40911045623902 ], [ 11.213651646532266, 47.409143004115883 ], [ 11.213725414396619, 47.409215261149598 ], [ 11.213787425814809, 47.409276185954596 ], [ 11.213816398937533, 47.409310947563462 ], [ 11.213855912163128, 47.409347055901499 ], [ 11.213898532377051, 47.409380284664508 ], [ 11.213922955370229, 47.409394376516907 ], [ 11.213950451052968, 47.409403447460278 ], [ 11.213979317591651, 47.409431784132757 ], [ 11.214035138085681, 47.409499895188205 ], [ 11.214077865310156, 47.409539548775193 ], [ 11.214114556701116, 47.409595669933481 ], [ 11.214146957484603, 47.409646825666755 ], [ 11.214198668365627, 47.409720679658861 ], [ 11.214234294910209, 47.409776094765782 ], [ 11.214270029638628, 47.40983793384347 ], [ 11.214288903579332, 47.409897760464524 ], [ 11.214304194629559, 47.40993191258643 ], [ 11.214325605978591, 47.409954594736256 ], [ 11.214406548104197, 47.410015374179302 ], [ 11.214493679228937, 47.410068966266863 ], [ 11.214547678925312, 47.410090684510266 ], [ 11.214613125732281, 47.410105176030598 ], [ 11.214659549751946, 47.410114101752939 ], [ 11.214716454677768, 47.410120805528244 ], [ 11.214844432858817, 47.41016408864256 ], [ 11.215060238877392, 47.410239540094636 ], [ 11.215214982811132, 47.410311176191591 ], [ 11.215462706642283, 47.410408514127205 ], [ 11.215551515527999, 47.410436391499005 ], [ 11.215686689564267, 47.410469623721681 ], [ 11.215786181637652, 47.410507412795091 ], [ 11.215867832129026, 47.410547481202485 ], [ 11.215973104597902, 47.410616640136077 ], [ 11.216135925182593, 47.410731048666207 ], [ 11.216234627808214, 47.410784551499454 ], [ 11.216303493371653, 47.410814722098735 ], [ 11.216534657705447, 47.410927892043254 ], [ 11.216670297663066, 47.410988963069052 ], [ 11.216845993372178, 47.411055438653584 ], [ 11.216909459787926, 47.411077083054323 ], [ 11.217120744598246, 47.411133289130696 ], [ 11.217344756271487, 47.411195821798543 ], [ 11.217536049931745, 47.411251467508556 ], [ 11.217830065058372, 47.411349158568392 ], [ 11.21863992498287, 47.411664915835523 ], [ 11.218791296748892, 47.411723007470989 ], [ 11.219008130858709, 47.411796301964706 ], [ 11.219084240984071, 47.411819276121207 ], [ 11.219177248640408, 47.411846403275845 ], [ 11.219243798547357, 47.411863739425364 ], [ 11.219369491076463, 47.411895612907536 ], [ 11.219517207046305, 47.411923745708179 ], [ 11.219817527713536, 47.411957842855422 ], [ 11.21988903781862, 47.411957291603443 ], [ 11.220000748999519, 47.411970709216426 ], [ 11.220179261488477, 47.412016452509896 ], [ 11.220339872502143, 47.412060906164719 ], [ 11.220430922053717, 47.412096615616356 ], [ 11.220541163201773, 47.412147883227988 ], [ 11.220636108661715, 47.412227826454995 ], [ 11.220712220114093, 47.412313626472489 ], [ 11.220756042440321, 47.412355410712308 ], [ 11.220818901076411, 47.41240347373936 ], [ 11.22091262937778, 47.412473430481398 ], [ 11.221002925697725, 47.412526994081091 ], [ 11.221081476497442, 47.412569937565465 ], [ 11.221186556456825, 47.412626955936211 ], [ 11.221235279080961, 47.412647284330845 ], [ 11.221428136471784, 47.412732896608347 ], [ 11.22159553982374, 47.412805853751998 ], [ 11.22161359612965, 47.412816423199288 ], [ 11.221628466882633, 47.412827065820196 ], [ 11.221652426672266, 47.412844213249848 ], [ 11.221795798879038, 47.412904346903275 ], [ 11.221862265391048, 47.412977425913141 ], [ 11.222213685426668, 47.41336380644136 ], [ 11.222302712695448, 47.413461689579549 ], [ 11.222304168571464, 47.413462772062999 ], [ 11.222531638518133, 47.413631881170758 ], [ 11.222657625643398, 47.413725544031742 ], [ 11.222858740177713, 47.41382115224377 ], [ 11.222927583211398, 47.413837915350804 ], [ 11.22308120039202, 47.413903837984385 ], [ 11.22316393758776, 47.41394532021102 ], [ 11.223237137727748, 47.413982592972793 ], [ 11.22339203420583, 47.414062069971614 ], [ 11.223533056655523, 47.414129516910556 ], [ 11.223563771056854, 47.414142130566951 ], [ 11.223630289276045, 47.414157321911155 ], [ 11.22379284570412, 47.414191760916751 ], [ 11.223945172999837, 47.414243412630007 ], [ 11.224075224637829, 47.414283814499456 ], [ 11.224164750316911, 47.414316542993419 ], [ 11.224267177196459, 47.414353991649755 ], [ 11.224738813850754, 47.414467633857669 ], [ 11.224740574813739, 47.41446802136484 ], [ 11.225067587650971, 47.414893423430087 ], [ 11.225165751281144, 47.415021125069785 ], [ 11.225235207967616, 47.415071135780479 ], [ 11.225271140927498, 47.415097008745597 ], [ 11.225353381205654, 47.415171335040007 ], [ 11.225395191006228, 47.415218130474805 ], [ 11.225417090023544, 47.415269364451419 ], [ 11.22542211406982, 47.415317874457912 ], [ 11.225410419302451, 47.415372938062049 ], [ 11.225350748460723, 47.415514761951854 ], [ 11.22520151525389, 47.415897165932371 ], [ 11.225185312955258, 47.415934416582814 ], [ 11.22516988628465, 47.415955239869064 ], [ 11.225134050468032, 47.416013347318781 ], [ 11.225111585290419, 47.416053502293579 ], [ 11.2251076489661, 47.416063069737056 ], [ 11.225104512089541, 47.416070691756559 ], [ 11.225092711397251, 47.416108783430062 ], [ 11.225086272163086, 47.416317403433148 ], [ 11.225086081849605, 47.41632349601651 ], [ 11.225089059776348, 47.416339968925108 ], [ 11.225103463878963, 47.416383407930198 ], [ 11.225117574131287, 47.416412300531285 ], [ 11.225127431146632, 47.416432484312288 ], [ 11.225173020072628, 47.416516375507399 ], [ 11.225203782867263, 47.416584815701952 ], [ 11.225211597144282, 47.416629595615767 ], [ 11.225214084633386, 47.416643853369031 ], [ 11.225218035851169, 47.41666043835265 ], [ 11.22522656504781, 47.416675972347299 ], [ 11.225298325128509, 47.416806859401291 ], [ 11.225432076244747, 47.417050948517002 ], [ 11.225434705327862, 47.417055745601566 ], [ 11.225446291328399, 47.417066134371574 ], [ 11.225486569870066, 47.417084384852608 ], [ 11.225510227431792, 47.417095749418834 ], [ 11.226272717955183, 47.416886899241852 ], [ 11.226570678378895, 47.417097315333095 ] ] ], [ [ [ 11.609766258014242, 47.327376481782622 ], [ 11.609763497042779, 47.327435526279757 ], [ 11.609534238520776, 47.327920823472553 ], [ 11.609474800318093, 47.328085260746818 ], [ 11.609329515082187, 47.328371365219901 ], [ 11.609146398842821, 47.328666483344406 ], [ 11.608962317052701, 47.328918526927488 ], [ 11.608889131053532, 47.329040049593772 ], [ 11.60880305817243, 47.329153064153601 ], [ 11.608715392177331, 47.329197135227346 ], [ 11.60829416628048, 47.329081114758061 ], [ 11.607949235523606, 47.328972902617785 ], [ 11.607567316512274, 47.328908159582362 ], [ 11.607341202333712, 47.328996875682726 ], [ 11.607166833821791, 47.32912812576906 ], [ 11.607003303072611, 47.329181650318901 ], [ 11.606913926236649, 47.329156785073614 ], [ 11.606918610933525, 47.329047094067782 ], [ 11.607045917457913, 47.328844985582641 ], [ 11.607087738177627, 47.328473827468088 ], [ 11.607016898910882, 47.328164259274665 ], [ 11.606999282328044, 47.327957569480432 ], [ 11.60651870380411, 47.327918557287816 ], [ 11.606344482217541, 47.327946517551787 ], [ 11.606134437908251, 47.327846470576098 ], [ 11.606118322852419, 47.327842876756101 ], [ 11.605934055936997, 47.327801783316218 ], [ 11.605802999684979, 47.327772556021209 ], [ 11.605287100351395, 47.32771662044658 ], [ 11.604696197057072, 47.327477078626742 ], [ 11.604398590677224, 47.327291201751414 ], [ 11.603849344194721, 47.327199354635795 ], [ 11.603528392914296, 47.327292303647781 ], [ 11.603010476886281, 47.327113788579169 ], [ 11.602472735178051, 47.326895600230415 ], [ 11.602190958984847, 47.326698853304606 ], [ 11.601895353295374, 47.326608895064467 ], [ 11.601374407831218, 47.326562922451785 ], [ 11.600926226995925, 47.326378216767573 ], [ 11.600727759135939, 47.326166673222872 ], [ 11.60058533050325, 47.326120831579061 ], [ 11.600236225644961, 47.326021496730021 ], [ 11.599609816302532, 47.325843234730385 ], [ 11.599198466883589, 47.325713027498274 ], [ 11.598585172893415, 47.325518926660806 ], [ 11.598188425087457, 47.325457460310346 ], [ 11.598153572640829, 47.325571550659241 ], [ 11.598133042318862, 47.325631683737768 ], [ 11.598131805064142, 47.325635279081574 ], [ 11.598076991942703, 47.325628828986424 ], [ 11.598020637618282, 47.325622210543479 ], [ 11.597976981995938, 47.325617100091058 ], [ 11.59781896635285, 47.325598509899621 ], [ 11.597814500395915, 47.325615514215613 ], [ 11.597788294797001, 47.325714770415438 ], [ 11.597396592910547, 47.325670902511369 ], [ 11.597416317077341, 47.32559532002189 ], [ 11.597443059631026, 47.325493030355538 ], [ 11.597357190548825, 47.325515812935514 ], [ 11.59734578887536, 47.3254708710041 ], [ 11.597340171316961, 47.325440172501516 ], [ 11.597169333619227, 47.325488109350495 ], [ 11.597003935967296, 47.325560084886455 ], [ 11.596978605169419, 47.325572425575849 ], [ 11.596845727719874, 47.325637115307458 ], [ 11.596507905393944, 47.325728343166254 ], [ 11.596133646051019, 47.325844247542641 ], [ 11.595805409622621, 47.325993673839477 ], [ 11.59554225623965, 47.326003767332224 ], [ 11.594765890814166, 47.326033429039008 ], [ 11.594321970323239, 47.325890253374581 ], [ 11.5943367645856, 47.325822471848497 ], [ 11.59402743665386, 47.325777493713801 ], [ 11.593711286484671, 47.325730986741604 ], [ 11.593226180262489, 47.325643502877277 ], [ 11.592846088447073, 47.325554849211215 ], [ 11.592402473646482, 47.325445486701128 ], [ 11.591769738878531, 47.325331038536866 ], [ 11.591359300963054, 47.325292701778146 ], [ 11.589500878155844, 47.32529875869389 ], [ 11.588513307433411, 47.32525914518515 ], [ 11.587728131074121, 47.325160359799291 ], [ 11.587305717203229, 47.32503272229728 ], [ 11.586908150283904, 47.324888662839669 ], [ 11.586440249019418, 47.324734656618716 ], [ 11.585949486440285, 47.324625756540136 ], [ 11.585437385707962, 47.324622341998918 ], [ 11.584594854249179, 47.324568572979778 ], [ 11.584106030268295, 47.324542420971554 ], [ 11.583386049610596, 47.324523278522072 ], [ 11.582783215482689, 47.32448302557426 ], [ 11.582410962311721, 47.324572526598736 ], [ 11.582092534970004, 47.324708241001254 ], [ 11.581582298346552, 47.324949482686208 ], [ 11.581313762502203, 47.324834466757984 ], [ 11.580843097166312, 47.32462189019401 ], [ 11.579951191696377, 47.324437333828989 ], [ 11.579651962124235, 47.324431597194923 ], [ 11.579151194560838, 47.324513512477992 ], [ 11.578630261350744, 47.324519123903499 ], [ 11.577942234993262, 47.32439982720539 ], [ 11.577508471532015, 47.324350550881057 ], [ 11.576839104896964, 47.324293845115335 ], [ 11.576010185148116, 47.324203042826163 ], [ 11.575548640575603, 47.324098268695195 ], [ 11.575054728673226, 47.323853581789841 ], [ 11.574824295948863, 47.323616732714797 ], [ 11.574446140897605, 47.323285352386293 ], [ 11.574078550944975, 47.323342434359894 ], [ 11.573726092083197, 47.32342901829827 ], [ 11.573173481033029, 47.323558117804446 ], [ 11.572714476070168, 47.323621528628664 ], [ 11.572071131608126, 47.323546700983755 ], [ 11.571536721557575, 47.323425655032842 ], [ 11.571025965338523, 47.323257458372524 ], [ 11.570417697941267, 47.323205538114919 ], [ 11.56981058120429, 47.323212075439386 ], [ 11.569257436132032, 47.323254993708993 ], [ 11.568543716020272, 47.323343631473968 ], [ 11.568232273533813, 47.323434258376807 ], [ 11.567758893094867, 47.323557110001339 ], [ 11.56720194368938, 47.323720504562772 ], [ 11.566254086314725, 47.323803491935827 ], [ 11.565745015320163, 47.323705518999382 ], [ 11.565371782178904, 47.323635864907523 ], [ 11.564552201269287, 47.323662644471661 ], [ 11.563828280022882, 47.323648778661777 ], [ 11.563289276360328, 47.323625737869897 ], [ 11.562752526988639, 47.323581998640442 ], [ 11.562190402204852, 47.323407282139513 ], [ 11.561757071243203, 47.323152907658262 ], [ 11.56121843411232, 47.322850015201361 ], [ 11.560647263335458, 47.322693377366001 ], [ 11.560025744143848, 47.322585759801569 ], [ 11.559204209140407, 47.322473079717724 ], [ 11.558665573599361, 47.322346591421919 ], [ 11.558331303197052, 47.322308829542308 ], [ 11.558027565941549, 47.322384854155814 ], [ 11.557534862400086, 47.322476556978245 ], [ 11.557180924304193, 47.322553137759535 ], [ 11.557044985586732, 47.322395355334081 ], [ 11.556775096565792, 47.322162668187183 ], [ 11.556404316595987, 47.321975911656104 ], [ 11.555571067372002, 47.321693285982803 ], [ 11.554973962491797, 47.321496408587862 ], [ 11.554242719452194, 47.321281978596751 ], [ 11.553424493291327, 47.321076633375888 ], [ 11.552854071350769, 47.320943272185986 ], [ 11.552353481489725, 47.320861313330582 ], [ 11.551883943449814, 47.320744853545754 ], [ 11.551599434979609, 47.320570652950643 ], [ 11.551209785783923, 47.320369743872106 ], [ 11.550955856137287, 47.320309452809838 ], [ 11.551070591686447, 47.320067218044144 ], [ 11.551091369392665, 47.319757518329553 ], [ 11.550907714508856, 47.31947978189617 ], [ 11.550533272860761, 47.319356846859598 ], [ 11.550605086433862, 47.318973817078785 ], [ 11.550578717117281, 47.318517180148731 ], [ 11.550456196296327, 47.318131694314552 ], [ 11.550500054356389, 47.317855075672178 ], [ 11.550504689909472, 47.317630570996116 ], [ 11.549724885209567, 47.317345753315841 ], [ 11.54876920713513, 47.317131709450933 ], [ 11.547708398594782, 47.317016662863665 ], [ 11.547415020741239, 47.316965763187234 ], [ 11.547207162987789, 47.316949959689353 ], [ 11.547055841647772, 47.317047835212087 ], [ 11.546707056961804, 47.317060504175558 ], [ 11.546166304881508, 47.316901650476218 ], [ 11.545902425438955, 47.316695721761597 ], [ 11.545776105902613, 47.316439860464143 ], [ 11.545344782276601, 47.316258199130004 ], [ 11.545004400423531, 47.31602496688167 ], [ 11.543986781301177, 47.315871882468691 ], [ 11.543222051815423, 47.315690287148634 ], [ 11.542238194143051, 47.315347203765356 ], [ 11.541419490745145, 47.315019614409749 ], [ 11.54060310024261, 47.314795447390566 ], [ 11.539742810005993, 47.314695406594723 ], [ 11.538770717634387, 47.314487105876395 ], [ 11.537911947072894, 47.314312200667665 ], [ 11.537241960910711, 47.314149676955218 ], [ 11.536563052971687, 47.313837848571573 ], [ 11.536149756382864, 47.313614940411213 ], [ 11.535582471756202, 47.313296542207894 ], [ 11.534796098006478, 47.313054632739245 ], [ 11.534049190935335, 47.312718466424755 ], [ 11.533614020720297, 47.312351460168415 ], [ 11.533101883762409, 47.31212407078408 ], [ 11.532348620536204, 47.311967459520112 ], [ 11.531358945317548, 47.311840522094563 ], [ 11.530356273846362, 47.311782014294138 ], [ 11.529901863832327, 47.311668881307881 ], [ 11.529244670334897, 47.311388414365481 ], [ 11.528774060021808, 47.311315734977811 ], [ 11.52858725182497, 47.31146424708286 ], [ 11.528528226980354, 47.311730113612015 ], [ 11.528504440624349, 47.311837161480973 ], [ 11.528452748696568, 47.312067344936729 ], [ 11.528284008303384, 47.31207084006143 ], [ 11.527980267325255, 47.311971315128979 ], [ 11.527298962017499, 47.311667294837918 ], [ 11.527036597735545, 47.311486330356566 ], [ 11.526849965961871, 47.311595249976236 ], [ 11.526865573849367, 47.311710138177006 ], [ 11.526719504733874, 47.311870690662218 ], [ 11.526415661787498, 47.312083776051928 ], [ 11.52619476640095, 47.312245092436285 ], [ 11.525972059057407, 47.312323745437155 ], [ 11.525646468599042, 47.31240345158372 ], [ 11.525386781252998, 47.312501575997992 ], [ 11.52521168268599, 47.312617896459578 ], [ 11.525138010575827, 47.312669558698168 ], [ 11.524963037881008, 47.312792247567351 ], [ 11.524594110376698, 47.313025090152152 ], [ 11.524234828627314, 47.313270532150376 ], [ 11.524014935816085, 47.313476388592392 ], [ 11.523822271284917, 47.313643777805844 ], [ 11.523645598211678, 47.313690141830129 ], [ 11.523162994646764, 47.313860517857151 ], [ 11.522735942918862, 47.31400491001137 ], [ 11.5221778808619, 47.314144290055793 ], [ 11.521721883993457, 47.314250775395706 ], [ 11.521425920115677, 47.314400136898371 ], [ 11.521148912916406, 47.314562036402094 ], [ 11.520509993093514, 47.31485489461803 ], [ 11.520195904071725, 47.315029904431796 ], [ 11.519888991174486, 47.315109406554143 ], [ 11.519562107078473, 47.315131873184626 ], [ 11.519140992671248, 47.315123509768803 ], [ 11.518572103550046, 47.315199336980569 ], [ 11.517886556457514, 47.315499037090653 ], [ 11.517582635869072, 47.315712099640493 ], [ 11.517298109018313, 47.315956770575923 ], [ 11.516993162215885, 47.31612530363045 ], [ 11.516705951884875, 47.316249134453599 ], [ 11.516578865318467, 47.316285829017808 ], [ 11.516317520524941, 47.316488835994093 ], [ 11.516004733871256, 47.316675391688051 ], [ 11.51591211935774, 47.316767318237275 ], [ 11.515784850311039, 47.316859833505973 ], [ 11.515659228373634, 47.316869957621691 ], [ 11.51559598386668, 47.316846209360556 ], [ 11.515534935891756, 47.316823330739382 ], [ 11.515420128142393, 47.316827746754541 ], [ 11.515349935362194, 47.316919361157005 ], [ 11.515327032277044, 47.316949220185116 ], [ 11.515243647245436, 47.317077120223246 ], [ 11.515117765811967, 47.317231500846248 ], [ 11.51503804473014, 47.317307241972983 ], [ 11.514367321971264, 47.317172709828498 ], [ 11.514364209989449, 47.317166476071286 ], [ 11.514205817349096, 47.317137615802565 ], [ 11.514200836874892, 47.317136697366081 ], [ 11.514193074548752, 47.317075848428573 ], [ 11.514089950082484, 47.316897070769087 ], [ 11.513904424581954, 47.316730347384691 ], [ 11.513770694708306, 47.316664284349145 ], [ 11.513669553154285, 47.316575365214213 ], [ 11.513601461581704, 47.316486156784968 ], [ 11.513615723068598, 47.316384855123552 ], [ 11.513597459111123, 47.31630636197287 ], [ 11.513694596876379, 47.31621547018549 ], [ 11.513826842014355, 47.316214059047681 ], [ 11.51392498586155, 47.316168107164891 ], [ 11.514022130145403, 47.316077188045227 ], [ 11.51402011878409, 47.315987282648791 ], [ 11.513985080120314, 47.315897702321926 ], [ 11.513995623736196, 47.315627840916363 ], [ 11.514024667358722, 47.31544768124683 ], [ 11.514020663118343, 47.315267864846895 ], [ 11.513969096251802, 47.3151784741763 ], [ 11.513901518588577, 47.315111736748541 ], [ 11.513833419902173, 47.315022496129416 ], [ 11.513763295173474, 47.314843369990683 ], [ 11.513759294588986, 47.314663555326163 ], [ 11.513790384072465, 47.314573313348454 ], [ 11.513885769610559, 47.31440372256035 ], [ 11.513966652872828, 47.314324214034343 ], [ 11.514030741123721, 47.314233623825054 ], [ 11.514078311079297, 47.314143210566193 ], [ 11.514239575928269, 47.313961695219355 ], [ 11.5142706220888, 47.313871462539026 ], [ 11.514398807200763, 47.313690297827947 ], [ 11.51442985798845, 47.313600054258387 ], [ 11.514427853843326, 47.313510139761888 ], [ 11.514390847319339, 47.313330680630159 ], [ 11.514322742306289, 47.313241443940363 ], [ 11.51428769193345, 47.313151869183962 ], [ 11.514285693549853, 47.313061963614146 ], [ 11.51425682975432, 47.312922258551339 ], [ 11.514396745618606, 47.312849693004807 ], [ 11.51453478187017, 47.312721987081304 ], [ 11.514654460181905, 47.312633658201598 ], [ 11.514954002402339, 47.312569610747559 ], [ 11.515189823658195, 47.312519283937981 ], [ 11.515220168187813, 47.312444944759072 ], [ 11.515103195085947, 47.312367757000906 ], [ 11.514870186548718, 47.312256927762498 ], [ 11.51455943278452, 47.312103341264553 ], [ 11.514338187897339, 47.311944489215144 ], [ 11.513802969371213, 47.311775787157778 ], [ 11.513385682227632, 47.3117278204749 ], [ 11.513083459049158, 47.31166992406672 ], [ 11.512577854387585, 47.311392082590345 ], [ 11.512332834204539, 47.311316206452531 ], [ 11.512010024910477, 47.311226932461039 ], [ 11.511836315725255, 47.311160169195354 ], [ 11.511572195304476, 47.311088837260023 ], [ 11.51129042149296, 47.311087377245826 ], [ 11.511081312966057, 47.311185326523905 ], [ 11.511000477691084, 47.311295028013561 ], [ 11.510906288284351, 47.311378765313137 ], [ 11.510819016482877, 47.311484152199277 ], [ 11.510743130099135, 47.311528482739355 ], [ 11.510602021840434, 47.311516859598804 ], [ 11.5103322529941, 47.311461122065495 ], [ 11.510015395385107, 47.311339975963307 ], [ 11.50987961102606, 47.311280393041798 ], [ 11.509748103572745, 47.311124975434439 ], [ 11.509744751702016, 47.311111688504283 ], [ 11.509713004729276, 47.310985962689401 ], [ 11.509602257327684, 47.310899986022839 ], [ 11.509427735950229, 47.31092803232513 ], [ 11.509199238563864, 47.310917196017286 ], [ 11.509077405809132, 47.310909712763944 ], [ 11.50893551611831, 47.310863276807481 ], [ 11.50884395833673, 47.310777103016882 ], [ 11.508808543222173, 47.310690153171493 ], [ 11.508803322040547, 47.310677365662833 ], [ 11.508721952841888, 47.310473502446598 ], [ 11.508590695870907, 47.310326771684267 ], [ 11.508505365634074, 47.31023185214724 ], [ 11.508293522615325, 47.31020789297947 ], [ 11.508160799541534, 47.310287625526932 ], [ 11.508015038975424, 47.310354447023606 ], [ 11.507855843569278, 47.310395284882432 ], [ 11.507710360090035, 47.310475152772099 ], [ 11.507594831835489, 47.310463248220394 ], [ 11.507381649876653, 47.310378354274 ], [ 11.507103284345979, 47.310241837594887 ], [ 11.506837917189538, 47.310113914177933 ], [ 11.506638037722519, 47.310050616119575 ], [ 11.506509987278287, 47.310051923973099 ], [ 11.506246100779864, 47.309989293310274 ], [ 11.506083204889094, 47.309860318195149 ], [ 11.505940810690621, 47.309792091143912 ], [ 11.505861927433811, 47.309697087635762 ], [ 11.505764150977763, 47.309619690788928 ], [ 11.505655779832384, 47.30964255878488 ], [ 11.505597786039097, 47.309662352672312 ], [ 11.505471472373815, 47.309705422363955 ], [ 11.505311727106534, 47.309720130688042 ], [ 11.505195398396491, 47.309704572811448 ], [ 11.505099801552277, 47.30969178960332 ], [ 11.50494541794035, 47.309658527567663 ], [ 11.504709786080229, 47.309717549121331 ], [ 11.504604239886282, 47.309762890437057 ], [ 11.504595609586838, 47.309766624915575 ], [ 11.504520151428675, 47.309747585997485 ], [ 11.504464317939387, 47.309619880786492 ], [ 11.504385776614491, 47.309542301049888 ], [ 11.504262428914995, 47.309465172600817 ], [ 11.504107068595022, 47.309388366699807 ], [ 11.503971365267549, 47.309333131216761 ], [ 11.503824235141149, 47.309338978581629 ], [ 11.50369180102766, 47.309431797603061 ], [ 11.503565224621319, 47.309498412587907 ], [ 11.503476154905151, 47.309525440756758 ], [ 11.503455001213638, 47.309527883343812 ], [ 11.503393146125525, 47.309534993240341 ], [ 11.503282808751958, 47.30946643276026 ], [ 11.503204857197648, 47.309383595059671 ], [ 11.503197563789051, 47.309375851080169 ], [ 11.503131418967014, 47.309280726756583 ], [ 11.502988888427311, 47.30920377789284 ], [ 11.502745704555613, 47.309210616273567 ], [ 11.50257370895009, 47.309251548323857 ], [ 11.502450588104137, 47.309183136948221 ], [ 11.502220027117515, 47.309181126208578 ], [ 11.502085092048118, 47.309160706638167 ], [ 11.501980385805457, 47.309057276038025 ], [ 11.50172912185676, 47.3089857906239 ], [ 11.501434546380473, 47.308984404213405 ], [ 11.501172476353068, 47.309004511502224 ], [ 11.500915149484555, 47.308950508818157 ], [ 11.500811952158395, 47.30891671913632 ], [ 11.500727753418314, 47.308896885066623 ], [ 11.495536171431029, 47.308972025033995 ], [ 11.494432219084944, 47.308987963116351 ], [ 11.494068376554459, 47.309116331039583 ], [ 11.493389915722258, 47.309230031587134 ], [ 11.492738071290464, 47.309361323092965 ], [ 11.491723147366443, 47.309656550543799 ], [ 11.490914282479601, 47.309808777070089 ], [ 11.490846723574039, 47.309803537476967 ], [ 11.49038062411949, 47.309834233369209 ], [ 11.489608437735598, 47.30990228775395 ], [ 11.488871193725561, 47.30993305472731 ], [ 11.488068493312293, 47.309870114426289 ], [ 11.48732945196452, 47.309942369818394 ], [ 11.486684525061692, 47.309971324606032 ], [ 11.486071550833637, 47.309996333840068 ], [ 11.485403548910842, 47.309990336223656 ], [ 11.484830399720789, 47.310212962814482 ], [ 11.484133199539437, 47.310507785410252 ], [ 11.483375009036411, 47.310851688923954 ], [ 11.482629333176414, 47.311115491524134 ], [ 11.482069857077875, 47.311292997207673 ], [ 11.481427031274475, 47.31147664548643 ], [ 11.480778167141677, 47.311619728305757 ], [ 11.480309265526557, 47.311772819114708 ], [ 11.479825277404716, 47.311896420816048 ], [ 11.479007486357142, 47.312161281028537 ], [ 11.478243960218505, 47.311695352955745 ], [ 11.47813943873242, 47.311631598117899 ], [ 11.47757300165712, 47.311511849052671 ], [ 11.477135383800587, 47.311331834198185 ], [ 11.476589685991224, 47.311167660917306 ], [ 11.476055774119246, 47.311047589658664 ], [ 11.475600289197958, 47.311044725839707 ], [ 11.475221673842164, 47.311085382779552 ], [ 11.474955834765836, 47.311040935493565 ], [ 11.474823195332322, 47.310589016371146 ], [ 11.474495557564923, 47.310363739671644 ], [ 11.474057016146835, 47.310198049087845 ], [ 11.473769520644989, 47.30999316759226 ], [ 11.473411928471281, 47.309660253357855 ], [ 11.473150209861446, 47.309423622007998 ], [ 11.472584000943931, 47.309037991322192 ], [ 11.472002246997487, 47.308735263756958 ], [ 11.471321847449421, 47.308582773203163 ], [ 11.470695025514946, 47.308521521782524 ], [ 11.470113740017485, 47.308491301622951 ], [ 11.469552073701957, 47.308509502983661 ], [ 11.468952792018198, 47.30849644603704 ], [ 11.468360026291405, 47.308365547710736 ], [ 11.467871712071425, 47.308102366792802 ], [ 11.467548911682504, 47.307780902548728 ], [ 11.467353884310022, 47.307317773247448 ], [ 11.467137335199668, 47.30677572541952 ], [ 11.46710705646667, 47.306227323579002 ], [ 11.467043405627953, 47.305724260851072 ], [ 11.466977980341941, 47.305320965761993 ], [ 11.466525103356052, 47.305350755973762 ], [ 11.466086457121415, 47.305372094707252 ], [ 11.465246770948145, 47.305843407531341 ], [ 11.465041450436761, 47.305476007990151 ], [ 11.4648618860538, 47.305158730486347 ], [ 11.464805373591659, 47.304823449360448 ], [ 11.464797511213803, 47.304454104364304 ], [ 11.464801597513427, 47.304244644255519 ], [ 11.464564059594126, 47.304050539538231 ], [ 11.464356243565101, 47.303789893414745 ], [ 11.464290923174023, 47.303459552259589 ], [ 11.464238603313539, 47.303301676570676 ], [ 11.463685824577631, 47.303507608598416 ], [ 11.462764018990628, 47.303494558560679 ], [ 11.461728145815741, 47.303217126482927 ], [ 11.461182734379801, 47.303060231092459 ], [ 11.460680533204295, 47.302895544163981 ], [ 11.460285142551244, 47.302656053762057 ], [ 11.460180102266797, 47.302303094841285 ], [ 11.460056939931675, 47.302119945979427 ], [ 11.459718844000385, 47.301865669119699 ], [ 11.459657793699959, 47.301759463745817 ], [ 11.459602718319879, 47.301659774940852 ], [ 11.459684724448136, 47.301437739068469 ], [ 11.459895390065871, 47.30114803849019 ], [ 11.460024533592909, 47.301015228797986 ], [ 11.459673640113907, 47.300914225922249 ], [ 11.459178964037179, 47.300782505412194 ], [ 11.458836249154647, 47.300790602001001 ], [ 11.458720327717197, 47.300793327918122 ], [ 11.458190173280851, 47.300734590691981 ], [ 11.457749783161034, 47.300670581216231 ], [ 11.457327971772026, 47.300605436628636 ], [ 11.456699066513698, 47.300565745333451 ], [ 11.45630057808822, 47.300608329585131 ], [ 11.45566768324116, 47.300692785126813 ], [ 11.455210266175756, 47.300750224972148 ], [ 11.454588815802051, 47.300693357422439 ], [ 11.453954470571624, 47.300638303304758 ], [ 11.453506221143741, 47.300458307206732 ], [ 11.452970886154553, 47.30026440489025 ], [ 11.452382967182238, 47.300144787437858 ], [ 11.451948346430825, 47.300097381182148 ], [ 11.451655052752502, 47.300086111226172 ], [ 11.451109578214183, 47.300172410588296 ], [ 11.450680925987132, 47.300351938970174 ], [ 11.450367195263574, 47.300711114551461 ], [ 11.450393672218633, 47.301152477074766 ], [ 11.450378000627602, 47.301480082346174 ], [ 11.450253722605735, 47.301789780764821 ], [ 11.449999994046921, 47.301985631273084 ], [ 11.449747956544538, 47.30207534446842 ], [ 11.449554702071909, 47.301874848952636 ], [ 11.449339028533574, 47.301492840523551 ], [ 11.448963594359126, 47.301244629748041 ], [ 11.448656409742616, 47.301100189875527 ], [ 11.448468165312097, 47.300763731051333 ], [ 11.448187406078841, 47.300558745044881 ], [ 11.447678077196857, 47.30029014829681 ], [ 11.447481385950342, 47.300111349189798 ], [ 11.447309414548162, 47.299733414007754 ], [ 11.447334890802752, 47.2993112257032 ], [ 11.44732093924782, 47.298833819383503 ], [ 11.447210530237957, 47.298482262343683 ], [ 11.446852142336128, 47.298101629092407 ], [ 11.446100205871671, 47.298030940938801 ], [ 11.445309176875595, 47.298046623497711 ], [ 11.444729510010296, 47.298004006321662 ], [ 11.444336475476739, 47.297847118022496 ], [ 11.443898362684539, 47.29779509889709 ], [ 11.443578514566109, 47.297749981969083 ], [ 11.443222060030177, 47.297648968074093 ], [ 11.442771817883775, 47.297580997152622 ], [ 11.442121662303766, 47.297555149925344 ], [ 11.441719648594463, 47.297534907000056 ], [ 11.441280230857345, 47.297418620982484 ], [ 11.44087551492799, 47.297269858608864 ], [ 11.440415777965258, 47.297094451806551 ], [ 11.439869656629467, 47.29708973077917 ], [ 11.439476990977427, 47.297092675627582 ], [ 11.439457758203943, 47.297101810606584 ], [ 11.439161061270681, 47.297181919383675 ], [ 11.439044835858748, 47.297271420721557 ], [ 11.438952182559222, 47.297360695091669 ], [ 11.438871198472265, 47.297441824758572 ], [ 11.438788698040462, 47.297450670751047 ], [ 11.438752583258774, 47.297418847536541 ], [ 11.438609402505019, 47.297324153723459 ], [ 11.438560990461976, 47.297292148330072 ], [ 11.438440457065978, 47.29717278862811 ], [ 11.438378505322509, 47.297036793468664 ], [ 11.43818740176361, 47.296934164344563 ], [ 11.437996619676895, 47.296847609073026 ], [ 11.437793367531913, 47.296719045431232 ], [ 11.437556986628257, 47.296632681328454 ], [ 11.436534141363385, 47.296379549168648 ], [ 11.43568740241145, 47.295985921633061 ], [ 11.434830041466533, 47.29564861962335 ], [ 11.434228744486896, 47.295494105189675 ], [ 11.434059251687971, 47.295460007369911 ], [ 11.433030174376864, 47.295436540307428 ], [ 11.432652454147737, 47.295451825061328 ], [ 11.431608901442154, 47.295437505505063 ], [ 11.430506241274671, 47.295502997510745 ], [ 11.430292425160896, 47.295513521330626 ], [ 11.42875879103622, 47.295626361181128 ], [ 11.428416527280259, 47.295637624022646 ], [ 11.428024024549492, 47.29550476992614 ], [ 11.4275603376703, 47.295356511624874 ], [ 11.427157370282947, 47.295288047087773 ], [ 11.426838054153317, 47.29526697718363 ], [ 11.425330196364495, 47.295458107756453 ], [ 11.424741908597737, 47.295568141550781 ], [ 11.42449590914998, 47.295666884203101 ], [ 11.424446829688675, 47.295651733598419 ], [ 11.424293835471378, 47.295604506777259 ], [ 11.423951909210908, 47.295631875309418 ], [ 11.423574694182475, 47.295667606434485 ], [ 11.42326616457026, 47.295598223017201 ], [ 11.423117569339961, 47.295513982570604 ], [ 11.422766115516874, 47.295402078293328 ], [ 11.422538926458374, 47.295267641321288 ], [ 11.421993141335625, 47.295144266390963 ], [ 11.421578019720538, 47.295059803956455 ], [ 11.421175875424336, 47.295031470466249 ], [ 11.420407021990487, 47.294974458578267 ], [ 11.419895961142201, 47.2948185995727 ], [ 11.419574358480356, 47.294685051390296 ], [ 11.419350442648209, 47.29460883091042 ], [ 11.419076606643181, 47.294601359303229 ], [ 11.418768758056654, 47.294564097473454 ], [ 11.418595395553933, 47.294501318215197 ], [ 11.418530788399883, 47.29447795920305 ], [ 11.418317546122998, 47.294447831254786 ], [ 11.418248614210308, 47.294453423931884 ], [ 11.418188789273529, 47.294445161373027 ], [ 11.417357499851997, 47.294332542596486 ], [ 11.41684753397608, 47.2943233752437 ], [ 11.416814816717164, 47.294309342519824 ], [ 11.416156494939161, 47.294460174137726 ], [ 11.415352998084463, 47.295022167590375 ], [ 11.414957888820959, 47.295339262258366 ], [ 11.414761390239677, 47.295550019186024 ], [ 11.414481389339294, 47.295721399905169 ], [ 11.414332632618592, 47.295955814601314 ], [ 11.414287058119424, 47.296036595492232 ], [ 11.414051336718472, 47.296208330283754 ], [ 11.41372417264613, 47.296142259031285 ], [ 11.413684087661343, 47.295857618625362 ], [ 11.413789989251615, 47.29547787628514 ], [ 11.413868923068216, 47.295193773422682 ], [ 11.413887208465157, 47.294925589584629 ], [ 11.413652106082566, 47.294811721118428 ], [ 11.413364592313277, 47.294845055025242 ], [ 11.412986673624154, 47.294851278435445 ], [ 11.412936272389594, 47.29458821597396 ], [ 11.413154447255966, 47.294262368170294 ], [ 11.413236426700848, 47.294069044711541 ], [ 11.412901592618271, 47.294048029664268 ], [ 11.41254462082046, 47.294109847585688 ], [ 11.412274838351147, 47.29430394491272 ], [ 11.411961360784382, 47.294563228583016 ], [ 11.411709863818864, 47.294554937788831 ], [ 11.41157666425257, 47.29459162732541 ], [ 11.41130212953888, 47.294449574685061 ], [ 11.410956931285741, 47.294316218320496 ], [ 11.410636629128815, 47.294246905930628 ], [ 11.410174960845726, 47.294194985961283 ], [ 11.409854354174861, 47.294109629361671 ], [ 11.409603300652638, 47.293959287917922 ], [ 11.409404884755364, 47.293822711453657 ], [ 11.409177887963233, 47.293757324272605 ], [ 11.408694626989412, 47.293651234315796 ], [ 11.4085297604839, 47.293608913375998 ], [ 11.408226396808953, 47.293618632923234 ], [ 11.407944148772161, 47.293677519291663 ], [ 11.407720733166819, 47.293625278470842 ], [ 11.407392110455065, 47.293577969476168 ], [ 11.407049826032381, 47.293516393775406 ], [ 11.406655740726009, 47.29344893987718 ], [ 11.406266515041608, 47.293425585594299 ], [ 11.406149023265787, 47.293693868889825 ], [ 11.405779913132744, 47.294074240817707 ], [ 11.405754439608593, 47.29437848212293 ], [ 11.405562829408016, 47.294650115417994 ], [ 11.405262587110871, 47.295036049279965 ], [ 11.404995434371408, 47.295494583504592 ], [ 11.404490161751246, 47.296143261407579 ], [ 11.404014269719259, 47.296732362498368 ], [ 11.403613424684876, 47.297180480087619 ], [ 11.403090414057663, 47.297543342596526 ], [ 11.402561463425092, 47.297929669542157 ], [ 11.40221799463087, 47.298212573798168 ], [ 11.401830430607395, 47.298665051634551 ], [ 11.401221731205309, 47.299297687153583 ], [ 11.400936067806986, 47.299756270214225 ], [ 11.400489298444377, 47.300073999650415 ], [ 11.399989829795018, 47.300505658505273 ], [ 11.399657929384762, 47.300847615067518 ], [ 11.399513392581886, 47.301092942857785 ], [ 11.399321619555771, 47.301467519070869 ], [ 11.399098633015306, 47.30177458016847 ], [ 11.398607467532349, 47.302124789227463 ], [ 11.39817402018703, 47.302372816886958 ], [ 11.397901188846111, 47.302680326729842 ], [ 11.397714623849057, 47.302817613341567 ], [ 11.39755847981316, 47.302981746072696 ], [ 11.397531593517284, 47.30310153902181 ], [ 11.397512727675695, 47.303185492724445 ], [ 11.397395365096251, 47.303295007854295 ], [ 11.397207733009704, 47.30337808490799 ], [ 11.397189956538858, 47.30338659303802 ], [ 11.397020198946205, 47.303467940992689 ], [ 11.396923024683701, 47.303590831030149 ], [ 11.396912290906057, 47.303659357099178 ], [ 11.396896534442499, 47.303760515861811 ], [ 11.396851164678694, 47.303984592224189 ], [ 11.396694751210827, 47.304135160340969 ], [ 11.396550392084956, 47.304231673348959 ], [ 11.396468618997201, 47.304286362550961 ], [ 11.396242990769862, 47.30446468782818 ], [ 11.396176763235951, 47.304641502311888 ], [ 11.396155148680677, 47.304695782310311 ], [ 11.396081896010319, 47.304879602065682 ], [ 11.396010684429886, 47.304931241167758 ], [ 11.395816698425101, 47.305071818772412 ], [ 11.395325325132335, 47.305415278347141 ], [ 11.395270599402995, 47.305666559664168 ], [ 11.395214721223235, 47.305863615034518 ], [ 11.395050379566335, 47.306115905610042 ], [ 11.394894758172223, 47.30630710037169 ], [ 11.394724071843569, 47.30674247787352 ], [ 11.394532793740249, 47.307144131458756 ], [ 11.394340576376411, 47.307498340663486 ], [ 11.394158312879787, 47.307852468417082 ], [ 11.394143807294897, 47.308123711275805 ], [ 11.394259348001349, 47.308420845623949 ], [ 11.394328334231723, 47.308881113928251 ], [ 11.39420704562111, 47.30929567020344 ], [ 11.394023682660873, 47.309595576649834 ], [ 11.393967167757292, 47.309758764730411 ], [ 11.393824723007898, 47.310112508052796 ], [ 11.393929644698, 47.310375873627819 ], [ 11.393906387493443, 47.310708213871102 ], [ 11.39378147303997, 47.310939813941687 ], [ 11.393786886088986, 47.311210851191099 ], [ 11.393753119240627, 47.311516167396945 ], [ 11.393658740981271, 47.311781370480503 ], [ 11.39357716839028, 47.312188797118559 ], [ 11.39397343211265, 47.313094330355653 ], [ 11.394078073851972, 47.313367709401646 ], [ 11.394087831520077, 47.313392805497116 ], [ 11.393690181444006, 47.313465432151979 ], [ 11.39310535513421, 47.313539061637655 ], [ 11.392749102170827, 47.313427300497388 ], [ 11.392424331925618, 47.313297409703573 ], [ 11.392237892352892, 47.313171927961761 ], [ 11.392124367551979, 47.313084566583385 ], [ 11.392002728763755, 47.313078520351283 ], [ 11.391899941907878, 47.31296091484041 ], [ 11.391771318360091, 47.312868707321918 ], [ 11.391523459631625, 47.31288539976422 ], [ 11.391358778556572, 47.312840104007734 ], [ 11.391115501206144, 47.31282808894175 ], [ 11.390805060400368, 47.312888352586846 ], [ 11.390436517070585, 47.312952812593146 ], [ 11.390103078303538, 47.3129163873636 ], [ 11.389863924903672, 47.312846768969138 ], [ 11.389762184197984, 47.31277580944414 ], [ 11.387625843146841, 47.312441876363593 ], [ 11.386303644139183, 47.312791898478878 ], [ 11.386270665913434, 47.312786359492989 ], [ 11.385401063057435, 47.312614626019304 ], [ 11.384976767980856, 47.312535866339616 ], [ 11.383218462043118, 47.312296924443125 ], [ 11.382883875043129, 47.312213676476951 ], [ 11.381936188256917, 47.312100269993586 ], [ 11.381391277164651, 47.312055002124467 ], [ 11.380856924886503, 47.312016644110443 ], [ 11.380117113197945, 47.312001809408265 ], [ 11.379142238233628, 47.312118489871658 ], [ 11.378921493229029, 47.312174400585491 ], [ 11.378507894185551, 47.312365027208863 ], [ 11.378194882917155, 47.312569069950591 ], [ 11.377709321696923, 47.31285724651223 ], [ 11.377230608073296, 47.312962227726715 ], [ 11.376833175744173, 47.312893967765213 ], [ 11.376312143877707, 47.312722667479875 ], [ 11.375514780028739, 47.312467642408933 ], [ 11.375139505486382, 47.312456682570442 ], [ 11.374710214880199, 47.312385095390368 ], [ 11.374238653200274, 47.312310367180061 ], [ 11.37380531384018, 47.312303561009379 ], [ 11.3732984800161, 47.312315269321438 ], [ 11.372617742379148, 47.312350216680507 ], [ 11.372034347769796, 47.312233348434624 ], [ 11.371201694419366, 47.312330644795296 ], [ 11.37071607360566, 47.312349399844926 ], [ 11.370346790762802, 47.312374296999131 ], [ 11.369882868139726, 47.312421585488075 ], [ 11.369456059463024, 47.312475713459783 ], [ 11.369170426755382, 47.312456749764486 ], [ 11.36881082431033, 47.312434841438524 ], [ 11.368430474276359, 47.312434686454459 ], [ 11.36812297066585, 47.312376372693024 ], [ 11.367858060412264, 47.312335644342987 ], [ 11.367543490169183, 47.312457039123821 ], [ 11.367263665918172, 47.312602895514999 ], [ 11.367455574440273, 47.311927509637847 ], [ 11.367642660043387, 47.311410472360372 ], [ 11.367922766782241, 47.310788994061319 ], [ 11.368129843094565, 47.310216938560345 ], [ 11.368386687827291, 47.309549367132632 ], [ 11.368744480235401, 47.308737273639643 ], [ 11.368868439415719, 47.308215303452108 ], [ 11.369043453427645, 47.307356410120804 ], [ 11.369158043338269, 47.306513517653869 ], [ 11.369253255541839, 47.305429637869636 ], [ 11.369373953466273, 47.304636166352836 ], [ 11.369481730838004, 47.303843620631937 ], [ 11.36951384487889, 47.303196574305254 ], [ 11.369578468983299, 47.302781446838956 ], [ 11.369610098351478, 47.302089396793491 ], [ 11.369613356550865, 47.301439976806464 ], [ 11.36951744127864, 47.300731081892877 ], [ 11.369460199105916, 47.299961785518427 ], [ 11.369511537130434, 47.299346903368843 ], [ 11.369618427341013, 47.298727082135912 ], [ 11.369835029851522, 47.298302405455509 ], [ 11.370314980766295, 47.298089243807169 ], [ 11.370588300982289, 47.29740879868374 ], [ 11.370843703628411, 47.296667056997627 ], [ 11.371000367782051, 47.295946924884468 ], [ 11.371126426384174, 47.295371951140929 ], [ 11.371002100060032, 47.294897304921648 ], [ 11.370820051987227, 47.294503952705945 ], [ 11.370882088387194, 47.29416253414562 ], [ 11.370831949172057, 47.293963425411384 ], [ 11.370591352589365, 47.293561646216702 ], [ 11.370406290280668, 47.293154067367006 ], [ 11.370169009158156, 47.292781076549346 ], [ 11.369774042454118, 47.292317906734496 ], [ 11.369509493652133, 47.291908161379766 ], [ 11.369178341884421, 47.291540765941299 ], [ 11.368930645122097, 47.291308152389604 ], [ 11.368745219226613, 47.291086738748902 ], [ 11.368748729533108, 47.290790714435822 ], [ 11.368886772590765, 47.2904836626468 ], [ 11.36911052926015, 47.289957270524333 ], [ 11.369466871249724, 47.289590766190486 ], [ 11.369614873274827, 47.289178312853224 ], [ 11.369755694683484, 47.288802766652296 ], [ 11.370052104910163, 47.288416159767813 ], [ 11.370507324068347, 47.288025312339279 ], [ 11.370795516006082, 47.287816606149072 ], [ 11.371299595496691, 47.287571909398146 ], [ 11.371504341141186, 47.28729938168204 ], [ 11.371466566905294, 47.286918204152357 ], [ 11.371426528593354, 47.28662623385123 ], [ 11.371477546904501, 47.286125778436976 ], [ 11.371494100988331, 47.285824260640027 ], [ 11.371661520853424, 47.285193919290222 ], [ 11.37171160581045, 47.284850893316261 ], [ 11.371749930482586, 47.284509608833943 ], [ 11.3718653437372, 47.284188425315406 ], [ 11.37185743824543, 47.283718958411185 ], [ 11.37174885158597, 47.283433839195681 ], [ 11.371773687897564, 47.283152187799139 ], [ 11.371583741735021, 47.28282722101374 ], [ 11.371038076547832, 47.28284477003379 ], [ 11.37041153331959, 47.282641751436543 ], [ 11.369844948874446, 47.282390517998557 ], [ 11.369535515901864, 47.282112659107042 ], [ 11.369634224062223, 47.281814919457204 ], [ 11.369887488926967, 47.281583318355736 ], [ 11.370268966337848, 47.281358583037758 ], [ 11.370856086919797, 47.280972852186231 ], [ 11.370996864352064, 47.280796243769089 ], [ 11.370823506157095, 47.280517083763449 ], [ 11.370337644640935, 47.280342394396314 ], [ 11.369641766524115, 47.280303804933375 ], [ 11.369261221246346, 47.280247025391752 ], [ 11.369126413450054, 47.280048524080954 ], [ 11.3690771939147, 47.279889754650917 ], [ 11.368903874826348, 47.279682562249263 ], [ 11.368654614308094, 47.279778437022941 ], [ 11.368275115075217, 47.279834043633585 ], [ 11.367915244137857, 47.279821862042006 ], [ 11.367601453526209, 47.279854364403391 ], [ 11.367100664604807, 47.279794220151338 ], [ 11.366952240660112, 47.279577843812163 ], [ 11.366714794696346, 47.279463061718779 ], [ 11.366332006522512, 47.279555535919641 ], [ 11.365820756264629, 47.279427947268246 ], [ 11.365724514736735, 47.279110306637264 ], [ 11.365636262150948, 47.278773823813331 ], [ 11.365185231239197, 47.278900243763928 ], [ 11.364770083947487, 47.279029845992639 ], [ 11.364680494742739, 47.278771656068088 ], [ 11.364593015148586, 47.278486419591403 ], [ 11.364257528613487, 47.278432723388597 ], [ 11.363827471128381, 47.278531065980431 ], [ 11.363297596986676, 47.278611293949581 ], [ 11.363097177946628, 47.278232661151804 ], [ 11.362948074486956, 47.277903030507908 ], [ 11.362658615710574, 47.277624975723626 ], [ 11.362294064442821, 47.277636341589243 ], [ 11.361928262851327, 47.27785545751798 ], [ 11.361257872909833, 47.277842528163525 ], [ 11.360396453299527, 47.277728796161924 ], [ 11.359542774868999, 47.2775295398624 ], [ 11.359026408342874, 47.277413728171183 ], [ 11.358586299740525, 47.277412203334073 ], [ 11.358013248784298, 47.277229359973376 ], [ 11.357541329725333, 47.277091489360302 ], [ 11.356963491066061, 47.276873476022288 ], [ 11.356523165623047, 47.27665805092397 ], [ 11.355965963451357, 47.27654866414349 ], [ 11.355331585425997, 47.276485060977201 ], [ 11.35481596091312, 47.276198248966047 ], [ 11.354446280046245, 47.275929843561727 ], [ 11.354063745789031, 47.27576686213483 ], [ 11.353183288746868, 47.275827648601627 ], [ 11.352448239227087, 47.275747863433232 ], [ 11.351938889643655, 47.275656104980165 ], [ 11.35143988498004, 47.27574605348353 ], [ 11.350933993038451, 47.275763154442075 ], [ 11.350410854366055, 47.275644480173703 ], [ 11.349581934269693, 47.275767019518419 ], [ 11.349032861680074, 47.275944561623859 ], [ 11.34827115379735, 47.275918966623451 ], [ 11.347240208128136, 47.27577680087024 ], [ 11.346549511626003, 47.275669636316174 ], [ 11.345671750571649, 47.27544532882311 ], [ 11.344820061095055, 47.275345726318768 ], [ 11.344060317382581, 47.275290487792816 ], [ 11.34326463651124, 47.275211099661171 ], [ 11.342654361544003, 47.27516154677258 ], [ 11.341977361369709, 47.27500905713611 ], [ 11.341250953654781, 47.274755580648218 ], [ 11.340407659119801, 47.274469706580476 ], [ 11.339644555125892, 47.274157109338262 ], [ 11.339093893322046, 47.273984801422237 ], [ 11.338516664187358, 47.273920604964623 ], [ 11.338182569344832, 47.274070978580987 ], [ 11.337991830735813, 47.274188628773679 ], [ 11.337683192210731, 47.273874769592048 ], [ 11.337311196882709, 47.273702683128654 ], [ 11.336679707378329, 47.27357687124799 ], [ 11.336492277521327, 47.273511831079503 ], [ 11.335643889014289, 47.273238663457192 ], [ 11.334622036340738, 47.273222334475591 ], [ 11.334023097966741, 47.273214154995522 ], [ 11.333337172811573, 47.273278545606665 ], [ 11.33297506839358, 47.273351799800182 ], [ 11.332681521185664, 47.273205967831174 ], [ 11.332160450325125, 47.272901106276151 ], [ 11.331583484768773, 47.272581384607982 ], [ 11.331531526703706, 47.272575213997904 ], [ 11.331130780096384, 47.272351403307283 ], [ 11.330738199065499, 47.272410582777916 ], [ 11.330132540500545, 47.27248282593392 ], [ 11.32974098523326, 47.272609060033432 ], [ 11.329368012479025, 47.272835612508828 ], [ 11.329012425814785, 47.273129000900781 ], [ 11.328395191511271, 47.273458226290721 ], [ 11.328070566644426, 47.273669634959134 ], [ 11.327798486015734, 47.273128373701638 ], [ 11.327760638504135, 47.272860672731426 ], [ 11.327741033199016, 47.272693372018651 ], [ 11.3277307588077, 47.272400738115905 ], [ 11.327761152668533, 47.272012101678278 ], [ 11.327654823675999, 47.271588737529179 ], [ 11.327366909671518, 47.271099801653335 ], [ 11.327114742062568, 47.270778181022528 ], [ 11.327062378195622, 47.270566220057837 ], [ 11.327220243517997, 47.270274859082683 ], [ 11.327234982273591, 47.270126423668934 ], [ 11.327246875638442, 47.270009480242997 ], [ 11.327227816607747, 47.270012293156192 ], [ 11.327188669413173, 47.270018007027986 ], [ 11.32718027548678, 47.269948364584778 ], [ 11.326928837860789, 47.269990499195416 ], [ 11.326801158816826, 47.270145674908626 ], [ 11.326774800997811, 47.270174333520053 ], [ 11.326459814745013, 47.270128840522325 ], [ 11.326099060445086, 47.270187962931168 ], [ 11.325915369008344, 47.270125755085914 ], [ 11.325838208813479, 47.270118086972218 ], [ 11.325771597277807, 47.270111574382334 ], [ 11.325667652961013, 47.270146589291535 ], [ 11.325567571074931, 47.270180246721935 ], [ 11.325565671341241, 47.270256287107678 ], [ 11.325067647162999, 47.270398534011981 ], [ 11.324813160166297, 47.270461486246269 ], [ 11.324406279584757, 47.270385233906111 ], [ 11.324168229043927, 47.27035986880766 ], [ 11.324144034107929, 47.270357272848635 ], [ 11.324091057159828, 47.270351577178666 ], [ 11.324002792042545, 47.27038061237392 ], [ 11.323910430211413, 47.270410929493515 ], [ 11.32380002498968, 47.270492422315016 ], [ 11.3234631625149, 47.270501324840005 ], [ 11.32333715597637, 47.27046393076273 ], [ 11.32315406871971, 47.270409502779827 ], [ 11.322995495431986, 47.270497797815061 ], [ 11.322938862143555, 47.27052944169575 ], [ 11.322643108209473, 47.270613542231168 ], [ 11.32246565905233, 47.270690003578515 ], [ 11.32227655348925, 47.270724345216315 ], [ 11.321646715342712, 47.270671110594641 ], [ 11.321427922668228, 47.270585830777037 ], [ 11.321401639681079, 47.270575540059646 ], [ 11.321352063647467, 47.270580485300862 ], [ 11.321021491279499, 47.2706137833989 ], [ 11.32070633832007, 47.270546776673228 ], [ 11.320666364483685, 47.270532631321792 ], [ 11.320610498562823, 47.270513092495278 ], [ 11.320546504890331, 47.27052431369129 ], [ 11.320520727871846, 47.270528897607704 ], [ 11.320157363715289, 47.270497201513706 ], [ 11.319745504955124, 47.270473163152843 ], [ 11.31931894258487, 47.270408977995707 ], [ 11.319210613386028, 47.270491774405407 ], [ 11.318918577978264, 47.270523489135662 ], [ 11.318799186243373, 47.270466325752935 ], [ 11.318585840321646, 47.270514113099516 ], [ 11.31809737724644, 47.270555687744803 ], [ 11.317935524871212, 47.2704858808534 ], [ 11.317834822137854, 47.270486121194523 ], [ 11.317187465171335, 47.270630235508705 ], [ 11.316994286842117, 47.270605250273967 ], [ 11.316836987205074, 47.270558771325732 ], [ 11.316599028177279, 47.270513448271707 ], [ 11.316366027880383, 47.270538263252043 ], [ 11.316105897204395, 47.270506838694168 ], [ 11.31606824749989, 47.270506849451031 ], [ 11.315887313470007, 47.270506684000651 ], [ 11.31497235594375, 47.270506246162313 ], [ 11.314663169340415, 47.270445871174843 ], [ 11.314442057976944, 47.27037064500756 ], [ 11.314066916751553, 47.270444729717127 ], [ 11.31369985950758, 47.270342705411942 ], [ 11.313547324489026, 47.270418004929731 ], [ 11.313219867508167, 47.270421889550548 ], [ 11.312770386339308, 47.270548403065249 ], [ 11.312382525120684, 47.270267163376928 ], [ 11.312157981204441, 47.270285200233928 ], [ 11.311834030383499, 47.270311561389583 ], [ 11.31141537210579, 47.270178812978521 ], [ 11.311358738607726, 47.270036283227164 ], [ 11.31135010393303, 47.270014702657456 ], [ 11.310885415635026, 47.269905242974858 ], [ 11.310636597952684, 47.269878851189688 ], [ 11.310442244780397, 47.269858225575987 ], [ 11.309862271590809, 47.269714847526686 ], [ 11.309807325169391, 47.269813771391078 ], [ 11.309602433975416, 47.269854925557532 ], [ 11.309280936530056, 47.269827901565542 ], [ 11.309132808648194, 47.269700636500133 ], [ 11.309157063774355, 47.269619187804203 ], [ 11.30860702323138, 47.269497748367627 ], [ 11.30819704971316, 47.269288422797437 ], [ 11.307971149195849, 47.269263388713199 ], [ 11.307905383551105, 47.269234035184404 ], [ 11.307773967745401, 47.269175560898603 ], [ 11.307603375022328, 47.269164857128267 ], [ 11.307465891285062, 47.269156207501872 ], [ 11.307241440042343, 47.269116437022085 ], [ 11.30718427187125, 47.269100486212082 ], [ 11.307172322946325, 47.269104091839488 ], [ 11.306806896453198, 47.269077589669216 ], [ 11.306741665824005, 47.268977271042068 ], [ 11.306735898865416, 47.2689685949438 ], [ 11.306346612647999, 47.268832306908436 ], [ 11.30581692528388, 47.268702971412644 ], [ 11.305774509310105, 47.268692579768079 ], [ 11.305608137150374, 47.268706216793547 ], [ 11.305434592279838, 47.268702933886217 ], [ 11.305246440478934, 47.268626709571357 ], [ 11.305146459366734, 47.268572174176143 ], [ 11.305096901527136, 47.268496569280316 ], [ 11.304752977874243, 47.268331150278271 ], [ 11.304665992609529, 47.268255005258574 ], [ 11.304651290975752, 47.268245782133171 ], [ 11.3042503952492, 47.267993291443034 ], [ 11.304126689182754, 47.267961699824653 ], [ 11.303993339992354, 47.267909702986529 ], [ 11.303819117944654, 47.267837798494881 ], [ 11.303631519601357, 47.267760321970009 ], [ 11.303539969818388, 47.26772245868419 ], [ 11.30353259074128, 47.267719405185694 ], [ 11.30351960009537, 47.267716166995619 ], [ 11.302678707554112, 47.267507109120885 ], [ 11.302360914355688, 47.267475126916658 ], [ 11.302213139542713, 47.267460248819276 ], [ 11.301720670235065, 47.26746946197499 ], [ 11.301348326840476, 47.267502199007744 ], [ 11.300910674585673, 47.26748649008902 ], [ 11.300789101122083, 47.267502858726225 ], [ 11.299778698065154, 47.267423495572551 ], [ 11.299312446579973, 47.267420795456772 ], [ 11.298830285855114, 47.267417993239071 ], [ 11.29867380794072, 47.267453191133953 ], [ 11.298554934776055, 47.267391407763512 ], [ 11.298282113271373, 47.267409743758286 ], [ 11.298127762805658, 47.267328706749296 ], [ 11.298063911802156, 47.267309925561548 ], [ 11.297663430159616, 47.267191851694164 ], [ 11.297647783903992, 47.267187152780672 ], [ 11.297582251520605, 47.267176642651009 ], [ 11.297452103729851, 47.267155612787548 ], [ 11.297024477216803, 47.267086602527769 ], [ 11.297015918889327, 47.267107004320636 ], [ 11.296947658334201, 47.267268036572602 ], [ 11.296637417191199, 47.267115630269075 ], [ 11.2964649574012, 47.267178299676466 ], [ 11.296365457421233, 47.26706759091131 ], [ 11.296284247880749, 47.267044357854211 ], [ 11.296150588624366, 47.267006375569395 ], [ 11.295858978661853, 47.267004301111918 ], [ 11.295853077495817, 47.267089410675339 ], [ 11.29584367030229, 47.267227359815678 ], [ 11.295623329257305, 47.267300164923341 ], [ 11.295440051530854, 47.267258313954159 ], [ 11.2953836027785, 47.267180503055044 ], [ 11.295335421482287, 47.267148503549876 ], [ 11.295269865014452, 47.267104886073447 ], [ 11.294972053722528, 47.267171406964991 ], [ 11.29488716308952, 47.267210517829717 ], [ 11.29478695230191, 47.267256689985807 ], [ 11.294514933733046, 47.267338572875914 ], [ 11.294196179602626, 47.267367098410745 ], [ 11.293787693435986, 47.267451833088579 ], [ 11.293398394895918, 47.267585323280159 ], [ 11.293237320159598, 47.267473802154072 ], [ 11.293225151631619, 47.26746525799954 ], [ 11.293151769088972, 47.267469920351907 ], [ 11.29303700911781, 47.267477189488446 ], [ 11.292135253770432, 47.267431747778808 ], [ 11.292075008329169, 47.26742874601495 ], [ 11.292020656351246, 47.267428965562274 ], [ 11.291294626552313, 47.267431826582332 ], [ 11.291053908265649, 47.267447386201177 ], [ 11.29056504368782, 47.267479031720519 ], [ 11.290005134531416, 47.267549904587227 ], [ 11.289581957622804, 47.267632643564887 ], [ 11.289100464706484, 47.267762678448044 ], [ 11.288783978870594, 47.267822327998459 ], [ 11.288683837679196, 47.267885553740207 ], [ 11.288527916640763, 47.267984214751415 ], [ 11.288068380794865, 47.268094513514811 ], [ 11.287946431903716, 47.268090385106255 ], [ 11.287756811285725, 47.268147731280614 ], [ 11.286796513558508, 47.268437597038911 ], [ 11.286586176404354, 47.268443781688468 ], [ 11.286424638717582, 47.268497544855961 ], [ 11.28631246216224, 47.268495904374809 ], [ 11.28403871279626, 47.268462468957395 ], [ 11.283436899621611, 47.268558969447263 ], [ 11.282818665900942, 47.268774312015331 ], [ 11.28256288536466, 47.268863431433203 ], [ 11.282593249738007, 47.268916928080621 ], [ 11.282271101844573, 47.269102635908432 ], [ 11.282192061831287, 47.268995563352419 ], [ 11.28207981123429, 47.269008953221032 ], [ 11.281934476607002, 47.269176063486661 ], [ 11.281708179616016, 47.269211582366978 ], [ 11.281560318269019, 47.269204699898715 ], [ 11.281295985049512, 47.269302066897737 ], [ 11.281172666746508, 47.269317493635796 ], [ 11.281088712719995, 47.269255560700941 ], [ 11.280965722964186, 47.269289445402634 ], [ 11.28090425112855, 47.269262611697101 ], [ 11.280866996875375, 47.269246327066554 ], [ 11.280837628852003, 47.269233436802253 ], [ 11.281470986156338, 47.269143691304507 ], [ 11.282142751159251, 47.268896270456601 ], [ 11.282477876894387, 47.268709478970734 ], [ 11.282815962035771, 47.268624457837447 ], [ 11.283365741374679, 47.268486084676425 ], [ 11.283846046497356, 47.268402066905779 ], [ 11.283954364561916, 47.268355472095351 ], [ 11.284087001673241, 47.268345833465013 ], [ 11.286523625248496, 47.268322950029308 ], [ 11.286584872761683, 47.268348965860028 ], [ 11.286837214468393, 47.268316126569303 ], [ 11.287970777566006, 47.267985677838979 ], [ 11.288342749545308, 47.267888413803945 ], [ 11.288434045696494, 47.267864545706288 ], [ 11.289069133178989, 47.267637808909292 ], [ 11.28919438122983, 47.267620394946832 ], [ 11.28926000893933, 47.267567233171548 ], [ 11.289613519719925, 47.267517166695342 ], [ 11.289914747734709, 47.267425422512531 ], [ 11.29010340015274, 47.267451548859128 ], [ 11.290534024657171, 47.267384371667802 ], [ 11.291052513579752, 47.267367198483349 ], [ 11.291173886867057, 47.267363207886 ], [ 11.291623155187091, 47.267310448164729 ], [ 11.292287768069519, 47.267336477914924 ], [ 11.292385195771081, 47.267309391132883 ], [ 11.292584618546329, 47.267317905262644 ], [ 11.292632218208857, 47.26724846214092 ], [ 11.292658660121239, 47.267209885837616 ], [ 11.292780525406398, 47.267218852721825 ], [ 11.292847224366179, 47.267242819258648 ], [ 11.293071808201306, 47.26732354131704 ], [ 11.293181486560314, 47.267382447879704 ], [ 11.293459559070172, 47.26734055159266 ], [ 11.293769382804696, 47.267330759734008 ], [ 11.293982319681637, 47.267282480519704 ], [ 11.294409382253777, 47.267185813815573 ], [ 11.29452910503386, 47.267145035778114 ], [ 11.294877850154773, 47.267026285296595 ], [ 11.295452893623461, 47.266891499619668 ], [ 11.296128794025885, 47.266840679822835 ], [ 11.296212378494623, 47.266817256898712 ], [ 11.296232391848777, 47.266811654562041 ], [ 11.296261518636074, 47.266813556671401 ], [ 11.296393674019106, 47.266822185235746 ], [ 11.296582094283158, 47.266850467010158 ], [ 11.296815881334108, 47.266881789757527 ], [ 11.296926939236581, 47.266863405126323 ], [ 11.297221765497486, 47.266951510252831 ], [ 11.297262196410355, 47.266936507830174 ], [ 11.29798870279004, 47.267154653776927 ], [ 11.298253651635477, 47.267227266150464 ], [ 11.298416486063616, 47.267258459969057 ], [ 11.298517688582626, 47.267243115845993 ], [ 11.298618150172748, 47.267303094840145 ], [ 11.299011332852352, 47.26730635422885 ], [ 11.299260005802319, 47.267283214767986 ], [ 11.299260593446995, 47.267323330195048 ], [ 11.299310628087419, 47.267320119453615 ], [ 11.2997601816725, 47.267291692304227 ], [ 11.300055641078179, 47.267305394294219 ], [ 11.300776254779752, 47.267373001133478 ], [ 11.301032785987525, 47.267375245131326 ], [ 11.30161216230305, 47.267352062385214 ], [ 11.302058131059153, 47.267334230699063 ], [ 11.302696171680068, 47.267387489391048 ], [ 11.302914887081192, 47.267425048681631 ], [ 11.303409255792069, 47.267592945192 ], [ 11.303742257601224, 47.267708316301999 ], [ 11.303773231983895, 47.26771903378588 ], [ 11.303859325757893, 47.267758423505597 ], [ 11.303897969508437, 47.267776081329338 ], [ 11.304091179132966, 47.267827608617516 ], [ 11.304176957293723, 47.267755740592548 ], [ 11.305089061836831, 47.266991655823333 ], [ 11.305096225792029, 47.266610901422403 ], [ 11.305103022370121, 47.26624897440751 ], [ 11.305121042450908, 47.265290115436997 ], [ 11.305140469553821, 47.265181661012257 ], [ 11.304720121004925, 47.265210396739029 ], [ 11.304202329740869, 47.265241834100557 ], [ 11.303872059959682, 47.265282231077428 ], [ 11.303638412736337, 47.265316583547765 ], [ 11.303325839509709, 47.265378677885408 ], [ 11.303154504078002, 47.265394963549525 ], [ 11.303059923796665, 47.265397386146489 ], [ 11.302813377323943, 47.265383899925631 ], [ 11.302604560691208, 47.265345816204253 ], [ 11.302487044721648, 47.265321711836101 ], [ 11.301467547122074, 47.265028079937444 ], [ 11.301061748381191, 47.264911514468423 ], [ 11.301047261216128, 47.264943382692074 ], [ 11.300930988646574, 47.264907481277092 ], [ 11.300937150076715, 47.26487540433066 ], [ 11.300799408953536, 47.264836495785445 ], [ 11.300052316363116, 47.264625421793653 ], [ 11.299903135142131, 47.264574954748213 ], [ 11.299560369957698, 47.26448680802838 ], [ 11.299258554941337, 47.264449512675007 ], [ 11.299047318907769, 47.264423398688749 ], [ 11.298712635689085, 47.264395354900529 ], [ 11.298611492330718, 47.264435238313617 ], [ 11.298546849444801, 47.264440820148003 ], [ 11.298463161354285, 47.264380543692994 ], [ 11.297919849410297, 47.264360821105171 ], [ 11.297910373648525, 47.264464612427659 ], [ 11.297761881959563, 47.26445164330503 ], [ 11.2977660427822, 47.264403846024386 ], [ 11.297583315851664, 47.264389910097357 ], [ 11.297586601207005, 47.264345712689753 ], [ 11.296862717648914, 47.264313826156574 ], [ 11.29660220018801, 47.265925063600939 ], [ 11.295896427165284, 47.265926031830894 ], [ 11.292998639614025, 47.266227631581259 ], [ 11.291598699767741, 47.265258625406737 ], [ 11.289659067601068, 47.265552501769733 ], [ 11.28907346630127, 47.26564121371046 ], [ 11.288967891144539, 47.265670594343646 ], [ 11.288925613989415, 47.265677780125621 ], [ 11.28851248116985, 47.265799499655031 ], [ 11.288338525663349, 47.265781421229001 ], [ 11.287746254181464, 47.265719709742704 ], [ 11.287255127381604, 47.265681089044506 ], [ 11.287103796804955, 47.265505822261758 ], [ 11.286705692274353, 47.265066538525787 ], [ 11.286329243788233, 47.26517366753896 ], [ 11.285185396591016, 47.265884665069521 ], [ 11.284986580167642, 47.266019884185937 ], [ 11.284559965543439, 47.266149605698558 ], [ 11.28439362177447, 47.26618066877829 ], [ 11.283324996505632, 47.266372640965365 ], [ 11.283255510159757, 47.266403083417622 ], [ 11.283103878804177, 47.26644444797703 ], [ 11.283096005792821, 47.266410512736812 ], [ 11.282777381596569, 47.266460731444965 ], [ 11.282701092034229, 47.266472783249412 ], [ 11.282557065093894, 47.266495558599331 ], [ 11.282519653481867, 47.266501352610021 ], [ 11.281867868204795, 47.266639408779284 ], [ 11.281482510448235, 47.266607426177018 ], [ 11.281092141999014, 47.266664963756213 ], [ 11.280817309928688, 47.266667416928783 ], [ 11.280386727240357, 47.266640565313622 ], [ 11.280105298031932, 47.266679841835469 ], [ 11.279884988839221, 47.266752994176763 ], [ 11.278863397566022, 47.266976103623122 ], [ 11.27883155782621, 47.266969180530097 ], [ 11.27871372880286, 47.267068009513679 ], [ 11.277759353234675, 47.267140620268059 ], [ 11.277338560486099, 47.267055203435859 ], [ 11.277187383848286, 47.267062198129899 ], [ 11.276534120890387, 47.267072335580501 ], [ 11.276014120085158, 47.267078843409308 ], [ 11.275541293359064, 47.267078140504928 ], [ 11.275072581840535, 47.267085223795789 ], [ 11.27465715644807, 47.267131985497151 ], [ 11.274530407207461, 47.267130758660279 ], [ 11.274292532807952, 47.267128576018479 ], [ 11.273027270689466, 47.267220055516191 ], [ 11.272911750592838, 47.267255365443397 ], [ 11.272545698153342, 47.267300452975512 ], [ 11.272438620949226, 47.267289722878566 ], [ 11.271190487493602, 47.267445088590904 ], [ 11.270972811815341, 47.267494718691893 ], [ 11.270776267389277, 47.267560368436136 ], [ 11.270688177363024, 47.267548039070149 ], [ 11.270505719369901, 47.267655311064445 ], [ 11.270375002599344, 47.267691364781449 ], [ 11.270109084292857, 47.267703871099158 ], [ 11.269829249075704, 47.267848810674408 ], [ 11.269471352275531, 47.268003554686899 ], [ 11.269376789306893, 47.268044447003085 ], [ 11.269294567537761, 47.268080921244355 ], [ 11.268757362837023, 47.268169210657049 ], [ 11.26764624521002, 47.268355539241156 ], [ 11.2665902624352, 47.26858880286801 ], [ 11.266298970585956, 47.268699283245866 ], [ 11.266163100549731, 47.268750758651045 ], [ 11.266302040070636, 47.268874476689128 ], [ 11.266434317231358, 47.268992078225175 ], [ 11.266380663071716, 47.268995942616471 ], [ 11.266251898490941, 47.269020824035202 ], [ 11.266175298158435, 47.26903803754449 ], [ 11.26605650910115, 47.269050917893857 ], [ 11.265990115691389, 47.269056207716318 ], [ 11.265892481772827, 47.269061752782719 ], [ 11.265727977513572, 47.269058334576556 ], [ 11.265504117179329, 47.269050648306923 ], [ 11.265298013382651, 47.269057070751586 ], [ 11.26526466326686, 47.269060768181639 ], [ 11.265307970270456, 47.269253281333484 ], [ 11.26535224483349, 47.269507397269408 ], [ 11.265454953355947, 47.269425712063949 ], [ 11.265479521951184, 47.269443351260676 ], [ 11.265587491058858, 47.269387560621951 ], [ 11.26575925479264, 47.26945260994524 ], [ 11.265934073921247, 47.269561253510226 ], [ 11.265951776216086, 47.269572249006622 ], [ 11.266065058081033, 47.269761076449299 ], [ 11.266133119230579, 47.269929240992852 ], [ 11.266168258721413, 47.270073368798187 ], [ 11.266405881369826, 47.270200119289107 ], [ 11.266217707186886, 47.270341776458459 ], [ 11.26606838812992, 47.270571759753572 ], [ 11.265871855927411, 47.270752586275187 ], [ 11.265682355114457, 47.270910143488187 ], [ 11.265395443578042, 47.271158144923497 ], [ 11.265120966080085, 47.271403941845442 ], [ 11.264867144053207, 47.271574636996085 ], [ 11.264779825485986, 47.271686030797547 ], [ 11.264347996927896, 47.271998062986306 ], [ 11.263779287870134, 47.272126673851673 ], [ 11.263514928858456, 47.271976377327292 ], [ 11.263159803385449, 47.271890763783347 ], [ 11.26238150230196, 47.271813634546547 ], [ 11.262378426284849, 47.271578266093883 ], [ 11.262378374392826, 47.271555599674585 ], [ 11.261758687607674, 47.271806047449417 ], [ 11.261501470469415, 47.271900974353571 ], [ 11.261416868676884, 47.271932113829699 ], [ 11.261286552641776, 47.271980134938097 ], [ 11.261108632881253, 47.272028385453439 ], [ 11.260820394481994, 47.272182057847708 ], [ 11.260642358109481, 47.272276185532 ], [ 11.260325766168279, 47.272523634685193 ], [ 11.260156860694345, 47.2726165995972 ], [ 11.25998727691405, 47.272709958300972 ], [ 11.259786095476139, 47.27280933529785 ], [ 11.259573442021397, 47.27296644650113 ], [ 11.259527008577573, 47.273047205179076 ], [ 11.259460592923421, 47.273091048386789 ], [ 11.259364498805619, 47.273119787384609 ], [ 11.259200038115182, 47.273132796493194 ], [ 11.259092606897132, 47.273141294797945 ], [ 11.258333029439799, 47.273299301334823 ], [ 11.258209180889311, 47.273331221998568 ], [ 11.258120650888724, 47.273354054280723 ], [ 11.257876488874064, 47.273417087631053 ], [ 11.257563043088899, 47.273438224059319 ], [ 11.257444910313632, 47.273443459013585 ], [ 11.257234445149461, 47.273522653517709 ], [ 11.257145278540017, 47.273554995838118 ], [ 11.257096580406163, 47.273571432107971 ], [ 11.257035765227299, 47.273588589972221 ], [ 11.256975599360858, 47.273603716963422 ], [ 11.256905887934357, 47.273616195208085 ], [ 11.256781636394937, 47.273631525804944 ], [ 11.256513395638576, 47.273698876496027 ], [ 11.256459443107152, 47.273729066328279 ], [ 11.256258945456185, 47.273776087430505 ], [ 11.256098169398767, 47.273783921083556 ], [ 11.255920462507998, 47.273818685837654 ], [ 11.255900617393733, 47.273829360014822 ], [ 11.255850382939686, 47.273856170062615 ], [ 11.255760049481321, 47.273874030088265 ], [ 11.255743607942337, 47.273876266811271 ], [ 11.255708099276927, 47.273881146296283 ], [ 11.25565696762375, 47.273882569417253 ], [ 11.255600708359291, 47.273878814891788 ], [ 11.255418852525116, 47.27385246569429 ], [ 11.255125816762698, 47.273809950206925 ], [ 11.255094750641009, 47.273807006199881 ], [ 11.2550629363109, 47.273807104819618 ], [ 11.254570900892357, 47.273825381746363 ], [ 11.254506939435547, 47.273826205590382 ], [ 11.254440754452659, 47.273824244446374 ], [ 11.254382417682377, 47.273819414006013 ], [ 11.25431622510277, 47.273810442325455 ], [ 11.254155656745896, 47.273783999706573 ], [ 11.254026025650834, 47.273766343405129 ], [ 11.25392046835624, 47.273757530296102 ], [ 11.253889235657793, 47.273758246369795 ], [ 11.253853001133738, 47.273807219868772 ], [ 11.253933677243561, 47.273806652891345 ], [ 11.253965733622669, 47.273913187469155 ], [ 11.253894206825668, 47.273946396977614 ], [ 11.253805431612411, 47.27398823563562 ], [ 11.253472427092216, 47.273957252471767 ], [ 11.253466099904472, 47.273935569954624 ], [ 11.253413302193781, 47.273946586642275 ], [ 11.253385019115846, 47.273952499532939 ], [ 11.253350282096536, 47.273962279657688 ], [ 11.253149799949735, 47.274050034308907 ], [ 11.253127775659861, 47.274053792273385 ], [ 11.253093113171843, 47.274061314035769 ], [ 11.253040929871284, 47.274081439137504 ], [ 11.252875342618054, 47.274142273374345 ], [ 11.252907230712406, 47.274192804541791 ], [ 11.252707826060679, 47.274243707210864 ], [ 11.252499440305714, 47.274298183916109 ], [ 11.252155371826124, 47.274395496866759 ], [ 11.252220334681851, 47.27445923979149 ], [ 11.251834729691108, 47.274636723206854 ], [ 11.251847184696896, 47.274814765106456 ], [ 11.251479667017495, 47.274813572778186 ], [ 11.251441727880636, 47.274949642884309 ], [ 11.251432469424689, 47.275010084335072 ], [ 11.251388315868883, 47.275004827862332 ], [ 11.251330707214866, 47.274989243101317 ], [ 11.251301204564742, 47.274984103447771 ], [ 11.251287924252821, 47.274864332610036 ], [ 11.251302182118854, 47.274795205469729 ], [ 11.251248054264824, 47.274788938434298 ], [ 11.251106200005911, 47.274772545762325 ], [ 11.251075916860866, 47.274768581602764 ], [ 11.25087974220131, 47.274741639735907 ], [ 11.250857375229119, 47.274765264048938 ], [ 11.25077328502169, 47.274853407602642 ], [ 11.250735220711398, 47.274882609811158 ], [ 11.250683236552577, 47.274907794501374 ], [ 11.250681644412525, 47.274908508800138 ], [ 11.250581758311005, 47.274930103644238 ], [ 11.250449685603618, 47.274976725015421 ], [ 11.250408383523443, 47.274990762581062 ], [ 11.250284660713174, 47.274897577996477 ], [ 11.250202565003603, 47.2748357624044 ], [ 11.249887209552181, 47.274892801967503 ], [ 11.249871236701233, 47.274895733902547 ], [ 11.249790446497876, 47.274922939635971 ], [ 11.24956161115438, 47.27499993142942 ], [ 11.249443523301204, 47.275034599448659 ], [ 11.249352670801233, 47.27504911069768 ], [ 11.24924910832963, 47.275023297061601 ], [ 11.249141354695979, 47.274993388125708 ], [ 11.249105935053358, 47.274983544013033 ], [ 11.248897823972378, 47.275014411488918 ], [ 11.248830809125323, 47.275024213474744 ], [ 11.248797704082794, 47.275029073470151 ], [ 11.248786080947848, 47.275018728511121 ], [ 11.248772423682903, 47.274983239582184 ], [ 11.248646842733956, 47.274988290913271 ], [ 11.248518995024083, 47.275021089229604 ], [ 11.248333052099282, 47.275076548968883 ], [ 11.248329804792075, 47.275074160622637 ], [ 11.247970144374976, 47.275143933374892 ], [ 11.247549048056833, 47.275262018831789 ], [ 11.247385390371711, 47.275255687413285 ], [ 11.247339350640813, 47.275253871386546 ], [ 11.247258273821121, 47.275257865709676 ], [ 11.246995774440643, 47.275327485266651 ], [ 11.246531109827758, 47.275494519206653 ], [ 11.246023119142686, 47.275704737359852 ], [ 11.245780041737717, 47.275799360069414 ], [ 11.245615415162188, 47.275863525805704 ], [ 11.245016988517712, 47.276113168877778 ], [ 11.244943611895023, 47.276152462513522 ], [ 11.244899543814714, 47.276172285669816 ], [ 11.244236391138969, 47.276452349124398 ], [ 11.243880588419925, 47.276614848653089 ], [ 11.243638478614708, 47.276773019743075 ], [ 11.243541646757166, 47.276826441908455 ], [ 11.24347248214832, 47.27686453372128 ], [ 11.243351386358812, 47.276931233426851 ], [ 11.243090121035056, 47.277067199407028 ], [ 11.242838046173048, 47.277198418388842 ], [ 11.242803583464893, 47.277204377556217 ], [ 11.242616088675987, 47.277236939588533 ], [ 11.242575068581747, 47.27725440089425 ], [ 11.242365312212936, 47.277343688689534 ], [ 11.24220884516269, 47.277410355679848 ], [ 11.242215977626367, 47.277425878216022 ], [ 11.242216544027681, 47.27745905542335 ], [ 11.242226835426941, 47.277492080178902 ], [ 11.242227061437841, 47.277505318684895 ], [ 11.242295946536276, 47.277544577617526 ], [ 11.242412788360841, 47.277550275559754 ], [ 11.242490609886422, 47.277543038123504 ], [ 11.242329202512567, 47.27778282339829 ], [ 11.242195276930079, 47.277929696509261 ], [ 11.241512419576475, 47.278412031982121 ], [ 11.241397949157593, 47.27855213028306 ], [ 11.241282344370214, 47.278632571569226 ], [ 11.241185859067119, 47.278679680056541 ], [ 11.240934294880123, 47.278774436794805 ], [ 11.240760776573605, 47.278875198837476 ], [ 11.240538168241606, 47.27894986388069 ], [ 11.240382975116392, 47.278984192922699 ], [ 11.240180724184199, 47.279118362479394 ], [ 11.239469290521498, 47.279383043582058 ], [ 11.239222163845991, 47.279550669493645 ], [ 11.239115997751894, 47.279580559191665 ], [ 11.238865817445255, 47.279654492880859 ], [ 11.238841458914694, 47.279590606992855 ], [ 11.23883276613247, 47.279567855762153 ], [ 11.238840214421357, 47.279477036357065 ], [ 11.238920895553981, 47.2791620374731 ], [ 11.238949461576166, 47.279115937341238 ], [ 11.240722943807585, 47.278254383963436 ], [ 11.240782622773045, 47.27817258400065 ], [ 11.240783475153231, 47.278015093361041 ], [ 11.240788516289193, 47.277985638889206 ], [ 11.241658651684384, 47.277531622220188 ], [ 11.24167166272729, 47.277502207267624 ], [ 11.241723178502019, 47.277385501463812 ], [ 11.241699424437117, 47.277263993615982 ], [ 11.241698849802004, 47.277261299727641 ], [ 11.241692470709456, 47.277228880836617 ], [ 11.241667093991831, 47.277234739077343 ], [ 11.241642457067007, 47.277240422365047 ], [ 11.241624856236896, 47.277261879036566 ], [ 11.241608914662526, 47.277281431894949 ], [ 11.241592317919059, 47.277284274057486 ], [ 11.240938761051561, 47.277392683580487 ], [ 11.240825724484495, 47.27749233675025 ], [ 11.240768550720466, 47.277542719846082 ], [ 11.240660826035374, 47.277565868227612 ], [ 11.240380685118568, 47.277584086223449 ], [ 11.239983412586708, 47.277631746262507 ], [ 11.238348264102681, 47.277751584891412 ], [ 11.238187396542765, 47.2777805569877 ], [ 11.237934781661499, 47.277810430802042 ], [ 11.237632204130758, 47.277839076266297 ], [ 11.237364803005534, 47.277844595791528 ], [ 11.237316578358863, 47.277845606481179 ], [ 11.237232658442807, 47.27784278543826 ], [ 11.23696942003933, 47.277833944449092 ], [ 11.236739184127119, 47.277808886779667 ], [ 11.236651118336612, 47.277799299652081 ], [ 11.236220676571813, 47.277732063531452 ], [ 11.235918063997195, 47.277695678005998 ], [ 11.235622330469603, 47.277691611635561 ], [ 11.235262508472553, 47.277696139062542 ], [ 11.235063959153591, 47.277701924296842 ], [ 11.234793532227558, 47.27770981098945 ], [ 11.234504046309567, 47.277762352545473 ], [ 11.234322445467653, 47.277823866494316 ], [ 11.234340980101642, 47.277976811170639 ], [ 11.234264745581106, 47.278032241655609 ], [ 11.234046545419902, 47.27818498624287 ], [ 11.233670575622794, 47.278456894740124 ], [ 11.232887771082718, 47.279064745756408 ], [ 11.232412985078895, 47.279443592059614 ], [ 11.23182384892028, 47.279707191675598 ], [ 11.231129734832427, 47.279929467739819 ], [ 11.230458128185738, 47.280149617466613 ], [ 11.229688952104556, 47.280475912060751 ], [ 11.228962725707294, 47.280586728446799 ], [ 11.228168425306604, 47.28075399594978 ], [ 11.227562202931377, 47.280943008703879 ], [ 11.226754645076502, 47.281173384973236 ], [ 11.225936159009521, 47.281387482527492 ], [ 11.225539047425826, 47.281521814985361 ], [ 11.226119138183057, 47.281507418827893 ], [ 11.226664085446176, 47.281451931360046 ], [ 11.227687250713826, 47.281532151239688 ], [ 11.229012755210173, 47.28160096874231 ], [ 11.230052555995965, 47.281567624810464 ], [ 11.231148781932246, 47.281683307411555 ], [ 11.232023563738988, 47.281753819505987 ], [ 11.23275506836127, 47.282008960656775 ], [ 11.233344710866186, 47.282247995554734 ], [ 11.233921599154678, 47.282443193355334 ], [ 11.234460349039416, 47.282805924905297 ], [ 11.234589203218619, 47.283304049835188 ], [ 11.234566965145678, 47.283714563046104 ], [ 11.234361617163605, 47.28414793353295 ], [ 11.234093990542146, 47.284499768498975 ], [ 11.233725353010943, 47.28482201697048 ], [ 11.233251597326001, 47.285190030374309 ], [ 11.232776701493671, 47.285551819146818 ], [ 11.232137244337837, 47.28597136534475 ], [ 11.23207984471243, 47.286002349500983 ], [ 11.23123698111934, 47.286416624940138 ], [ 11.230702407220292, 47.286675820108137 ], [ 11.230108620841916, 47.286899799732495 ], [ 11.229532428510854, 47.287053925315213 ], [ 11.2295277441722, 47.287054507815512 ], [ 11.229481697757564, 47.287059617809085 ], [ 11.229242092903226, 47.287086411662258 ], [ 11.228966075586801, 47.287099154683517 ], [ 11.228106404446882, 47.287142537003298 ], [ 11.227518488262682, 47.287198987890349 ], [ 11.227348477081582, 47.28721168314506 ], [ 11.226967404226322, 47.287240117424581 ], [ 11.226932036987076, 47.287370004847091 ], [ 11.226841274560504, 47.287623316985723 ], [ 11.226794580955543, 47.287801430470012 ], [ 11.22678572263044, 47.288296507128649 ], [ 11.226820851067448, 47.288356912652148 ], [ 11.227172638325703, 47.288390709160218 ], [ 11.227189030822737, 47.288391983081965 ], [ 11.22744890399504, 47.288412940106134 ], [ 11.22762091880729, 47.288471424325877 ], [ 11.227684015838321, 47.288492977777089 ], [ 11.227770620070247, 47.28868711215204 ], [ 11.227787570514362, 47.288864732602661 ], [ 11.227790055278289, 47.288890028077034 ], [ 11.227803938035684, 47.289034877552183 ], [ 11.227756325763925, 47.289137755706349 ], [ 11.227731800255034, 47.289190601753234 ], [ 11.227222411023607, 47.289432057409286 ], [ 11.226819983571895, 47.289594087032533 ], [ 11.22668676601814, 47.289630408737587 ], [ 11.226304458868988, 47.289675051703028 ], [ 11.225641520689637, 47.289860754415216 ], [ 11.22544411621403, 47.289899440182005 ], [ 11.225358534139039, 47.289916228265817 ], [ 11.225179731999676, 47.28995142138627 ], [ 11.224887885783131, 47.28997004298791 ], [ 11.22467772610049, 47.290026430862376 ], [ 11.224257256695429, 47.290096209951159 ], [ 11.224094821971564, 47.290213529639857 ], [ 11.223871569701089, 47.290383818943155 ], [ 11.22348854123149, 47.290679972623494 ], [ 11.223102558166229, 47.290792867449127 ], [ 11.222436828244417, 47.29092264566966 ], [ 11.222158557412842, 47.29103478156258 ], [ 11.221623763383999, 47.291258805915909 ], [ 11.221431194888986, 47.291340913560703 ], [ 11.221207022292253, 47.291470622271731 ], [ 11.22094004177468, 47.291477357589137 ], [ 11.220689162029515, 47.291419939859026 ], [ 11.220420050036116, 47.291429338468419 ], [ 11.220280905823932, 47.291481665896555 ], [ 11.219862517616647, 47.291594877139651 ], [ 11.219698848241254, 47.29162511481438 ], [ 11.219572614760192, 47.291648443540396 ], [ 11.219260223169542, 47.291650851341124 ], [ 11.219192456319728, 47.291651373550927 ], [ 11.218969354184416, 47.291653092487685 ], [ 11.218613676291543, 47.291641188549939 ], [ 11.218259462049064, 47.291717134641495 ], [ 11.217798634448558, 47.291867352743566 ], [ 11.217605694132548, 47.29192741249949 ], [ 11.217369711722949, 47.291987880275812 ], [ 11.217371694771046, 47.292148635160906 ], [ 11.217395766495001, 47.294169604909612 ], [ 11.217406116415646, 47.294179185663133 ], [ 11.209968490493132, 47.298630678484734 ], [ 11.209428444902315, 47.298953841580577 ], [ 11.209180927909417, 47.299101933124831 ], [ 11.208987178902747, 47.299247275992357 ], [ 11.208978469800877, 47.299253807732477 ], [ 11.208916258841796, 47.299300393892231 ], [ 11.208804550360597, 47.299491067454149 ], [ 11.2086217962462, 47.299420954493151 ], [ 11.208601912844999, 47.299458104767581 ], [ 11.208313777258526, 47.299406473574471 ], [ 11.207864911786144, 47.299349834639479 ], [ 11.207707372869933, 47.299330001410148 ], [ 11.207651993406364, 47.299339379519211 ], [ 11.207741956148373, 47.299587874377885 ], [ 11.207596488200917, 47.299626758492295 ], [ 11.207542175759068, 47.299652329729881 ], [ 11.207494341693925, 47.299674971573488 ], [ 11.207439096731809, 47.299713324158724 ], [ 11.207307428342961, 47.299804603389035 ], [ 11.207190065213581, 47.299860564791345 ], [ 11.207150279773881, 47.299885248280603 ], [ 11.206886008529002, 47.300017958865212 ], [ 11.206864205381594, 47.300028952373026 ], [ 11.206843083223784, 47.300039706839897 ], [ 11.206822696750876, 47.300018439896355 ], [ 11.206810230276698, 47.300005371732475 ], [ 11.206781886938957, 47.299987671376073 ], [ 11.206705806937556, 47.299956859559863 ], [ 11.206666391514126, 47.299948200228869 ], [ 11.206472244981777, 47.300021101931129 ], [ 11.206244183445275, 47.300106646540492 ], [ 11.206227454291442, 47.300112927744493 ], [ 11.206204603098193, 47.30012291447882 ], [ 11.206147433724734, 47.300072096572052 ], [ 11.205539329229524, 47.30027627198362 ], [ 11.205437868744543, 47.300212779756635 ], [ 11.205323206618987, 47.300266070705121 ], [ 11.205168056357692, 47.300140360578169 ], [ 11.204965332308985, 47.300074365297498 ], [ 11.204953180508957, 47.300066434131033 ], [ 11.204901679020951, 47.30003301879804 ], [ 11.204842305097454, 47.299994446177969 ], [ 11.204729694779585, 47.299921301952395 ], [ 11.204573779099478, 47.299993520296077 ], [ 11.204481730440797, 47.300036201562946 ], [ 11.204311153454922, 47.300115231704623 ], [ 11.204213534252951, 47.300160448291884 ], [ 11.203977218173076, 47.30035058037268 ], [ 11.20375387696058, 47.30044145951473 ], [ 11.203416632145867, 47.300772251188263 ], [ 11.203382455948645, 47.300902044599823 ], [ 11.203319668487824, 47.300990772330607 ], [ 11.203365358913242, 47.301012001322128 ], [ 11.203337197731901, 47.301040333720287 ], [ 11.203291160871739, 47.30101910554005 ], [ 11.20298408698905, 47.301301063731927 ], [ 11.202867354201711, 47.301529236023022 ], [ 11.202834623200618, 47.301572325413517 ], [ 11.203046879695803, 47.301695969660216 ], [ 11.203091846244732, 47.301714948358871 ], [ 11.203141549349629, 47.301743314074493 ], [ 11.203495230293534, 47.301944326823929 ], [ 11.203324638514816, 47.302036984373572 ], [ 11.203046571006226, 47.301943359164561 ], [ 11.202958245888942, 47.301954932467147 ], [ 11.202600961746027, 47.302002811201675 ], [ 11.202481410746575, 47.302121644784613 ], [ 11.202343054670816, 47.30209176677424 ], [ 11.202302260801684, 47.302082961653923 ], [ 11.202302965845856, 47.302105077937107 ], [ 11.202309791035182, 47.302312610071091 ], [ 11.202313295146279, 47.302414934489555 ], [ 11.202318635241859, 47.302573638315472 ], [ 11.201828207018711, 47.303086525986807 ], [ 11.201406447624647, 47.303527545170731 ], [ 11.2012197427876, 47.303622737188356 ], [ 11.200913719431156, 47.303640857727814 ], [ 11.200907273984749, 47.303638726045023 ], [ 11.200796648328494, 47.303603263475786 ], [ 11.200794295421016, 47.303606396997885 ], [ 11.200558639922818, 47.303923092344277 ], [ 11.200540264804577, 47.303947923236308 ], [ 11.200446358167806, 47.304073882916597 ], [ 11.200371464003323, 47.304186223259833 ], [ 11.200316901937258, 47.304281196149795 ], [ 11.200142816306952, 47.30418117067844 ], [ 11.200056449603442, 47.304137578571137 ], [ 11.200006291494724, 47.304137488946623 ], [ 11.199992611273673, 47.304183315803058 ], [ 11.199956213533028, 47.304402390202632 ], [ 11.199959020880234, 47.304567733277779 ], [ 11.199960442846681, 47.304647874462447 ], [ 11.200000616032202, 47.304864579928925 ], [ 11.200070080829406, 47.305051464757788 ], [ 11.20025838406838, 47.305447453122135 ], [ 11.200438211755927, 47.305716773165287 ], [ 11.200574445478191, 47.305847771847908 ], [ 11.20083458467654, 47.306076995059868 ], [ 11.200985625373852, 47.306209907135162 ], [ 11.201381157921299, 47.306490138087668 ], [ 11.201519519590487, 47.306582721142931 ], [ 11.201677884313121, 47.306616966167809 ], [ 11.201775691142384, 47.306666623012525 ], [ 11.201709899964987, 47.306817374797973 ], [ 11.202211748107571, 47.307436020972609 ], [ 11.202264924448514, 47.307501516149266 ], [ 11.202367578475455, 47.30756733712311 ], [ 11.202402432859381, 47.307773099312953 ], [ 11.202448426226599, 47.307910620768325 ], [ 11.202430677570288, 47.307980780548888 ], [ 11.20247469250517, 47.30806729715114 ], [ 11.202609063053201, 47.308132646077517 ], [ 11.20273912772722, 47.308186811002841 ], [ 11.202816542239425, 47.30834769681762 ], [ 11.202774773264705, 47.308685987083088 ], [ 11.202752310146618, 47.308958156939688 ], [ 11.202790126777773, 47.309043707473805 ], [ 11.202812238713754, 47.309093392529626 ], [ 11.202848492395772, 47.309265338240316 ], [ 11.202820759793866, 47.309313372831568 ], [ 11.202807879385851, 47.309422129907148 ], [ 11.202852166944201, 47.309574230093645 ], [ 11.202922722720514, 47.309616692982502 ], [ 11.203126546576334, 47.309663913330368 ], [ 11.203133326471884, 47.309665419923142 ], [ 11.203120679430285, 47.309725335800366 ], [ 11.203103245270711, 47.30973076557143 ], [ 11.202945650059009, 47.309779314783732 ], [ 11.202884012075891, 47.309889843800526 ], [ 11.202968334687887, 47.310052934894692 ], [ 11.202951395026938, 47.310144585960323 ], [ 11.202936995576936, 47.310223522680467 ], [ 11.202863346570814, 47.310363038914531 ], [ 11.202807355719111, 47.310468928875295 ], [ 11.20281920313983, 47.310619094047759 ], [ 11.202837480964154, 47.310658291470766 ], [ 11.202872850780603, 47.310734201943163 ], [ 11.202884061181733, 47.310747515673981 ], [ 11.202900181697906, 47.310766710784662 ], [ 11.203123373391801, 47.31103156985985 ], [ 11.203114353212111, 47.311411441319457 ], [ 11.203059089713721, 47.311911849804005 ], [ 11.203164000644168, 47.312017067745408 ], [ 11.203144714330881, 47.312105309579557 ], [ 11.203131514439608, 47.312306604767315 ], [ 11.20333923982499, 47.312444693884167 ], [ 11.20377655293016, 47.312558768435586 ], [ 11.204094113406866, 47.312703580152871 ], [ 11.204374445993134, 47.312861992384825 ], [ 11.204730373290221, 47.31324431720784 ], [ 11.205052424208601, 47.313592780850584 ], [ 11.205909596532653, 47.31409577102135 ], [ 11.20671603868961, 47.3145425130894 ], [ 11.207401859978551, 47.314729773542012 ], [ 11.208121040847532, 47.314939442721005 ], [ 11.208805454338787, 47.315047489157664 ], [ 11.209321934857188, 47.315077515636361 ], [ 11.209871224720859, 47.315061956369867 ], [ 11.210336652583388, 47.315024446697443 ], [ 11.21086884772361, 47.314986425550288 ], [ 11.21128471786883, 47.314971955112 ], [ 11.211833141995022, 47.314911138909721 ], [ 11.212796800101586, 47.314790515721498 ], [ 11.21377949688657, 47.314817034061967 ], [ 11.214760691772376, 47.314752887097256 ], [ 11.215245912273408, 47.314907677961514 ], [ 11.215697661133147, 47.315040055211718 ], [ 11.216147795972981, 47.315081932990267 ], [ 11.216418310134204, 47.31532887741097 ], [ 11.216762581845224, 47.315720367767739 ], [ 11.217237766106473, 47.316186951238244 ], [ 11.217587832413374, 47.316450727352439 ], [ 11.217919730173275, 47.316517420799165 ], [ 11.218453254184119, 47.316558647897828 ], [ 11.218888306094772, 47.316691142898286 ], [ 11.219307697034985, 47.31688046131729 ], [ 11.219726826894181, 47.317046957061564 ], [ 11.220076622676944, 47.317066926320472 ], [ 11.22099320120566, 47.317116482064378 ], [ 11.221827920436839, 47.317257171388526 ], [ 11.22247993528387, 47.317410719829773 ], [ 11.22298362743129, 47.317667138854517 ], [ 11.223235249701947, 47.317836709589876 ], [ 11.223650038998183, 47.317941224119231 ], [ 11.224144314207964, 47.318065683173771 ], [ 11.224624973931927, 47.318402736402497 ], [ 11.225227959247635, 47.31847283669628 ], [ 11.225631336521257, 47.318326696376261 ], [ 11.22611794054245, 47.318307652868896 ], [ 11.227777081330347, 47.31875603366975 ], [ 11.228065490349364, 47.318884415887069 ], [ 11.228333791300431, 47.318995581557957 ], [ 11.228667568821288, 47.319049611481759 ], [ 11.228887171518778, 47.319064490877849 ], [ 11.228967674183062, 47.319069940577364 ], [ 11.229383877209695, 47.319066697440135 ], [ 11.22963526780077, 47.3191666207656 ], [ 11.230003635140497, 47.319288297886125 ], [ 11.230370935039412, 47.319353355132002 ], [ 11.230737395067987, 47.319361866293114 ], [ 11.231004367892101, 47.319393744219717 ], [ 11.231239158258537, 47.319480240431396 ], [ 11.231555300714696, 47.319480028529121 ], [ 11.23160647206705, 47.319491780554763 ], [ 11.231839453228663, 47.319545653311565 ], [ 11.231955661582473, 47.319522078395373 ], [ 11.232139257808869, 47.319554680912816 ], [ 11.232573984523244, 47.319664459854891 ], [ 11.232991530895253, 47.319740486768673 ], [ 11.233359718611672, 47.319850860764916 ], [ 11.233858806767675, 47.319824285830244 ], [ 11.234574188046057, 47.319833245991362 ], [ 11.235506945311846, 47.319921347588995 ], [ 11.235537700241913, 47.319924689725177 ], [ 11.236709715010704, 47.320051018216873 ], [ 11.236777334744035, 47.320107113865582 ], [ 11.236668995640777, 47.320978099603614 ], [ 11.236677760730233, 47.321001787523315 ], [ 11.236671770685966, 47.321343625847874 ], [ 11.236681383000947, 47.321760896995741 ], [ 11.236601534013262, 47.322117725105855 ], [ 11.23642341700951, 47.322536471041545 ], [ 11.23606064981883, 47.322982760330831 ], [ 11.235918762481845, 47.323132150086906 ], [ 11.235876052250708, 47.323484267826338 ], [ 11.236165270460967, 47.323607919027765 ], [ 11.236219437979605, 47.323635803526749 ], [ 11.236237181740556, 47.323676253621692 ], [ 11.23659421543878, 47.324089919450003 ], [ 11.237447950095929, 47.324403705673816 ], [ 11.237545184589397, 47.324439439612476 ], [ 11.237529111006006, 47.324500040938986 ], [ 11.237462945986948, 47.324749456998219 ], [ 11.237976293930226, 47.325589179987261 ], [ 11.23812899744366, 47.325838953504984 ], [ 11.238208905051126, 47.326421380106616 ], [ 11.238113032224783, 47.326957608229506 ], [ 11.237912383610308, 47.32750656064168 ], [ 11.237858372546363, 47.328447011230686 ], [ 11.237524130773799, 47.328835809280747 ], [ 11.237423010051925, 47.329604671386392 ], [ 11.237489096237827, 47.330401402568327 ], [ 11.237490152746703, 47.330409377939247 ], [ 11.23756941480937, 47.331007634850849 ], [ 11.237636004725937, 47.331777895853257 ], [ 11.237678394432743, 47.332268089072493 ], [ 11.237599264973237, 47.332764697867191 ], [ 11.238862061179663, 47.333537228949133 ], [ 11.238880191962116, 47.33358065995813 ], [ 11.23898192397313, 47.334030419983151 ], [ 11.238957138302718, 47.33474837060546 ], [ 11.23893867823668, 47.335144265545026 ], [ 11.239045360510678, 47.335424085996387 ], [ 11.239300917470487, 47.335826008881192 ], [ 11.239517142875327, 47.33624789455493 ], [ 11.239671225915066, 47.336591154359375 ], [ 11.239844423504591, 47.336975708876018 ], [ 11.239995129159233, 47.337350467194476 ], [ 11.24022284972609, 47.338058408257993 ], [ 11.239891517389044, 47.338878539762888 ], [ 11.239653800529315, 47.339308777900051 ], [ 11.23974083934535, 47.340307615221064 ], [ 11.23972577398238, 47.340450535129705 ], [ 11.239761464691535, 47.340536606147815 ], [ 11.239853585704289, 47.340758902584113 ], [ 11.240382733807587, 47.340992722568387 ], [ 11.240966055493443, 47.34132129399638 ], [ 11.241617757218402, 47.341554131697812 ], [ 11.241938721748349, 47.341896659697035 ], [ 11.24213676005726, 47.342216383854677 ], [ 11.241825133234844, 47.34231632555224 ], [ 11.241074506861446, 47.34254604543402 ], [ 11.240485886610026, 47.342931467872035 ], [ 11.239850589739014, 47.343513545818126 ], [ 11.239293724370802, 47.343857131138826 ], [ 11.238812317005742, 47.34437257230033 ], [ 11.238276366398535, 47.34476944855065 ], [ 11.237603010586136, 47.345322132780474 ], [ 11.237033504381095, 47.34571824525343 ], [ 11.236755186355921, 47.345911864054578 ], [ 11.236269700946334, 47.346189347500847 ], [ 11.235561202263836, 47.346759057984698 ], [ 11.235334137604104, 47.346767859032909 ], [ 11.234932095647272, 47.346806705068154 ], [ 11.234532887569216, 47.347012124701102 ], [ 11.233857271160261, 47.347433892542583 ], [ 11.233474948007945, 47.347603480019792 ], [ 11.233108961785792, 47.347701526203316 ], [ 11.232883993955733, 47.347857980218244 ], [ 11.232728863802972, 47.348001980375322 ], [ 11.232242723632172, 47.348243773544837 ], [ 11.231597003507087, 47.348367817626389 ], [ 11.231162809240759, 47.348573484374668 ], [ 11.230642441069564, 47.348863128700479 ], [ 11.230454495846253, 47.349138282808376 ], [ 11.229989663893907, 47.349605968054462 ], [ 11.229398654822523, 47.349860455973769 ], [ 11.228934818737528, 47.350387643104057 ], [ 11.228329918690621, 47.35085642324114 ], [ 11.227585924744542, 47.351385774436515 ], [ 11.226710427607554, 47.352127703872519 ], [ 11.226327586076552, 47.352358920636689 ], [ 11.22585141996999, 47.35253802062627 ], [ 11.225325586508617, 47.352665345799949 ], [ 11.224616418189406, 47.35284974691438 ], [ 11.224042796599724, 47.352974786792522 ], [ 11.223695922747918, 47.353205849198069 ], [ 11.223285408404202, 47.35342855420663 ], [ 11.222976003556202, 47.353600006515762 ], [ 11.223203036069288, 47.353880749833131 ], [ 11.223521217766402, 47.354145456574457 ], [ 11.224187729518267, 47.354514414035151 ], [ 11.22474482951535, 47.354817750889609 ], [ 11.225464704534362, 47.355196251441704 ], [ 11.225955933977252, 47.355285904062626 ], [ 11.226494598875604, 47.355279889681121 ], [ 11.22690205851071, 47.355351615004423 ], [ 11.227129422082003, 47.355470742994619 ], [ 11.228455318810816, 47.356118467410063 ], [ 11.22877294218018, 47.356362299892503 ], [ 11.229013541592394, 47.356639054663894 ], [ 11.228992276981247, 47.356907947771987 ], [ 11.229101134052931, 47.357133190811211 ], [ 11.229247732512718, 47.357472470522524 ], [ 11.229268560991724, 47.357714944002247 ], [ 11.229065470885113, 47.358132985269968 ], [ 11.229145148016597, 47.358703525805062 ], [ 11.229432927406712, 47.359153463520464 ], [ 11.23026553202509, 47.359718129157095 ], [ 11.231185293542239, 47.360258324539167 ], [ 11.231409524785798, 47.360522084169993 ], [ 11.231506894138079, 47.360636570054773 ], [ 11.231520157379585, 47.360842283468351 ], [ 11.231530643241888, 47.361005267074802 ], [ 11.231642552922048, 47.361408962430531 ], [ 11.231858957201467, 47.361797849060238 ], [ 11.232100031776781, 47.361882093900547 ], [ 11.232264479788496, 47.36193955228061 ], [ 11.232146371645362, 47.362021679152598 ], [ 11.232108697991615, 47.362047883585028 ], [ 11.231936415947835, 47.36221581433972 ], [ 11.232082138023923, 47.362547841946757 ], [ 11.232418318870771, 47.362787615393891 ], [ 11.232549313405761, 47.363042864239837 ], [ 11.232654296061053, 47.363306397158624 ], [ 11.232837004046763, 47.363699880796375 ], [ 11.232995721459849, 47.363997300305876 ], [ 11.233197754899267, 47.364191516208749 ], [ 11.233286622076138, 47.36438279844392 ], [ 11.23359782478787, 47.36517761191751 ], [ 11.233799944388426, 47.365735297145655 ], [ 11.234099913126698, 47.36635588481299 ], [ 11.234459649909743, 47.367455488704358 ], [ 11.234714327839106, 47.368012751206919 ], [ 11.234968782676919, 47.368558120356653 ], [ 11.235347260592697, 47.369185820606191 ], [ 11.235637995939637, 47.36980229206214 ], [ 11.236145713330702, 47.370307470562238 ], [ 11.236275353465267, 47.370652745454763 ], [ 11.236485191170043, 47.371211636711095 ], [ 11.23692093401746, 47.372112550155869 ], [ 11.237103142817757, 47.372527590492552 ], [ 11.237237897311458, 47.373240473532277 ], [ 11.237246612759547, 47.373752070934735 ], [ 11.237293353463683, 47.374395136857956 ], [ 11.237457473368169, 47.375153977691724 ], [ 11.237716919939942, 47.375652246479753 ], [ 11.237689918434061, 47.376034769455067 ], [ 11.238222800779873, 47.37622395755394 ], [ 11.238984909117836, 47.376193641316824 ], [ 11.240131658024358, 47.376030849320628 ], [ 11.240553516013088, 47.375848474800584 ], [ 11.2409398294959, 47.375439822974222 ], [ 11.241079711305504, 47.375102276989914 ], [ 11.241272110839278, 47.374740115209896 ], [ 11.241453515843284, 47.374507501213223 ], [ 11.241663225285158, 47.374381738819473 ], [ 11.242279268067573, 47.374015261748127 ], [ 11.242542378590375, 47.373530143594415 ], [ 11.242682360012362, 47.373198054471118 ], [ 11.243038281432419, 47.372719526255707 ], [ 11.243115847333696, 47.372538036154907 ], [ 11.243489627218064, 47.371943262618423 ], [ 11.24382244135233, 47.371506212658872 ], [ 11.244426510837513, 47.371058863436105 ], [ 11.244714940720424, 47.37082003518001 ], [ 11.245389690107942, 47.370479219501313 ], [ 11.245703155160196, 47.370385804073194 ], [ 11.246249200426782, 47.370342825272481 ], [ 11.246708057988817, 47.37030684894868 ], [ 11.247245156964448, 47.370045255598143 ], [ 11.247648718180178, 47.369886463498865 ], [ 11.248090845730847, 47.369649081130149 ], [ 11.248399807885253, 47.369365123223986 ], [ 11.248842684163186, 47.368873214658493 ], [ 11.249340141381877, 47.368389732800125 ], [ 11.249856603136225, 47.367857751117917 ], [ 11.250181364251462, 47.367426071309502 ], [ 11.250463902062551, 47.367221863311315 ], [ 11.251030451429818, 47.367574307026388 ], [ 11.251492355996611, 47.367951390630012 ], [ 11.252460483017133, 47.368229240061332 ], [ 11.253669447266192, 47.368255275778303 ], [ 11.255385869841321, 47.3682533979933 ], [ 11.256489139610224, 47.368244568078374 ], [ 11.257767149221367, 47.368210497696715 ], [ 11.259098069966628, 47.368199788608479 ], [ 11.260763189228099, 47.368269660726789 ], [ 11.261621101076015, 47.368250833496894 ], [ 11.262689354891728, 47.368242203225471 ], [ 11.263196163911083, 47.368178614827038 ], [ 11.263669829960394, 47.368222369849477 ], [ 11.264671161363601, 47.368392753848006 ], [ 11.265670855782071, 47.368467943220089 ], [ 11.266125566656193, 47.368444322727413 ], [ 11.266192229787215, 47.368237630324231 ], [ 11.2666168497238, 47.367484544655383 ], [ 11.26718072307505, 47.366682721275637 ], [ 11.267501919264864, 47.366025667738832 ], [ 11.267740816765196, 47.36566674728995 ], [ 11.268531453313459, 47.364815468681613 ], [ 11.269110936720685, 47.364254379359444 ], [ 11.269206094617266, 47.364452837760467 ], [ 11.269461567288761, 47.364737138020928 ], [ 11.269534988737853, 47.364783814155082 ], [ 11.27000047907997, 47.364811618920832 ], [ 11.270568086374192, 47.364782079649153 ], [ 11.27143244527999, 47.364604860307416 ], [ 11.27218744204278, 47.364461732192353 ], [ 11.272821422793381, 47.364385991912222 ], [ 11.273471765332463, 47.364198050134824 ], [ 11.273780685354021, 47.364050256466832 ], [ 11.274317269894274, 47.363991890709002 ], [ 11.274908927141439, 47.363941396827521 ], [ 11.275616930264125, 47.363906546832034 ], [ 11.276314584759689, 47.363975525103434 ], [ 11.276649624035665, 47.363922978531718 ], [ 11.277400049880226, 47.363867006189068 ], [ 11.277871318639871, 47.363917110192595 ], [ 11.277969597602368, 47.364030277344533 ], [ 11.278089605126159, 47.364168494008958 ], [ 11.278251258924232, 47.364669386434912 ], [ 11.278353852212197, 47.364942478415273 ], [ 11.27835125004839, 47.365482084471708 ], [ 11.27827387125639, 47.365939293641858 ], [ 11.278410062062692, 47.366382291449696 ], [ 11.278432690880194, 47.366967334126961 ], [ 11.278570501506676, 47.367501628275747 ], [ 11.278714816461902, 47.368401129950513 ], [ 11.278500177468542, 47.368697582324458 ], [ 11.27845315561269, 47.36914623613643 ], [ 11.278822730003295, 47.369657875404023 ], [ 11.279289890926597, 47.370500750845075 ], [ 11.279708945576509, 47.371045182778857 ], [ 11.280037753993415, 47.371276145210956 ], [ 11.28080081363197, 47.371629725066974 ], [ 11.281884713595565, 47.372110567847486 ], [ 11.282608247723424, 47.372594362159184 ], [ 11.282763122715314, 47.372713458300765 ], [ 11.28282896728016, 47.372978543796293 ], [ 11.282611408338612, 47.373113167676237 ], [ 11.28257839295439, 47.373134575858721 ], [ 11.282345662110458, 47.373285520223988 ], [ 11.281928057677204, 47.373508960890966 ], [ 11.281693898876656, 47.373739172734595 ], [ 11.281724201719957, 47.37406682717814 ], [ 11.281881315431923, 47.374592991882068 ], [ 11.282022695685164, 47.375163982239194 ], [ 11.282134776796285, 47.375508337441275 ], [ 11.282170203025855, 47.375939799487362 ], [ 11.28218830409646, 47.376429860523977 ], [ 11.282228027437725, 47.376615287761268 ], [ 11.282317583540321, 47.37683869267871 ], [ 11.282480427420047, 47.377061469091892 ], [ 11.282811666356135, 47.377473806800552 ], [ 11.283024067561851, 47.377733533171423 ], [ 11.283025407549212, 47.378148589556844 ], [ 11.282919434472165, 47.378373598205663 ], [ 11.282979525537359, 47.378999834179588 ], [ 11.283114896474707, 47.379393020087946 ], [ 11.283381777016956, 47.379623255613026 ], [ 11.283628029841873, 47.379724978652582 ], [ 11.283998705663858, 47.379837428315909 ], [ 11.284236163503746, 47.379902576912194 ], [ 11.284435272735955, 47.379990375910687 ], [ 11.284587277214211, 47.380057394605252 ], [ 11.284850580017071, 47.380116740620892 ], [ 11.28507657479752, 47.38008241015924 ], [ 11.2854914661938, 47.380045771971503 ], [ 11.28552532187328, 47.380047393028612 ], [ 11.285988320744757, 47.380069634495115 ], [ 11.286275702244909, 47.380087533796228 ], [ 11.286415103100168, 47.38009622191872 ], [ 11.286463533232959, 47.380114480639712 ], [ 11.28671657573399, 47.380209938066237 ], [ 11.286881241137069, 47.380191966536408 ], [ 11.286937839524075, 47.380182533042912 ], [ 11.287143221477592, 47.380148286732414 ], [ 11.287321265930695, 47.380139545376146 ], [ 11.287448493602193, 47.38013330865013 ], [ 11.287669199664855, 47.380172976095174 ], [ 11.287840864879007, 47.380204760859371 ], [ 11.288011940549556, 47.380203340341566 ], [ 11.288129231641587, 47.380268780718048 ], [ 11.288362592126353, 47.380333237027251 ], [ 11.288531596552026, 47.380221494188845 ], [ 11.288604175394822, 47.380173514686632 ], [ 11.288963142583967, 47.380087518224379 ], [ 11.289305221027259, 47.380080531267645 ], [ 11.289751039747099, 47.380064369257127 ], [ 11.290251979597073, 47.380056037948584 ], [ 11.290416150216982, 47.380062989538274 ], [ 11.290661694557246, 47.380073386429068 ], [ 11.290936922462167, 47.380087694652715 ], [ 11.291223289649578, 47.380039654060788 ], [ 11.291572446013962, 47.380086561866165 ], [ 11.291764274940698, 47.3802208624248 ], [ 11.291869759511881, 47.380308200358684 ], [ 11.292136256116649, 47.380513509024674 ], [ 11.292387979179392, 47.380574139586763 ], [ 11.292486091738301, 47.380597757626866 ], [ 11.292735309434725, 47.380525117110558 ], [ 11.292951813361682, 47.380332375971356 ], [ 11.293041737396509, 47.380236169043364 ], [ 11.293074177034498, 47.380132294634024 ], [ 11.293093707975109, 47.380069703541501 ], [ 11.293108387634014, 47.379866216287574 ], [ 11.293283607239236, 47.379756819690421 ], [ 11.293557114178482, 47.379675683308832 ], [ 11.293942349972511, 47.379689078002635 ], [ 11.294230256397972, 47.379728165879399 ], [ 11.294689250661479, 47.379765836835261 ], [ 11.295142572002531, 47.379828452317071 ], [ 11.295395193529309, 47.37994254536526 ], [ 11.295420354204103, 47.379971016839505 ], [ 11.295582649614319, 47.380154573447477 ], [ 11.295602918156638, 47.380277022015648 ], [ 11.295782359558533, 47.380400041355252 ], [ 11.295985224879685, 47.380398716964763 ], [ 11.296155634199662, 47.380555913542281 ], [ 11.296381721453526, 47.380764425459923 ], [ 11.296599495626323, 47.380978417744146 ], [ 11.296930505142159, 47.381369956884583 ], [ 11.297220615771495, 47.381529402715032 ], [ 11.297720862985178, 47.381819894288029 ], [ 11.29803639733885, 47.382033083464762 ], [ 11.297978031002522, 47.382058169912625 ], [ 11.297957589877207, 47.382066947482279 ], [ 11.297749482570252, 47.382077920183747 ], [ 11.29765303772848, 47.382022198074431 ], [ 11.297570918326016, 47.381974724319015 ], [ 11.297324615422847, 47.381873035249669 ], [ 11.297011570592337, 47.38179678425238 ], [ 11.296752339679523, 47.381752417071553 ], [ 11.296647996393562, 47.381629655079436 ], [ 11.296457614387284, 47.381577309521155 ], [ 11.296189452792145, 47.381616901469897 ], [ 11.295976861846114, 47.381689248186355 ], [ 11.295662794499512, 47.3818386229947 ], [ 11.295285062284272, 47.381956519642323 ], [ 11.295065241026537, 47.381966664438231 ], [ 11.294649543267592, 47.381957680146506 ], [ 11.294379866737907, 47.381914292610929 ], [ 11.293884354488313, 47.38190151681097 ], [ 11.293480856594996, 47.381876133500946 ], [ 11.293230107577298, 47.381865780703265 ], [ 11.293034157259111, 47.38184251237098 ], [ 11.292697582404793, 47.381816272589127 ], [ 11.292288864246645, 47.3818570336649 ], [ 11.291770039965819, 47.381890409254723 ], [ 11.291403130240294, 47.381876872510588 ], [ 11.291157139059244, 47.381791759067283 ], [ 11.290861537841193, 47.38166555356176 ], [ 11.290473963924725, 47.381523505405767 ], [ 11.290051198491577, 47.381460620780942 ], [ 11.289574179807035, 47.381439687027999 ], [ 11.289248988967769, 47.381367682171103 ], [ 11.28899034934288, 47.381257755964263 ], [ 11.288554437639727, 47.381145161126284 ], [ 11.288122301942796, 47.381067873110908 ], [ 11.287922644236794, 47.381013444302667 ], [ 11.287698749717663, 47.380884368562882 ], [ 11.287423484405622, 47.380781002586701 ], [ 11.287024389786216, 47.380676393008933 ], [ 11.28659475614176, 47.380572049660969 ], [ 11.286330251206751, 47.380474632617982 ], [ 11.285943432866725, 47.380374073023148 ], [ 11.285717453388424, 47.380380090016544 ], [ 11.285387801068962, 47.380399417301213 ], [ 11.284972638366723, 47.380419469484977 ], [ 11.284874337559209, 47.380413053272797 ], [ 11.284746267808863, 47.380404735424761 ], [ 11.284718540005731, 47.380562690854589 ], [ 11.284654095201605, 47.380716790998278 ], [ 11.284612871759485, 47.380863620196664 ], [ 11.284585186323644, 47.380962246756958 ], [ 11.284472232597587, 47.381216926561422 ], [ 11.284325350105586, 47.381449179105367 ], [ 11.284081637860957, 47.3815906149323 ], [ 11.283797730064526, 47.38170370772982 ], [ 11.28371548672737, 47.381917446621863 ], [ 11.284131730328793, 47.382098389076397 ], [ 11.284636470469129, 47.382251631923126 ], [ 11.284862870062113, 47.382471115712157 ], [ 11.284785525270717, 47.382659649680512 ], [ 11.284911799028425, 47.382904274389453 ], [ 11.284843122275719, 47.383135883783616 ], [ 11.284678683999097, 47.38334778687932 ], [ 11.284894952007292, 47.383372120997244 ], [ 11.285010772714186, 47.383484444020276 ], [ 11.284793479232949, 47.383622654809599 ], [ 11.284754215674459, 47.383647626779215 ], [ 11.284745895050026, 47.38369716958988 ], [ 11.285036213980849, 47.383813029584978 ], [ 11.285269248277707, 47.384002516343998 ], [ 11.285410222218404, 47.384117143772116 ], [ 11.285467503199831, 47.384580674285047 ], [ 11.285459000009894, 47.384616183465056 ], [ 11.285400068377449, 47.384862110986859 ], [ 11.285235218143839, 47.385182559755869 ], [ 11.285192715876137, 47.385471172637814 ], [ 11.284985546432589, 47.385697650338642 ], [ 11.284797105896006, 47.385818489306722 ], [ 11.284612115267226, 47.386078530523783 ], [ 11.28450624900178, 47.386457199686362 ], [ 11.284426258748713, 47.386849216727541 ], [ 11.284436003699449, 47.387068068387592 ], [ 11.284342343033499, 47.387377624356581 ], [ 11.284219753644569, 47.387769200236505 ], [ 11.284244863821378, 47.387856130468606 ], [ 11.284278226791788, 47.387971645639894 ], [ 11.284415973845896, 47.388188549762276 ], [ 11.284465609282373, 47.388266683606254 ], [ 11.284538470546337, 47.388381438376733 ], [ 11.284792924554427, 47.388757097127694 ], [ 11.285118743019412, 47.38898109837497 ], [ 11.285279850522262, 47.389062917790554 ], [ 11.285602869046086, 47.389097467757104 ], [ 11.286039046920768, 47.389074729763763 ], [ 11.286454636090559, 47.38908083379215 ], [ 11.286708887250031, 47.389121781030617 ], [ 11.287020820273748, 47.389238750117904 ], [ 11.287252136199694, 47.389325978341731 ], [ 11.287393695341663, 47.389692612732929 ], [ 11.287462777595321, 47.390068832256034 ], [ 11.287464908916327, 47.390076571511415 ], [ 11.287587394452894, 47.390519355692106 ], [ 11.287535454463212, 47.390538159164279 ], [ 11.287530156414475, 47.390540072214655 ], [ 11.287431736022034, 47.39055045029518 ], [ 11.287324745164289, 47.39047480489711 ], [ 11.287278213762461, 47.390460592766843 ], [ 11.287020258416883, 47.390381691524716 ], [ 11.286539862849773, 47.390332494065866 ], [ 11.286004128312861, 47.390265783757741 ], [ 11.285725331878631, 47.390263182592889 ], [ 11.28554511082363, 47.390261494910582 ], [ 11.285461796154827, 47.390260715209756 ], [ 11.284875928850166, 47.390184272492064 ], [ 11.284833415269874, 47.390179711500885 ], [ 11.284255039718229, 47.390117663325597 ], [ 11.283964463684242, 47.390014870916417 ], [ 11.283778676075498, 47.389939632667812 ], [ 11.283744560910314, 47.389925807562555 ], [ 11.28372359342934, 47.38990005305866 ], [ 11.283460177431914, 47.389842961275669 ], [ 11.282961062286537, 47.389639381687608 ], [ 11.282085881917171, 47.38943072423762 ], [ 11.282044690304478, 47.389420941630583 ], [ 11.281880504771381, 47.38938199514822 ], [ 11.281305058841465, 47.389245470406145 ], [ 11.280876018547943, 47.38909726652097 ], [ 11.280529394489514, 47.388977531759437 ], [ 11.279949029712308, 47.388892358529773 ], [ 11.279468189685439, 47.388955772686998 ], [ 11.278860936662072, 47.388779046907565 ], [ 11.278287813954615, 47.388715443120383 ], [ 11.27805585342646, 47.388695123741776 ], [ 11.277837933072435, 47.388676032345089 ], [ 11.277217261917508, 47.388621655509269 ], [ 11.276752261516602, 47.38847171482108 ], [ 11.276228977219859, 47.388313136927358 ], [ 11.275629790402323, 47.388286544910343 ], [ 11.27482329099732, 47.388214046387525 ], [ 11.274381853859937, 47.38811956531238 ], [ 11.273474757911526, 47.387975889661874 ], [ 11.273132060247976, 47.387999355637405 ], [ 11.27267179640598, 47.388185808116745 ], [ 11.272317755622765, 47.388012335806209 ], [ 11.2718359103875, 47.387867855543035 ], [ 11.271297862967302, 47.38763571886453 ], [ 11.270683549188867, 47.387487811682035 ], [ 11.270041196313256, 47.387488560357042 ], [ 11.269586041185738, 47.387587558295962 ], [ 11.269133635045741, 47.387702832063752 ], [ 11.268683866703006, 47.387875554478768 ], [ 11.268278765002638, 47.387963465208045 ], [ 11.268168006954671, 47.387971279068161 ], [ 11.267762874560601, 47.387999965976974 ], [ 11.267687376677239, 47.388086003058831 ], [ 11.267553383233844, 47.388149658332928 ], [ 11.267400735062598, 47.388200935527713 ], [ 11.267364720767096, 47.388247113156453 ], [ 11.267292940543941, 47.388356136950996 ], [ 11.267082550945023, 47.388450159163902 ], [ 11.267013171786832, 47.388519730957618 ], [ 11.266765444682942, 47.388742122679133 ], [ 11.266523132278317, 47.388933791131215 ], [ 11.266400687991256, 47.38895563435991 ], [ 11.266279417398875, 47.389044191659671 ], [ 11.266196067973715, 47.389195039959304 ], [ 11.266044618545061, 47.389313054514709 ], [ 11.266182532436071, 47.38941596174984 ], [ 11.266384702019771, 47.389525141903313 ], [ 11.266637171803211, 47.389661447660913 ], [ 11.266923138698271, 47.389953285274458 ], [ 11.267085486170117, 47.390126805672409 ], [ 11.26719037993659, 47.390238934868655 ], [ 11.267294180415053, 47.390375745025096 ], [ 11.267416875552623, 47.390537440737582 ], [ 11.267589794549025, 47.390661111022617 ], [ 11.267849605313863, 47.390971153409495 ], [ 11.268100011045977, 47.391158662739457 ], [ 11.26821201880707, 47.39124252969625 ], [ 11.268376925233724, 47.391429098374189 ], [ 11.26843016871678, 47.391603930424282 ], [ 11.268471170730523, 47.391738636386556 ], [ 11.268462087729427, 47.391975385012408 ], [ 11.268409112964836, 47.392279798942354 ], [ 11.268434754304584, 47.392525110413523 ], [ 11.268494676916218, 47.392848440972145 ], [ 11.268654566190099, 47.39320691867885 ], [ 11.268819677451342, 47.39340345280668 ], [ 11.268975259637152, 47.393657708774214 ], [ 11.269027309972145, 47.393911790742649 ], [ 11.268987143450818, 47.393980866874671 ], [ 11.268865431217483, 47.394190119836068 ], [ 11.268730719225825, 47.394367441490147 ], [ 11.268785260144929, 47.394748431326406 ], [ 11.268771337768284, 47.394886221182162 ], [ 11.268750194646405, 47.395095844801467 ], [ 11.2687396960531, 47.395356064517649 ], [ 11.268737370165022, 47.395413578649439 ], [ 11.26878357841149, 47.395709032917878 ], [ 11.268783785859558, 47.395892393101384 ], [ 11.268737573403408, 47.395961556087407 ], [ 11.268693455983259, 47.396314324736089 ], [ 11.268708231088665, 47.39638578885716 ], [ 11.268793982575847, 47.396801268935896 ], [ 11.268727639621449, 47.396922526831446 ], [ 11.268670023185072, 47.397027861637298 ], [ 11.26861653518583, 47.397193615440543 ], [ 11.268582125058741, 47.397250208648366 ], [ 11.268559483625298, 47.397272431350778 ], [ 11.268505220457316, 47.397321443479036 ], [ 11.268482105165003, 47.397331977058769 ], [ 11.268473456162909, 47.397335947456213 ], [ 11.26827258314635, 47.397427962230573 ], [ 11.268238611942772, 47.397443525660769 ], [ 11.26821791525758, 47.397443684953956 ], [ 11.267940211550121, 47.397445948038659 ], [ 11.267735163722039, 47.397439776732163 ], [ 11.267674896826467, 47.397425697066808 ], [ 11.267662266538961, 47.397422196472981 ], [ 11.267667853235228, 47.397470099409034 ], [ 11.267623556277844, 47.397713489457139 ], [ 11.267610887034868, 47.397731833422903 ], [ 11.267599835822981, 47.397758102860131 ], [ 11.267914766959123, 47.397732358963751 ], [ 11.267951119401369, 47.397729370491952 ], [ 11.268423006470504, 47.397690810986269 ], [ 11.269566803352575, 47.397597173328187 ], [ 11.269920251302228, 47.397568251796748 ], [ 11.269942545073395, 47.397593702961274 ], [ 11.269950222220693, 47.397607905834739 ], [ 11.270021710792376, 47.397740473899326 ], [ 11.270073773243295, 47.39781525527151 ], [ 11.270134967681699, 47.397882207083093 ], [ 11.270171921202186, 47.39790438525521 ], [ 11.270207502937257, 47.397915802678227 ], [ 11.270239381915376, 47.39792173478331 ], [ 11.270268783353831, 47.39792150059332 ], [ 11.270303944198039, 47.39790880513484 ], [ 11.27034130373398, 47.397887550489138 ], [ 11.270382209649723, 47.397870129203326 ], [ 11.270415114948833, 47.397865178441734 ], [ 11.27047528876038, 47.397875571444317 ], [ 11.270569906083448, 47.39789188991567 ], [ 11.270752378660342, 47.397888065539725 ], [ 11.270867949996523, 47.397875167607296 ], [ 11.270954519294559, 47.397865463490952 ], [ 11.271095536440844, 47.397846493347771 ], [ 11.271282628585384, 47.39783409099001 ], [ 11.271356894683461, 47.397839696779606 ], [ 11.271440882593341, 47.397853753664364 ], [ 11.27166205255608, 47.397903845846862 ], [ 11.271776847850179, 47.397937811522873 ], [ 11.271853767270157, 47.397958142855984 ], [ 11.271936593838749, 47.397975272413056 ], [ 11.27205815201525, 47.397985972970581 ], [ 11.272121791480672, 47.397989322835897 ], [ 11.272168877192049, 47.397992802440271 ], [ 11.272216037117877, 47.397993142309005 ], [ 11.272290171475005, 47.397990993438384 ], [ 11.272457175178943, 47.397972554147657 ], [ 11.272530161742917, 47.397972765681565 ], [ 11.272598737783724, 47.397985427526663 ], [ 11.272678120320951, 47.398010325423478 ], [ 11.272795503960008, 47.398055146984461 ], [ 11.272822907509129, 47.398068049765101 ], [ 11.272858671511495, 47.398091057097766 ], [ 11.272909905360887, 47.398127066497629 ], [ 11.27296001096582, 47.39816623319976 ], [ 11.273007653137299, 47.398193020077969 ], [ 11.273138918801214, 47.398222960520535 ], [ 11.273198202458529, 47.398241819676912 ], [ 11.273333200537762, 47.398286503891867 ], [ 11.27347783661709, 47.398338015181281 ], [ 11.27369674602031, 47.398394419930874 ], [ 11.273798872511685, 47.398431277317265 ], [ 11.273816600616531, 47.398437597612514 ], [ 11.273913964857778, 47.39848258717835 ], [ 11.274018532810814, 47.398536073372497 ], [ 11.274159696416174, 47.398593829268407 ], [ 11.274309124913161, 47.398646120598379 ], [ 11.274423164502227, 47.398697174122546 ], [ 11.274514727465123, 47.398750667370017 ], [ 11.27452477743056, 47.398755330643752 ], [ 11.274570563004602, 47.398776559024775 ], [ 11.274628803670737, 47.398804057182545 ], [ 11.274715247644586, 47.398830511283052 ], [ 11.274858798550724, 47.398887442654456 ], [ 11.274973940427781, 47.39893382021279 ], [ 11.275116400333694, 47.398995523728367 ], [ 11.275201999532628, 47.399042842822389 ], [ 11.275294624144454, 47.399080857862337 ], [ 11.275345731131591, 47.399109133666272 ], [ 11.275401510394724, 47.399131963620178 ], [ 11.27546421734522, 47.399150879902329 ], [ 11.275538723776039, 47.399168087625796 ], [ 11.275614379037801, 47.399183744213843 ], [ 11.275653750323199, 47.399206717510779 ], [ 11.275708477826681, 47.399238032431406 ], [ 11.275764349916768, 47.399264725521078 ], [ 11.275834267974838, 47.39928745915779 ], [ 11.275882656251714, 47.399296317913333 ], [ 11.275945129041608, 47.399299662629012 ], [ 11.276023127316709, 47.399312968341995 ], [ 11.276092978103467, 47.399331016194147 ], [ 11.276199546283109, 47.399364318136733 ], [ 11.27622700551383, 47.399381904025148 ], [ 11.276263850054844, 47.399404901431602 ], [ 11.276301000914483, 47.399437966650027 ], [ 11.276336928188767, 47.399469417470129 ], [ 11.276379746106757, 47.399493087211837 ], [ 11.276431980062238, 47.399517489213743 ], [ 11.276497059380986, 47.399534037884358 ], [ 11.276564468284683, 47.39954824140716 ], [ 11.276604832460249, 47.399566523650975 ], [ 11.276632456454196, 47.399594991536574 ], [ 11.276671954279575, 47.399632624616331 ], [ 11.276717264801876, 47.399661755079677 ], [ 11.276788591753785, 47.39969526647613 ], [ 11.276882447996197, 47.399729112828368 ], [ 11.276900065958632, 47.399735451539307 ], [ 11.276992402587119, 47.399766529147286 ], [ 11.277091909455104, 47.399796749105676 ], [ 11.277238556983615, 47.399826572981787 ], [ 11.277430202062009, 47.399868360560227 ], [ 11.277578918113145, 47.399888900795609 ], [ 11.277707387278189, 47.399893254990772 ], [ 11.277915935076701, 47.399895404106388 ], [ 11.278223869475276, 47.399891697330823 ], [ 11.278309932956473, 47.399889475315007 ], [ 11.278350025878966, 47.399893981270345 ], [ 11.278362541645684, 47.399898118444305 ], [ 11.278365679370864, 47.399902320108005 ], [ 11.278384347524316, 47.399902163065029 ], [ 11.278387515849595, 47.399902137022316 ], [ 11.278406369111947, 47.399910429765036 ], [ 11.278425071369064, 47.399920803293647 ], [ 11.278440937972219, 47.399933366024641 ], [ 11.278456655784096, 47.39994590479165 ], [ 11.278472519560765, 47.399958456747967 ], [ 11.278488248304789, 47.399971013409925 ], [ 11.278500913118823, 47.399983507110541 ], [ 11.278519869858897, 47.399998194132785 ], [ 11.278526116089974, 47.400000202542714 ], [ 11.278529211745409, 47.400002341190287 ], [ 11.278551212300634, 47.400010613432052 ], [ 11.27857618405077, 47.400014639184796 ], [ 11.278625902355598, 47.400016302773381 ], [ 11.278644762433974, 47.40002675591974 ], [ 11.278676233066232, 47.400045468540391 ], [ 11.278694946269729, 47.400047388825278 ], [ 11.278713622387885, 47.400047229864342 ], [ 11.278713652970893, 47.400049390111839 ], [ 11.278738710710014, 47.400057640777447 ], [ 11.278763550104802, 47.400061671175578 ], [ 11.27878853245895, 47.400065694995945 ], [ 11.278813556916877, 47.400071781822142 ], [ 11.278854257420262, 47.40008835513472 ], [ 11.278870061764577, 47.400098756020256 ], [ 11.278885707130405, 47.400107076864415 ], [ 11.278898402622962, 47.400119649421022 ], [ 11.278911034985168, 47.400130168132527 ], [ 11.27892370128491, 47.400142737328515 ], [ 11.278939436533586, 47.400155203929032 ], [ 11.278958338861127, 47.400167721832553 ], [ 11.278983380991901, 47.40017598336653 ], [ 11.279008479960069, 47.400186390535119 ], [ 11.279033446336014, 47.40019040543897 ], [ 11.279058507981025, 47.400198571453437 ], [ 11.27908352357268, 47.400204750038306 ], [ 11.279099096260859, 47.400208845795852 ], [ 11.279114817216364, 47.4002213988378 ], [ 11.279133639108881, 47.400229702512277 ], [ 11.279152546775007, 47.400242218540868 ], [ 11.279168410998125, 47.400254781190355 ], [ 11.279184085229792, 47.400265159716881 ], [ 11.279202952266457, 47.400275546154027 ], [ 11.279221846816087, 47.400288067675767 ], [ 11.279246894182235, 47.400296320114471 ], [ 11.279265648517855, 47.400306774028401 ], [ 11.279284496880969, 47.400317151611134 ], [ 11.279309551961104, 47.400325389581333 ], [ 11.279340963777884, 47.40033989303798 ], [ 11.279347326729708, 47.400348288395747 ], [ 11.279359774958754, 47.400348185969875 ], [ 11.279372298408884, 47.400352297785417 ], [ 11.279397340787224, 47.400360564623554 ], [ 11.279422401267718, 47.400368806122465 ], [ 11.279447285569159, 47.40037489576244 ], [ 11.279472304098444, 47.400381083232844 ], [ 11.279497313177012, 47.400387186226489 ], [ 11.2795223683872, 47.400395427746908 ], [ 11.279547386421013, 47.400401586422305 ], [ 11.279572439414034, 47.400409851335937 ], [ 11.279597492125815, 47.400418100056136 ], [ 11.279616137841195, 47.400424244602398 ], [ 11.279635043234263, 47.40043677136341 ], [ 11.279650816138544, 47.400445100047783 ], [ 11.279666558231209, 47.400457638448508 ], [ 11.279682368143527, 47.400468039175855 ], [ 11.279698091931442, 47.400480590315283 ], [ 11.279710696371023, 47.400488937875792 ], [ 11.279723327216548, 47.400499357569473 ], [ 11.279739048599231, 47.400511921315463 ], [ 11.279754926063331, 47.400524471182031 ], [ 11.279770596893787, 47.400534944998697 ], [ 11.279786324543421, 47.400547413343965 ], [ 11.279805265851063, 47.400562094883163 ], [ 11.279824122133205, 47.40057245971937 ], [ 11.279836737371767, 47.400580816171619 ], [ 11.279849398862137, 47.40059339429893 ], [ 11.279868338758341, 47.400607994887999 ], [ 11.279893550308861, 47.400624684551225 ], [ 11.279906219867122, 47.400637268002519 ], [ 11.279918870904796, 47.400647775655166 ], [ 11.279931515332152, 47.400658209605247 ], [ 11.279944146069068, 47.400668618481795 ], [ 11.279963027948417, 47.400687533334683 ], [ 11.279982089968076, 47.400708522650909 ], [ 11.279994762970501, 47.400720999927856 ], [ 11.280013780025216, 47.400739915458189 ], [ 11.28002007564543, 47.400744087476554 ], [ 11.280023332700136, 47.40074828451413 ], [ 11.280026454841849, 47.400752493455975 ], [ 11.280035753191749, 47.400754485646928 ], [ 11.280045290118744, 47.400760786076667 ], [ 11.280048524647087, 47.400771286702543 ], [ 11.280067187864312, 47.40077113302435 ], [ 11.280073038518045, 47.400749949377342 ], [ 11.280078888974446, 47.400728754938093 ], [ 11.280084741514667, 47.400707677410871 ], [ 11.280096817439535, 47.400686431706646 ], [ 11.280108883047426, 47.400665202276244 ], [ 11.280129934074223, 47.400626965648897 ], [ 11.280139291153946, 47.40062483063322 ], [ 11.280142186580035, 47.400616348283563 ], [ 11.280148300760681, 47.400609918974745 ], [ 11.280154445486021, 47.400605644516162 ], [ 11.280179161711173, 47.400594899320936 ], [ 11.280203878472488, 47.400584184697543 ], [ 11.280228652915865, 47.40057758911275 ], [ 11.280253438082269, 47.400568924680172 ], [ 11.280278214311775, 47.400562429809263 ], [ 11.28030290285434, 47.400557997213618 ], [ 11.280327693456817, 47.400551417664495 ], [ 11.280352509084015, 47.400546980413594 ], [ 11.280377338049053, 47.4005425484442 ], [ 11.280402135282939, 47.400536044378804 ], [ 11.280426880856833, 47.400527391028248 ], [ 11.280451501688425, 47.400518726107478 ], [ 11.280482483234383, 47.400510017776639 ], [ 11.280513503342377, 47.400503467819682 ], [ 11.280544606776441, 47.400503211577167 ], [ 11.280575700839883, 47.400500800301266 ], [ 11.280606877222395, 47.400502698542972 ], [ 11.280638033796707, 47.400510900343299 ], [ 11.280669181991982, 47.400512703457728 ], [ 11.280700458049715, 47.400520918647956 ], [ 11.280728597078079, 47.400531208645283 ], [ 11.280756896431123, 47.400543648818889 ], [ 11.280782040745141, 47.400556118582777 ], [ 11.280807052871555, 47.400568603821817 ], [ 11.280838299585675, 47.400576804824894 ], [ 11.280869554204635, 47.400582928005583 ], [ 11.280900715662844, 47.400584729148903 ], [ 11.280931923981608, 47.40058870658666 ], [ 11.280962937222244, 47.400590516130329 ], [ 11.280994108629054, 47.400592428699078 ], [ 11.281005895338186, 47.400593112276887 ], [ 11.281025286248699, 47.400594244066696 ], [ 11.281056462700686, 47.40059614218557 ], [ 11.281087717255414, 47.40060433406147 ], [ 11.281134641659232, 47.400620853459749 ], [ 11.281140928055848, 47.400622875787398 ], [ 11.281147215738292, 47.400627044211639 ], [ 11.281175396350539, 47.400639503249913 ], [ 11.281197624357114, 47.400660455470664 ], [ 11.281222771474413, 47.400681369229304 ], [ 11.281241832348419, 47.40070226660135 ], [ 11.281260766519413, 47.400716967747101 ], [ 11.281279753076564, 47.4007337084292 ], [ 11.281326954739836, 47.400764978377609 ], [ 11.281342991978775, 47.400788064760157 ], [ 11.281355901628558, 47.400813308645475 ], [ 11.281368751747301, 47.400836408711584 ], [ 11.281384624867773, 47.400857427687306 ], [ 11.281406687345557, 47.400876226129832 ], [ 11.281428894437532, 47.40089510972355 ], [ 11.281447910360294, 47.400913929682801 ], [ 11.281449069218567, 47.400915467194622 ], [ 11.281463775234441, 47.400934928927299 ], [ 11.281482785950137, 47.400953752521438 ], [ 11.281501809077991, 47.400972676749369 ], [ 11.281523757283205, 47.400985082762134 ], [ 11.281548935336474, 47.400999712577857 ], [ 11.281563777565438, 47.401007088052872 ], [ 11.281574061444967, 47.401012178719839 ], [ 11.281602185169238, 47.401022477623172 ], [ 11.281630469269729, 47.401032854349133 ], [ 11.281661655440285, 47.401043127978781 ], [ 11.2816929262467, 47.401051319555407 ], [ 11.281724140164055, 47.401055294932434 ], [ 11.281783383363498, 47.401065324495889 ], [ 11.281783422052875, 47.40106748647441 ], [ 11.2818054637996, 47.401084225251381 ], [ 11.28182144095301, 47.401103048629665 ], [ 11.28184044151749, 47.401121886639281 ], [ 11.281862508623195, 47.401140780297943 ], [ 11.281881553507056, 47.401161648911732 ], [ 11.281903625878119, 47.401180538921118 ], [ 11.281925771027641, 47.401197276821648 ], [ 11.281950909018981, 47.401209656434794 ], [ 11.28197285906951, 47.401222154090817 ], [ 11.281998037423975, 47.401236787402901 ], [ 11.282013788545637, 47.40125141394801 ], [ 11.282035924007458, 47.401265978815978 ], [ 11.282054928805364, 47.401284897705963 ], [ 11.282076986402124, 47.401303696058889 ], [ 11.282099012123648, 47.40132041692204 ], [ 11.282121186277077, 47.401337140153899 ], [ 11.282143243854911, 47.401355934896294 ], [ 11.282168451500466, 47.401372642079664 ], [ 11.282187490541721, 47.401393616826333 ], [ 11.282209488418451, 47.401408186393851 ], [ 11.282231477159746, 47.401422836983755 ], [ 11.282250418363203, 47.401437456955591 ], [ 11.282285200254629, 47.40146459436243 ], [ 11.282288382200703, 47.401470947057206 ], [ 11.282301133705962, 47.401487767813606 ], [ 11.282307657330561, 47.401504510450991 ], [ 11.282320400838234, 47.401521327673329 ], [ 11.282339696161824, 47.401554980840622 ], [ 11.282358451258682, 47.401559055283741 ], [ 11.282355382350351, 47.40156537862179 ], [ 11.282377543538855, 47.401582107307327 ], [ 11.282405687747675, 47.401592488594112 ], [ 11.282433803832902, 47.401602778361415 ], [ 11.282462122960737, 47.401615232341001 ], [ 11.282484005582253, 47.401623504800696 ], [ 11.282505904255022, 47.40163385667104 ], [ 11.282549977103931, 47.40166091729396 ], [ 11.282562537311422, 47.401667197950346 ], [ 11.282562612854893, 47.401671415785522 ], [ 11.282572109100986, 47.401675566635404 ], [ 11.282578270279485, 47.40167975941106 ], [ 11.282581481246813, 47.401681812447777 ], [ 11.282609664988575, 47.401694247720492 ], [ 11.282637923120644, 47.401704622612854 ], [ 11.282669154815629, 47.401716960747997 ], [ 11.282694216538726, 47.401725206917483 ], [ 11.282719366384606, 47.401739851099315 ], [ 11.282747552774206, 47.401752282718398 ], [ 11.28277586682154, 47.401764740260091 ], [ 11.282800939244828, 47.40177506046841 ], [ 11.282826076612766, 47.401787526242103 ], [ 11.282860567388873, 47.401804153010474 ], [ 11.282869896686153, 47.401808299817681 ], [ 11.282879390492702, 47.401812459656803 ], [ 11.282882473899503, 47.40181449035267 ], [ 11.28295728775573, 47.401820265796616 ], [ 11.282988503352509, 47.401824156266528 ], [ 11.283019610467909, 47.401830272883508 ], [ 11.283050795735019, 47.401834244538215 ], [ 11.283082012700323, 47.40183821052586 ], [ 11.28311325888801, 47.401844250414108 ], [ 11.283157060106831, 47.401856570927798 ], [ 11.283166360409826, 47.401858654593347 ], [ 11.28318218785536, 47.401867014720864 ], [ 11.283200767537799, 47.401871049100258 ], [ 11.283213370242926, 47.401879398087921 ], [ 11.28323831781082, 47.401881266124221 ], [ 11.283269511135687, 47.401885241250689 ], [ 11.283300765158296, 47.401891272028557 ], [ 11.283332050187635, 47.401899475632604 ], [ 11.283363217356621, 47.401909824510248 ], [ 11.283394539389484, 47.401920091148497 ], [ 11.283425863078882, 47.401930449509216 ], [ 11.283457169273003, 47.401940718060175 ], [ 11.283485393282659, 47.401955232331908 ], [ 11.283510525758986, 47.401967706990426 ], [ 11.283535675686846, 47.401982336600916 ], [ 11.283576424032164, 47.402000969397534 ], [ 11.283588961959101, 47.40200510941505 ], [ 11.283598320360582, 47.402009248726721 ], [ 11.283617021181247, 47.402011168310757 ], [ 11.283623309191588, 47.402015334796957 ], [ 11.283651691461243, 47.402032020810516 ], [ 11.283676730127491, 47.402046647711792 ], [ 11.283698921078896, 47.402065444648954 ], [ 11.283724140246624, 47.402082156790705 ], [ 11.28374935891423, 47.402098840148327 ], [ 11.283771376257501, 47.402115488801527 ], [ 11.28379650881268, 47.402127959798676 ], [ 11.283827864533944, 47.402140388337244 ], [ 11.283855946638271, 47.402148603885863 ], [ 11.283884176069524, 47.402163112617622 ], [ 11.283906316958753, 47.402179850169183 ], [ 11.283922170031378, 47.402198785811116 ], [ 11.28393801336113, 47.402217620792072 ], [ 11.283953952577054, 47.402234415006951 ], [ 11.283972880946154, 47.40224901501108 ], [ 11.283998044317118, 47.402263640810752 ], [ 11.284023124269256, 47.402280262292784 ], [ 11.284048330073269, 47.40229695648415 ], [ 11.284079721960332, 47.402311539756255 ], [ 11.284107974559873, 47.402328217734038 ], [ 11.284136331383181, 47.402342728947787 ], [ 11.284164542643992, 47.402357248553997 ], [ 11.284192789899409, 47.402373921158272 ], [ 11.284221067407815, 47.402384304494241 ], [ 11.28424618556261, 47.402396698158185 ], [ 11.284274370073799, 47.402409133014643 ], [ 11.284302536505471, 47.402421593198532 ], [ 11.284327676988141, 47.402434047823078 ], [ 11.284355976132705, 47.402446519488478 ], [ 11.284384155429898, 47.40245895615994 ], [ 11.284412380292494, 47.402473488184903 ], [ 11.284440770649285, 47.40249015414738 ], [ 11.284465784357865, 47.402504694734148 ], [ 11.284494145765965, 47.402519302962723 ], [ 11.284531667999914, 47.402535889756884 ], [ 11.284569302910006, 47.402550338494102 ], [ 11.284597512702426, 47.402558563597928 ], [ 11.284622594467695, 47.402575267683481 ], [ 11.284650943713176, 47.402589784229079 ], [ 11.284679199290238, 47.402606462041035 ], [ 11.284704478621125, 47.402627379334419 ], [ 11.284732779251405, 47.402646121916028 ], [ 11.28475793539616, 47.402660765597318 ], [ 11.284783189668229, 47.402679545968198 ], [ 11.284814602966589, 47.402696183223654 ], [ 11.284839851815782, 47.402714954632231 ], [ 11.284858913854775, 47.402735943133251 ], [ 11.284866626828652, 47.402743611041011 ], [ 11.284877806955054, 47.402754752742865 ], [ 11.284896847603637, 47.402775728822071 ], [ 11.284915865633662, 47.402794558978322 ], [ 11.284934919687245, 47.402815542135833 ], [ 11.284939121519381, 47.402820089197434 ], [ 11.284954111095979, 47.402836648278445 ], [ 11.284972996804001, 47.402855337405938 ], [ 11.284988887444975, 47.402876332346835 ], [ 11.285001716021933, 47.402897377816203 ], [ 11.285017945894447, 47.402931064895853 ], [ 11.28502114679438, 47.402939482512423 ], [ 11.28503716070292, 47.402960404469418 ], [ 11.285056068768794, 47.402981367227753 ], [ 11.28506587188849, 47.403002434135992 ], [ 11.28507870837822, 47.403023474134088 ], [ 11.285091515445762, 47.403044498184002 ], [ 11.285104365202413, 47.403065538069285 ], [ 11.285110966118152, 47.403086523547081 ], [ 11.285133066968935, 47.403107479649513 ], [ 11.285145890103648, 47.403128510755771 ], [ 11.285161767715088, 47.403149509377627 ], [ 11.28517460948107, 47.403170543924126 ], [ 11.285187436298886, 47.403191483250339 ], [ 11.285200267553053, 47.403212521478679 ], [ 11.285213095942146, 47.403233547136864 ], [ 11.285225321701255, 47.403249639758492 ], [ 11.28522897926627, 47.403254565489867 ], [ 11.28524498114159, 47.403275545081875 ], [ 11.285257808271762, 47.403296498788642 ], [ 11.285273691439023, 47.403317506343093 ], [ 11.285296050114626, 47.403344841033707 ], [ 11.285321232283575, 47.40336783854049 ], [ 11.285343373972891, 47.403384566810956 ], [ 11.285381310668866, 47.403415915395861 ], [ 11.285387639748176, 47.403428545344134 ], [ 11.285394127857181, 47.403443242728486 ], [ 11.285397390998513, 47.40344745035523 ], [ 11.285416434528971, 47.403468413729954 ], [ 11.285435497136573, 47.403489405726098 ], [ 11.285460840016247, 47.403514556972212 ], [ 11.28548605684364, 47.403537557753118 ], [ 11.285508235821258, 47.403556354435892 ], [ 11.285530382076569, 47.403579375239914 ], [ 11.285552612825533, 47.403600313994104 ], [ 11.285571558966875, 47.403621306931868 ], [ 11.28559060288827, 47.403642284665267 ], [ 11.285609689292194, 47.403665330796841 ], [ 11.285631959088709, 47.403688438704556 ], [ 11.285654045456942, 47.403707236125847 ], [ 11.285679650914046, 47.403747134459152 ], [ 11.285685167669721, 47.403750974420539 ], [ 11.285723836575702, 47.403802545634292 ], [ 11.285832158887125, 47.403932156025384 ], [ 11.285843113914483, 47.403945195553469 ], [ 11.285860843355731, 47.403965558108425 ], [ 11.285876201686875, 47.403985940305198 ], [ 11.285887416490233, 47.40400635503039 ], [ 11.285900761212186, 47.404026744912045 ], [ 11.285913986887538, 47.404047144773003 ], [ 11.285922948128777, 47.404067484622331 ], [ 11.285936467592142, 47.404096709326076 ], [ 11.285943028636382, 47.404099531430724 ], [ 11.285943178988472, 47.404108337676554 ], [ 11.285949720553695, 47.404111255284718 ], [ 11.285949872068961, 47.404119978770758 ], [ 11.28596072899739, 47.404127262569695 ], [ 11.285963018538316, 47.404135970139528 ], [ 11.285971679457457, 47.404138864789317 ], [ 11.28598277245607, 47.404151910356177 ], [ 11.285982951266845, 47.404162151900856 ], [ 11.285991643583721, 47.404166498013964 ], [ 11.285998403119192, 47.404181097771001 ], [ 11.28600927924581, 47.40418974318542 ], [ 11.286064193503908, 47.404244962788901 ], [ 11.286083967059463, 47.404268181238145 ], [ 11.286112455686498, 47.404291408413464 ], [ 11.286128033362706, 47.404317642429575 ], [ 11.286143536894764, 47.404339457122042 ], [ 11.286208841153433, 47.404375529239132 ], [ 11.286235005158812, 47.404394283757341 ], [ 11.286259057094236, 47.404413170905649 ], [ 11.286283128074379, 47.404431937363654 ], [ 11.286307166182999, 47.404450790436975 ], [ 11.286335556632704, 47.404468105334345 ], [ 11.286359595941988, 47.404485549835677 ], [ 11.286379422252688, 47.404505795987298 ], [ 11.286403463951837, 47.404523224269347 ], [ 11.286429633430586, 47.404541980496397 ], [ 11.28645580473956, 47.404560837441522 ], [ 11.286479872370032, 47.404579704624965 ], [ 11.28650603931931, 47.404598464453237 ], [ 11.28653234567007, 47.404617313065543 ], [ 11.286582506004356, 47.404651985040701 ], [ 11.286589037554577, 47.404653456367136 ], [ 11.286590907711659, 47.404654162226471 ], [ 11.286623031755614, 47.404672503858642 ], [ 11.28662689497137, 47.40468722833166 ], [ 11.286624944363046, 47.404712245834268 ], [ 11.286628967584512, 47.404737042907747 ], [ 11.286660062754891, 47.404764027855137 ], [ 11.286675581414849, 47.404787400209898 ], [ 11.28669110289573, 47.404810634022567 ], [ 11.286710857881655, 47.40483397124445 ], [ 11.286728493729806, 47.40485719651366 ], [ 11.286746201728368, 47.404883400185923 ], [ 11.286768170691966, 47.404903722044878 ], [ 11.28679656127777, 47.404921022434728 ], [ 11.286818380756923, 47.404934065312425 ], [ 11.286844598915975, 47.404955801843194 ], [ 11.286870848157967, 47.404978970046855 ], [ 11.286895000949885, 47.405002256371347 ], [ 11.286919138703892, 47.405025442076145 ], [ 11.286945473165451, 47.405047157830886 ], [ 11.286969567250114, 47.405067472818018 ], [ 11.2869936711585, 47.405089216057405 ], [ 11.287019850759476, 47.405108065608118 ], [ 11.287039560053319, 47.405128407957207 ], [ 11.287059435805215, 47.40515019525008 ], [ 11.287085656626347, 47.405171920909559 ], [ 11.287120833468739, 47.405205267015518 ], [ 11.287127265984219, 47.405209622794317 ], [ 11.287133920721443, 47.405218375077524 ], [ 11.287138440574426, 47.405219517669714 ], [ 11.287183869491049, 47.405262584593139 ], [ 11.28727641034811, 47.405355353212499 ], [ 11.287253745966559, 47.40541329543985 ], [ 11.287241564103473, 47.405457552689192 ], [ 11.287240381484164, 47.405525217910217 ], [ 11.287239927432008, 47.405551219602458 ], [ 11.287239859967459, 47.405554537362157 ], [ 11.287248538016977, 47.405580004563049 ], [ 11.287275955136394, 47.405608038942411 ], [ 11.287323187955982, 47.405674965146048 ], [ 11.287351557604744, 47.405689450268113 ], [ 11.287373465722265, 47.405708274017393 ], [ 11.287393197452232, 47.405727193175821 ], [ 11.287419321873932, 47.405744424067898 ], [ 11.287449810023212, 47.40576177524666 ], [ 11.287480412083825, 47.405779123673007 ], [ 11.287510894805996, 47.405796318374883 ], [ 11.287554478308543, 47.405820882429467 ], [ 11.287560978977185, 47.405825190846159 ], [ 11.287582786096614, 47.405838251668776 ], [ 11.287598321470767, 47.405860010129452 ], [ 11.287628784479717, 47.405875958315157 ], [ 11.287659163518885, 47.405887390113421 ], [ 11.287677776889845, 47.405895256975299 ], [ 11.287689685772371, 47.405900299423216 ], [ 11.28772232789164, 47.405916152142389 ], [ 11.287733151444694, 47.405924785235456 ], [ 11.287748348717013, 47.405927620094573 ], [ 11.287748428670437, 47.405932059153763 ], [ 11.287768208475605, 47.405953782357003 ], [ 11.287787965708928, 47.405974104389173 ], [ 11.28781646750684, 47.405995909883863 ], [ 11.287851487850226, 47.406029190501499 ], [ 11.287858053237755, 47.40603061650171 ], [ 11.287864803792322, 47.406042321764907 ], [ 11.287874344659448, 47.406062415589275 ], [ 11.28787589520987, 47.406065674942859 ], [ 11.287882856216086, 47.40608906241215 ], [ 11.287889701878527, 47.406112371686362 ], [ 11.287907329408348, 47.406135670594871 ], [ 11.287929320528406, 47.40615893327054 ], [ 11.28794488280858, 47.406182171967153 ], [ 11.287964694893617, 47.406205530081714 ], [ 11.287984386242009, 47.406228657135181 ], [ 11.288006374785704, 47.40625191981718 ], [ 11.288024006457061, 47.406275296026273 ], [ 11.288043877835053, 47.406295617065666 ], [ 11.288070169985717, 47.406315805631031 ], [ 11.288094225148784, 47.406339051134587 ], [ 11.288114858645811, 47.406357106395205 ], [ 11.288134843750592, 47.406383735269642 ], [ 11.288136024622695, 47.406385594535806 ], [ 11.288151736956561, 47.406423475126807 ], [ 11.288156207262242, 47.406435978239372 ], [ 11.288170171124293, 47.406504172475742 ], [ 11.288184293959143, 47.406568393384845 ], [ 11.288199602776661, 47.406609315687056 ], [ 11.28825525533235, 47.406641566740156 ], [ 11.288361851534704, 47.406680172921511 ], [ 11.288491133202823, 47.406723341476173 ], [ 11.288620167956942, 47.40675280240486 ], [ 11.288661527732856, 47.406762273626136 ], [ 11.288679247328412, 47.406771394399492 ], [ 11.28871764997006, 47.406801297064774 ], [ 11.288775885932315, 47.406824103680329 ], [ 11.288842125536119, 47.406845206737373 ], [ 11.289009170225913, 47.406902002452838 ], [ 11.289079461435094, 47.40694410281035 ], [ 11.289187530684922, 47.406994378132161 ], [ 11.289290929933701, 47.407033866311131 ], [ 11.289366693559865, 47.407054969027456 ], [ 11.289457909506849, 47.407086846414806 ], [ 11.289531631792928, 47.407121984942663 ], [ 11.289562011956779, 47.407133416226195 ], [ 11.289592368068403, 47.407143367194671 ], [ 11.289622724366046, 47.407153474659211 ], [ 11.28965293985736, 47.407161946274229 ], [ 11.289694387299189, 47.407176246480326 ], [ 11.289698657019279, 47.407177612318584 ], [ 11.2897094065062, 47.407181962623476 ], [ 11.289739692456797, 47.407181710690764 ], [ 11.289793575121388, 47.407185702172001 ], [ 11.289798065621151, 47.407192986399096 ], [ 11.289802529322273, 47.407192326840416 ], [ 11.289861658785595, 47.407213643164781 ], [ 11.289886567142345, 47.40722052545685 ], [ 11.289949211507194, 47.407233244260404 ], [ 11.290047270476167, 47.407262650097628 ], [ 11.290048370102797, 47.407291851728509 ], [ 11.290054213570615, 47.407443922948097 ], [ 11.290054513132187, 47.407454203052986 ], [ 11.290105650828627, 47.408761180150172 ], [ 11.29014381797438, 47.409737306047894 ], [ 11.29018412755374, 47.41081934478629 ], [ 11.290208600971235, 47.411437519521357 ], [ 11.290210287014466, 47.411479956254382 ], [ 11.290219534582439, 47.411496470671096 ], [ 11.290240163958666, 47.411533218082958 ], [ 11.290259845473026, 47.411549177938063 ], [ 11.290281705033832, 47.411565119661368 ], [ 11.290303705282836, 47.411582540715443 ], [ 11.290325477641487, 47.411599961863232 ], [ 11.290346988488746, 47.411615595264529 ], [ 11.290369313443998, 47.411631844309262 ], [ 11.290386841087891, 47.411649302577082 ], [ 11.290408839977038, 47.411666644469918 ], [ 11.290430675538753, 47.411681105858499 ], [ 11.290452394526357, 47.411695568213354 ], [ 11.290472135394724, 47.411708645677983 ], [ 11.290491929583865, 47.411724527201613 ], [ 11.290513908668313, 47.411740622591893 ], [ 11.29053576838519, 47.411756564265161 ], [ 11.2905553574048, 47.411773848839594 ], [ 11.290562325759131, 47.411784773191222 ], [ 11.290566574997758, 47.411791436967661 ], [ 11.290582037222405, 47.411808833249133 ], [ 11.29059749823759, 47.411826308690706 ], [ 11.290610781184734, 47.411843800466094 ], [ 11.290626244869468, 47.411861275881492 ], [ 11.290641591945523, 47.411878750466784 ], [ 11.290665738022902, 47.411900515949249 ], [ 11.290670088366978, 47.411906320798117 ], [ 11.29067452732945, 47.411910723555259 ], [ 11.290676786846342, 47.411915067106477 ], [ 11.290683149235521, 47.411917973341708 ], [ 11.290685718096277, 47.411926676682306 ], [ 11.290692107237389, 47.411931063200129 ], [ 11.290698850792896, 47.411948609416996 ], [ 11.290705750775826, 47.411974958213804 ], [ 11.290708125632747, 47.411979378157206 ], [ 11.290710411873496, 47.411985200192113 ], [ 11.290712829007767, 47.411998265361895 ], [ 11.290719360099787, 47.412004053848698 ], [ 11.290719733051899, 47.412024691477107 ], [ 11.290720103209065, 47.412045174422147 ], [ 11.290718353097416, 47.412062714010951 ], [ 11.290720739348577, 47.412080375661624 ], [ 11.290721056004855, 47.412097898040322 ], [ 11.290725734252927, 47.412115540605207 ], [ 11.290730295738992, 47.412133027636678 ], [ 11.290735090580501, 47.412150669230201 ], [ 11.290739650675169, 47.412168078919507 ], [ 11.29074203428903, 47.41218574059139 ], [ 11.29074464560129, 47.412203243861569 ], [ 11.290747027820862, 47.412220828191586 ], [ 11.290760310918477, 47.412238319947363 ], [ 11.290769235282321, 47.412255849797702 ], [ 11.290786877205308, 47.41227330705123 ], [ 11.290806583233973, 47.412290745313712 ], [ 11.29081986497131, 47.412308159720482 ], [ 11.290841868359186, 47.412325580643497 ], [ 11.290861460487855, 47.412343019845018 ], [ 11.29088552803317, 47.412360423568757 ], [ 11.290901101819776, 47.412377818876678 ], [ 11.29092081200559, 47.412395336236834 ], [ 11.290942697445043, 47.412412678970519 ], [ 11.290962406259686, 47.412430118981618 ], [ 11.290980046874569, 47.412447497063766 ], [ 11.290999754462989, 47.412465014431866 ], [ 11.291019461885462, 47.412482375292441 ], [ 11.291041464160484, 47.412499873539382 ], [ 11.291063350934561, 47.41251713888542 ], [ 11.291076632993422, 47.412534709764728 ], [ 11.291096529134164, 47.412562506335362 ], [ 11.291099008269921, 47.412572690919035 ], [ 11.291099325057129, 47.412590213294287 ], [ 11.291099695368818, 47.412610696235049 ], [ 11.291100067046658, 47.412631254718704 ], [ 11.291100385265654, 47.412648856234021 ], [ 11.291104834416629, 47.412666423337178 ], [ 11.291109722620552, 47.412695668925927 ], [ 11.291114198019811, 47.412695631643906 ], [ 11.291114303606806, 47.412701471835966 ], [ 11.291123225518604, 47.412719001678035 ], [ 11.291134214229825, 47.412736514301663 ], [ 11.29114313612177, 47.412754042343366 ], [ 11.291156418088315, 47.412771456708128 ], [ 11.291169702892953, 47.412789027553146 ], [ 11.291185162994864, 47.412806425567467 ], [ 11.291194088963982, 47.412824030924327 ], [ 11.291203008094104, 47.412841404277628 ], [ 11.291212161985499, 47.412859009533001 ], [ 11.291223149324953, 47.412876443007001 ], [ 11.291232072701646, 47.412894050181251 ], [ 11.291240994506147, 47.412911423509087 ], [ 11.2912477398047, 47.412929048828794 ], [ 11.29125677573928, 47.41294657770991 ], [ 11.291261455464189, 47.412964141086199 ], [ 11.291268311918641, 47.412981610771872 ], [ 11.291275055804537, 47.41299915694934 ], [ 11.291275374085933, 47.413016758462653 ], [ 11.291279989338616, 47.413037204234193 ], [ 11.291280307622088, 47.413054805747365 ], [ 11.291280627304412, 47.413072484602075 ], [ 11.291285303000731, 47.413089970657339 ], [ 11.29128562128656, 47.413107572170325 ], [ 11.291290298386382, 47.413125135566872 ], [ 11.291293114280789, 47.413160241282235 ], [ 11.291290987034769, 47.413163218218671 ], [ 11.291272393041456, 47.413207304401446 ], [ 11.291249147401192, 47.413235383031065 ], [ 11.291229987519745, 47.413254625533348 ], [ 11.291209000058808, 47.413286970351791 ], [ 11.291207038843332, 47.413292827762248 ], [ 11.291200579492347, 47.413297321294216 ], [ 11.291200870986671, 47.413313442524455 ], [ 11.291205756480407, 47.413348687503976 ], [ 11.291201508905795, 47.413348722891442 ], [ 11.291199815066046, 47.413369221227214 ], [ 11.291195339609832, 47.413369258512965 ], [ 11.291161043184488, 47.413382708682683 ], [ 11.291128980995639, 47.413399099441783 ], [ 11.291094624054139, 47.413415507508859 ], [ 11.291051933716403, 47.413440788862971 ], [ 11.291052039331792, 47.413446630853016 ], [ 11.291078472619343, 47.413474216463541 ], [ 11.291082823173333, 47.413480023092589 ], [ 11.291087182049091, 47.413479986782384 ], [ 11.291089550052652, 47.413490325198076 ], [ 11.291096027879528, 47.413493154893899 ], [ 11.291096188391414, 47.413502032991872 ], [ 11.291096558681192, 47.413522514130705 ], [ 11.291090635648171, 47.413550371069647 ], [ 11.291090821491391, 47.413560650309826 ], [ 11.291099708462667, 47.41358254280663 ], [ 11.291102197367236, 47.413586961790735 ], [ 11.291104475404895, 47.413598626754343 ], [ 11.291106909877342, 47.413619090697459 ], [ 11.291103149197534, 47.413639608047212 ], [ 11.291096984058454, 47.413660377486387 ], [ 11.291089226448785, 47.413707255223393 ], [ 11.291091925656037, 47.413742361912135 ], [ 11.291089036154672, 47.41374744812358 ], [ 11.291108681520514, 47.413786853362744 ], [ 11.291137759143986, 47.413833891962085 ], [ 11.291162977733904, 47.413857749529598 ], [ 11.291197573547297, 47.413879893756878 ], [ 11.291224104609043, 47.413919318962812 ], [ 11.291254232286207, 47.413954508338222 ], [ 11.291271771997062, 47.414010678971486 ], [ 11.291291504031813, 47.414029363576404 ], [ 11.291328778800603, 47.414059976311734 ], [ 11.29133969587941, 47.414067206922596 ], [ 11.291341813582942, 47.41407014848884 ], [ 11.291344239300511, 47.414077372499158 ], [ 11.291353055876696, 47.414089060328124 ], [ 11.291357672690715, 47.414109585232133 ], [ 11.291362404701145, 47.414130031822729 ], [ 11.29136931625454, 47.414150537605003 ], [ 11.291382535572451, 47.414170911673736 ], [ 11.291393807324351, 47.414191303768575 ], [ 11.291409208886192, 47.414211738801932 ], [ 11.291435826045666, 47.414249605381031 ], [ 11.291440073692417, 47.414249569984378 ], [ 11.291440286381368, 47.414261329504441 ], [ 11.291447012065641, 47.41427155604341 ], [ 11.291468766057172, 47.414281578192281 ], [ 11.291481872273028, 47.414282947677179 ], [ 11.291484015368784, 47.414287292181143 ], [ 11.291501445512276, 47.414292989792308 ], [ 11.291530141986767, 47.414325075303658 ], [ 11.291534270397833, 47.414325040897246 ], [ 11.291534456332432, 47.41433532013469 ], [ 11.291560791580196, 47.414351146954402 ], [ 11.291569584123595, 47.414361354461285 ], [ 11.291593679574971, 47.414380236505572 ], [ 11.291611374613481, 47.414400575042784 ], [ 11.291626888864437, 47.414420931753845 ], [ 11.29163999583994, 47.414441385880664 ], [ 11.291649200857023, 47.414461793376979 ], [ 11.291664984058199, 47.414496868344642 ], [ 11.291667708172614, 47.414507984506692 ], [ 11.291684541047603, 47.414524903289703 ], [ 11.291743663838075, 47.414539053613616 ], [ 11.291794937014499, 47.414569626858537 ], [ 11.291835784212372, 47.414607374715615 ], [ 11.291873781030658, 47.414633618888587 ], [ 11.291900276800066, 47.414651858432471 ], [ 11.291970472923923, 47.414700888980811 ], [ 11.29199329365275, 47.41472546793208 ], [ 11.291995816752065, 47.414738066267304 ], [ 11.292001267977792, 47.414766605538077 ], [ 11.292006263406027, 47.414788996327395 ], [ 11.292074996322391, 47.41487753234145 ], [ 11.292182072366318, 47.414992228543852 ], [ 11.292239731676817, 47.415058579072387 ], [ 11.292299323032042, 47.415092275784268 ], [ 11.29231500439387, 47.415102659633661 ], [ 11.292345640323536, 47.415121488763695 ], [ 11.292402487345731, 47.41516198481655 ], [ 11.29242435045939, 47.415178003447714 ], [ 11.292450600653645, 47.415195388629385 ], [ 11.292479000812563, 47.415211196212134 ], [ 11.292505304616583, 47.415231540145271 ], [ 11.292575226242546, 47.415277924610699 ], [ 11.292579771441572, 47.415288169273929 ], [ 11.292584041893631, 47.415289534997648 ], [ 11.292601658634256, 47.415305511669864 ], [ 11.292614881403752, 47.415325887363508 ], [ 11.292626152633732, 47.41534635669165 ], [ 11.292641667524576, 47.415366711458681 ], [ 11.29265721191825, 47.415388548281349 ], [ 11.292672560705023, 47.415406022572043 ], [ 11.292688000720284, 47.415422094746553 ], [ 11.292707653574695, 47.415436496554307 ], [ 11.292751230243393, 47.41545381444152 ], [ 11.292766339308223, 47.41545805072338 ], [ 11.292785940006716, 47.415469571094981 ], [ 11.292816593537669, 47.415495642373529 ], [ 11.292815557908867, 47.415508113882332 ], [ 11.292826553377022, 47.415525935693388 ], [ 11.292843350916202, 47.415547449021695 ], [ 11.292873628440638, 47.415584507582672 ], [ 11.292834582726332, 47.415652441970643 ], [ 11.292834821148837, 47.41566560442272 ], [ 11.292848287966399, 47.415693297826728 ], [ 11.292872384518388, 47.415712181388983 ], [ 11.292896736976727, 47.415732462364275 ], [ 11.292940295045007, 47.415761464270958 ], [ 11.292949175253192, 47.415770192232458 ], [ 11.29295788523504, 47.41577596060408 ], [ 11.292975821131588, 47.415809538711493 ], [ 11.292986686596638, 47.415813887737102 ], [ 11.292986791001031, 47.415819650581234 ], [ 11.292993272017913, 47.415822634849015 ], [ 11.293006863481333, 47.41586349163483 ], [ 11.293013483835015, 47.415867876091241 ], [ 11.293019990244479, 47.415872261498372 ], [ 11.293037555107952, 47.415885356677684 ], [ 11.293039753220816, 47.415892580751184 ], [ 11.293046717870759, 47.415915967841826 ], [ 11.293051386317233, 47.415939296745734 ], [ 11.293054107247462, 47.415962796612362 ], [ 11.293056712833419, 47.415986220088413 ], [ 11.293061496637893, 47.41600962538196 ], [ 11.293059626550274, 47.416033086217773 ], [ 11.293062232142622, 47.416056509693377 ], [ 11.293064835087549, 47.416079933190936 ], [ 11.293065261248927, 47.416103454010958 ], [ 11.293066216521099, 47.416156177555592 ], [ 11.293064463027267, 47.416179637417592 ], [ 11.293054417458404, 47.416220691500335 ], [ 11.293045754300863, 47.416223802176901 ], [ 11.293041668600207, 47.41623263835919 ], [ 11.293035314863712, 47.416242972178864 ], [ 11.293024828513623, 47.416253263140099 ], [ 11.29302497808998, 47.416261518899233 ], [ 11.293025120594924, 47.416269384353392 ], [ 11.293031766419915, 47.416275171747515 ], [ 11.293038326488713, 47.416282515916265 ], [ 11.293034282204546, 47.416300074678361 ], [ 11.293011233191578, 47.416332591724348 ], [ 11.293011498482954, 47.416347234455166 ], [ 11.293016051759889, 47.41637064167336 ], [ 11.293031727808085, 47.416399719764094 ], [ 11.29303826110522, 47.416405585450242 ], [ 11.293040794381527, 47.416418726945842 ], [ 11.293047272825524, 47.416421711231841 ], [ 11.293045543301321, 47.416446494891836 ], [ 11.293033004764885, 47.416470199483157 ], [ 11.293027002021486, 47.416493617458919 ], [ 11.293018707241806, 47.416517209272314 ], [ 11.293010526249065, 47.416540645428803 ], [ 11.293006707179529, 47.4165641998827 ], [ 11.29300277275863, 47.416587677945977 ], [ 11.292998834283246, 47.41661107868967 ], [ 11.292995015203882, 47.416634633142984 ], [ 11.292991082206825, 47.416658190345792 ], [ 11.292987142287661, 47.416681511948696 ], [ 11.292981258900788, 47.416705083631378 ], [ 11.292972964101466, 47.416728677239618 ], [ 11.292964669077248, 47.416752112544764 ], [ 11.292958667674569, 47.416775607857794 ], [ 11.292959093799048, 47.416799128675684 ], [ 11.292959517056516, 47.416822491213132 ], [ 11.292958186940302, 47.416869470112417 ], [ 11.292947938913491, 47.416892923515263 ], [ 11.292928861418469, 47.416916605316203 ], [ 11.292909781289092, 47.416940288934747 ], [ 11.292906076337001, 47.416944836924614 ], [ 11.292890924769599, 47.416963735026314 ], [ 11.292873911532535, 47.416987399589772 ], [ 11.292861488023332, 47.417011027645572 ], [ 11.292848945038136, 47.417034498392759 ], [ 11.292836403475533, 47.417058048278726 ], [ 11.292823749387541, 47.417081678254398 ], [ 11.292817635339869, 47.417105251851844 ], [ 11.292813925859711, 47.417128571523804 ], [ 11.292816416240239, 47.417152075114132 ], [ 11.292818907839525, 47.417175499542033 ], [ 11.292825872569804, 47.417198886640392 ], [ 11.292828989896995, 47.417244270561959 ], [ 11.292818116177159, 47.417245919163705 ], [ 11.292813976732871, 47.41725179477551 ], [ 11.2928096697432, 47.417254712575051 ], [ 11.292801145731143, 47.417259223423649 ], [ 11.292796943313697, 47.417268060569484 ], [ 11.292788419298406, 47.417272571417122 ], [ 11.292780234040441, 47.417295930236243 ], [ 11.292774119949966, 47.417319503830846 ], [ 11.292770186775394, 47.417343059225729 ], [ 11.292762005549788, 47.417366495362806 ], [ 11.292745218623965, 47.41739008066358 ], [ 11.292730614008304, 47.417413725104836 ], [ 11.292717955706607, 47.417437275950284 ], [ 11.29270129319459, 47.417474024643823 ], [ 11.292697047940049, 47.417474060066901 ], [ 11.292692988866081, 47.417484374718136 ], [ 11.292677869685299, 47.417485904024559 ], [ 11.292675716969795, 47.417487479844482 ], [ 11.292673615008948, 47.417491857945691 ], [ 11.292665010548102, 47.417491929740471 ], [ 11.292658716950555, 47.417499303824854 ], [ 11.292649998539634, 47.417499376569275 ], [ 11.292643667336788, 47.417511113328018 ], [ 11.292632935563828, 47.417514163879034 ], [ 11.292628901850591, 47.41752587966868 ], [ 11.292618428490325, 47.417549491424545 ], [ 11.292612539363859, 47.417572906627029 ], [ 11.292608492183525, 47.41759646476536 ], [ 11.292606849747388, 47.417619923687695 ], [ 11.292609475259528, 47.41765074592557 ], [ 11.292611901322093, 47.417657969902173 ], [ 11.292614186810898, 47.417663871052476 ], [ 11.292616305981614, 47.417666735228174 ], [ 11.292616731934357, 47.417690254246125 ], [ 11.292619336022756, 47.417713600384374 ], [ 11.292624465362815, 47.41775608566337 ], [ 11.29261800559361, 47.41776057927477 ], [ 11.292609529618447, 47.417767894211387 ], [ 11.29260966359953, 47.417775292018007 ], [ 11.292601025537381, 47.417779803802738 ], [ 11.292594730496436, 47.417787100541986 ], [ 11.29255620492486, 47.417807907971891 ], [ 11.292545499861584, 47.417812436997153 ], [ 11.292541306912463, 47.417815508541274 ], [ 11.292524085646338, 47.417821415926696 ], [ 11.292522076319045, 47.417824471051844 ], [ 11.292477283832648, 47.417854132812813 ], [ 11.292477389589445, 47.417859972997256 ], [ 11.292466620086755, 47.417867384409433 ], [ 11.292458440048962, 47.417890897865782 ], [ 11.292454505294259, 47.417914375907287 ], [ 11.292448928021624, 47.417961312867895 ], [ 11.292434337675376, 47.417992201367468 ], [ 11.29241534530464, 47.418014324510011 ], [ 11.292400623804852, 47.418037971680278 ], [ 11.2923860174591, 47.418061538735834 ], [ 11.292358464635264, 47.418092612703013 ], [ 11.292356690778711, 47.418108673791863 ], [ 11.292335454351143, 47.418133774848442 ], [ 11.292305559796054, 47.418155990705372 ], [ 11.292275717350996, 47.41818108617742 ], [ 11.292275823086724, 47.418186926361898 ], [ 11.292265260073242, 47.41819301203337 ], [ 11.292260919426255, 47.41820037160543 ], [ 11.292254803604797, 47.418223867829475 ], [ 11.292251095205074, 47.418247264822533 ], [ 11.292254864951641, 47.418271614032136 ], [ 11.292255786338888, 47.418278148989337 ], [ 11.292258353101198, 47.418286850504579 ], [ 11.292262617038299, 47.418294138311488 ], [ 11.292293509001629, 47.418333447720443 ], [ 11.292302344151809, 47.418333374029643 ], [ 11.292304464765985, 47.418336317350885 ], [ 11.292339274279154, 47.418344749932686 ], [ 11.292373805161523, 47.41835038212372 ], [ 11.292408614694754, 47.418358814684325 ], [ 11.29244336533163, 47.418370287886368 ], [ 11.292478141323899, 47.418383160419644 ], [ 11.292504315558237, 47.41839626120764 ], [ 11.29253047476751, 47.418414971121543 ], [ 11.292554845766233, 47.418442652729411 ], [ 11.292556964965653, 47.418445516905656 ], [ 11.292559223675312, 47.418449937775392 ], [ 11.292561572177739, 47.418452877391658 ], [ 11.292563798579772, 47.418461660891595 ], [ 11.292570761975014, 47.418484970658319 ], [ 11.292571187919682, 47.418508489673215 ], [ 11.292571613864887, 47.418532008687983 ], [ 11.292572035608513, 47.418555295678146 ], [ 11.292572461554794, 47.418578814692729 ], [ 11.292574951873686, 47.41860231648409 ], [ 11.292581915293328, 47.418625626249387 ], [ 11.292597662793568, 47.418665063724539 ], [ 11.292604256658507, 47.418667967919646 ], [ 11.292604577479011, 47.418672950026966 ], [ 11.292628480015825, 47.418693781673547 ], [ 11.29272403574314, 47.418761217079002 ], [ 11.292780858484075, 47.418793846486764 ], [ 11.292848881853409, 47.418830122329787 ], [ 11.292870725132211, 47.418838662958144 ], [ 11.29290132988403, 47.418861930105578 ], [ 11.292912309926738, 47.418866278180481 ], [ 11.292914455981604, 47.418870622629996 ], [ 11.292962074577343, 47.418870225195036 ], [ 11.292987215656895, 47.41888333449527 ], [ 11.292992659299371, 47.418886093562094 ], [ 11.293023154259735, 47.418903443174401 ], [ 11.29305802052277, 47.418914834273508 ], [ 11.293090530342235, 47.418929285193023 ], [ 11.293142898205366, 47.418956655612526 ], [ 11.293153736108268, 47.418959446993505 ], [ 11.29316251242969, 47.41896241029027 ], [ 11.293162643690652, 47.418969653411153 ], [ 11.293179952250791, 47.418981270198579 ], [ 11.293191277968534, 47.419004543507832 ], [ 11.293205093071412, 47.41905139595309 ], [ 11.293227278302528, 47.419084938528236 ], [ 11.293238053257504, 47.419090689636143 ], [ 11.293242715526583, 47.419100933289613 ], [ 11.293240905727092, 47.419121432604342 ], [ 11.293230546288232, 47.419145043458542 ], [ 11.293218002975411, 47.419168514239885 ], [ 11.293205847385826, 47.419187932433161 ], [ 11.293203282738629, 47.419192082345958 ], [ 11.29319292326953, 47.419215693196691 ], [ 11.293184626753686, 47.419239207672014 ], [ 11.293178740351866, 47.419262622874186 ], [ 11.293176985577722, 47.419286160089364 ], [ 11.293173051048461, 47.41930963814832 ], [ 11.293171296303132, 47.419333177161874 ], [ 11.293169655290839, 47.419356556921613 ], [ 11.293155173700475, 47.419393443967245 ], [ 11.293155358581959, 47.419403645849194 ], [ 11.293148897224818, 47.419408060350207 ], [ 11.293140627486087, 47.41943305510204 ], [ 11.293149985386766, 47.419468106123453 ], [ 11.293154401023786, 47.41947102847061 ], [ 11.293159230748675, 47.419503235436551 ], [ 11.293148867116649, 47.419526767164605 ], [ 11.293136443118401, 47.419550393444588 ], [ 11.293125968164031, 47.419573926099645 ], [ 11.293113424738202, 47.419597398667499 ], [ 11.293103065119489, 47.419621007710653 ], [ 11.293086277645566, 47.419644593056191 ], [ 11.293073734185722, 47.419668065619653 ], [ 11.293048307101001, 47.419696240143381 ], [ 11.293005766663775, 47.419736164079566 ], [ 11.293003636452786, 47.419738986362624 ], [ 11.292997396251176, 47.419749319225836 ], [ 11.292986689433986, 47.419753770951836 ], [ 11.292986905343678, 47.41976568693687 ], [ 11.292982545951567, 47.419765723322946 ], [ 11.292982703980529, 47.419774444924656 ], [ 11.292978624736739, 47.41977736262708 ], [ 11.292967875005196, 47.419792172840474 ], [ 11.29296208759729, 47.419827350283548 ], [ 11.292960067434457, 47.41983624657049 ], [ 11.292958055222369, 47.419839145220976 ], [ 11.292947577482858, 47.419862677881653 ], [ 11.29292642906055, 47.419886222247008 ], [ 11.292899157135425, 47.419920253198285 ], [ 11.292894762800341, 47.419924652232318 ], [ 11.292890506587636, 47.419930530617378 ], [ 11.29287358891246, 47.419946793649387 ], [ 11.292871575475193, 47.419949771460601 ], [ 11.29286301485539, 47.419958722329532 ], [ 11.292853445602729, 47.419962619479193 ], [ 11.292818894893696, 47.420000138081058 ], [ 11.292802621440478, 47.420014217244784 ], [ 11.292770981288772, 47.420022347916102 ], [ 11.292733940406441, 47.420061991997684 ], [ 11.292673841098894, 47.420127299248847 ], [ 11.292656974269885, 47.420146522831651 ], [ 11.292639993474062, 47.420165747362802 ], [ 11.292625136062309, 47.420181917613036 ], [ 11.292610309503996, 47.420199645460904 ], [ 11.292597740293344, 47.420221715033826 ], [ 11.29258084659606, 47.420239458325391 ], [ 11.292563838965272, 47.420257204363821 ], [ 11.2925491009112, 47.420273528314461 ], [ 11.29253209182556, 47.420291195208129 ], [ 11.292512964888381, 47.420306077063834 ], [ 11.292500261634459, 47.42032074882259 ], [ 11.292487669624697, 47.420341417221366 ], [ 11.292468454076404, 47.420357701160441 ], [ 11.29244946642638, 47.420373983195113 ], [ 11.292434587542814, 47.420388827801602 ], [ 11.292421936427194, 47.420406380972004 ], [ 11.292409289537492, 47.420424167964107 ], [ 11.29239652585048, 47.420441799423713 ], [ 11.292384108103944, 47.420459507148372 ], [ 11.292371459755898, 47.42047721499619 ], [ 11.292360818150106, 47.420497867111585 ], [ 11.292343922917844, 47.420515534825697 ], [ 11.292329236899421, 47.420534740168584 ], [ 11.292314380690227, 47.420550987720432 ], [ 11.292301733730225, 47.420568774700719 ], [ 11.292289085145574, 47.420586326035767 ], [ 11.292276438168734, 47.420604113013283 ], [ 11.292268035291197, 47.420621787239106 ], [ 11.292259861536564, 47.420639380401219 ], [ 11.292247099181392, 47.420657090984427 ], [ 11.292238812859106, 47.420674762436889 ], [ 11.292226410940767, 47.420699791579167 ], [ 11.29221992257969, 47.420702727546953 ], [ 11.292220055119673, 47.420710048009127 ], [ 11.292216128285334, 47.420727684900932 ], [ 11.292218511390049, 47.420745267369632 ], [ 11.292214584552758, 47.420762904261281 ], [ 11.292214289370877, 47.42076563207312 ], [ 11.292212724787934, 47.420780522114832 ], [ 11.292200210277402, 47.420805629545917 ], [ 11.292193809090058, 47.420807086080416 ], [ 11.292193968427346, 47.420815886822666 ], [ 11.292192104603648, 47.420833427356385 ], [ 11.292194604311904, 47.420851008852821 ], [ 11.292190562102904, 47.420868569352322 ], [ 11.29218434162394, 47.420886302723851 ], [ 11.292174014933343, 47.42090547169034 ], [ 11.292161251053498, 47.420923103123705 ], [ 11.292148548955652, 47.420937852185133 ], [ 11.29213588187551, 47.42094824039318 ], [ 11.292121001343647, 47.420963007617779 ], [ 11.292106209394417, 47.420976372750175 ], [ 11.292093366514329, 47.420989642475675 ], [ 11.292078456544013, 47.421002931235364 ], [ 11.292065730257139, 47.421016199985473 ], [ 11.29205957011478, 47.421030973638274 ], [ 11.292053408536388, 47.421045668150569 ], [ 11.292047132998091, 47.421060363612739 ], [ 11.292045333564481, 47.421075021751228 ], [ 11.292041237879401, 47.421089778188637 ], [ 11.292039324486629, 47.421104437277151 ], [ 11.292035343971939, 47.421119113601897 ], [ 11.292031134324137, 47.421133870989081 ], [ 11.292025086682973, 47.421148564549554 ], [ 11.292020993637001, 47.42116332096402 ], [ 11.292016782549268, 47.421177999210485 ], [ 11.292017047577369, 47.421192640134471 ], [ 11.292008706137821, 47.421207275466713 ], [ 11.292002782787048, 47.421235132418488 ], [ 11.292000745074594, 47.421236628113569 ], [ 11.291981362939124, 47.421250031501849 ], [ 11.29195360363064, 47.421263504732316 ], [ 11.291949463781604, 47.421269380311699 ], [ 11.291947334853198, 47.421272279916707 ], [ 11.291928129700967, 47.421282722612105 ], [ 11.291908754348102, 47.421290205716112 ], [ 11.291883066298782, 47.42129774144562 ], [ 11.291857126219144, 47.421303800565809 ], [ 11.291831357815981, 47.421306897241884 ], [ 11.291805480902237, 47.421310149523016 ], [ 11.291766721129255, 47.421311875778727 ], [ 11.291762350691231, 47.421317753273478 ], [ 11.291753745604737, 47.42131782500423 ], [ 11.29175175880891, 47.421322281277483 ], [ 11.291747479619429, 47.421326756659553 ], [ 11.29173903114566, 47.421335629153923 ], [ 11.291736904853185, 47.421338528733003 ], [ 11.291728288842796, 47.42134444161605 ], [ 11.291674541342084, 47.421355172194474 ], [ 11.291676749216123, 47.421356634295073 ], [ 11.291659687353341, 47.421371419640138 ], [ 11.291653419946329, 47.42138027394892 ], [ 11.291653684875568, 47.421394914873915 ], [ 11.291654187981335, 47.421422718242226 ], [ 11.291645691387044, 47.421428786628844 ], [ 11.291637187909643, 47.421434621213784 ], [ 11.291634973184957, 47.421439079384655 ], [ 11.291602825971124, 47.421451031244949 ], [ 11.291576920788858, 47.421452725853271 ], [ 11.291570460482191, 47.421457219406591 ], [ 11.291561824539611, 47.421455733523416 ], [ 11.291529599815233, 47.421463402802786 ], [ 11.291506146250116, 47.421473879033591 ], [ 11.291484619105086, 47.421482860501257 ], [ 11.291465382921588, 47.421491743721553 ], [ 11.291448242079751, 47.421502169133362 ], [ 11.291431213756963, 47.421512514452893 ], [ 11.291411983034648, 47.421521554123885 ], [ 11.291394840740892, 47.42153190038767 ], [ 11.291377813829646, 47.421542324839507 ], [ 11.291354316831418, 47.421563004822119 ], [ 11.291350177072882, 47.421569036883952 ], [ 11.291348190085801, 47.421573338445221 ], [ 11.29134829856218, 47.421579335109449 ], [ 11.291341783266914, 47.421580790747882 ], [ 11.29134188894448, 47.421586632729095 ], [ 11.291339462866484, 47.421579408730537 ], [ 11.291283568829922, 47.421585638146645 ], [ 11.291283620949734, 47.421588519567223 ], [ 11.291277188775865, 47.421594570726093 ], [ 11.291257942828226, 47.421609219501221 ], [ 11.291232313525756, 47.421619870307914 ], [ 11.291189458726503, 47.421636271818166 ], [ 11.291178606594533, 47.421639166727168 ], [ 11.291146926582256, 47.421666264991906 ], [ 11.291140238235666, 47.421668851776268 ], [ 11.291140398800959, 47.421677729861436 ], [ 11.291140663590729, 47.421692370787866 ], [ 11.291130195669716, 47.42171006212903 ], [ 11.291106926416115, 47.421730740162928 ], [ 11.291098258193678, 47.421733773377113 ], [ 11.29109400425488, 47.421739649875391 ], [ 11.291092034419568, 47.421751350208389 ], [ 11.291089969923505, 47.421751367405697 ], [ 11.291085930079598, 47.421769082549616 ], [ 11.291088426818796, 47.421786664091719 ], [ 11.291090926242465, 47.421804247410229 ], [ 11.291093306229543, 47.421821675218361 ], [ 11.291098102121566, 47.421839316760078 ], [ 11.291109206694658, 47.421856826597228 ], [ 11.291118014841272, 47.421874280008851 ], [ 11.291127328050891, 47.421900606835891 ], [ 11.291129500825688, 47.421906429798405 ], [ 11.2911316442116, 47.42191077430126 ], [ 11.291138230103105, 47.421919521507355 ], [ 11.291142864200904, 47.421928362325552 ], [ 11.29114310082284, 47.421941445629521 ], [ 11.29113446195761, 47.421945957306193 ], [ 11.291130269885048, 47.42194895323447 ], [ 11.291121716953066, 47.421952061044117 ], [ 11.291095799152425, 47.421959521156523 ], [ 11.291070035862639, 47.421962774123244 ], [ 11.291044011004605, 47.421964314901203 ], [ 11.291018219509414, 47.421966008435788 ], [ 11.290968558959248, 47.421967825216996 ], [ 11.290966439701251, 47.421964961013529 ], [ 11.290962869052331, 47.421964211824914 ], [ 11.290953418747339, 47.421962108456725 ], [ 11.290946721751874, 47.421953518670705 ], [ 11.290937842068413, 47.421944713204844 ], [ 11.290929020196636, 47.421932948048998 ], [ 11.290915984927333, 47.421922853193429 ], [ 11.290896404898771, 47.421912733691364 ], [ 11.29086360422219, 47.421901322937451 ], [ 11.290846561340299, 47.421904425876619 ], [ 11.290842058396732, 47.421902982873178 ], [ 11.290822939990942, 47.421911944155937 ], [ 11.290801498347971, 47.421919366925707 ], [ 11.290780083607098, 47.421928424677112 ], [ 11.290754090964263, 47.421931600330637 ], [ 11.290728320788597, 47.421934619419545 ], [ 11.290676647985833, 47.42193948939093 ], [ 11.290646319864129, 47.421944181622223 ], [ 11.290622671710455, 47.421950219579955 ], [ 11.290596961875424, 47.421956431203036 ], [ 11.290562569720056, 47.421971205961988 ], [ 11.290547537791609, 47.421971331107912 ], [ 11.290526037179593, 47.421981947383053 ], [ 11.290492031932565, 47.422005519169751 ], [ 11.290485596821583, 47.42201141560173 ], [ 11.290485650296459, 47.422014374364281 ], [ 11.29047704649107, 47.42201452334151 ], [ 11.290477099997975, 47.422017483902728 ], [ 11.290468378185377, 47.422017556508507 ], [ 11.290466365754547, 47.422020455115721 ], [ 11.290440564579811, 47.422028068815145 ], [ 11.29041468302967, 47.422031088760519 ], [ 11.290388917010512, 47.422034341596742 ], [ 11.290365153430017, 47.422040303108808 ], [ 11.29034376653413, 47.422050761897829 ], [ 11.290311752331506, 47.422070111205471 ], [ 11.290301046246503, 47.422074641823919 ], [ 11.290298633130519, 47.422074582756508 ], [ 11.290271876993302, 47.422086412017592 ], [ 11.29023113108264, 47.422111597684122 ], [ 11.290213943761014, 47.422145000779324 ], [ 11.290214237839349, 47.422161276672256 ], [ 11.290223120356577, 47.422195475589461 ], [ 11.290230720389793, 47.422222361815059 ], [ 11.29022634276282, 47.422246778880321 ], [ 11.290226421572799, 47.422251140582127 ], [ 11.290235448948346, 47.422274431498693 ], [ 11.290262267673446, 47.422316815487655 ], [ 11.29026642467881, 47.422318182240936 ], [ 11.290275305567535, 47.422326910395014 ], [ 11.290275411097381, 47.422332750578668 ], [ 11.290284264021551, 47.422340077613583 ], [ 11.290288587055572, 47.422344324838612 ], [ 11.290301979595707, 47.422367737722325 ], [ 11.290308943933749, 47.422391124955659 ], [ 11.290313614584006, 47.422414608632529 ], [ 11.290320576105989, 47.422437839383207 ], [ 11.290324509632853, 47.422445907136506 ], [ 11.290331790200716, 47.422461270394948 ], [ 11.29034082048774, 47.422484717783441 ], [ 11.290345603723134, 47.422508123168406 ], [ 11.290354633847011, 47.422531414051804 ], [ 11.290366154992897, 47.422578287701953 ], [ 11.290370628580392, 47.422578250465172 ], [ 11.290370708800893, 47.422582689508033 ], [ 11.290408010250644, 47.422614469775816 ], [ 11.290425320815995, 47.422626164309186 ], [ 11.290436496884602, 47.422634873344876 ], [ 11.290456288230704, 47.422656675087602 ], [ 11.290458511788428, 47.422665456846694 ], [ 11.290458988964046, 47.422691859078242 ], [ 11.290454743287258, 47.422691894421206 ], [ 11.290450514523954, 47.422699172035962 ], [ 11.290452932303044, 47.422712393687739 ], [ 11.290464142435924, 47.422735745566513 ], [ 11.290468637033271, 47.422743029715704 ], [ 11.290470781797852, 47.422747451571936 ], [ 11.290473227590859, 47.422762076139975 ], [ 11.290469511135994, 47.422791393336574 ], [ 11.290461053807238, 47.422806106869174 ], [ 11.290448443472009, 47.422819530974515 ], [ 11.290443019503169, 47.422824328846424 ], [ 11.29043556896265, 47.422831244714963 ], [ 11.290422929066734, 47.422843033854107 ], [ 11.290412462079786, 47.422860802471035 ], [ 11.290401913431653, 47.42287405290427 ], [ 11.290395637222829, 47.422888748276193 ], [ 11.290385249042744, 47.422910878591701 ], [ 11.290377725348083, 47.42292005449648 ], [ 11.290370036072439, 47.422945589269254 ], [ 11.290368831195172, 47.42298041540581 ], [ 11.290391390761052, 47.423022210590084 ], [ 11.29045160637761, 47.42308986465504 ], [ 11.290500761039173, 47.423136111994097 ], [ 11.290514204529511, 47.423162327128047 ], [ 11.290515702612881, 47.423181710505453 ], [ 11.290524634905436, 47.423218789034493 ], [ 11.290533502336743, 47.423252131766368 ], [ 11.290575805907968, 47.423313079236195 ], [ 11.290609510810176, 47.423355404007566 ], [ 11.290645004820673, 47.423401532958529 ], [ 11.290756773619224, 47.423546569464825 ], [ 11.290782375530609, 47.423591377593944 ], [ 11.290782766967194, 47.423613027813978 ], [ 11.29078331329467, 47.423643244952338 ], [ 11.290780570479274, 47.423688289112491 ], [ 11.2907806437715, 47.423762128359208 ], [ 11.290801260886322, 47.423823412833386 ], [ 11.290799196309072, 47.423823430026019 ], [ 11.290797220797515, 47.423841127962582 ], [ 11.29079432720229, 47.423871528451578 ], [ 11.290791942572261, 47.423898265719259 ], [ 11.290796188345622, 47.423898230363072 ], [ 11.290798466942077, 47.423910050014335 ], [ 11.290802852045081, 47.423911416647414 ], [ 11.290822866384028, 47.423939212232618 ], [ 11.290827217757478, 47.423945017056312 ], [ 11.290834023450735, 47.423959605306003 ], [ 11.290836434275285, 47.423978590712217 ], [ 11.290836687986987, 47.423999072786174 ], [ 11.29083700624491, 47.424016674267826 ], [ 11.290837439685475, 47.424034195638193 ], [ 11.290840054505015, 47.424051855347628 ], [ 11.290840371333681, 47.424069377688973 ], [ 11.290844820167116, 47.424087022124922 ], [ 11.290847602307631, 47.424107484941075 ], [ 11.290845508758666, 47.424125104708573 ], [ 11.290845827020936, 47.424142706189798 ], [ 11.290852684814107, 47.424160174058677 ], [ 11.2908747383521, 47.424186394795655 ], [ 11.290883504477042, 47.424195203008153 ], [ 11.290888351198884, 47.424215646829886 ], [ 11.290884245201955, 47.424236167010228 ], [ 11.290878306583583, 47.424256779805781 ], [ 11.290867798902775, 47.424278754649876 ], [ 11.290867984772463, 47.424289033871382 ], [ 11.290863730638916, 47.424294912158771 ], [ 11.290866344050473, 47.424312492726564 ], [ 11.290879631721809, 47.424330063550293 ], [ 11.290892773223701, 47.424346000380794 ], [ 11.29091458619358, 47.424359058691216 ], [ 11.290926218421378, 47.424367609171824 ], [ 11.29093435997804, 47.424373538929586 ], [ 11.290951892069202, 47.424390995242668 ], [ 11.290965176959199, 47.424408409574326 ], [ 11.290969855043933, 47.424425974741986 ], [ 11.290972354566593, 47.424443558054492 ], [ 11.290981278442866, 47.424461086059715 ], [ 11.290988136323701, 47.424478553918917 ], [ 11.290990523289906, 47.424496215521479 ], [ 11.290993072282113, 47.424516680274692 ], [ 11.29099344410599, 47.424537240514731 ], [ 11.290993814531591, 47.424557723413258 ], [ 11.290992006354257, 47.424578222658603 ], [ 11.290991497049655, 47.424619975996947 ], [ 11.290999342648917, 47.424653949619128 ], [ 11.291020229683779, 47.424698172736782 ], [ 11.291020494500774, 47.42471281545464 ], [ 11.291016396830875, 47.424727492710105 ], [ 11.291012303207813, 47.424742247284755 ], [ 11.29099386295988, 47.424795211467433 ], [ 11.290985627730544, 47.424815766042123 ], [ 11.29097751388352, 47.424849482226854 ], [ 11.290971105222873, 47.424856857166297 ], [ 11.290971478441305, 47.424877494746703 ], [ 11.290981021821011, 47.42492282513566 ], [ 11.29098136690768, 47.424941906893338 ], [ 11.290992120137293, 47.424946257038208 ], [ 11.290994520957653, 47.424952078100993 ], [ 11.290998897807192, 47.424959285854619 ], [ 11.291005543089064, 47.424964994211265 ], [ 11.291005917753628, 47.424985710931203 ], [ 11.291006288157357, 47.4250061920294 ], [ 11.291017445526444, 47.425026585079095 ], [ 11.291028602904252, 47.42504697812754 ], [ 11.291041942898364, 47.425067428548971 ], [ 11.29105761930019, 47.425096586017546 ], [ 11.29105989786367, 47.425108250955418 ], [ 11.291058202442771, 47.425128828412674 ], [ 11.291049851971563, 47.425149461303803 ], [ 11.291035189557533, 47.425170067617401 ], [ 11.291022591795258, 47.425190658530795 ], [ 11.291018489829691, 47.425211256032071 ], [ 11.291016792958668, 47.425231754348403 ], [ 11.291014984803738, 47.425252255390433 ], [ 11.291011109363353, 47.425272773651329 ], [ 11.291009301352192, 47.42529342939816 ], [ 11.291000949438015, 47.425313984944019 ], [ 11.290995009319273, 47.425334518602192 ], [ 11.29098884004522, 47.425355133320672 ], [ 11.290978306859577, 47.425375707032494 ], [ 11.290961574198411, 47.425402328142837 ], [ 11.290959585788402, 47.425406707059317 ], [ 11.290957511580897, 47.425412644545922 ], [ 11.290948752689953, 47.42541700069976 ], [ 11.290934091594726, 47.42543768614037 ], [ 11.290927922285409, 47.425458300855468 ], [ 11.290914834619601, 47.425470716194859 ], [ 11.29089824525945, 47.425486355558888 ], [ 11.290894218934616, 47.425492230149928 ], [ 11.290896575103011, 47.425508334152369 ], [ 11.290898960691855, 47.425525918412127 ], [ 11.290897263766166, 47.425546416725972 ], [ 11.290895570920778, 47.425566994157755 ], [ 11.290891464829627, 47.425587514334296 ], [ 11.290887475352184, 47.425608033539469 ], [ 11.290882393635933, 47.42565068123038 ], [ 11.290876988174404, 47.425675572783703 ], [ 11.290861948637547, 47.425694392298922 ], [ 11.290847025707057, 47.425713210841025 ], [ 11.290839005805207, 47.425739527314043 ], [ 11.290844757233589, 47.42577188137259 ], [ 11.290839633715791, 47.425831277254211 ], [ 11.290842361170151, 47.425848856868313 ], [ 11.290848988640708, 47.425866328449573 ], [ 11.290858029341283, 47.42588385548752 ], [ 11.290866956113449, 47.425901385272411 ], [ 11.290882421388092, 47.42591885880455 ], [ 11.290893822110649, 47.42593679612434 ], [ 11.290911171974525, 47.425953748463769 ], [ 11.290943925015572, 47.425981439725035 ], [ 11.290946185141943, 47.425985781457342 ], [ 11.29096614545111, 47.426010540899938 ], [ 11.290970663092537, 47.426019226184231 ], [ 11.290977304421707, 47.42603101129005 ], [ 11.290979750488399, 47.426045634038289 ], [ 11.290979961763973, 47.426057316194182 ], [ 11.290977807253007, 47.426058814641287 ], [ 11.290965210660227, 47.426079482888312 ], [ 11.290950547960277, 47.426100089189852 ], [ 11.290935772712677, 47.426120775578767 ], [ 11.290918698151234, 47.42614140376228 ], [ 11.290906330670408, 47.426161990942347 ], [ 11.290895797296347, 47.426182564645103 ], [ 11.290883085276244, 47.426203156490786 ], [ 11.290874965158761, 47.426223787446695 ], [ 11.290862572778364, 47.426262056307472 ], [ 11.290869430863131, 47.426279524166951 ], [ 11.290876176415757, 47.426297072115148 ], [ 11.290883035908365, 47.426314617315086 ], [ 11.290887882869722, 47.426335062926633 ], [ 11.290888254676322, 47.426355623160788 ], [ 11.290879990232902, 47.426393780291363 ], [ 11.290880309930571, 47.426411459106852 ], [ 11.290885103362282, 47.426428944159525 ], [ 11.290889898228409, 47.426446508352015 ], [ 11.290902953038822, 47.426463924601578 ], [ 11.290914173943239, 47.426481512628129 ], [ 11.290921032074651, 47.426498980483551 ], [ 11.290927779072252, 47.426516605769166 ], [ 11.290934521845791, 47.426533997231331 ], [ 11.290943564123662, 47.426551603399574 ], [ 11.290956734377941, 47.426569097833259 ], [ 11.290969904608481, 47.426586590466655 ], [ 11.290976765422894, 47.426604058296128 ], [ 11.290983625022823, 47.426621605287238 ], [ 11.290988303321104, 47.426639170445988 ], [ 11.29099734280525, 47.426656620127915 ], [ 11.29100179049103, 47.426674185407919 ], [ 11.291015077414871, 47.426691678862824 ], [ 11.291035145057107, 47.42672235580757 ], [ 11.291039716319853, 47.426734001645841 ], [ 11.291048351715148, 47.42673541021955 ], [ 11.291050743070166, 47.426747151568023 ], [ 11.29105111354666, 47.42676763445828 ], [ 11.291047124016684, 47.426788151866376 ], [ 11.291045314577929, 47.42680873026719 ], [ 11.291041437645521, 47.426829171182874 ], [ 11.291033089559432, 47.42684980404659 ], [ 11.291026921531135, 47.426870496104279 ], [ 11.291020978606232, 47.426891029781558 ], [ 11.291016190232217, 47.42691178949898 ], [ 11.291009940167481, 47.426966053478225 ], [ 11.291005658047119, 47.426983146399586 ], [ 11.290995560685198, 47.427008780405608 ], [ 11.29099596774063, 47.42703128676299 ], [ 11.291003475896446, 47.427059186467559 ], [ 11.291019036949887, 47.427069182915012 ], [ 11.291036876386515, 47.427078224950044 ], [ 11.291082040492277, 47.427100437650047 ], [ 11.291099894198078, 47.42711656905653 ], [ 11.291106186876304, 47.427128121400102 ], [ 11.291108679396977, 47.427139005623211 ], [ 11.291134781782754, 47.427148057963976 ], [ 11.29119678417509, 47.427187264957368 ], [ 11.291223962546935, 47.42719864509661 ], [ 11.291274232441369, 47.427236391936198 ], [ 11.291294539041898, 47.427248608238067 ], [ 11.291322895942152, 47.427255382322471 ], [ 11.291356020296618, 47.427258999167471 ], [ 11.291413140375491, 47.427269507355227 ], [ 11.291463335261833, 47.427284199920315 ], [ 11.291497728860659, 47.427300970562904 ], [ 11.291558071423065, 47.42731830566693 ], [ 11.291624184303533, 47.427330917282205 ], [ 11.291669254053545, 47.427341446623664 ], [ 11.291708646759957, 47.427368146887517 ], [ 11.291742047903629, 47.427393493932058 ], [ 11.291796569194226, 47.427406281221749 ], [ 11.291840516969268, 47.427424529972079 ], [ 11.29186820290529, 47.427457636546265 ], [ 11.291894998833984, 47.427498539808838 ], [ 11.291915345370182, 47.427519244718376 ], [ 11.291971465518492, 47.427556787770804 ], [ 11.291987422232408, 47.427569585286363 ], [ 11.292032373979451, 47.427605352360757 ], [ 11.292049209685791, 47.427616037815184 ], [ 11.292084835957244, 47.427637471567898 ], [ 11.292159299545052, 47.427648613690423 ], [ 11.292190860502018, 47.427654736619367 ], [ 11.292222422899396, 47.427660938679622 ], [ 11.292254021982625, 47.427669165996541 ], [ 11.292285432582648, 47.427679573355356 ], [ 11.292317068518718, 47.42768998062499 ], [ 11.292345570928104, 47.427704621669832 ], [ 11.29237082019714, 47.427717185118894 ], [ 11.292399512460189, 47.427729719843406 ], [ 11.292421664735405, 47.427742386467202 ], [ 11.292443857758636, 47.427757155671166 ], [ 11.292466007253955, 47.427769667603393 ], [ 11.29248842559263, 47.427784434919133 ], [ 11.292510616034301, 47.42779920593054 ], [ 11.292539196106214, 47.427818127682137 ], [ 11.292545546449785, 47.427820256780521 ], [ 11.292558361196217, 47.427830664493825 ], [ 11.292570757544958, 47.427830561074479 ], [ 11.292570914149378, 47.427839205323529 ], [ 11.292583573884494, 47.427841202629772 ], [ 11.292615173130804, 47.427849429845729 ], [ 11.292646618572466, 47.427849167486805 ], [ 11.292678027636592, 47.42785318862461 ], [ 11.292709550709144, 47.42785721060141 ], [ 11.292760009235336, 47.427867383338608 ], [ 11.292772671634552, 47.427869380601727 ], [ 11.292801096781957, 47.427879891883322 ], [ 11.292851826307748, 47.427905016647252 ], [ 11.292870647472737, 47.427904859578732 ], [ 11.292883466540982, 47.427915501077699 ], [ 11.292899150117892, 47.427919498684844 ], [ 11.292921183688554, 47.427919314798395 ], [ 11.292927614324437, 47.427925726407288 ], [ 11.29292788320951, 47.427927983592596 ], [ 11.292975031141136, 47.427939194851696 ], [ 11.293027361863928, 47.427951298264546 ], [ 11.293075009592958, 47.427926755596978 ], [ 11.293119639097208, 47.427906519507189 ], [ 11.29312817750241, 47.427902710099502 ], [ 11.293168727113008, 47.427885391698688 ], [ 11.2932533019732, 47.427871832433532 ], [ 11.293265732835481, 47.427861057523913 ], [ 11.293271894217353, 47.427858903158942 ], [ 11.293293734318739, 47.427848049689096 ], [ 11.293301062337759, 47.427834358174557 ], [ 11.293334686520806, 47.427796066492959 ], [ 11.293364947589325, 47.427774784581622 ], [ 11.293427143561233, 47.427754946764367 ], [ 11.293464563066577, 47.427748636733817 ], [ 11.293492867839811, 47.4277462200915 ], [ 11.293499103638361, 47.427741884815291 ], [ 11.293530278430589, 47.427733133624272 ], [ 11.293574038730199, 47.427715709114217 ], [ 11.293583372935082, 47.427711347956908 ], [ 11.2935925905171, 47.427706987772808 ], [ 11.293642664846672, 47.427695975781852 ], [ 11.293655289101464, 47.427695870341651 ], [ 11.293686773981237, 47.427697787645414 ], [ 11.293718177573794, 47.427701653837794 ], [ 11.293749778311136, 47.427709958081898 ], [ 11.293812670895909, 47.427715820643833 ], [ 11.293844116246987, 47.427715557957072 ], [ 11.293875367252832, 47.42771101188427 ], [ 11.293906775858458, 47.427708723915899 ], [ 11.293938181654905, 47.427706281256178 ], [ 11.293948855154719, 47.427706192081658 ], [ 11.293969626999139, 47.427706018535005 ], [ 11.293976512956966, 47.427705961002708 ], [ 11.294001072342926, 47.427705755805206 ], [ 11.294032480015716, 47.427709699230491 ], [ 11.294063924629944, 47.427715824414967 ], [ 11.294095642050063, 47.427724127588803 ], [ 11.294127164358628, 47.42773453350982 ], [ 11.294158687959149, 47.427744863857235 ], [ 11.294190288789894, 47.427753167979134 ], [ 11.294221929191778, 47.427763652039204 ], [ 11.294262862057989, 47.427773903722546 ], [ 11.294288223834601, 47.427780077884037 ], [ 11.29430696916998, 47.427782025936736 ], [ 11.294307045492305, 47.427786231147778 ], [ 11.29431955579525, 47.427786126586852 ], [ 11.294321283527394, 47.427792809484103 ], [ 11.294375705481968, 47.427800066531823 ], [ 11.294467607472386, 47.427804205752892 ], [ 11.294498936248573, 47.427803943861001 ], [ 11.294530381645814, 47.427803680985619 ], [ 11.294580568976953, 47.427798899060626 ], [ 11.294593153676193, 47.427796613570315 ], [ 11.29462761915333, 47.427785731644676 ], [ 11.294655425880539, 47.427768441902806 ], [ 11.294683311002133, 47.427749046775226 ], [ 11.294711310074094, 47.427729650688015 ], [ 11.294745428792547, 47.427712230793354 ], [ 11.294773581409562, 47.427695015483344 ], [ 11.294804716372324, 47.427684084000788 ], [ 11.294835778183948, 47.427675256045973 ], [ 11.294867185318116, 47.427672890473524 ], [ 11.294898513397072, 47.427666317905654 ], [ 11.294930033675687, 47.42767018279023 ], [ 11.294961478989292, 47.427669919797189 ], [ 11.294992849957433, 47.427671839493833 ], [ 11.295024333461026, 47.42767367908867 ], [ 11.295055701750275, 47.427675596991605 ], [ 11.295115686975686, 47.42767930108068 ], [ 11.295131372243389, 47.427683532226688 ], [ 11.295159000324256, 47.427681665902789 ], [ 11.29526176883077, 47.42769007413937 ], [ 11.295318503079825, 47.427698245028083 ], [ 11.295375262836876, 47.427707818824238 ], [ 11.2954085520884, 47.427720625543444 ], [ 11.295441827127675, 47.427745195437339 ], [ 11.295518131775701, 47.427788018547062 ], [ 11.295598672830723, 47.427817722686072 ], [ 11.295718693704213, 47.427853405093039 ], [ 11.29573128185965, 47.427857582928503 ], [ 11.295788014236123, 47.427871907667928 ], [ 11.295813376265844, 47.427878083288924 ], [ 11.295835415958162, 47.427884362270675 ], [ 11.295860780103659, 47.427896923990041 ], [ 11.29586383889982, 47.427894718105755 ], [ 11.295876577165084, 47.42789461146652 ], [ 11.295952249700846, 47.427915320194934 ], [ 11.295986835364243, 47.427923598831889 ], [ 11.295993302445678, 47.427925724963117 ], [ 11.296002748520682, 47.427927671445566 ], [ 11.296006079695497, 47.427934031480007 ], [ 11.296024900853448, 47.427933873893593 ], [ 11.296040432627468, 47.427935924123929 ], [ 11.296046860075617, 47.427935870306399 ], [ 11.296084696398383, 47.427946224620186 ], [ 11.296151911556221, 47.427962641679713 ], [ 11.29618273690042, 47.427970697200905 ], [ 11.296185635672085, 47.427971135245301 ], [ 11.296198241513451, 47.427973002182917 ], [ 11.2962298399804, 47.427981151056407 ], [ 11.296343505466545, 47.428014392745716 ], [ 11.296387692390025, 47.428026874046211 ], [ 11.29643187917101, 47.428039200624653 ], [ 11.296507898875063, 47.428066292204711 ], [ 11.296536247730364, 47.428078828771227 ], [ 11.296564710570621, 47.428091364375767 ], [ 11.296596310570788, 47.428099590488472 ], [ 11.296637516633242, 47.428118407238252 ], [ 11.296650180640045, 47.428120481412819 ], [ 11.296659669282921, 47.428124764267103 ], [ 11.29666183788426, 47.428124044523109 ], [ 11.296693980836501, 47.428143169246397 ], [ 11.29670730136595, 47.428162530824636 ], [ 11.296737286708501, 47.428201771023616 ], [ 11.296802612559212, 47.428221553100514 ], [ 11.296818717769815, 47.428229907193476 ], [ 11.296831193568973, 47.428234165001619 ], [ 11.296844046700942, 47.428240366065687 ], [ 11.296859770534368, 47.42824669957642 ], [ 11.296872549404986, 47.428255083336026 ], [ 11.296885176010536, 47.428261363646911 ], [ 11.296897802651802, 47.428267645755007 ], [ 11.296910464878319, 47.428276028689019 ], [ 11.296923246579203, 47.428284567125395 ], [ 11.296935910089491, 47.42829287449166 ], [ 11.296948804362964, 47.428301334628621 ], [ 11.296961392341574, 47.428311900255636 ], [ 11.296977423341303, 47.428322437024605 ], [ 11.296996285143923, 47.428330767988946 ], [ 11.297005967013853, 47.428339255043781 ], [ 11.297021806110898, 47.42834551021307 ], [ 11.297034355811391, 47.428353971429551 ], [ 11.297050307480562, 47.428360148298268 ], [ 11.297062934132279, 47.428366428589136 ], [ 11.297075562227512, 47.428372788018507 ], [ 11.297088224540175, 47.428381172730951 ], [ 11.297104217280095, 47.428389605079545 ], [ 11.297135855815927, 47.428399933644812 ], [ 11.297145384065807, 47.428406241698049 ], [ 11.297170481662047, 47.428410391865178 ], [ 11.297192401437773, 47.428410208111849 ], [ 11.29721772454891, 47.428407815545711 ], [ 11.297267761347896, 47.42840100813568 ], [ 11.297289911374497, 47.4284072103585 ], [ 11.297308773288879, 47.428415543069335 ], [ 11.297330924701727, 47.428421820826799 ], [ 11.297356174441921, 47.428427919694776 ], [ 11.2973749957685, 47.428427761885509 ], [ 11.297390834902457, 47.428434015204566 ], [ 11.297412986365345, 47.428440294744661 ], [ 11.297431768888382, 47.428444265747117 ], [ 11.297450938526659, 47.428450570282969 ], [ 11.297476074455281, 47.428456822986107 ], [ 11.29750132157805, 47.42846292184408 ], [ 11.297526494743741, 47.428464813669017 ], [ 11.297543470248232, 47.428470435014951 ], [ 11.297551782984275, 47.428473169801592 ], [ 11.297577111238237, 47.428477317945344 ], [ 11.297602206083701, 47.428481313334871 ], [ 11.297624164213049, 47.428483233900657 ], [ 11.297661962902646, 47.428491483286031 ], [ 11.297671413230558, 47.428493508747316 ], [ 11.297706343781796, 47.428508170098972 ], [ 11.297709869504567, 47.428525197779798 ], [ 11.297713392611932, 47.428542227281326 ], [ 11.297713703253713, 47.428559281928798 ], [ 11.297720095474533, 47.42857621001184 ], [ 11.297726717020725, 47.428593211725122 ], [ 11.297739653567204, 47.428610239620816 ], [ 11.297749258209254, 47.428627138957836 ], [ 11.297751597533438, 47.428629533471216 ], [ 11.297765408420704, 47.42864406074245 ], [ 11.29777489676713, 47.428654574926668 ], [ 11.297787791262863, 47.428663034967194 ], [ 11.297794220857998, 47.428675755084761 ], [ 11.297803712033668, 47.428686423948982 ], [ 11.297813391280703, 47.428694756251204 ], [ 11.297822842719617, 47.428703243370848 ], [ 11.297832563093408, 47.428713832956909 ], [ 11.297845345081715, 47.428722373086629 ], [ 11.297861221254339, 47.428730651601107 ], [ 11.297876986309735, 47.428739087550554 ], [ 11.297892938160004, 47.428745262501444 ], [ 11.297908663477108, 47.428751516703656 ], [ 11.29792756267663, 47.428762029277038 ], [ 11.297937283082303, 47.428772618853898 ], [ 11.297953314416047, 47.428783155483167 ], [ 11.297959513759945, 47.428789491397097 ], [ 11.297965903951816, 47.428793643633249 ], [ 11.297975701188806, 47.428808594915814 ], [ 11.297979113046798, 47.428825623542949 ], [ 11.297976321238787, 47.428842626865254 ], [ 11.297970208504228, 47.428859814554698 ], [ 11.297967420784142, 47.428876896994353 ], [ 11.297964631620435, 47.428893900294042 ], [ 11.297971140755218, 47.42891098208753 ], [ 11.297980976124474, 47.428927879468638 ], [ 11.297997007228762, 47.428944802219306 ], [ 11.298003399840921, 47.428955342357654 ], [ 11.298012965363617, 47.428963830303061 ], [ 11.298025862341767, 47.428978676421394 ], [ 11.298041896159338, 47.428995600941803 ], [ 11.298051617593824, 47.429012499272616 ], [ 11.298064437725309, 47.429029528107506 ], [ 11.298077257664302, 47.429046400437471 ], [ 11.298090192994492, 47.429063349150788 ], [ 11.298099914658067, 47.429080403980493 ], [ 11.298112848594647, 47.429097275349783 ], [ 11.298125671417321, 47.429114304155043 ], [ 11.298132291754587, 47.429131228500665 ], [ 11.298145113182539, 47.429148179962283 ], [ 11.298154946002072, 47.429165077349325 ], [ 11.298164668914076, 47.429182053010805 ], [ 11.298171178150382, 47.429199134791361 ], [ 11.298183998165351, 47.429216007108394 ], [ 11.298193951895955, 47.429233137335345 ], [ 11.298203556799285, 47.429250036630641 ], [ 11.298213393749757, 47.429267013129703 ], [ 11.298232644982834, 47.429296682873158 ], [ 11.298229468204886, 47.429298814256128 ], [ 11.298236050503045, 47.42930724806606 ], [ 11.29824251762092, 47.429315761994232 ], [ 11.298251970514807, 47.429324173511439 ], [ 11.298261614195944, 47.429336943981049 ], [ 11.298277531792644, 47.429347481518789 ], [ 11.298290158826257, 47.429353761670704 ], [ 11.298302936782674, 47.429362067924501 ], [ 11.298315677998566, 47.429368503620317 ], [ 11.29832520512209, 47.429374732432372 ], [ 11.298334769363477, 47.429383143008174 ], [ 11.298344336225709, 47.42939155176223 ], [ 11.298353789318297, 47.429400117975455 ], [ 11.298363621083299, 47.429410551874454 ], [ 11.298376327645308, 47.429421193702503 ], [ 11.298389068478052, 47.429433860812537 ], [ 11.298405064427845, 47.42944229475075 ], [ 11.298417613201371, 47.429450678469507 ], [ 11.298430395463571, 47.429459218531001 ], [ 11.298446271950096, 47.429467496961152 ], [ 11.298458975891947, 47.429478138801983 ], [ 11.29847164134042, 47.42948652333434 ], [ 11.298484534709184, 47.429494904153131 ], [ 11.298500412657617, 47.429503261715439 ], [ 11.298513041197658, 47.429509620982039 ], [ 11.298522491486132, 47.429518030699711 ], [ 11.298538524606894, 47.429528646383211 ], [ 11.298541738122131, 47.429534928178491 ], [ 11.298551188637312, 47.429536951766671 ], [ 11.298573225282171, 47.429543152894013 ], [ 11.298595377349656, 47.429549432200098 ], [ 11.298611177219144, 47.42955350540246 ], [ 11.298620630416909, 47.429562073391544 ], [ 11.298630271585999, 47.429568301220641 ], [ 11.298643012688899, 47.429574580375892 ], [ 11.298655678189663, 47.429582964887395 ], [ 11.29867469446161, 47.429593476353759 ], [ 11.298684183532769, 47.429597759036326 ], [ 11.298697194628257, 47.429612447614772 ], [ 11.298703625804999, 47.429631632943561 ], [ 11.298710209663865, 47.429640145864845 ], [ 11.298716561514317, 47.429648583380668 ], [ 11.298738984674687, 47.429669580850877 ], [ 11.29874220107593, 47.429676019121239 ], [ 11.29874537913749, 47.42968035478939 ], [ 11.298758196803679, 47.429697227060899 ], [ 11.298759838180931, 47.429705391116634 ], [ 11.2987617229506, 47.429714254702901 ], [ 11.298771443543043, 47.429731232130116 ], [ 11.298774969696684, 47.429748259771536 ], [ 11.298775280727329, 47.429765316208737 ], [ 11.298774586933895, 47.429802865253713 ], [ 11.298792046380223, 47.4298538921961 ], [ 11.298794682642489, 47.429872564315694 ], [ 11.298811788868962, 47.429897968770234 ], [ 11.298840957496466, 47.429948976531755 ], [ 11.298860801042363, 47.429992194168918 ], [ 11.298909581279148, 47.430029795455539 ], [ 11.29895979956996, 47.430070656858128 ], [ 11.298997869836203, 47.43008747172216 ], [ 11.299007321911036, 47.430089574411554 ], [ 11.299013748044517, 47.430095829210657 ], [ 11.299026336992622, 47.430100006677023 ], [ 11.299035746624064, 47.430099927644704 ], [ 11.299035902888766, 47.430108494532725 ], [ 11.299042330595771, 47.430108440545396 ], [ 11.299051296997483, 47.430115454732416 ], [ 11.299061309866053, 47.430123158105545 ], [ 11.299077266094484, 47.430142186054276 ], [ 11.299106430080434, 47.430180419737468 ], [ 11.299116034156077, 47.430190853684557 ], [ 11.29911909686014, 47.430195111159065 ], [ 11.299122387549565, 47.43019936851735 ], [ 11.299160497447847, 47.430224596488564 ], [ 11.299170026237018, 47.430230902568866 ], [ 11.299173822710848, 47.430262884049782 ], [ 11.299167511612058, 47.430262937064903 ], [ 11.299167666488083, 47.430271426611149 ], [ 11.29916468571289, 47.43028430305143 ], [ 11.29915911337107, 47.430293463129857 ], [ 11.29915506209427, 47.430329327816857 ], [ 11.299156620076964, 47.430358055887311 ], [ 11.299169886484423, 47.43037422456635 ], [ 11.29919029838894, 47.430392045779222 ], [ 11.299191785971082, 47.430404416967392 ], [ 11.299190737402849, 47.430416109685112 ], [ 11.299180330783166, 47.430424608800209 ], [ 11.299116072541164, 47.430463549870531 ], [ 11.299070031219573, 47.430500700887862 ], [ 11.299120525792262, 47.430518891854248 ], [ 11.299156984527482, 47.430566799938674 ], [ 11.299200284516763, 47.430605927635213 ], [ 11.29926538049774, 47.430631785149387 ], [ 11.299375920526952, 47.430675800358898 ], [ 11.299420168003566, 47.430710323800668 ], [ 11.299461412346712, 47.430737317045669 ], [ 11.29954115323004, 47.430754328437772 ], [ 11.299613271330202, 47.430768520187861 ], [ 11.299740887789159, 47.430785985357858 ], [ 11.299872168193797, 47.430802876314992 ], [ 11.299947744061546, 47.430811586296549 ], [ 11.299974728496871, 47.430812138360672 ], [ 11.300006562879613, 47.430814207496717 ], [ 11.300047994962815, 47.43081385914568 ], [ 11.300132622254489, 47.430809252936939 ], [ 11.300278752476894, 47.430803273165004 ], [ 11.30029750495541, 47.430799299971689 ], [ 11.300427259353368, 47.43078909537941 ], [ 11.300464493047764, 47.430728570934356 ], [ 11.300570663028811, 47.43065274790299 ], [ 11.300612183855719, 47.430619683655607 ], [ 11.300615917540469, 47.430616693040413 ], [ 11.300682562801347, 47.430582794972842 ], [ 11.300749192206004, 47.430554272137584 ], [ 11.300787931314069, 47.430544676403201 ], [ 11.300833740656286, 47.4305389949497 ], [ 11.300905656804847, 47.430535896479959 ], [ 11.300962468982327, 47.430548115061768 ], [ 11.301098221757048, 47.430564731318853 ], [ 11.301254216491422, 47.430583591145613 ], [ 11.301350546812106, 47.430603733835149 ], [ 11.301874601216733, 47.430713196753153 ], [ 11.301943866329625, 47.430722115084855 ], [ 11.30203718805982, 47.430728339205046 ], [ 11.302142043968004, 47.430725118932926 ], [ 11.302204391419982, 47.430726151417637 ], [ 11.30224349950625, 47.43073049542037 ], [ 11.302288475915329, 47.43074187765346 ], [ 11.302320418891821, 47.430750021944029 ], [ 11.302476669874075, 47.430789052704739 ], [ 11.302605765516132, 47.430818186127404 ], [ 11.302718036640591, 47.430837412555697 ], [ 11.302774453619042, 47.430846829073673 ], [ 11.302810264030429, 47.430852915047808 ], [ 11.30294615932824, 47.430877238036331 ], [ 11.303016438359533, 47.43087259599335 ], [ 11.30308097503598, 47.430848840369443 ], [ 11.303101048760521, 47.430841894570236 ], [ 11.303138076003219, 47.430826705283351 ], [ 11.303175261204451, 47.430813772281979 ], [ 11.303212328342592, 47.43080076291136 ], [ 11.30326511600347, 47.430781234786714 ], [ 11.303336421800278, 47.430751035789122 ], [ 11.303373644376098, 47.430746514103227 ], [ 11.303410980955372, 47.430741993242265 ], [ 11.303488678466252, 47.430734951535342 ], [ 11.303504133860612, 47.430726407627844 ], [ 11.303522955972529, 47.430726248803495 ], [ 11.303531720807635, 47.430728590777129 ], [ 11.303560449732824, 47.430736526186585 ], [ 11.303598171033423, 47.430740413713593 ], [ 11.303663821233201, 47.430752556373463 ], [ 11.303682336904767, 47.430748116908319 ], [ 11.303704257609079, 47.430747931903127 ], [ 11.303710491645139, 47.430743671642027 ], [ 11.303747791297063, 47.430743356830746 ], [ 11.303785093598988, 47.430743041984961 ], [ 11.30383799972844, 47.430736209291304 ], [ 11.303847446346781, 47.430731923704137 ], [ 11.303859688162419, 47.430729717445296 ], [ 11.303872118923612, 47.430719018742636 ], [ 11.303881261689083, 47.430710450717825 ], [ 11.303893730034334, 47.430708165190033 ], [ 11.303902950107078, 47.430703958863724 ], [ 11.303940401817925, 47.43069935950524 ], [ 11.303999506464741, 47.430692551762512 ], [ 11.3040023739653, 47.430686139630104 ], [ 11.304014731158588, 47.43068400973366 ], [ 11.304070541105899, 47.43066017252039 ], [ 11.304073329803105, 47.430643246431842 ], [ 11.304073135582227, 47.430632654300013 ], [ 11.304082121968147, 47.430628138721062 ], [ 11.304094862010901, 47.43062187708864 ], [ 11.304132045903726, 47.430615254357747 ], [ 11.304169613203866, 47.43061696272003 ], [ 11.304207030806941, 47.430616724116298 ], [ 11.304264354158528, 47.43061296963473 ], [ 11.304282178645838, 47.430611611143313 ], [ 11.304349793660997, 47.430583738988226 ], [ 11.304362033701089, 47.430575223918687 ], [ 11.304377641481508, 47.43056878332883 ], [ 11.304386744644072, 47.430564421445773 ], [ 11.30442446732976, 47.430568387841177 ], [ 11.30447783890725, 47.430586942513223 ], [ 11.304499531586115, 47.430586759281887 ], [ 11.304555693166696, 47.430588465160376 ], [ 11.304558673151826, 47.430581974710606 ], [ 11.304571067452242, 47.430581870011551 ], [ 11.304577266926765, 47.430575586222986 ], [ 11.304580360918177, 47.430569096608501 ], [ 11.304586363743493, 47.430558452127592 ], [ 11.304592446914278, 47.430558400739578 ], [ 11.304629821273437, 47.430549594162045 ], [ 11.304688927077473, 47.430542863406622 ], [ 11.304688848501744, 47.430538580869381 ], [ 11.304710577977556, 47.430534191439193 ], [ 11.304713829105603, 47.430536266895572 ], [ 11.30476011544661, 47.430518895931726 ], [ 11.304769604601582, 47.430516790185941 ], [ 11.304775645964549, 47.430508248293407 ], [ 11.304790842501685, 47.43050453826708 ], [ 11.3048164273407, 47.430491235030253 ], [ 11.304856349275086, 47.43043995800879 ], [ 11.304994822554177, 47.430392131348057 ], [ 11.305015102155092, 47.430383859476002 ], [ 11.305032193508165, 47.430376938542324 ], [ 11.30506291160091, 47.430361956658665 ], [ 11.305100091348686, 47.430342559598465 ], [ 11.305133941906858, 47.430323190665554 ], [ 11.305168020359229, 47.430303817997334 ], [ 11.305201876390738, 47.430284605502969 ], [ 11.30523599342596, 47.430267337211262 ], [ 11.305266746750846, 47.430248071773384 ], [ 11.305307102068868, 47.430232851850171 ], [ 11.305350404822397, 47.430215585021166 ], [ 11.30536899613961, 47.430215427844622 ], [ 11.305378214554429, 47.430211142261058 ], [ 11.305415781600734, 47.430212850216854 ], [ 11.305468767035284, 47.43021037665288 ], [ 11.305490610285085, 47.43020598611232 ], [ 11.305527949379115, 47.430207695958799 ], [ 11.305565171406712, 47.430203175363616 ], [ 11.305618116788219, 47.430198521792043 ], [ 11.305630586355139, 47.430196313417582 ], [ 11.305639958566802, 47.430194052083415 ], [ 11.305677140081551, 47.430181120097757 ], [ 11.30570785315491, 47.430159674604106 ], [ 11.305751190964159, 47.430138120527467 ], [ 11.305776095974016, 47.430137909885246 ], [ 11.305844805129583, 47.430141534575547 ], [ 11.305869750219006, 47.430143505650172 ], [ 11.305881985135542, 47.430128525182873 ], [ 11.305887991719979, 47.43011795795389 ], [ 11.305900268126157, 47.430105236562909 ], [ 11.305909445010084, 47.430098693657392 ], [ 11.305931326803059, 47.430096405630842 ], [ 11.306006080398978, 47.430097876168361 ], [ 11.306040706237683, 47.430108177003689 ], [ 11.306075141541962, 47.430120659717893 ], [ 11.306103338258348, 47.430130935775985 ], [ 11.30613180444756, 47.430143468976397 ], [ 11.306150552929751, 47.430151722040129 ], [ 11.306160039856476, 47.430155849416288 ], [ 11.306166430853356, 47.430160001188504 ], [ 11.306178825048798, 47.430159896316354 ], [ 11.306194627608292, 47.430170277223787 ], [ 11.306232119536343, 47.430174244976953 ], [ 11.306269418758104, 47.430173929348165 ], [ 11.306307023881685, 47.430171506395382 ], [ 11.306344285686061, 47.43016901078159 ], [ 11.306409547861932, 47.430160046759454 ], [ 11.306418727567724, 47.430153660294351 ], [ 11.306431157672055, 47.430142961317813 ], [ 11.306452499447339, 47.430123697863344 ], [ 11.306496305046815, 47.430127610293106 ], [ 11.306517994873373, 47.43012742670367 ], [ 11.306555445934734, 47.430122826494951 ], [ 11.306614472236877, 47.430111810417614 ], [ 11.306629924888043, 47.430109499328701 ], [ 11.306667494739905, 47.430111361556662 ], [ 11.306705025090784, 47.43011727524906 ], [ 11.306742478357339, 47.430119140238354 ], [ 11.306779777534519, 47.430118824443809 ], [ 11.306817463385185, 47.430126994413278 ], [ 11.306854992534859, 47.430132985419874 ], [ 11.306886214729206, 47.430139108971211 ], [ 11.306917548222659, 47.430145229772691 ], [ 11.306948841666161, 47.430149172426333 ], [ 11.306980021105465, 47.430153114237953 ], [ 11.30701131594742, 47.430157132416845 ], [ 11.307042613477664, 47.430161152363347 ], [ 11.307095825890926, 47.430164828392506 ], [ 11.307111400087257, 47.4301689814871 ], [ 11.307142385572336, 47.430168719048766 ], [ 11.307148658568076, 47.430160254220183 ], [ 11.307161050479005, 47.43015368398332 ], [ 11.307167053594886, 47.430149427288129 ], [ 11.307176387053588, 47.430145063232182 ], [ 11.307191920482813, 47.430140803165173 ], [ 11.307207565039683, 47.430136387448584 ], [ 11.307221152154677, 47.430132534226871 ], [ 11.307222864983384, 47.430131972850035 ], [ 11.307285258430031, 47.430129341401539 ], [ 11.307301500505119, 47.43013247602709 ], [ 11.307316594645904, 47.430135463869824 ], [ 11.30734793029383, 47.430147895107226 ], [ 11.307379378476014, 47.430160246230663 ], [ 11.307385768373761, 47.430164477096291 ], [ 11.307392008228856, 47.430166604509566 ], [ 11.307423305226061, 47.430176933129509 ], [ 11.307479659887505, 47.430189150560508 ], [ 11.307492168730366, 47.430195275994706 ], [ 11.307507892080999, 47.430195142771176 ], [ 11.307507970917554, 47.430199427103695 ], [ 11.307548485319233, 47.430199083816291 ], [ 11.307554680285635, 47.430192720752011 ], [ 11.3075546401704, 47.430190540814564 ], [ 11.307557701450891, 47.430188489303717 ], [ 11.307566919713697, 47.430184205344055 ], [ 11.307572920468488, 47.430173483369721 ], [ 11.307597630589859, 47.430162682008614 ], [ 11.307628848633529, 47.430156186048329 ], [ 11.30765983176429, 47.430149458212114 ], [ 11.307690970439968, 47.430144988478645 ], [ 11.307721842427334, 47.430138416273707 ], [ 11.307753252549638, 47.43014235771895 ], [ 11.307784468615017, 47.43014209315281 ], [ 11.307815648108976, 47.43014603473673 ], [ 11.307846864175952, 47.430145770153572 ], [ 11.307909184983506, 47.430145241905429 ], [ 11.307940518594854, 47.430151362426415 ], [ 11.307968908533226, 47.430165921388692 ], [ 11.308009774175453, 47.430184657784494 ], [ 11.308022319632309, 47.430186577001898 ], [ 11.308034834068179, 47.430192858834609 ], [ 11.308069303559856, 47.430200978306701 ], [ 11.308094322557968, 47.430200766194396 ], [ 11.308094361271481, 47.430202868790474 ], [ 11.308103737229276, 47.430207151652908 ], [ 11.308110128383618, 47.430211303315566 ], [ 11.308113151672222, 47.430213380607491 ], [ 11.308144798732563, 47.430242711533175 ], [ 11.308154443541206, 47.430255403809085 ], [ 11.308185891973093, 47.430267754709227 ], [ 11.308257740171706, 47.430273533413889 ], [ 11.308264053440016, 47.430279788652655 ], [ 11.30827966283633, 47.430279656289585 ], [ 11.308342057588836, 47.430276945102982 ], [ 11.308373196278881, 47.430272475184196 ], [ 11.308413554396454, 47.43026364386624 ], [ 11.308419636747074, 47.430257360862214 ], [ 11.308435129509579, 47.430257229467124 ], [ 11.308485282316305, 47.430263035523488 ], [ 11.308497798216232, 47.430269392847372 ], [ 11.308528860218376, 47.430266949107924 ], [ 11.308559923642228, 47.430264582701099 ], [ 11.308591137548099, 47.430258009160752 ], [ 11.308622277397525, 47.430253460012445 ], [ 11.308653493520527, 47.430253195209211 ], [ 11.308684481691436, 47.430252932331278 ], [ 11.308715811789376, 47.430252666544206 ], [ 11.308746992872479, 47.430256687013369 ], [ 11.308778171077035, 47.430260550993466 ], [ 11.308831445806781, 47.430261266483463 ], [ 11.308875077452059, 47.430261909064264 ], [ 11.308884452024433, 47.43026611272262 ], [ 11.308906450823468, 47.430276363328112 ], [ 11.308922460389343, 47.43028557461173 ], [ 11.308928376093409, 47.430288953134628 ], [ 11.308950491736912, 47.430299357446323 ], [ 11.308972687570128, 47.430313968720746 ], [ 11.309000922500978, 47.430326425818571 ], [ 11.309057632011989, 47.430357724085454 ], [ 11.30905457363157, 47.430359930317891 ], [ 11.30907335646066, 47.430363976763871 ], [ 11.309085868178087, 47.430370101999848 ], [ 11.309104573505177, 47.43036994324985 ], [ 11.30911096621595, 47.430374173995496 ], [ 11.309157596228253, 47.430369493235446 ], [ 11.309173168315848, 47.43036733549615 ], [ 11.309204344317473, 47.430364890606143 ], [ 11.309235640669941, 47.430368830812093 ], [ 11.309297881541172, 47.430364096639124 ], [ 11.309321437370851, 47.430359145761443 ], [ 11.309328982860453, 47.430357601206701 ], [ 11.309360004649269, 47.430352975507169 ], [ 11.309390951786845, 47.430344301089399 ], [ 11.309422131840442, 47.430341933458813 ], [ 11.309453230245689, 47.430335281512306 ], [ 11.309484330102217, 47.43032870869699 ], [ 11.309515200572889, 47.430322060467773 ], [ 11.309546455811693, 47.43031758924063 ], [ 11.309577594385392, 47.430313117196654 ], [ 11.309608696558888, 47.430312853100894 ], [ 11.309639912707853, 47.430312588028841 ], [ 11.309671091304189, 47.430310142989768 ], [ 11.309702233679134, 47.430312058804653 ], [ 11.309733566196783, 47.430318103290794 ], [ 11.309786822970874, 47.430330345896678 ], [ 11.309801584439716, 47.430334115165202 ], [ 11.309856128097602, 47.430353747519909 ], [ 11.309960465191546, 47.430390872224642 ], [ 11.310051847861448, 47.430422733545448 ], [ 11.310115687835216, 47.430436132735082 ], [ 11.310161753462255, 47.430438078144483 ], [ 11.310211262669112, 47.430433840209815 ], [ 11.3102512570991, 47.43043030732229 ], [ 11.310294598595714, 47.430415218572321 ], [ 11.310425492173431, 47.430355141617476 ], [ 11.310520022413954, 47.430308617148114 ], [ 11.310564666053621, 47.43028954343864 ], [ 11.310627646111564, 47.430262681078702 ], [ 11.310742345852692, 47.430220658542162 ], [ 11.310832511897187, 47.430186475450988 ], [ 11.310921714455938, 47.430162428337781 ], [ 11.310959234504445, 47.430155410168524 ], [ 11.310990490598902, 47.430157169960232 ], [ 11.311021670327516, 47.430161110670376 ], [ 11.311046729444376, 47.430169388422243 ], [ 11.311071870312155, 47.430181948675475 ], [ 11.31109716376111, 47.430196454044932 ], [ 11.31110147044131, 47.430199689634492 ], [ 11.311119279695463, 47.43021316850858 ], [ 11.311141360888016, 47.430227857692067 ], [ 11.311166539213442, 47.430242443177221 ], [ 11.311188771815401, 47.430259156635145 ], [ 11.31121089045568, 47.430275871058022 ], [ 11.311233049377234, 47.430294765411482 ], [ 11.31125210711088, 47.430313686138462 ], [ 11.311271278627409, 47.430332451188228 ], [ 11.311290265366075, 47.43035355458904 ], [ 11.311312384044966, 47.430370267192899 ], [ 11.311334465357078, 47.430384956337903 ], [ 11.311362854916201, 47.430399437110509 ], [ 11.311394226480896, 47.43040758193623 ], [ 11.31142548554123, 47.430415806862477 ], [ 11.311456898947473, 47.430419901971391 ], [ 11.311488116284407, 47.430425867806065 ], [ 11.3115193753366, 47.430434090907845 ], [ 11.311550709556293, 47.430440212236107 ], [ 11.311582199229413, 47.430448433358599 ], [ 11.31161334028655, 47.430456581884563 ], [ 11.311644716002776, 47.430464803959524 ], [ 11.311676087648763, 47.430472948707433 ], [ 11.311707460766886, 47.430481172586248 ], [ 11.311738758777505, 47.430491500019976 ], [ 11.311770016477277, 47.430499645711855 ], [ 11.311807703380643, 47.430507815831348 ], [ 11.311845274856422, 47.430515907768822 ], [ 11.311882767392859, 47.430519871870224 ], [ 11.311920302914587, 47.43052601766982 ], [ 11.311957945448222, 47.430531928688133 ], [ 11.311995365547574, 47.430537996293651 ], [ 11.312032705296316, 47.430539860521087 ], [ 11.312070464478813, 47.430545770509511 ], [ 11.3121078430759, 47.430549735507221 ], [ 11.312145220248464, 47.430553623151816 ], [ 11.312182790616122, 47.430555485367016 ], [ 11.312220242895934, 47.430557269423318 ], [ 11.312226562409748, 47.430557526829119 ], [ 11.31225769925884, 47.430559130785703 ], [ 11.312295112662076, 47.430558812224199 ], [ 11.312344957761084, 47.43055410459047 ], [ 11.3123635114619, 47.430551764523472 ], [ 11.312373037763638, 47.430551683402847 ], [ 11.312419355102193, 47.430530103230083 ], [ 11.312444225476131, 47.430534174636051 ], [ 11.312481951393831, 47.430544447126117 ], [ 11.312519521808849, 47.430552618003745 ], [ 11.312556974096275, 47.430554401949983 ], [ 11.312594506823112, 47.430560391047642 ], [ 11.312663218363799, 47.430564088984454 ], [ 11.312666354395763, 47.430566087842976 ], [ 11.312697886203821, 47.430582878301756 ], [ 11.312732359366253, 47.430597305114162 ], [ 11.312773188108581, 47.430613937202807 ], [ 11.312782753429795, 47.430622269212208 ], [ 11.312801540710311, 47.430626392362704 ], [ 11.312839069433341, 47.430632304061319 ], [ 11.312876485532556, 47.430631985287143 ], [ 11.312913978223744, 47.430635949050036 ], [ 11.312988891238852, 47.430645981878925 ], [ 11.31302673131651, 47.430656253216988 ], [ 11.313057911483845, 47.430660193369697 ], [ 11.313089169515143, 47.430668340498066 ], [ 11.313120581729198, 47.430672356009417 ], [ 11.313151761912652, 47.430676296136454 ], [ 11.31318302139911, 47.430684520579931 ], [ 11.313211293401785, 47.430692613971559 ], [ 11.313239533602674, 47.430705147334145 ], [ 11.31327098490371, 47.430717574168639 ], [ 11.313315027850456, 47.430740411887548 ], [ 11.313330830613522, 47.43074456039038 ], [ 11.313335825171189, 47.430747710880588 ], [ 11.31338780149605, 47.430765183161753 ], [ 11.31346143291421, 47.430792751576021 ], [ 11.313559830177722, 47.430825172724525 ], [ 11.313566068922816, 47.430827222458234 ], [ 11.313579924014993, 47.430831700542456 ], [ 11.313597595449178, 47.430837547436262 ], [ 11.313628971693337, 47.430845768963692 ], [ 11.313660190951277, 47.430851811543683 ], [ 11.313691410249568, 47.430857855913786 ], [ 11.313722818536926, 47.430861793940508 ], [ 11.31373406514774, 47.430861698037319 ], [ 11.313753920995238, 47.430861528717926 ], [ 11.313785101335247, 47.430865468671435 ], [ 11.313816360797505, 47.43086738237043 ], [ 11.313847616178784, 47.430869218742636 ], [ 11.313910170010033, 47.430875073170498 ], [ 11.313941233741421, 47.430879014076091 ], [ 11.313972764453938, 47.4308894162683 ], [ 11.314010336778919, 47.430903818061104 ], [ 11.314022847747735, 47.430903711344897 ], [ 11.314029314698713, 47.430912067879902 ], [ 11.31406665474039, 47.430913929643651 ], [ 11.314110146983497, 47.430900861937772 ], [ 11.314116305199239, 47.430898706479766 ], [ 11.314128777211659, 47.430896497160006 ], [ 11.314141167228895, 47.430890005336558 ], [ 11.3141910167907, 47.430891682988602 ], [ 11.314222432148885, 47.430902008743232 ], [ 11.314253883795111, 47.430914435305112 ], [ 11.314269607581878, 47.430920609923668 ], [ 11.314272711972086, 47.430927048715034 ], [ 11.314288712610425, 47.430948020591266 ], [ 11.314304713261597, 47.430968992465118 ], [ 11.314326909921581, 47.430989990621278 ], [ 11.314346010625298, 47.431011013391029 ], [ 11.314362129678004, 47.431038372171344 ], [ 11.314378323726684, 47.431063625586141 ], [ 11.314410093090512, 47.431099339865227 ], [ 11.314422718353892, 47.431105540903047 ], [ 11.314451114656274, 47.431120175559151 ], [ 11.314482296944597, 47.431130503231337 ], [ 11.314513711034584, 47.431140749764822 ], [ 11.314545046009439, 47.431146870268321 ], [ 11.314576378090969, 47.431152834282862 ], [ 11.314601481284555, 47.431163291158725 ], [ 11.31461740119695, 47.431173747257155 ], [ 11.314620465236411, 47.431178006105945 ], [ 11.314630266235069, 47.431199030848077 ], [ 11.3146399559146, 47.431220056539466 ], [ 11.314643448642979, 47.431241291627813 ], [ 11.314653252613686, 47.431268625115209 ], [ 11.314655731335403, 47.431272342090644 ], [ 11.314672510924131, 47.431298137333563 ], [ 11.314679249380793, 47.431314982363034 ], [ 11.314685488226596, 47.431317032034933 ], [ 11.31471070580506, 47.431333796683042 ], [ 11.314738948228973, 47.43135256107638 ], [ 11.31476734210111, 47.431367195674554 ], [ 11.314795737205706, 47.431381752902077 ], [ 11.314824128207979, 47.431396231005579 ], [ 11.314846014889543, 47.431406637933399 ], [ 11.31486828956047, 47.431425530594588 ], [ 11.314896764130461, 47.431444370320072 ], [ 11.314925195648721, 47.431461030128759 ], [ 11.314956493424964, 47.431471279332619 ], [ 11.314987792614071, 47.431481604070072 ], [ 11.315038029581657, 47.431491846248377 ], [ 11.315053603311449, 47.431495919116209 ], [ 11.315066075806998, 47.431500020262142 ], [ 11.315072352466322, 47.431504249867331 ], [ 11.31508494156089, 47.431508348216667 ], [ 11.315087935126433, 47.43150894687551 ], [ 11.315103841875743, 47.431512392671543 ], [ 11.315106375546724, 47.431519070171497 ], [ 11.315107097941882, 47.431520855715746 ], [ 11.315109507391016, 47.431520835140695 ], [ 11.31511318120452, 47.431520803768727 ], [ 11.315141573835795, 47.431535360931555 ], [ 11.315169966449325, 47.43154991628856 ], [ 11.315198285599553, 47.431566656140987 ], [ 11.315223387077584, 47.431583149132791 ], [ 11.315248992159873, 47.43160220845845 ], [ 11.315277155447141, 47.431616688394342 ], [ 11.315302450982857, 47.431631349321862 ], [ 11.315327631119287, 47.431645933876382 ], [ 11.315359122505189, 47.431660464517925 ], [ 11.31539057608474, 47.431672813397661 ], [ 11.315418817322739, 47.431685346213733 ], [ 11.315444075533492, 47.431704135923951 ], [ 11.315466274391907, 47.431725211192102 ], [ 11.31549145318329, 47.431739718368952 ], [ 11.31553247261469, 47.43175424492064 ], [ 11.315538711951957, 47.431762603314219 ], [ 11.315554474744467, 47.431764571574654 ], [ 11.315595108728434, 47.43177061054844 ], [ 11.315607581330378, 47.431774711634503 ], [ 11.31563879828791, 47.431774444922929 ], [ 11.315641821960188, 47.431776522012917 ], [ 11.315667195285496, 47.431789079271027 ], [ 11.315692411965031, 47.431805766357115 ], [ 11.315736575322468, 47.431834986441501 ], [ 11.315749046481754, 47.431839008372492 ], [ 11.31578061857641, 47.431851589990465 ], [ 11.315811912188659, 47.431855451071918 ], [ 11.315842980751555, 47.431859470573052 ], [ 11.31587419775701, 47.431859203797039 ], [ 11.315879477902588, 47.431859158672843 ], [ 11.315905531391754, 47.431858936015765 ], [ 11.315936520438228, 47.43185867117095 ], [ 11.315967737442334, 47.43185840436945 ], [ 11.316027194456829, 47.431870591084042 ], [ 11.316024250042293, 47.431872641821919 ], [ 11.316046449202528, 47.431893716974919 ], [ 11.31606864812626, 47.431914635620572 ], [ 11.316090848503473, 47.431935631602535 ], [ 11.316095040181986, 47.431938788835133 ], [ 11.31611610850816, 47.431954498502051 ], [ 11.316141482543596, 47.431973366220106 ], [ 11.316163639596089, 47.431992025775962 ], [ 11.316188935556475, 47.432006686503833 ], [ 11.316220316285198, 47.432021372560634 ], [ 11.31624867359109, 47.432040135598825 ], [ 11.31627702777077, 47.43205258988452 ], [ 11.316308366635621, 47.432065018644884 ], [ 11.3163398611898, 47.432079548989527 ], [ 11.31637138752895, 47.432089794053681 ], [ 11.316402573411276, 47.432100121172255 ], [ 11.31643402774945, 47.432112626263944 ], [ 11.31647156252607, 47.432124922847045 ], [ 11.316477916985573, 47.43212705058464 ], [ 11.316484193832178, 47.432131280110738 ], [ 11.316496895727434, 47.432135299987202 ], [ 11.316525019406214, 47.432147756182651 ], [ 11.316550510277363, 47.432166621011795 ], [ 11.316578828724058, 47.43218328137641 ], [ 11.316610359827324, 47.432199914258092 ], [ 11.316641776397635, 47.432210237539678 ], [ 11.31667005175118, 47.432224717973178 ], [ 11.316717198917656, 47.432247680739472 ], [ 11.316736026169803, 47.432253907626112 ], [ 11.316754734772381, 47.432253747600548 ], [ 11.316761124199203, 47.432257898795349 ], [ 11.316823213512068, 47.432251058911888 ], [ 11.316854586435706, 47.432252893459435 ], [ 11.316885961400661, 47.432261115904922 ], [ 11.316917105507962, 47.432269183811762 ], [ 11.316948522435295, 47.432279663511281 ], [ 11.316976756788844, 47.432285653371871 ], [ 11.317005152992257, 47.432300210041802 ], [ 11.317030253086569, 47.432310587259543 ], [ 11.317052451986253, 47.432325196942116 ], [ 11.317077591209301, 47.432337678537586 ], [ 11.317102659627389, 47.432352341010457 ], [ 11.317143644145563, 47.432371073131954 ], [ 11.317162468582884, 47.432377143467562 ], [ 11.317199612923126, 47.432368413913345 ], [ 11.317202745942145, 47.43236410210244 ], [ 11.317230864565298, 47.432363861471885 ], [ 11.317230944196966, 47.432368145790342 ], [ 11.317246440188915, 47.432368013177452 ], [ 11.317259223883404, 47.432382703394438 ], [ 11.317259303483992, 47.432386985914242 ], [ 11.317271892956208, 47.432391084020026 ], [ 11.317272128919466, 47.432403778696496 ], [ 11.317284754828535, 47.432409979413016 ], [ 11.317284951712452, 47.432420571499883 ], [ 11.317294133746097, 47.432420492917053 ], [ 11.317294369681511, 47.432433185794736 ], [ 11.317306994980722, 47.432433077742076 ], [ 11.317344373221346, 47.432430654911158 ], [ 11.317394421224837, 47.432442923245013 ], [ 11.317419324584954, 47.432442710088445 ], [ 11.317430229579365, 47.432442616747096 ], [ 11.317456855896358, 47.43244238883463 ], [ 11.317531337899814, 47.432429054564608 ], [ 11.317534430398059, 47.432422564613347 ], [ 11.317546709241658, 47.432416228081209 ], [ 11.317559220555671, 47.432416120976555 ], [ 11.31755914233522, 47.43241191399926 ], [ 11.317605969634561, 47.432411513116257 ], [ 11.317609263815941, 47.432422001333308 ], [ 11.317615465903232, 47.432428334361411 ], [ 11.317625148946712, 47.432436664957699 ], [ 11.317631544682291, 47.432447281326965 ], [ 11.317650409737102, 47.432455531511792 ], [ 11.317650567564041, 47.432464019209526 ], [ 11.31766923783432, 47.432468067009836 ], [ 11.317684926031037, 47.432472138540085 ], [ 11.31768845294682, 47.432489010887124 ], [ 11.317695241935814, 47.432514500858623 ], [ 11.317705008630186, 47.432539731476616 ], [ 11.317727444556075, 47.432573344466334 ], [ 11.317733720117102, 47.4325774965818 ], [ 11.317743214572632, 47.432588086412771 ], [ 11.317743253673706, 47.432590189001907 ], [ 11.317762548502655, 47.432615415384781 ], [ 11.317772315248545, 47.432640645996223 ], [ 11.317791654013654, 47.432674362845489 ], [ 11.317798010708747, 47.432682876615495 ], [ 11.317801379823241, 47.432691261261098 ], [ 11.317823735739633, 47.432714435851032 ], [ 11.317854999043869, 47.432728890405947 ], [ 11.317880374038033, 47.432747755930755 ], [ 11.317912067133188, 47.432779186685671 ], [ 11.317921829943787, 47.432791799774236 ], [ 11.317921909599276, 47.432796082292903 ], [ 11.317944108207151, 47.432816923223193 ], [ 11.317969409843638, 47.432837969633269 ], [ 11.318013655017072, 47.432871473136871 ], [ 11.318019853150243, 47.432877730622451 ], [ 11.318023148143514, 47.432881985602592 ], [ 11.318035931472036, 47.432890366963669 ], [ 11.31803612559909, 47.432900802567183 ], [ 11.318048678287598, 47.432909184103316 ], [ 11.31806487615223, 47.432934516111494 ], [ 11.318077662137318, 47.432955437635066 ], [ 11.318109510012192, 47.432989047285723 ], [ 11.318112848976044, 47.433001792733812 ], [ 11.318125322028258, 47.433005891742894 ], [ 11.318125479968067, 47.433014381237271 ], [ 11.318110612562384, 47.433048311870429 ], [ 11.318103367850837, 47.43305990312782 ], [ 11.318100559102604, 47.433094041682565 ], [ 11.31811601016727, 47.433103880685792 ], [ 11.318143227950246, 47.433104503828467 ], [ 11.318151635189075, 47.433112221086638 ], [ 11.318176641249526, 47.433129765708742 ], [ 11.318198050188444, 47.433138929444127 ], [ 11.318211091261468, 47.433142635013851 ], [ 11.318240545934863, 47.433146354680574 ], [ 11.318260730576617, 47.433151556902857 ], [ 11.318281004085842, 47.43316766154328 ], [ 11.318293187198595, 47.433186951200383 ], [ 11.318302086928416, 47.433220991250529 ], [ 11.318345151790819, 47.433314559488984 ], [ 11.318367498475256, 47.433374109773091 ], [ 11.318381770749081, 47.433388553251262 ], [ 11.318398590167707, 47.43339783362417 ], [ 11.318402421407754, 47.433412523062806 ], [ 11.31840041477318, 47.433434193713552 ], [ 11.318387791001479, 47.433452916975128 ], [ 11.318388396798758, 47.433485470223808 ], [ 11.318408845870048, 47.433510999615507 ], [ 11.318441242904811, 47.433537049052042 ], [ 11.318487773847931, 47.43356383365056 ], [ 11.318569008493178, 47.433623503503057 ], [ 11.31861317352292, 47.433652645106697 ], [ 11.318655403371158, 47.433707430523228 ], [ 11.318679943221589, 47.433761432103701 ], [ 11.318694579696427, 47.433783039270743 ], [ 11.318728140762, 47.433809934929229 ], [ 11.318780792864548, 47.433918842863925 ], [ 11.318813422868242, 47.433963505297655 ], [ 11.318841918753719, 47.433977359081631 ], [ 11.318835961039724, 47.433996415613414 ], [ 11.318829920362754, 47.434005035591547 ], [ 11.318823840275183, 47.434011396478702 ], [ 11.318826181305345, 47.434032330092819 ], [ 11.318827686399233, 47.434045245943558 ], [ 11.318846432154691, 47.434047189981371 ], [ 11.318846549595747, 47.434053497745076 ], [ 11.318852633143445, 47.43405344559757 ], [ 11.318865302871718, 47.434061826039901 ], [ 11.318865695823272, 47.434082931058128 ], [ 11.31886299148011, 47.434104141778342 ], [ 11.318863387311319, 47.434125401477829 ], [ 11.318863716467746, 47.434143080122944 ], [ 11.318863778822982, 47.434146429155128 ], [ 11.31886456764115, 47.434188795670927 ], [ 11.318883906210472, 47.434222433178405 ], [ 11.318893399756368, 47.434232945566556 ], [ 11.318912263622282, 47.434234964135271 ], [ 11.31891230277218, 47.434237066723043 ], [ 11.318922548191958, 47.434238693253683 ], [ 11.318946728710937, 47.434242614456778 ], [ 11.318949722211308, 47.434243056510333 ], [ 11.318987412837336, 47.434251222438007 ], [ 11.319024832294653, 47.434257212200606 ], [ 11.319062364878105, 47.43425689041193 ], [ 11.319121353919497, 47.434243765300316 ], [ 11.319149397262603, 47.43424555041635 ], [ 11.319174497856086, 47.434249618388314 ], [ 11.31917136341556, 47.434253851112068 ], [ 11.319190463146549, 47.434274795722175 ], [ 11.319206469678528, 47.434295923358292 ], [ 11.31922568607388, 47.434316866962014 ], [ 11.319241689718286, 47.434337838112867 ], [ 11.319260678438267, 47.434358940168018 ], [ 11.319285978462865, 47.434379831591336 ], [ 11.319305082376887, 47.43440085349917 ], [ 11.319321121730244, 47.434417618485767 ], [ 11.319343399277079, 47.434436510246655 ], [ 11.319365444779283, 47.434455326640226 ], [ 11.319390746332564, 47.434476295380108 ], [ 11.31941608210917, 47.434492980621123 ], [ 11.319441303917122, 47.434509666834003 ], [ 11.319488685866153, 47.434538937010778 ], [ 11.31949488698918, 47.434545192590711 ], [ 11.319504419002758, 47.434551498751318 ], [ 11.31951073411388, 47.434557753352678 ], [ 11.31951716321128, 47.434564006975918 ], [ 11.31953324831307, 47.434589339738309 ], [ 11.319546038170948, 47.434610415766308 ], [ 11.319562042032778, 47.434631386869796 ], [ 11.319578161366964, 47.434652436132389 ], [ 11.31959404714409, 47.434673329092305 ], [ 11.319610055401236, 47.434694534009203 ], [ 11.319623351123251, 47.434736636720345 ], [ 11.319639436329703, 47.434761969466351 ], [ 11.319648732749322, 47.434761889714153 ], [ 11.319648889469166, 47.434770300062723 ], [ 11.319667722962345, 47.434782912535994 ], [ 11.319671012675848, 47.434787012806936 ], [ 11.319677524308295, 47.434797550711373 ], [ 11.319680625499387, 47.434803912027618 ], [ 11.3196841974015, 47.434829272967661 ], [ 11.319678590982337, 47.434854791801612 ], [ 11.319675847182921, 47.434880129571575 ], [ 11.319676320273544, 47.43490551709646 ], [ 11.319676715035737, 47.434926701245715 ], [ 11.319680403581636, 47.434952061184674 ], [ 11.319686956236225, 47.434977319198715 ], [ 11.319699944168896, 47.43500275586036 ], [ 11.319709826317464, 47.43502798710707 ], [ 11.319716498283592, 47.435053244095528 ], [ 11.319726699716622, 47.435095607197539 ], [ 11.319736152930346, 47.435103937785676 ], [ 11.319768004381675, 47.4351374695826 ], [ 11.319771297008218, 47.435141724531519 ], [ 11.319774358780515, 47.435145826754976 ], [ 11.319780716097684, 47.435154340406932 ], [ 11.319790599722175, 47.435179647187567 ], [ 11.319800372054548, 47.43520495672108 ], [ 11.31981049085408, 47.435242880819487 ], [ 11.319813788541058, 47.435253523644924 ], [ 11.319820063111468, 47.435257596501458 ], [ 11.319823515184611, 47.435270263571965 ], [ 11.319826886233091, 47.435278725491415 ], [ 11.319829836914433, 47.435282983372566 ], [ 11.319836306802214, 47.435291418702349 ], [ 11.319839793944039, 47.435306109242511 ], [ 11.319840270037076, 47.435331653244212 ], [ 11.319821918134673, 47.435357126738914 ], [ 11.319797485132895, 47.435382650608396 ], [ 11.319766933974625, 47.435418898085807 ], [ 11.319742263159435, 47.435431806445479 ], [ 11.319739326059768, 47.435446629458895 ], [ 11.319733243827967, 47.435446760793916 ], [ 11.319859049780993, 47.435550755558353 ], [ 11.320259274258275, 47.435836140677125 ], [ 11.320595740107095, 47.436100260155015 ], [ 11.32062507903186, 47.436109900407892 ], [ 11.320656535314294, 47.436122326966952 ], [ 11.320697288269928, 47.436134673678332 ], [ 11.320703681128952, 47.436138824622169 ], [ 11.320719332458834, 47.43614710189852 ], [ 11.320741536512516, 47.436168098736623 ], [ 11.320757621223962, 47.43619335217312 ], [ 11.320773703333627, 47.436218607428543 ], [ 11.320792693082264, 47.436239552711015 ], [ 11.320815092535646, 47.436264908407999 ], [ 11.320821292577833, 47.436271086571082 ], [ 11.320824663818737, 47.436279546659485 ], [ 11.320834040437404, 47.436283751120158 ], [ 11.320865693415874, 47.436300459130791 ], [ 11.320893860749846, 47.436314937645548 ], [ 11.320922336018631, 47.436333698505663 ], [ 11.320953870972245, 47.436350330152649 ], [ 11.320975878996618, 47.436360812216115 ], [ 11.321010748675393, 47.436383801322116 ], [ 11.321042328125728, 47.436408923405374 ], [ 11.321070921214645, 47.436433991984465 ], [ 11.321112030592175, 47.436465418295583 ], [ 11.321121370642981, 47.436467518325223 ], [ 11.321124898942914, 47.436484390544983 ], [ 11.321131455140321, 47.436509648440591 ], [ 11.321135030821365, 47.436535167600496 ], [ 11.321148015480704, 47.436560370262917 ], [ 11.321170410878244, 47.436585492066364 ], [ 11.321192692577835, 47.436610771347198 ], [ 11.321224156785195, 47.436635815217983 ], [ 11.321255850444558, 47.436660934461415 ], [ 11.321284880236744, 47.436703135624974 ], [ 11.321288136147425, 47.436711519337251 ], [ 11.321288610077486, 47.436736908640313 ], [ 11.321283361501758, 47.436787816046689 ], [ 11.321299446359841, 47.43681930261755 ], [ 11.321305841899083, 47.436829839625311 ], [ 11.321312471862271, 47.43684668518496 ], [ 11.321321768644408, 47.436846605294448 ], [ 11.321322085561295, 47.436863582456809 ], [ 11.321310360036078, 47.436899591206092 ], [ 11.321313735188397, 47.436914361812384 ], [ 11.321320091492796, 47.43692279623378 ], [ 11.321320408443558, 47.436939775194531 ], [ 11.321320802416452, 47.43696088018654 ], [ 11.321308685451339, 47.436982170042086 ], [ 11.321296685117479, 47.437003458894011 ], [ 11.321281353761528, 47.437024699015232 ], [ 11.321272566369942, 47.437045962054405 ], [ 11.321254648084651, 47.437088410131295 ], [ 11.321255043476944, 47.437109592463784 ], [ 11.321255517397693, 47.437134981765332 ], [ 11.32125897359013, 47.437160343641743 ], [ 11.321265568356582, 47.437181551855481 ], [ 11.321269177900536, 47.437202629215697 ], [ 11.321266356265621, 47.437223761838368 ], [ 11.321260552319195, 47.437244920087458 ], [ 11.321260949193263, 47.437266181558556 ], [ 11.321258360835094, 47.437287312176267 ], [ 11.321252554227927, 47.437308470447569 ], [ 11.321249736675959, 47.437329680387371 ], [ 11.321240722684959, 47.437351022723021 ], [ 11.321231815628579, 47.437372128482231 ], [ 11.321222800179717, 47.43739339347583 ], [ 11.321210797069226, 47.437414682340979 ], [ 11.321195583647114, 47.437435998788715 ], [ 11.32117726863207, 47.437457343682496 ], [ 11.321162051089837, 47.437478582807977 ], [ 11.321137779110996, 47.437512751117382 ], [ 11.321132855767546, 47.437519726405306 ], [ 11.321131735497959, 47.437521214731966 ], [ 11.321129310348507, 47.437563452318841 ], [ 11.321138723899553, 47.437563371440127 ], [ 11.321138996340473, 47.437571859940626 ], [ 11.321141981319402, 47.437571834294317 ], [ 11.32114968445304, 47.437578699299095 ], [ 11.321170578014771, 47.437597059318378 ], [ 11.321208593141467, 47.437634820942776 ], [ 11.321210021059855, 47.437637456664696 ], [ 11.321211923845066, 47.437641101090996 ], [ 11.321220479422228, 47.437650452051543 ], [ 11.321236151911529, 47.437672049980563 ], [ 11.321253369613963, 47.437727281386366 ], [ 11.3212914461207, 47.437731393899867 ], [ 11.321322468850729, 47.43772053534969 ], [ 11.321353574132948, 47.437713957480383 ], [ 11.321384716043053, 47.437709484009048 ], [ 11.321415703257978, 47.437702831583401 ], [ 11.321446845155993, 47.437698358095247 ], [ 11.321477948965143, 47.437691702851794 ], [ 11.321509050115349, 47.437685047622715 ], [ 11.321561842984995, 47.43767189896883 ], [ 11.32156792459913, 47.437665615280402 ], [ 11.321570868844729, 47.437663407898818 ], [ 11.321601614023765, 47.437631443283308 ], [ 11.321604515210179, 47.437620824581629 ], [ 11.321613767626326, 47.437612256006631 ], [ 11.321613571282066, 47.437601741283736 ], [ 11.321625929111901, 47.437599454780859 ], [ 11.321628949557716, 47.437595222972298 ], [ 11.32163316932095, 47.437587631289261 ], [ 11.321634951151388, 47.437584654971431 ], [ 11.321653661615963, 47.437584494132849 ], [ 11.321675306975084, 47.43757566251417 ], [ 11.321700174955886, 47.437567037045525 ], [ 11.321706061367918, 47.437556549182979 ], [ 11.321730844069839, 47.437537253323946 ], [ 11.321767709602824, 47.437507337170011 ], [ 11.321773708270005, 47.437496614480843 ], [ 11.321782964732396, 47.437488123210152 ], [ 11.321785828977037, 47.437481633312949 ], [ 11.321788963394345, 47.437477400520173 ], [ 11.321795199425839, 47.437473141061247 ], [ 11.321795160123063, 47.437471036677834 ], [ 11.321832109447467, 47.437451715345226 ], [ 11.321835128390287, 47.437447404392074 ], [ 11.321885098331755, 47.437449077669406 ], [ 11.321913456745742, 47.437461530518455 ], [ 11.321941626466129, 47.437476087905416 ], [ 11.321973237139593, 47.437490615696575 ], [ 11.322001523772457, 47.437505326769475 ], [ 11.322029922695046, 47.437519803011831 ], [ 11.32206134619495, 47.437536514462543 ], [ 11.322092803631428, 47.437548938817159 ], [ 11.322124184962561, 47.437563391185954 ], [ 11.322171487241553, 47.437582067165408 ], [ 11.322183961690209, 47.437586165719452 ], [ 11.322190317036062, 47.437588293131924 ], [ 11.322199692517277, 47.437592418338262 ], [ 11.322209028714123, 47.437594440959352 ], [ 11.322224797354366, 47.437602717019963 ], [ 11.322237309880215, 47.437602609395931 ], [ 11.322256137038721, 47.437608835374306 ], [ 11.322254931189811, 47.437611843625099 ], [ 11.322296232541373, 47.437622665872745 ], [ 11.322328235279052, 47.437627375356371 ], [ 11.322331370651579, 47.437629296601735 ], [ 11.322359264053818, 47.437629056654337 ], [ 11.322381301484931, 47.437628867076945 ], [ 11.32239366362256, 47.437626812513194 ], [ 11.322424961121229, 47.43763067175702 ], [ 11.322456146078501, 47.437634609313548 ], [ 11.322518906757855, 47.437651049233466 ], [ 11.322578213130427, 47.437654744801925 ], [ 11.322584211682155, 47.437644023870305 ], [ 11.322596332431253, 47.437629197322465 ], [ 11.322605859981138, 47.437629115342375 ], [ 11.322611820634528, 47.43761636736707 ], [ 11.322617939972936, 47.437612108867469 ], [ 11.322636574307653, 47.437613974092919 ], [ 11.322667835402756, 47.437615885367286 ], [ 11.322699211696397, 47.437617718288813 ], [ 11.322730201409799, 47.437617451606137 ], [ 11.322761424407146, 47.437617182907459 ], [ 11.322792838842133, 47.437621197549419 ], [ 11.322823945198913, 47.43762092983755 ], [ 11.322855092312862, 47.437622842041833 ], [ 11.322921326386409, 47.437628503376985 ], [ 11.322961504464129, 47.43763454546329 ], [ 11.323011085226062, 47.437627730758315 ], [ 11.323014184332319, 47.437621472666606 ], [ 11.323029909822154, 47.437621337298374 ], [ 11.323061093370095, 47.437625197349455 ], [ 11.323092317689904, 47.437631237316516 ], [ 11.323123578843425, 47.437633150265036 ], [ 11.323186218821981, 47.437643125586817 ], [ 11.323230033181771, 47.437653342116754 ], [ 11.323248629670392, 47.437653181999138 ], [ 11.323279844558339, 47.437646525309937 ], [ 11.323310949578298, 47.437639948710157 ], [ 11.323348253885356, 47.437639627486966 ], [ 11.323373042826535, 47.43763302610629 ], [ 11.323435326186248, 47.437624078061049 ], [ 11.323435246069925, 47.437619795553132 ], [ 11.323447758595258, 47.43761968779696 ], [ 11.323447722153823, 47.437617739894385 ], [ 11.323478627445736, 47.437606725266221 ], [ 11.323516005009097, 47.437597991667744 ], [ 11.323562527479158, 47.437593383339042 ], [ 11.323596728505956, 47.437586625289853 ], [ 11.323662076882757, 47.437581933919446 ], [ 11.323671524252019, 47.437577567544565 ], [ 11.32372419694053, 47.43755803100953 ], [ 11.323733301157111, 47.437553746737457 ], [ 11.323745811063048, 47.437547407556899 ], [ 11.323783035155483, 47.437542803685169 ], [ 11.323820376127125, 47.437538353500429 ], [ 11.323857716814597, 47.437533746801016 ], [ 11.323920037877361, 47.437526823736661 ], [ 11.323929923158257, 47.437527440138041 ], [ 11.323990038859616, 47.437519132889619 ], [ 11.324046469841061, 47.437510155787656 ], [ 11.324099382864359, 47.437503468401744 ], [ 11.324188610212147, 47.437486498482571 ], [ 11.324235553241516, 47.437473631070688 ], [ 11.324323533224094, 47.437457450723876 ], [ 11.324342820835307, 47.437451441620823 ], [ 11.32436873994185, 47.437443896649711 ], [ 11.324394456127541, 47.437437833922637 ], [ 11.324420030596563, 47.437430291910758 ], [ 11.324473970255063, 47.437410898814313 ], [ 11.324516121727019, 47.437399709600129 ], [ 11.324573668474521, 47.437382933350428 ], [ 11.324621907976411, 47.437378000375375 ], [ 11.324700876995532, 47.437377319463977 ], [ 11.324750016326982, 47.43735913691944 ], [ 11.32480609840756, 47.437337778773845 ], [ 11.324821143207856, 47.437331883532003 ], [ 11.324823212875057, 47.437326024631439 ], [ 11.324834002212626, 47.437325931584454 ], [ 11.324835986787416, 47.437321474766271 ], [ 11.324872382746419, 47.437309476977525 ], [ 11.324900226548451, 47.437300513937828 ], [ 11.324934609931725, 47.437291337983361 ], [ 11.324960273404706, 47.437282469288242 ], [ 11.325016067437497, 47.437270226788279 ], [ 11.325020349157809, 47.437265827505513 ], [ 11.325035271297427, 47.437265698791414 ], [ 11.325044125534177, 47.437278786820102 ], [ 11.32505759438625, 47.43729915659533 ], [ 11.325077204226382, 47.437316435041623 ], [ 11.325096933619482, 47.437333867159261 ], [ 11.325116747861275, 47.437349742486724 ], [ 11.325132084635809, 47.437365654637304 ], [ 11.325164805720808, 47.437390298019594 ], [ 11.32517570906106, 47.437390203956987 ], [ 11.325177830797905, 47.4373930675022 ], [ 11.32520815431249, 47.437400127449287 ], [ 11.325238394238143, 47.437408668610246 ], [ 11.325268913508076, 47.437420089202519 ], [ 11.325299208910177, 47.437431589071224 ], [ 11.325329612732224, 47.437442931491518 ], [ 11.325359852701647, 47.437451472620019 ], [ 11.325390176273507, 47.437458532518491 ], [ 11.325420414811699, 47.437466996290333 ], [ 11.325450855042147, 47.437474055166092 ], [ 11.325481096873322, 47.437476753395771 ], [ 11.325511395409592, 47.437482334776419 ], [ 11.325541523257499, 47.437485033973807 ], [ 11.325571792602426, 47.437489057736776 ], [ 11.325602178842813, 47.43749323518886 ], [ 11.325632359275218, 47.437498738404948 ], [ 11.325662659255924, 47.437504395287306 ], [ 11.325692813429026, 47.437508497365407 ], [ 11.325748965299146, 47.437515334228891 ], [ 11.325749022263887, 47.437518372091539 ], [ 11.325768421929212, 47.437518204632028 ], [ 11.325768474510491, 47.437521008674551 ], [ 11.325787928458979, 47.437523877298602 ], [ 11.325805146392549, 47.437523728666292 ], [ 11.325813806617525, 47.437526458403134 ], [ 11.325843969384858, 47.437524796668392 ], [ 11.325904173852654, 47.437521238563463 ], [ 11.325903983974156, 47.437511114153708 ], [ 11.325916762297084, 47.437500723078159 ], [ 11.325929704436573, 47.437499208194275 ], [ 11.325933953910553, 47.437499171506055 ], [ 11.325994103131887, 47.437492811133254 ], [ 11.32600042214745, 47.43748691552188 ], [ 11.32601336844739, 47.437479403035724 ], [ 11.32602186919053, 47.437473488585425 ], [ 11.32602620368788, 47.437472048011941 ], [ 11.326034560021432, 47.437464654306872 ], [ 11.326043256562498, 47.437463100514528 ], [ 11.3260431747506, 47.43745873887076 ], [ 11.326053850120529, 47.437458646693067 ], [ 11.326083839214956, 47.437453948040293 ], [ 11.326133398885437, 47.437452116938054 ], [ 11.32614214648785, 47.437459362951806 ], [ 11.326155231569803, 47.437459249955737 ], [ 11.32616165306867, 47.437465037353334 ], [ 11.326170403625582, 47.437466363135485 ], [ 11.326183431708005, 47.437469288982896 ], [ 11.326196509711089, 47.437475017095245 ], [ 11.326217996338915, 47.437482075736469 ], [ 11.326239712405119, 47.437489209745202 ], [ 11.326259249395997, 47.437496362569306 ], [ 11.32627866829926, 47.43750343905694 ], [ 11.326302653817923, 47.437509152104539 ], [ 11.326322099020093, 47.437517629706434 ], [ 11.326343820701721, 47.43752492015188 ], [ 11.326369785102223, 47.437526019885297 ], [ 11.326395666190605, 47.437528755539198 ], [ 11.326421494414049, 47.437528532441391 ], [ 11.326447292243122, 47.43752683089852 ], [ 11.326473206678571, 47.437525126543662 ], [ 11.326499007406852, 47.43752357967012 ], [ 11.32653539872539, 47.437517422445509 ], [ 11.326550518228522, 47.437515656622523 ], [ 11.326565811383068, 47.437523002561733 ], [ 11.326581065334583, 47.437534475530917 ], [ 11.326594087618339, 47.437543165080726 ], [ 11.32667200841593, 47.437559939469452 ], [ 11.326706498666274, 47.437562679821212 ], [ 11.326773412312576, 47.437567942696283 ], [ 11.326803848447689, 47.437580844099188 ], [ 11.326849677501103, 47.437612616132213 ], [ 11.32686046256795, 47.437618365782335 ], [ 11.326869207646265, 47.437625611762385 ], [ 11.326923243458211, 47.437623664283947 ], [ 11.32693408259688, 47.437632293510426 ], [ 11.326934108935477, 47.437633696430474 ], [ 11.32694503721604, 47.437641000889741 ], [ 11.326979689826091, 47.437652385304553 ], [ 11.326999257623628, 47.437655098033105 ], [ 11.32701634303819, 47.437669283158023 ], [ 11.327049137842211, 47.437682474421102 ], [ 11.327109957897777, 47.437699551024394 ], [ 11.327125076043853, 47.437703782694285 ], [ 11.327135920756373, 47.437706493448509 ], [ 11.327140196843283, 47.437708014339229 ], [ 11.327166300266033, 47.437716511596228 ], [ 11.327246569966601, 47.437742144695939 ], [ 11.327250784728625, 47.437746470609092 ], [ 11.327268172318716, 47.437749281291758 ], [ 11.32726982997702, 47.437751992305394 ], [ 11.327273648907429, 47.4377535944964 ], [ 11.327295977068022, 47.437762671229812 ], [ 11.327343126265804, 47.437773089416169 ], [ 11.327400696517479, 47.437775941220416 ], [ 11.327475388614923, 47.437779735081307 ], [ 11.327559281230778, 47.437784384761599 ], [ 11.327640565258086, 47.437784538085836 ], [ 11.327662716295789, 47.437778115095782 ], [ 11.327694424154187, 47.437773167298928 ], [ 11.327713362634166, 47.437773003499117 ], [ 11.327730093178705, 47.437777532354353 ], [ 11.327758651723681, 47.437794344377743 ], [ 11.327817333879016, 47.437844231378158 ], [ 11.327874490442836, 47.437873881246517 ], [ 11.327931560997039, 47.437899092127324 ], [ 11.327941055071321, 47.43790329319156 ], [ 11.327980178413704, 47.437920324972808 ], [ 11.32806328934063, 47.437944452419174 ], [ 11.328155480868912, 47.437963050542415 ], [ 11.328202787844059, 47.437969572375849 ], [ 11.328222748572003, 47.437968777224143 ], [ 11.328247483099902, 47.437965370119187 ], [ 11.328275718605314, 47.437965125771719 ], [ 11.328301690302684, 47.437966458862576 ], [ 11.328324379909359, 47.437982618163261 ], [ 11.328382641139665, 47.438010077942273 ], [ 11.328430351632905, 47.438025788605309 ], [ 11.32850838643666, 47.43804855651701 ], [ 11.328556126063381, 47.438059749819502 ], [ 11.328559934806115, 47.43806080698694 ], [ 11.328566857186537, 47.438062616127688 ], [ 11.328577585693706, 47.438065484256434 ], [ 11.328612162226806, 47.438066586282595 ], [ 11.328642351553309, 47.438066324930709 ], [ 11.328672486688228, 47.438063182190639 ], [ 11.328702531528631, 47.438061441573154 ], [ 11.328762765722223, 47.438059441362853 ], [ 11.328793288769512, 47.438070860984261 ], [ 11.328821543893397, 47.438083778936758 ], [ 11.328860644203186, 47.438099563974241 ], [ 11.328864917427271, 47.438100928320473 ], [ 11.328880205475414, 47.438108117490088 ], [ 11.328938348209261, 47.438104732150521 ], [ 11.328940357660862, 47.438101755546654 ], [ 11.328970519156302, 47.438100013848725 ], [ 11.329000701762755, 47.438105595311349 ], [ 11.329031114976802, 47.438111172969975 ], [ 11.329061246034303, 47.438113873013741 ], [ 11.32909143273276, 47.438113611566379 ], [ 11.329121535908246, 47.438114829536232 ], [ 11.329151722606701, 47.438114568072997 ], [ 11.329181795312621, 47.438114307589203 ], [ 11.329211956840092, 47.438112567626384 ], [ 11.329291457186891, 47.43809723404739 ], [ 11.329323519642752, 47.438086752887465 ], [ 11.32934945945739, 47.438086528163517 ], [ 11.329379704507812, 47.438089227136032 ], [ 11.329409777197217, 47.438088966592552 ], [ 11.329440020762304, 47.438091586410103 ], [ 11.329470149143003, 47.438094284570695 ], [ 11.329500452469528, 47.438094022005068 ], [ 11.329530668177764, 47.438095161539408 ], [ 11.329560714494187, 47.438093499836086 ], [ 11.329621065293775, 47.438091496365431 ], [ 11.329625537584006, 47.438097377813349 ], [ 11.329640626718037, 47.438100051549291 ], [ 11.329653763633159, 47.438108739758093 ], [ 11.329651636122675, 47.438111640044632 ], [ 11.329678121712735, 47.438146460425564 ], [ 11.329682480021878, 47.438152342858984 ], [ 11.329684913588483, 47.438159643321427 ], [ 11.329685079274299, 47.438168443938721 ], [ 11.329693881727502, 47.438178571055339 ], [ 11.329697988229437, 47.438177134117957 ], [ 11.329700446722079, 47.438185758359765 ], [ 11.32971131979269, 47.438190103831332 ], [ 11.329711429745005, 47.438195943930211 ], [ 11.32972238493668, 47.438204651039086 ], [ 11.329746303251181, 47.438219009496869 ], [ 11.329770279937248, 47.438236326646134 ], [ 11.329796437239237, 47.43825370404226 ], [ 11.329822709711719, 47.438271001282232 ], [ 11.32984456442092, 47.438285454958773 ], [ 11.329866501272374, 47.438304270269093 ], [ 11.329890336203837, 47.438320109920085 ], [ 11.329914397940119, 47.438336024953102 ], [ 11.329938345402574, 47.43835178446669 ], [ 11.329962439151494, 47.438369257065695 ], [ 11.329992786261112, 47.438383559742128 ], [ 11.330023283336539, 47.438393576113512 ], [ 11.330053468869307, 47.438399157273665 ], [ 11.330083933977708, 47.438407616052409 ], [ 11.330129265957797, 47.438418906926657 ], [ 11.330129323176473, 47.4384219447848 ], [ 11.330142294488533, 47.438421832320316 ], [ 11.330142320879256, 47.438423233440197 ], [ 11.330154425526402, 47.438432007894441 ], [ 11.330166410323821, 47.438440472175635 ], [ 11.330184013155099, 47.43846088285666 ], [ 11.330203743198208, 47.43847823673601 ], [ 11.330223330217484, 47.438494190503413 ], [ 11.330245240897252, 47.438511604619151 ], [ 11.330265025258521, 47.43853183986613 ], [ 11.330284694481875, 47.43855215525997 ], [ 11.330313448594339, 47.438585475320167 ], [ 11.330317894311616, 47.438589799117565 ], [ 11.330320992309042, 47.438595769808614 ], [ 11.330353429133099, 47.438623450729054 ], [ 11.330398404282111, 47.43864027623065 ], [ 11.330422303156858, 47.438647390516422 ], [ 11.330420175667603, 47.438650290816803 ], [ 11.330422327085815, 47.438654711860899 ], [ 11.330450700867518, 47.438661787330943 ], [ 11.330450727266655, 47.438663188450626 ], [ 11.330481077625254, 47.438677647474208 ], [ 11.330511569554332, 47.438693427458553 ], [ 11.330526712195596, 47.438704980019317 ], [ 11.33053157424424, 47.438725346448713 ], [ 11.330526023548909, 47.438778048604497 ], [ 11.330526532061727, 47.438780692185084 ], [ 11.330533255935727, 47.438814593632408 ], [ 11.33053746694398, 47.438818842103956 ], [ 11.330555213093126, 47.438840652832518 ], [ 11.330579276427285, 47.43885648855936 ], [ 11.330605266011515, 47.438870985375516 ], [ 11.330635791379411, 47.438882481838696 ], [ 11.330666085857976, 47.438893825590689 ], [ 11.330696581897211, 47.438903764438599 ], [ 11.330726906998116, 47.438910822912206 ], [ 11.330757091705738, 47.438916481247219 ], [ 11.330798177332783, 47.438927808696533 ], [ 11.330809133789863, 47.438930516334842 ], [ 11.330815476417085, 47.438931941805848 ], [ 11.330817655554497, 47.438931922899293 ], [ 11.330855701317299, 47.438934318145186 ], [ 11.33087811737232, 47.438935760655191 ], [ 11.330908388200323, 47.438939937702628 ], [ 11.330938575560458, 47.438945594167954 ], [ 11.33096887138772, 47.438951096777004 ], [ 11.330999085208365, 47.438958156144274 ], [ 11.33102960776106, 47.438969496022125 ], [ 11.331060045997736, 47.438982550981954 ], [ 11.33109034062352, 47.438993894620559 ], [ 11.331120720154013, 47.439003834366773 ], [ 11.331186465201474, 47.439013934874794 ], [ 11.331205378222856, 47.43901844428008 ], [ 11.331267903203631, 47.439028338832244 ], [ 11.331215178126429, 47.439093679458594 ], [ 11.33120902161523, 47.439114218847962 ], [ 11.331205042752655, 47.439134660184038 ], [ 11.331201182024653, 47.439155179646434 ], [ 11.331201568211027, 47.439175660448605 ], [ 11.331199776742016, 47.439196239303598 ], [ 11.331189369149657, 47.439216738235771 ], [ 11.331178965624764, 47.439237312685698 ], [ 11.331166496969635, 47.439257906857272 ], [ 11.331150127770037, 47.439309145081431 ], [ 11.331148115747771, 47.439312121745857 ], [ 11.331146074620639, 47.439319461012239 ], [ 11.331145837184591, 47.439325149417826 ], [ 11.331127861713666, 47.439376558083993 ], [ 11.331137065956801, 47.43942625035811 ], [ 11.331127486542933, 47.439478442433654 ], [ 11.331127762590997, 47.439493083140064 ], [ 11.331132289760458, 47.439507766103318 ], [ 11.331134858966804, 47.43952238690752 ], [ 11.331137202835466, 47.439537009667298 ], [ 11.331141958001773, 47.439551690651314 ], [ 11.331144297764535, 47.439566236093555 ], [ 11.331144573818118, 47.43958087679966 ], [ 11.331146916499552, 47.439595576922422 ], [ 11.33115155618664, 47.439610179756244 ], [ 11.331156135051934, 47.439627744118404 ], [ 11.331156465439157, 47.439645266201573 ], [ 11.331156797318902, 47.439662867423642 ], [ 11.33115299616861, 47.439680502717749 ], [ 11.331148848954109, 47.439698065461094 ], [ 11.331140602182028, 47.439717297191692 ], [ 11.331121500359208, 47.439739350273847 ], [ 11.331111046262825, 47.439751202255344 ], [ 11.33110662560135, 47.439754122469672 ], [ 11.331106735748001, 47.439759964363091 ], [ 11.331098182381888, 47.439763076948346 ], [ 11.331096225859341, 47.439768857625658 ], [ 11.331083696187042, 47.439792411517402 ], [ 11.331079642989023, 47.439802727445326 ], [ 11.331077595331356, 47.439815909615781 ], [ 11.331077761225117, 47.439824708428155 ], [ 11.331073905745853, 47.439839464140817 ], [ 11.331069706785055, 47.439854143682275 ], [ 11.3310616496852, 47.439883578958742 ], [ 11.331053344120345, 47.439899695486069 ], [ 11.331045043931928, 47.439910050067702 ], [ 11.331030138546373, 47.439923342018595 ], [ 11.331010816398177, 47.439933714892824 ], [ 11.330991495666504, 47.439944163305576 ], [ 11.33096790269202, 47.439953170086035 ], [ 11.330946514109721, 47.439963636434825 ], [ 11.330929519737799, 47.439975545150816 ], [ 11.330908185489534, 47.439988894668474 ], [ 11.330901696960918, 47.439991832817476 ], [ 11.330899658188176, 47.439993251856031 ], [ 11.330897391721813, 47.43999482937506 ], [ 11.330895237793493, 47.439996328564604 ], [ 11.330886798074008, 47.439999283642912 ], [ 11.330854567961307, 47.440006963993575 ], [ 11.330852188423922, 47.440002543138803 ], [ 11.330834996152443, 47.440004095452778 ], [ 11.330809136426787, 47.440008759518548 ], [ 11.33078330724843, 47.440014903813704 ], [ 11.330757561210623, 47.440019410376593 ], [ 11.330731701470357, 47.440024074425011 ], [ 11.330705868166508, 47.440030141385471 ], [ 11.330680152927622, 47.440036282869997 ], [ 11.330678321597439, 47.440036609967528 ], [ 11.330634921698335, 47.440042518088873 ], [ 11.330624239440509, 47.440054372004347 ], [ 11.330618310551346, 47.440074907584787 ], [ 11.330614057178748, 47.440086707531144 ], [ 11.330612017200993, 47.440088203927964 ], [ 11.330590795534441, 47.440107393459563 ], [ 11.330584362764176, 47.44011329210727 ], [ 11.330575892663534, 47.440120687127816 ], [ 11.330567305913048, 47.440128083159543 ], [ 11.330563280483867, 47.440139879327774 ], [ 11.330565897472143, 47.440169142828857 ], [ 11.330568079311895, 47.440169123903679 ], [ 11.33057478557623, 47.440183787985696 ], [ 11.33057942105113, 47.440198313524611 ], [ 11.330588305021537, 47.440212879564299 ], [ 11.33059979522964, 47.4402377055466 ], [ 11.330599847049539, 47.440246505348426 ], [ 11.330591454027095, 47.44026418225171 ], [ 11.330588025685307, 47.44028937149794 ], [ 11.330591863982587, 47.440291986194524 ], [ 11.330600894963013, 47.440302111256258 ], [ 11.330611825795504, 47.440309494493775 ], [ 11.330627081433297, 47.440320966906668 ], [ 11.330638262772887, 47.440335592165631 ], [ 11.33064714943427, 47.440350158177111 ], [ 11.330658157061913, 47.44036766499044 ], [ 11.330660390596666, 47.440370529262353 ], [ 11.330662742203383, 47.44037346806406 ], [ 11.330669449467976, 47.440382132777899 ], [ 11.330669561026271, 47.440388052011798 ], [ 11.330673694078719, 47.440388016158096 ], [ 11.33067380563752, 47.440393935392009 ], [ 11.330678283332412, 47.440393896548393 ], [ 11.330678393400222, 47.440399736643329 ], [ 11.330689151554369, 47.440404005665094 ], [ 11.330691834897722, 47.440424545688387 ], [ 11.330687579808567, 47.440430346298136 ], [ 11.330670664780774, 47.440446616634667 ], [ 11.330651455351228, 47.440462984224929 ], [ 11.33064698030153, 47.440463023044529 ], [ 11.330647144703555, 47.440471746315332 ], [ 11.33065164761774, 47.44047318595522 ], [ 11.33066489536119, 47.440487714133901 ], [ 11.33068032499931, 47.440502225182144 ], [ 11.330684733995732, 47.440516830033779 ], [ 11.330689484986467, 47.440531431918394 ], [ 11.33069188603648, 47.440549092541815 ], [ 11.330692160516397, 47.440563655907077 ], [ 11.330696963384833, 47.440587059391 ], [ 11.33069506404472, 47.440595877917659 ], [ 11.330691032031654, 47.440613515196112 ], [ 11.330689181908653, 47.440631135345377 ], [ 11.330689843888106, 47.440666258649415 ], [ 11.330681453448612, 47.440683933736672 ], [ 11.330675470243328, 47.440701589739668 ], [ 11.330666963144788, 47.44071926583775 ], [ 11.330660981124312, 47.440736844476639 ], [ 11.330654934282046, 47.440763223927995 ], [ 11.330652860044362, 47.440775003172064 ], [ 11.330650821532926, 47.440776578708522 ], [ 11.330635972760588, 47.440792751962839 ], [ 11.33061682143369, 47.440806159840967 ], [ 11.330582772128334, 47.440826941139505 ], [ 11.330574215609856, 47.44082989720728 ], [ 11.330563336988593, 47.440837390470314 ], [ 11.330550448736034, 47.440841941962368 ], [ 11.330544072623526, 47.440844801762488 ], [ 11.330539909187889, 47.440849277576142 ], [ 11.330529119148654, 47.440849371165285 ], [ 11.330524813818981, 47.44085236770912 ], [ 11.330518660790249, 47.440867065975191 ], [ 11.330518770842218, 47.440872906069906 ], [ 11.330525477185482, 47.440887570152491 ], [ 11.330532296039269, 47.44090215410688 ], [ 11.330539113439432, 47.440916660720497 ], [ 11.330545703110937, 47.440931324014841 ], [ 11.3305524065205, 47.440945831616325 ], [ 11.330554978293883, 47.440960452407552 ], [ 11.330563863880645, 47.440975097585287 ], [ 11.330568386884767, 47.440989701451301 ], [ 11.330577501636593, 47.441004265488289 ], [ 11.330581910648789, 47.441018870342489 ], [ 11.330590798904206, 47.441033515494844 ], [ 11.330597701451646, 47.441052538420088 ], [ 11.330597893711733, 47.441062740149491 ], [ 11.330604597450765, 47.441077404249626 ], [ 11.330609351123451, 47.441092006112932 ], [ 11.330613758694605, 47.441106533625238 ], [ 11.330620659802692, 47.441125479208395 ], [ 11.33062283509674, 47.441131301387998 ], [ 11.330627452308372, 47.441138662037083 ], [ 11.330623580702309, 47.441170863664915 ], [ 11.330617439609437, 47.44117395528805 ], [ 11.330612988254035, 47.441175395248777 ], [ 11.330593725436342, 47.441188804089101 ], [ 11.330561772912809, 47.441205204843925 ], [ 11.330555253669313, 47.441206662738999 ], [ 11.330542423768065, 47.44121417472342 ], [ 11.330531633654221, 47.441214268313345 ], [ 11.330529649420903, 47.441218725224701 ], [ 11.330520924539375, 47.441218800900593 ], [ 11.330499487362275, 47.441220388182707 ], [ 11.330473941852466, 47.441217416686172 ], [ 11.330391326507527, 47.441219924900189 ], [ 11.330369746276435, 47.441220112050615 ], [ 11.330348108808248, 47.441217261340519 ], [ 11.330326411928066, 47.441217449494367 ], [ 11.330304805299948, 47.441216235513465 ], [ 11.330283169293748, 47.441213462131408 ], [ 11.330261675209806, 47.441212169813447 ], [ 11.33023995190138, 47.441210955033185 ], [ 11.330196849705777, 47.441208369566823 ], [ 11.330194742059852, 47.441224434086081 ], [ 11.330193007174723, 47.441242128780125 ], [ 11.330197815063732, 47.441259613836699 ], [ 11.330204655293528, 47.441287439373681 ], [ 11.330204821084175, 47.44129623998473 ], [ 11.330220086336775, 47.441296107622165 ], [ 11.330246190704214, 47.441310445216125 ], [ 11.330250607601764, 47.441313367916322 ], [ 11.33025493835428, 47.441317770064288 ], [ 11.330268239032405, 47.44133510232281 ], [ 11.330281545581604, 47.441352745739593 ], [ 11.330330224981624, 47.441413779644257 ], [ 11.330338942263005, 47.441425542651089 ], [ 11.330343858795587, 47.441448790454608 ], [ 11.330339824130572, 47.441472347941435 ], [ 11.330331772972981, 47.441495940258591 ], [ 11.330327966034911, 47.441519341064044 ], [ 11.330328407693587, 47.441542782379145 ], [ 11.330348330152216, 47.441576335507065 ], [ 11.330352886019423, 47.441580580993048 ], [ 11.330355009665032, 47.441583521777389 ], [ 11.330361662780181, 47.441589306928321 ], [ 11.330370654499458, 47.441615633296138 ], [ 11.330392984262359, 47.441649165539275 ], [ 11.330399605574321, 47.441659313311291 ], [ 11.330395771211576, 47.441687308762639 ], [ 11.33038945219543, 47.441693204612115 ], [ 11.330355123726193, 47.44169934516362 ], [ 11.330350730751318, 47.441703745607256 ], [ 11.33033574793312, 47.441706912091462 ], [ 11.330301525511027, 47.441724733804016 ], [ 11.330271804825868, 47.441749839817291 ], [ 11.330241880120818, 47.441776503645599 ], [ 11.330218649623887, 47.441798748872962 ], [ 11.33018682762542, 47.441828156279513 ], [ 11.330180731553549, 47.441845888785558 ], [ 11.330172563652862, 47.441869483901016 ], [ 11.330173003757071, 47.441892846076826 ], [ 11.330171618920923, 47.441941228870675 ], [ 11.330163149963452, 47.441948702999923 ], [ 11.3301590670838, 47.441957461295729 ], [ 11.330150397815318, 47.441960495661583 ], [ 11.330141841245347, 47.441969371896704 ], [ 11.330144415488194, 47.44197807427205 ], [ 11.330144554844846, 47.441985471964585 ], [ 11.330146950187665, 47.442002976139548 ], [ 11.330160032430397, 47.442008705559459 ], [ 11.330160061772693, 47.442010263157741 ], [ 11.330190446985824, 47.442020280451167 ], [ 11.330240315546607, 47.442028572743048 ], [ 11.330249204874148, 47.442037218558404 ], [ 11.330262169460283, 47.442048946539757 ], [ 11.330264491775818, 47.442050327750181 ], [ 11.330280084891154, 47.442073637679897 ], [ 11.330291202831651, 47.442096986414001 ], [ 11.330313619039524, 47.44213495762061 ], [ 11.330311601474525, 47.442143699810678 ], [ 11.330309861213058, 47.442167160044242 ], [ 11.330301580482093, 47.442190676994194 ], [ 11.330293411093626, 47.4422141929779 ], [ 11.330285244349232, 47.442237708938009 ], [ 11.330281322147178, 47.442261188091329 ], [ 11.330281763796608, 47.442284629403709 ], [ 11.330280140170538, 47.442308088624848 ], [ 11.330280581820164, 47.442331529937022 ], [ 11.330287700562403, 47.442368075944252 ], [ 11.330298630327011, 47.442375381865837 ], [ 11.330300228576371, 47.442380975196471 ], [ 11.330334066663045, 47.442421964855214 ], [ 11.330349520499889, 47.442437875282835 ], [ 11.330371379781026, 47.442452330610394 ], [ 11.330395303128563, 47.442466843587461 ], [ 11.330419429284241, 47.442479876099917 ], [ 11.330454478364793, 47.442505899116043 ], [ 11.330461017573242, 47.442511683449446 ], [ 11.330489363092122, 47.442523198853038 ], [ 11.33052824559244, 47.442527223956738 ], [ 11.330534816649402, 47.442528647461678 ], [ 11.330541387706706, 47.442530070966242 ], [ 11.330552118390237, 47.442532859738591 ], [ 11.330560899249262, 47.44253574277537 ], [ 11.330582503978682, 47.442542876924421 ], [ 11.330600005832931, 47.442545606958689 ], [ 11.330600063086981, 47.442548644814202 ], [ 11.330628712196051, 47.442576124639061 ], [ 11.330639607570612, 47.442587791374294 ], [ 11.330641839921997, 47.442596496703466 ], [ 11.330646315152618, 47.44259645788275 ], [ 11.330644443602676, 47.442606754865054 ], [ 11.330646896399573, 47.442627296881717 ], [ 11.330642807216712, 47.44264781829429 ], [ 11.330634585063848, 47.44266853026398 ], [ 11.330609753156187, 47.442715558593655 ], [ 11.330593299207036, 47.442768432646695 ], [ 11.330589493759922, 47.442791910795819 ], [ 11.330583507851967, 47.442815487009973 ], [ 11.330579470250212, 47.442838888020439 ], [ 11.330577846743445, 47.442862347242716 ], [ 11.330578289991504, 47.442885865890815 ], [ 11.330574369070066, 47.442909267687618 ], [ 11.330576169939054, 47.442925609517694 ], [ 11.330577106816156, 47.442932689080187 ], [ 11.330579615366217, 47.4429561898136 ], [ 11.330584248654523, 47.442976635563845 ], [ 11.330582508492803, 47.443000095797458 ], [ 11.33059156000693, 47.443023385070461 ], [ 11.330611518935553, 47.44304673443515 ], [ 11.330625045741595, 47.443069984885355 ], [ 11.330636164051214, 47.443093333579299 ], [ 11.330643033908265, 47.443116796478542 ], [ 11.330647952201863, 47.443140121600436 ], [ 11.330652886916571, 47.44318260672479 ], [ 11.33065736219689, 47.443182567903293 ], [ 11.330657445864324, 47.443187006876904 ], [ 11.330677401969437, 47.44321020154819 ], [ 11.330695063580526, 47.443233493473649 ], [ 11.330706183414446, 47.443256919499987 ], [ 11.330717529806966, 47.44328026620677 ], [ 11.330724513464585, 47.443303573407334 ], [ 11.330727024751765, 47.443327074112418 ], [ 11.33073643484606, 47.443369520406684 ], [ 11.330747342054579, 47.443369425782258 ], [ 11.330747396369098, 47.443372307157993 ], [ 11.330777669738239, 47.443376484218085 ], [ 11.330844621488422, 47.443377306490582 ], [ 11.330866485132484, 47.443385917039656 ], [ 11.330868522577703, 47.443384420661275 ], [ 11.330898936625321, 47.443395918014971 ], [ 11.330916348785593, 47.443405970325379 ], [ 11.330942823401323, 47.443427784394466 ], [ 11.330968979794408, 47.443451002566242 ], [ 11.330999941894925, 47.443491703968959 ], [ 11.331013278089952, 47.443504829985983 ], [ 11.331018111917448, 47.443529711877083 ], [ 11.331020287392507, 47.443535535844305 ], [ 11.331027023036919, 47.443545680786237 ], [ 11.331027327007632, 47.44356180173984 ], [ 11.331023353368469, 47.443582399513083 ], [ 11.331013394826801, 47.44362057416059 ], [ 11.331009192913786, 47.443635253715613 ], [ 11.331005339805166, 47.443650009395448 ], [ 11.331003201758126, 47.443664593687608 ], [ 11.330999347153631, 47.443679270228294 ], [ 11.330997611012721, 47.443696887585354 ], [ 11.331000010868483, 47.443714470850573 ], [ 11.331009227440044, 47.443746638053881 ], [ 11.331007438164088, 47.44376129667225 ], [ 11.331003237697093, 47.443776053567078 ], [ 11.330997084474129, 47.443790751852958 ], [ 11.330993111745418, 47.443805352065205 ], [ 11.330993389256307, 47.443820070101424 ], [ 11.330989303978365, 47.44383474864307 ], [ 11.330989580030218, 47.443849389338943 ], [ 11.330987674123964, 47.443864050767708 ], [ 11.330979455515756, 47.443878765175938 ], [ 11.330968711702965, 47.443893578848616 ], [ 11.330960377622208, 47.443908216904447 ], [ 11.330952159033583, 47.443922933109299 ], [ 11.33094795853896, 47.443937690001903 ], [ 11.330944101249075, 47.443952366563302 ], [ 11.330935537949983, 47.443967083959052 ], [ 11.330931566683816, 47.443981763307868 ], [ 11.330927481376838, 47.443996441847112 ], [ 11.330925689419509, 47.444011100486819 ], [ 11.33092378610772, 47.444025760092657 ], [ 11.330924063635322, 47.444040479927232 ], [ 11.330928807268489, 47.444066765748758 ], [ 11.330924781633904, 47.444078561923313 ], [ 11.330927068690038, 47.444090303322646 ], [ 11.330931877062545, 47.44410778653755 ], [ 11.33093852161587, 47.444125332971339 ], [ 11.330945282830061, 47.444142878392384 ], [ 11.330952158020008, 47.444160421025124 ], [ 11.330965461115676, 47.444177830527558 ], [ 11.330974401700471, 47.444195357035625 ], [ 11.330985754925733, 47.444212860808364 ], [ 11.330994471400549, 47.444224548213491 ], [ 11.331005312572195, 47.444233177030327 ], [ 11.331020740729821, 47.444247686239038 ], [ 11.331036227371508, 47.444265155936449 ], [ 11.331051597332948, 47.444282624845407 ], [ 11.331080384513264, 47.444317504049543 ], [ 11.331093803189269, 47.44433499168553 ], [ 11.331104811816942, 47.444352498436729 ], [ 11.331116048496995, 47.444370005006533 ], [ 11.331124935987035, 47.4443845709649 ], [ 11.331133820830741, 47.444399136945506 ], [ 11.331145005843627, 47.444413762114301 ], [ 11.331155957249154, 47.444428232804718 ], [ 11.33116070873951, 47.4444428346564 ], [ 11.331167414237763, 47.444457419548876 ], [ 11.331174003082708, 47.444472005453342 ], [ 11.331181098739467, 47.444501231847376 ], [ 11.331187804251005, 47.444515816738409 ], [ 11.331192502610108, 47.444527459850399 ], [ 11.331201306731048, 47.444537743332418 ], [ 11.331214527745905, 47.44455079117197 ], [ 11.331223412642954, 47.444565357144803 ], [ 11.331225758275092, 47.444580059027125 ], [ 11.331228300141646, 47.444599119752688 ], [ 11.331232880401355, 47.444610686535 ], [ 11.331237525894158, 47.444619525610399 ], [ 11.331243861249568, 47.444626714813083 ], [ 11.331250544193715, 47.444634055704249 ], [ 11.331263681522456, 47.444642664565983 ], [ 11.331281065088572, 47.444651315720463 ], [ 11.331296271938028, 47.444659985766663 ], [ 11.331318243727038, 47.444674438134285 ], [ 11.331331326761887, 47.444680167412081 ], [ 11.331335885897197, 47.444684567534715 ], [ 11.331339992823098, 47.444683128738106 ], [ 11.331353326490328, 47.444696100029518 ], [ 11.331362131829614, 47.444706304336549 ], [ 11.331370792626709, 47.444715031197461 ], [ 11.33137750206305, 47.444723774997371 ], [ 11.331386441386814, 47.444741222331075 ], [ 11.331393012742836, 47.444742645784075 ], [ 11.331412640661975, 47.444748393789929 ], [ 11.331434306066571, 47.444752645404051 ], [ 11.331451579225979, 47.44475529994078 ], [ 11.331479871813213, 47.444763933710135 ], [ 11.331490603001178, 47.444766722389843 ], [ 11.331512212601364, 47.444768015274484 ], [ 11.331533910933654, 47.444767826885617 ], [ 11.3315554367876, 47.444764680790918 ], [ 11.331576991991914, 47.44476309049044 ], [ 11.331645880648265, 47.444750808443388 ], [ 11.331648092927724, 47.444746349535244 ], [ 11.33166738120927, 47.444746182048199 ], [ 11.331702049740722, 47.444745881000756 ], [ 11.331771044782935, 47.444745281844654 ], [ 11.331771071256702, 47.444746684760901 ], [ 11.331810461249923, 47.444765425465462 ], [ 11.331814622578239, 47.444766869824612 ], [ 11.331827847596454, 47.44477407651285 ], [ 11.331862594667808, 47.444783978125756 ], [ 11.331897146922426, 47.444789598226642 ], [ 11.331931787542219, 47.444787816853101 ], [ 11.33196651194177, 47.444790474439721 ], [ 11.332022558334206, 47.444797309148882 ], [ 11.332035673153102, 47.444798675724819 ], [ 11.332096359645321, 47.444814194781685 ], [ 11.332098484980554, 47.44481721287066 ], [ 11.332118411748903, 47.444838927042071 ], [ 11.33213843285327, 47.444859316396126 ], [ 11.332160373286476, 47.444878131219994 ], [ 11.332195195658768, 47.444904234817905 ], [ 11.332199839844765, 47.444912994713661 ], [ 11.332210543188404, 47.444914304867737 ], [ 11.332245379436788, 47.444922881595502 ], [ 11.332280156880591, 47.444928343119656 ], [ 11.332332209729232, 47.444942611273937 ], [ 11.33234087296816, 47.444945417842938 ], [ 11.332360470906842, 47.444955607444228 ], [ 11.332373356299403, 47.444956898622223 ], [ 11.332377942001386, 47.444962699819712 ], [ 11.332384758211676, 47.444983126522523 ], [ 11.332380783510741, 47.445003645195818 ], [ 11.332379103696031, 47.445024223078981 ], [ 11.332375016477403, 47.445044821881474 ], [ 11.332375403233037, 47.445065304453827 ], [ 11.332388879858199, 47.445085827985302 ], [ 11.332400057523405, 47.445106216786861 ], [ 11.332413300548433, 47.445126585840519 ], [ 11.332426774283423, 47.445146954686599 ], [ 11.332446757604393, 47.445177547704851 ], [ 11.332451060908443, 47.445180469507143 ], [ 11.332453180706693, 47.445183332931698 ], [ 11.332462159977078, 47.445190655594999 ], [ 11.332472950897717, 47.445190561817462 ], [ 11.332492660005634, 47.445200593924994 ], [ 11.332518735597095, 47.44521945009528 ], [ 11.332530031460708, 47.44523991520947 ], [ 11.332549818099519, 47.445260229175489 ], [ 11.332576234703971, 47.445284923413944 ], [ 11.332604832271171, 47.445297605389278 ], [ 11.332632099129805, 47.445300484097025 ], [ 11.33268045019949, 47.445307151513354 ], [ 11.332693888786553, 47.445325651570649 ], [ 11.332759130803943, 47.445412009340778 ], [ 11.332776159161426, 47.445438188289955 ], [ 11.332796600018019, 47.44545662746328 ], [ 11.332826400203412, 47.445484253226979 ], [ 11.332841338946469, 47.445515201240823 ], [ 11.332862207267079, 47.4455623004404 ], [ 11.332905040896444, 47.445635533844175 ], [ 11.332910897596273, 47.445641791684814 ], [ 11.332929844815062, 47.445654012412682 ], [ 11.332949166113249, 47.445667785937864 ], [ 11.332958988965409, 47.445689433104157 ], [ 11.332967859940059, 47.445727366837943 ], [ 11.332980996015687, 47.445857563505953 ], [ 11.332982435395882, 47.445872973003603 ], [ 11.333008558242854, 47.445882092976035 ], [ 11.333060799816931, 47.445900253787052 ], [ 11.333120586751578, 47.445947091863843 ], [ 11.333188757050943, 47.446000011056128 ], [ 11.333211741989347, 47.446025359210019 ], [ 11.333232600515052, 47.446071911556842 ], [ 11.333234894465431, 47.44607781180251 ], [ 11.333239278856697, 47.446085017861378 ], [ 11.33325227852067, 47.44608630614799 ], [ 11.333256837938373, 47.446090706191072 ], [ 11.333267643759575, 47.446091391135226 ], [ 11.333319373547711, 47.446094524629309 ], [ 11.33332597452924, 47.44609750376658 ], [ 11.333380401110123, 47.446121955985419 ], [ 11.333408860788632, 47.446139233361919 ], [ 11.333417552261812, 47.44614352010251 ], [ 11.333439302306822, 47.446152210298841 ], [ 11.333465529077426, 47.446160784194767 ], [ 11.333489289786259, 47.446166418540152 ], [ 11.333513217552268, 47.446174857719022 ], [ 11.333534967625734, 47.446183547896929 ], [ 11.333552526128692, 47.446195233735523 ], [ 11.333570080252947, 47.446206687550742 ], [ 11.33358548436207, 47.446219716121519 ], [ 11.333600771851952, 47.446232747503721 ], [ 11.333622521963603, 47.446241437664654 ], [ 11.333646452709248, 47.446250031495595 ], [ 11.333683408482141, 47.446261392038465 ], [ 11.333685560493413, 47.446265813011252 ], [ 11.333694312727392, 47.446267140003506 ], [ 11.333711667149622, 47.446280230739177 ], [ 11.333729365953253, 47.446293161970914 ], [ 11.333746860896124, 47.446307652825482 ], [ 11.333762266574858, 47.446320760510503 ], [ 11.333775490168746, 47.446333887181524 ], [ 11.333790805696134, 47.446348396994118 ], [ 11.333801928192727, 47.446365825138209 ], [ 11.333815234287831, 47.446383313431085 ], [ 11.333828537706422, 47.446400799946758 ], [ 11.333837596288612, 47.446418325199801 ], [ 11.333850788365062, 47.446435812681713 ], [ 11.333859728836879, 47.446453261607871 ], [ 11.333868787404667, 47.446470785059539 ], [ 11.333877729351162, 47.446488311324259 ], [ 11.333886787931112, 47.446505834774307 ], [ 11.333895728427034, 47.446523283697246 ], [ 11.333904673008998, 47.44654080813789 ], [ 11.333915797081325, 47.446558315408609 ], [ 11.333920377471181, 47.446575877829467 ], [ 11.333927252548897, 47.446593344725187 ], [ 11.333931832945806, 47.446610907145448 ], [ 11.333932165832374, 47.446628508331166 ], [ 11.333936860244505, 47.446646069758813 ], [ 11.333940095480136, 47.446701733896703 ], [ 11.333944708632879, 47.446714858132857 ], [ 11.333957900261508, 47.44672642720878 ], [ 11.333971009962433, 47.446739553048872 ], [ 11.333984344799523, 47.446752524021058 ], [ 11.333997507857472, 47.446768610391032 ], [ 11.334008631975687, 47.446786115852845 ], [ 11.334021908785937, 47.446802046524027 ], [ 11.33404181325278, 47.446822359203075 ], [ 11.334043936130071, 47.44682537727661 ], [ 11.33405056231735, 47.446829681945381 ], [ 11.334068455273821, 47.446858891522304 ], [ 11.334072813308126, 47.446864694632254 ], [ 11.334079688441332, 47.446882159718719 ], [ 11.334080022843338, 47.446899838242985 ], [ 11.334071766973802, 47.446924758376944 ], [ 11.334067599825136, 47.446935075389931 ], [ 11.33406793276078, 47.446952676573936 ], [ 11.334068265662721, 47.446970275959274 ], [ 11.334060324415683, 47.44699963305041 ], [ 11.334056070643094, 47.447005511119968 ], [ 11.334060878285161, 47.447028914398487 ], [ 11.334069511912942, 47.447036160791072 ], [ 11.334087067893872, 47.447047691862736 ], [ 11.334104569377603, 47.447056341560739 ], [ 11.33412192885435, 47.447063511993598 ], [ 11.334143788409076, 47.44707796479301 ], [ 11.334150414636467, 47.447082269455549 ], [ 11.334157015788648, 47.447085248543225 ], [ 11.334208957858046, 47.44709352105842 ], [ 11.334237192646629, 47.447105036494534 ], [ 11.334248038465759, 47.44710782391784 ], [ 11.334265568001113, 47.447117953845591 ], [ 11.334281000556169, 47.44713246257237 ], [ 11.334296372435666, 47.447149931023553 ], [ 11.334307412782859, 47.447162999286924 ], [ 11.334320608718745, 47.447174645635869 ], [ 11.334338076145194, 47.447187657938528 ], [ 11.334342494918241, 47.447190501310949 ], [ 11.334344703865547, 47.44719203992971 ], [ 11.33434679995549, 47.447193500379257 ], [ 11.334351359285664, 47.447197745673165 ], [ 11.334355606878438, 47.44719770869019 ], [ 11.334371008821735, 47.447210737172689 ], [ 11.334384146789962, 47.447225345016108 ], [ 11.334397511291307, 47.447239871733721 ], [ 11.334412800743168, 47.447252980341823 ], [ 11.334425933121187, 47.447267431724342 ], [ 11.33445020245958, 47.447287861030134 ], [ 11.33445682523924, 47.44729800674839 ], [ 11.334463337508046, 47.447302312385062 ], [ 11.334474409403509, 47.447311018013572 ], [ 11.334483357810846, 47.447322701330407 ], [ 11.334507036610461, 47.44732397383401 ], [ 11.334543660289439, 47.447317736507372 ], [ 11.33455869924042, 47.447317605540185 ], [ 11.334615010776506, 47.447320074329944 ], [ 11.334615065309761, 47.447322955700265 ], [ 11.334636677488941, 47.447324325327259 ], [ 11.334662594973732, 47.447322541750275 ], [ 11.334688314736512, 47.447316476697523 ], [ 11.334714233679419, 47.447314770449054 ], [ 11.334755078372144, 47.447307093144254 ], [ 11.334774537589249, 47.44730988284492 ], [ 11.334791900701388, 47.447311212101084 ], [ 11.334813793175329, 47.447321224789036 ], [ 11.334833388359325, 47.447331336636289 ], [ 11.334848677911385, 47.44734444338647 ], [ 11.334864109228683, 47.447358874692355 ], [ 11.334877358730564, 47.447373481507498 ], [ 11.334891707344754, 47.447385351606727 ], [ 11.334894857000432, 47.447387972156093 ], [ 11.334897093684605, 47.447390834516405 ], [ 11.334899419319781, 47.447392372107934 ], [ 11.334905842996442, 47.447398158989778 ], [ 11.33491020726802, 47.447398120969787 ], [ 11.334934110722289, 47.447405234270406 ], [ 11.334958042174138, 47.447413826021766 ], [ 11.334979791531012, 47.447422438578045 ], [ 11.335001539430637, 47.447430973789956 ], [ 11.335023402779598, 47.447439583545901 ], [ 11.335045126815425, 47.447446717610752 ], [ 11.335066735623935, 47.447453928229493 ], [ 11.335088597528451, 47.44746246063265 ], [ 11.335103748601625, 47.447468248812243 ], [ 11.335134247050515, 47.44748402929396 ], [ 11.33515636115407, 47.447505878576578 ], [ 11.335156499775884, 47.447513198910521 ], [ 11.335160864056636, 47.447513160880938 ], [ 11.335167685107189, 47.447527746325747 ], [ 11.335167822232048, 47.447534987520896 ], [ 11.33517022248458, 47.447552648038865 ], [ 11.335172622461107, 47.447570153853341 ], [ 11.335175467044836, 47.447605256276127 ], [ 11.335178069982261, 47.447621436327971 ], [ 11.335188970067282, 47.447633102582422 ], [ 11.335202220881367, 47.447647630196322 ], [ 11.335219943976945, 47.447667961677773 ], [ 11.335224416218026, 47.44767376374817 ], [ 11.335228747913181, 47.447678165696516 ], [ 11.335233022077967, 47.447679529796176 ], [ 11.335235486403374, 47.447688389512784 ], [ 11.335241884737094, 47.447692694299086 ], [ 11.335246693731428, 47.447710256471005 ], [ 11.335253573482996, 47.447727798797871 ], [ 11.335264578629838, 47.447745150466758 ], [ 11.335275821540668, 47.447762733920101 ], [ 11.335280288514729, 47.447780299071056 ], [ 11.33528716563549, 47.447797841418662 ], [ 11.335298288971448, 47.447815271205926 ], [ 11.335307345604958, 47.447832794557648 ], [ 11.335316262881447, 47.44784884042361 ], [ 11.335338261737382, 47.447870613321598 ], [ 11.335340411303171, 47.447875034283683 ], [ 11.335360266661047, 47.44788654511941 ], [ 11.335382072319669, 47.447898116306256 ], [ 11.335403762509845, 47.447909611142471 ], [ 11.335425566722508, 47.447921104980722 ], [ 11.335445216826532, 47.447934098089171 ], [ 11.33547577315924, 47.44795291452553 ], [ 11.335486879400397, 47.447957257412874 ], [ 11.335506470102978, 47.447973132873564 ], [ 11.335510887818371, 47.447976053562833 ], [ 11.335513068095853, 47.447981954752336 ], [ 11.335515445394527, 47.447986217221235 ], [ 11.33551547490107, 47.447987774815324 ], [ 11.335528609230419, 47.448002303406248 ], [ 11.335548349477616, 47.448013892565584 ], [ 11.335567971603522, 47.448025405398361 ], [ 11.335587597854659, 47.448036995544683 ], [ 11.335605126490345, 47.448047047921669 ], [ 11.335620505097257, 47.448058675091985 ], [ 11.335646613136278, 47.448073090565757 ], [ 11.335653239611213, 47.448077395138881 ], [ 11.335657685388984, 47.448081796076188 ], [ 11.335668504902177, 47.448083180448847 ], [ 11.335679350996696, 47.448085967734244 ], [ 11.335701014781355, 47.448096061397656 ], [ 11.335727436182188, 47.448114836464299 ], [ 11.335731912668425, 47.448120717629344 ], [ 11.335738391087711, 47.448129384032825 ], [ 11.335749408770623, 47.448135208165198 ], [ 11.335749436784688, 47.448136686620408 ], [ 11.335755909422238, 47.448138889609538 ], [ 11.335805852093028, 47.448156758000415 ], [ 11.335831994658408, 47.448160815038896 ], [ 11.335857909480328, 47.448165028763093 ], [ 11.335879633892713, 47.44817216086728 ], [ 11.335899290157091, 47.448179311002171 ], [ 11.335921068035418, 47.448189403628987 ], [ 11.335925456272948, 47.448190766708038 ], [ 11.335934207012443, 47.448198011938068 ], [ 11.335951793306787, 47.448211100309798 ], [ 11.335958496503576, 47.448225607582216 ], [ 11.335976163613706, 47.448248975984363 ], [ 11.336050419418797, 47.448289377580366 ], [ 11.336082957540951, 47.448303736873783 ], [ 11.336091846241137, 47.448312382234953 ], [ 11.336100629863232, 47.44831534397391 ], [ 11.336102972884927, 47.448329966620058 ], [ 11.336109627487733, 47.448335751419712 ], [ 11.33610781143668, 47.448348929843142 ], [ 11.33610149046288, 47.448360746212131 ], [ 11.336096832754377, 47.448369511523161 ], [ 11.336065612046006, 47.448406470682137 ], [ 11.336061638542244, 47.448426989462241 ], [ 11.336057893097969, 47.448447508051956 ], [ 11.33605380707416, 47.448468106964803 ], [ 11.336058670993323, 47.448488548667683 ], [ 11.336063192907529, 47.448508995152018 ], [ 11.336070012487484, 47.448529498949391 ], [ 11.336071484196488, 47.448540545777547 ], [ 11.336072580256005, 47.448549962476797 ], [ 11.336075266124453, 47.448570500528028 ], [ 11.336077724000218, 47.448591042366544 ], [ 11.336085044389639, 47.448631950364486 ], [ 11.33610869313465, 47.44863174410051 ], [ 11.336132486570769, 47.448633015269003 ], [ 11.336143616292684, 47.448644602075419 ], [ 11.336149929520008, 47.448644547008811 ], [ 11.336154543398777, 47.448657671146321 ], [ 11.336161116834715, 47.448659171660566 ], [ 11.336163291596424, 47.448664916380572 ], [ 11.336169865033515, 47.448666416894326 ], [ 11.33616994918083, 47.448670855856207 ], [ 11.336191778970164, 47.448683673318371 ], [ 11.33620171666003, 47.448686936193198 ], [ 11.336218008909372, 47.448692323908325 ], [ 11.336252702953194, 47.448705263000299 ], [ 11.336261312391265, 47.44870518789692 ], [ 11.336267823480926, 47.448709414288992 ], [ 11.336285552108302, 47.448723981865335 ], [ 11.33629656339018, 47.448741488085211 ], [ 11.336305563817092, 47.448761895489902 ], [ 11.336314649016137, 47.448780899008909 ], [ 11.336323736873343, 47.448799902503985 ], [ 11.3363305551274, 47.44882032894369 ], [ 11.336341625829336, 47.448834952795927 ], [ 11.336354846267337, 47.448847845335465 ], [ 11.33637027875522, 47.44886243293049 ], [ 11.336389843461363, 47.44887690532002 ], [ 11.336409665460973, 47.448892778606755 ], [ 11.33643356948258, 47.448905889135936 ], [ 11.336455486846324, 47.448917302638158 ], [ 11.33647732124091, 47.448930353862977 ], [ 11.336499241007029, 47.448947766681556 ], [ 11.336503939760442, 47.448959486918568 ], [ 11.33652129692031, 47.448972498049322 ], [ 11.336538855583141, 47.448984107871652 ], [ 11.336556298703449, 47.448995637748808 ], [ 11.336573885419718, 47.449008726020232 ], [ 11.336600076907981, 47.449027502890068 ], [ 11.336604524030282, 47.449031826425582 ], [ 11.336624095341767, 47.449034614834247 ], [ 11.336639251439554, 47.449034482572465 ], [ 11.33664343980911, 47.449037327866286 ], [ 11.336665193361238, 47.449040099022987 ], [ 11.336686999783012, 47.44905166995369 ], [ 11.336713255093724, 47.449061644202224 ], [ 11.336739167183197, 47.449071698793134 ], [ 11.33676534128308, 47.449077390547515 ], [ 11.336815186206477, 47.449090040729381 ], [ 11.336817566629575, 47.44909445964808 ], [ 11.336830337935782, 47.449095828674288 ], [ 11.336834899098232, 47.449100151205421 ], [ 11.336847873008971, 47.449100037963085 ], [ 11.336852062862043, 47.449102960589229 ], [ 11.336895816478124, 47.449127504291795 ], [ 11.336900180890105, 47.449127466195023 ], [ 11.336934871232964, 47.449140325960677 ], [ 11.336952267450158, 47.449137214905434 ], [ 11.336980113861628, 47.449128169780337 ], [ 11.336982240251512, 47.449125348524845 ], [ 11.336988702617349, 47.44912085061565 ], [ 11.33699280564452, 47.449119336097894 ], [ 11.33699733873809, 47.4491221783694 ], [ 11.337016820959457, 47.449132289029016 ], [ 11.337034524502132, 47.449145376209771 ], [ 11.337051877734538, 47.449158309941467 ], [ 11.337073802458045, 47.449169958917473 ], [ 11.337095663694649, 47.449184411136336 ], [ 11.33711534561826, 47.449192884831675 ], [ 11.337132818522628, 47.449205974010866 ], [ 11.337150259228059, 47.44921750561744 ], [ 11.337165552590699, 47.449230613821491 ], [ 11.337183281607112, 47.449245179455986 ], [ 11.337205256920766, 47.449259630657778 ], [ 11.337222763801172, 47.449268358982728 ], [ 11.337231222446404, 47.449272490961313 ], [ 11.337257451344735, 47.449281062170478 ], [ 11.337283480346048, 47.449291117416251 ], [ 11.337309734703517, 47.449301168889292 ], [ 11.337333553417544, 47.449309762926958 ], [ 11.337357570404459, 47.449322794923695 ], [ 11.337379348998804, 47.449332885467328 ], [ 11.337396819079093, 47.449345819925007 ], [ 11.337416588301057, 47.449358887207389 ], [ 11.337440488663098, 47.449371920205216 ], [ 11.33746668811291, 47.449378935571573 ], [ 11.33749269057172, 47.449387587856357 ], [ 11.337518915483582, 47.449396083486505 ], [ 11.337542763807811, 47.449406233274118 ], [ 11.337547973358978, 47.449408524547309 ], [ 11.337571138234978, 47.449418993308001 ], [ 11.337586318241645, 47.449426261404028 ], [ 11.33759268891118, 47.449429087600819 ], [ 11.337601640016912, 47.449434850454246 ], [ 11.33761024957049, 47.44943477524869 ], [ 11.337612402043396, 47.449439196141938 ], [ 11.337618946047071, 47.449439138978654 ], [ 11.337645118953294, 47.449444753189724 ], [ 11.337670979841645, 47.449446085130823 ], [ 11.337727319225962, 47.449450032648805 ], [ 11.337727372464846, 47.449452836675285 ], [ 11.337744622299969, 47.449454164675423 ], [ 11.337744650405401, 47.449455644928015 ], [ 11.337759996042058, 47.4494716344403 ], [ 11.337779765434785, 47.449484703457344 ], [ 11.33779930118177, 47.449497618007612 ], [ 11.337817031645519, 47.449512106178254 ], [ 11.337836570383114, 47.449525177200698 ], [ 11.33785633684349, 47.449538089725429 ], [ 11.337880327456149, 47.449549720496556 ], [ 11.337904198405573, 47.44956119400468 ], [ 11.337928186067602, 47.449572668286862 ], [ 11.337947871240184, 47.449581298315337 ], [ 11.337967640720489, 47.449594367299071 ], [ 11.33801351819225, 47.449621773859732 ], [ 11.338008514299849, 47.449624309069208 ], [ 11.338057581773279, 47.449668590238872 ], [ 11.338081816297906, 47.449705065299597 ], [ 11.338099979182687, 47.449724300552809 ], [ 11.33812734169353, 47.449738082075299 ], [ 11.338160485175749, 47.449748073144342 ], [ 11.33818660058609, 47.449750649385294 ], [ 11.338212492406646, 47.449753461432067 ], [ 11.338238491119359, 47.449756036882263 ], [ 11.338264322583726, 47.449755811095869 ], [ 11.33829038473322, 47.449755583287242 ], [ 11.338320638372069, 47.449758357182475 ], [ 11.338329304186642, 47.449761240628412 ], [ 11.338335932595781, 47.449765624180642 ], [ 11.338349433375587, 47.449793234470555 ], [ 11.338356146090888, 47.449802055181017 ], [ 11.338360389356202, 47.449807781776421 ], [ 11.338362793533074, 47.449819444641776 ], [ 11.338373728990931, 47.449820906897479 ], [ 11.338414882507541, 47.449829270019514 ], [ 11.338432329404469, 47.449834960334798 ], [ 11.33844946421577, 47.449836368386322 ], [ 11.33845405366641, 47.449842169304588 ], [ 11.338458214105955, 47.449843536077012 ], [ 11.338464787753631, 47.44984503645729 ], [ 11.338473508339034, 47.449850801257796 ], [ 11.338488602743682, 47.449853551135497 ], [ 11.338491071883828, 47.449856488745425 ], [ 11.338495263391485, 47.449859490448652 ], [ 11.338510258973013, 47.449881323961826 ], [ 11.338513213493872, 47.449885660472759 ], [ 11.33851746129764, 47.449885623333998 ], [ 11.338522045098193, 47.449897267139292 ], [ 11.338524113317712, 47.449897249056605 ], [ 11.33856107124806, 47.449908532451794 ], [ 11.338571923458831, 47.449911474115623 ], [ 11.338578377509908, 47.449912820829326 ], [ 11.33857840710888, 47.449914378421447 ], [ 11.33858931564437, 47.449914283041068 ], [ 11.338600188892825, 47.449918471158732 ], [ 11.338626107824476, 47.449916843179892 ], [ 11.338661386195971, 47.449912172357529 ], [ 11.338673414726053, 47.449910586677511 ], [ 11.338688568414421, 47.449910454166151 ], [ 11.338712165652757, 47.449901368425813 ], [ 11.338738030956245, 47.449896779894473 ], [ 11.338763838872994, 47.449889311813742 ], [ 11.338789702695896, 47.449884645930844 ], [ 11.338815560850568, 47.449885821133186 ], [ 11.338841509042689, 47.449885594195962 ], [ 11.338867454582937, 47.449885367276053 ], [ 11.338893288757228, 47.449885141324302 ], [ 11.33891923429683, 47.449884914392676 ], [ 11.33896248877198, 47.449888975751371 ], [ 11.33897121241327, 47.449888899445781 ], [ 11.338997076216877, 47.449884233516222 ], [ 11.339022798180258, 47.449878244828113 ], [ 11.339048660469325, 47.44987349974835 ], [ 11.339074523111316, 47.449868912963218 ], [ 11.339108802545681, 47.449859967550992 ], [ 11.339115315479098, 47.449858273571436 ], [ 11.339121832891962, 47.449856815208783 ], [ 11.339130384750472, 47.449853702044841 ], [ 11.339152002227406, 47.449855149926847 ], [ 11.339178032154127, 47.449859361893708 ], [ 11.339204033614287, 47.449861937100948 ], [ 11.339229921417894, 47.449864671600274 ], [ 11.339235673881683, 47.449865243691008 ], [ 11.339255924387905, 47.449867325934321 ], [ 11.339281899535564, 47.449868656512493 ], [ 11.339307874360273, 47.449869830582948 ], [ 11.339333705871912, 47.449869604555225 ], [ 11.339359654051936, 47.449869377500796 ], [ 11.339411438159301, 47.449863160667881 ], [ 11.339413445949127, 47.4498601047489 ], [ 11.339417754471505, 47.449857264352843 ], [ 11.339447756902398, 47.449831764974078 ], [ 11.339449600907235, 47.449829021698172 ], [ 11.339451727157741, 47.449826198599389 ], [ 11.339453851646654, 47.449823143457344 ], [ 11.339455977572094, 47.449820163856657 ], [ 11.339458102350928, 47.449817263417735 ], [ 11.339462327621726, 47.449815902447696 ], [ 11.33946859173472, 47.449801127195826 ], [ 11.339472839530451, 47.449801090021722 ], [ 11.339479299146168, 47.449796593795412 ], [ 11.339487741365232, 47.449787717875409 ], [ 11.339491989159855, 47.449787680700609 ], [ 11.339517966882958, 47.449783013656337 ], [ 11.3395544791004, 47.449776853061167 ], [ 11.339571733157863, 47.449772260555974 ], [ 11.339573742440345, 47.449769283772866 ], [ 11.339612187912468, 47.449744021664706 ], [ 11.339618567516482, 47.449735320292895 ], [ 11.339627179765316, 47.44973524491234 ], [ 11.339629274901531, 47.449730786878632 ], [ 11.339637860496241, 47.449729310384228 ], [ 11.339641994213205, 47.449723276655888 ], [ 11.339646356019244, 47.449723238477418 ], [ 11.339693806268242, 47.449718538149568 ], [ 11.339702391796305, 47.449711064104406 ], [ 11.339704401069101, 47.449708087319053 ], [ 11.3397215976567, 47.44970061524868 ], [ 11.33972147614978, 47.449694228403573 ], [ 11.339743645080141, 47.449682427814231 ], [ 11.339765932931149, 47.449683011634832 ], [ 11.339782557235909, 47.449687696162748 ], [ 11.339799297105586, 47.449698454576023 ], [ 11.339814696597447, 47.449705250941676 ], [ 11.339843099408403, 47.449707339065405 ], [ 11.339873693183023, 47.449697880622423 ], [ 11.339906369975985, 47.449689182859593 ], [ 11.339934608296597, 47.449682626867258 ], [ 11.339959703959181, 47.449673838960329 ], [ 11.339984762966898, 47.449669257206892 ], [ 11.340035192758915, 47.449658221892022 ], [ 11.340053662868916, 47.449645208788795 ], [ 11.340069147325742, 47.449632221826811 ], [ 11.340081647603522, 47.449619338347212 ], [ 11.340106498632954, 47.449597699379517 ], [ 11.340112728991041, 47.449593284276652 ], [ 11.340118849747386, 47.449589102191894 ], [ 11.340128182378548, 47.449584658122447 ], [ 11.340134568238458, 47.44958242192854 ], [ 11.340140845676824, 47.449580341389535 ], [ 11.340165946148112, 47.449577941304035 ], [ 11.340222662718379, 47.44957744459704 ], [ 11.340232109355082, 47.449572999520655 ], [ 11.340244697140196, 47.449570707204856 ], [ 11.340250817917605, 47.449566526911717 ], [ 11.340266660901641, 47.449566388154629 ], [ 11.340279290212502, 47.449566277542168 ], [ 11.340301615651804, 47.449580958941866 ], [ 11.340317547722334, 47.449591490497397 ], [ 11.340346152088101, 47.449604168679194 ], [ 11.340355723281075, 47.449606266915261 ], [ 11.340362115194759, 47.449610339412807 ], [ 11.34038118991718, 47.449623101057199 ], [ 11.34039394983874, 47.449635840659873 ], [ 11.34039702889112, 47.449640721099726 ], [ 11.340406985400525, 47.449657068674526 ], [ 11.340413415408959, 47.449657012350286 ], [ 11.340413577027467, 47.449665501762489 ], [ 11.340438965159342, 47.449678209892888 ], [ 11.34048940093801, 47.449673483082719 ], [ 11.340508229598989, 47.449673318136888 ], [ 11.340533411634521, 47.449675200447409 ], [ 11.340558900991123, 47.44967497714098 ], [ 11.340606054368711, 47.449678926368733 ], [ 11.340625158700327, 47.449687249816392 ], [ 11.3406441455436, 47.449689263734236 ], [ 11.340659874545871, 47.449689125921488 ], [ 11.340700737654215, 47.449682225266635 ], [ 11.340706930877831, 47.449675862243581 ], [ 11.340716220782305, 47.44966931558163 ], [ 11.340731951251128, 47.449669255099032 ], [ 11.340735084520015, 47.44966486530128 ], [ 11.340760064876966, 47.449656157381078 ], [ 11.340785314445966, 47.449649470863633 ], [ 11.340810377526282, 47.449644968045625 ], [ 11.340835519513199, 47.449644747721663 ], [ 11.34086081205877, 47.449640318435762 ], [ 11.340885956694624, 47.449640098077516 ], [ 11.340911367938054, 47.449641900943377 ], [ 11.340993431257337, 47.449651930167285 ], [ 11.341031244134648, 47.449653780814302 ], [ 11.341069138266571, 47.449659757422985 ], [ 11.34110714027331, 47.449659424316351 ], [ 11.341166801323295, 47.449656875765704 ], [ 11.341214218978006, 47.449656460083851 ], [ 11.341217357225457, 47.449658458138238 ], [ 11.341243023930669, 47.449679652677837 ], [ 11.341278297839899, 47.449704970621163 ], [ 11.341290813163305, 47.449704860896652 ], [ 11.341290896236636, 47.449709220712215 ], [ 11.341334866919356, 47.449708835200987 ], [ 11.341347527198888, 47.449704363655464 ], [ 11.341359962356108, 47.449700046989228 ], [ 11.341385335049978, 47.449699824521886 ], [ 11.341423072551031, 47.449703701266806 ], [ 11.341461074585295, 47.449703368042641 ], [ 11.341498693319879, 47.44970101260084 ], [ 11.341536539753518, 47.449698498645233 ], [ 11.34157426954941, 47.449695987498941 ], [ 11.341612078882193, 47.449691527429358 ], [ 11.341649683980432, 47.449682474736989 ], [ 11.341687491822549, 47.449677937302688 ], [ 11.341753376495701, 47.449664506256035 ], [ 11.341754574790823, 47.449661146185647 ], [ 11.341756312847725, 47.449655912319287 ], [ 11.341768900617913, 47.449653621635115 ], [ 11.341806341711104, 47.449629848097089 ], [ 11.341825121045531, 47.449621115186439 ], [ 11.341827861724052, 47.449608239773077 ], [ 11.341837505397804, 47.449608155178773 ], [ 11.34183734207603, 47.449599588430267 ], [ 11.341849929829156, 47.449597297737284 ], [ 11.34184980953949, 47.449590988236196 ], [ 11.341862280622003, 47.449588698565329 ], [ 11.341900126990184, 47.449586186288975 ], [ 11.341937745619347, 47.449583830703837 ], [ 11.341975747561239, 47.449583497309717 ], [ 11.34201347721741, 47.449580984220965 ], [ 11.342051331344097, 47.44958485973585 ], [ 11.342123890869322, 47.449584223082368 ], [ 11.342123810642969, 47.449580016149127 ], [ 11.342124499706653, 47.4495740125559 ], [ 11.342164289835493, 47.449565097026309 ], [ 11.342194766101191, 47.449555482489409 ], [ 11.342225332949461, 47.449550618055824 ], [ 11.342252675589403, 47.449557465792331 ], [ 11.34227166759081, 47.449565867304656 ], [ 11.342287675135921, 47.449574217652525 ], [ 11.342306708727344, 47.449584799066095 ], [ 11.342319458346198, 47.4495909959305 ], [ 11.342319499959507, 47.449593177636224 ], [ 11.342348177235554, 47.449603674407157 ], [ 11.342354418129654, 47.449605799905839 ], [ 11.342379640298493, 47.449609784377735 ], [ 11.342404898924537, 47.449609562685808 ], [ 11.342430157550284, 47.449609340988296 ], [ 11.34243740287293, 47.44960990161416 ], [ 11.34245545779468, 47.449611300990888 ], [ 11.342480755355018, 47.449613259212533 ], [ 11.342499591809405, 47.449619481780388 ], [ 11.342534625231856, 47.449632025630578 ], [ 11.342550476022737, 47.449638272599671 ], [ 11.342575977189588, 47.449650901912335 ], [ 11.342582374880788, 47.449655128941316 ], [ 11.342607633526972, 47.449654907204561 ], [ 11.342632775504745, 47.449654686486468 ], [ 11.342650342009815, 47.449654532269172 ], [ 11.34265792013376, 47.449654465739584 ], [ 11.342683216245918, 47.449656346576397 ], [ 11.342708630537965, 47.449658305521844 ], [ 11.342727542072634, 47.449662345322146 ], [ 11.342746452434394, 47.449666462482504 ], [ 11.342765516971703, 47.449672683004124 ], [ 11.342784584465166, 47.449679058202399 ], [ 11.34280369175195, 47.449687379462539 ], [ 11.342816360064383, 47.449689450299097 ], [ 11.342822756303459, 47.449693599974509 ], [ 11.342835385634853, 47.449693489080296 ], [ 11.342835547643306, 47.449701978486125 ], [ 11.34284166819389, 47.449697796257539 ], [ 11.342848060308462, 47.449701868614909 ], [ 11.342854342835214, 47.449706173992851 ], [ 11.342860854606242, 47.449710401803493 ], [ 11.342867460312707, 47.449707461954105 ], [ 11.342896251774771, 47.449717957585243 ], [ 11.342902957360815, 47.449720390183941 ], [ 11.342939612962377, 47.449721626144175 ], [ 11.342952575124242, 47.449720889893356 ], [ 11.342984342459825, 47.449718896559837 ], [ 11.343033756280656, 47.449720799371597 ], [ 11.343091740004164, 47.449726521520972 ], [ 11.343271180230246, 47.449736708396053 ], [ 11.343283809570234, 47.449736597452358 ], [ 11.343384851012088, 47.44974217325688 ], [ 11.34342258221813, 47.449739738842624 ], [ 11.343523540420742, 47.449740954712126 ], [ 11.343529739748268, 47.44974090024003 ], [ 11.343536251577154, 47.449745128011827 ], [ 11.34356139359074, 47.449744907089773 ], [ 11.343599125929803, 47.449742393455672 ], [ 11.34371890634373, 47.449737134995623 ], [ 11.343762541897464, 47.449731144313525 ], [ 11.343769183554011, 47.449730227863554 ], [ 11.34381958423131, 47.449729784886486 ], [ 11.343901479238626, 47.449724859216644 ], [ 11.343964589582312, 47.449728510294975 ], [ 11.344004718780134, 47.449725275683655 ], [ 11.344055393296927, 47.449727089619444 ], [ 11.344073511727458, 47.449725840195818 ], [ 11.344104355636748, 47.449723543459754 ], [ 11.344138984140377, 47.449720979583276 ], [ 11.34427329736914, 47.449712944781389 ], [ 11.344298511717367, 47.449710542789461 ], [ 11.344323730192858, 47.449708218108611 ], [ 11.344348752767162, 47.449701610154676 ], [ 11.344373772717955, 47.449695004017236 ], [ 11.344398833988215, 47.449690421278412 ], [ 11.344424086090187, 47.449683890441229 ], [ 11.344449144699079, 47.449679307714774 ], [ 11.34447428126011, 47.449672698730879 ], [ 11.344499260990277, 47.449663990000516 ], [ 11.344524469883874, 47.449655200097247 ], [ 11.3445495632741, 47.449646333851469 ], [ 11.344574627496739, 47.449641907552838 ], [ 11.344599727745413, 47.449639504699292 ], [ 11.344624822593845, 47.449630715777019 ], [ 11.34465000081892, 47.449626288459072 ], [ 11.344675060893099, 47.449621784822 ], [ 11.344706355030569, 47.449612941347823 ], [ 11.344719173341497, 47.449610648311356 ], [ 11.344734705198057, 47.449606304036308 ], [ 11.344740979496303, 47.449604068566984 ], [ 11.344750238259248, 47.449601884194536 ], [ 11.344800787564312, 47.449597154487925 ], [ 11.344857250296037, 47.449577420236814 ], [ 11.344853992257194, 47.449575266831161 ], [ 11.344869433817079, 47.449560099324174 ], [ 11.344884836606631, 47.449542904790839 ], [ 11.344909685647689, 47.449521266595255 ], [ 11.344915804532334, 47.449517006917326 ], [ 11.344921956676469, 47.449508384603064 ], [ 11.34494395870945, 47.449506088086807 ], [ 11.344969133854804, 47.44950150422094 ], [ 11.344994195320577, 47.449497077854545 ], [ 11.345019484473223, 47.449492492974386 ], [ 11.345044466678127, 47.44948378410291 ], [ 11.345069675393303, 47.449474994080802 ], [ 11.345094653416337, 47.449466206083322 ], [ 11.345119634082529, 47.449457418057143 ], [ 11.345144730235653, 47.449448706361999 ], [ 11.345169708233547, 47.449439918348318 ], [ 11.345194804404343, 47.449431208440906 ], [ 11.34521997949137, 47.449426624520299 ], [ 11.345244999200094, 47.449420018194225 ], [ 11.345270101961971, 47.449417615171463 ], [ 11.345295275898112, 47.449413110396264 ], [ 11.345307981597552, 47.449410895637918 ], [ 11.345320567976893, 47.449408681928439 ], [ 11.3453456290259, 47.44940409898404 ], [ 11.345370807080045, 47.449399671508857 ], [ 11.345395825242546, 47.449392986011581 ], [ 11.345420847529869, 47.449386377825412 ], [ 11.345446096397255, 47.449379692085081 ], [ 11.345467862135116, 47.449371009638298 ], [ 11.345489698692161, 47.449360068938667 ], [ 11.345508512003581, 47.449347050133454 ], [ 11.345527096136932, 47.449334112494675 ], [ 11.345545678781276, 47.449321097513035 ], [ 11.345564492099403, 47.449308080497346 ], [ 11.345579891937096, 47.449290885895479 ], [ 11.345595334684695, 47.449275795632019 ], [ 11.345610852341689, 47.449258522635589 ], [ 11.345622468364949, 47.449247594548495 ], [ 11.345629354468301, 47.449241302510188 ], [ 11.345644869452599, 47.449224029532544 ], [ 11.345660230174866, 47.449204654991625 ], [ 11.345678846247646, 47.449187432055801 ], [ 11.345694285942317, 47.449172185300831 ], [ 11.345706588757151, 47.449155019751743 ], [ 11.345722185683229, 47.449142031032572 ], [ 11.345743869317888, 47.449129066063946 ], [ 11.345778451532066, 47.449118011269078 ], [ 11.345781430433661, 47.449111676276985 ], [ 11.345793945598981, 47.44911156606198 ], [ 11.345819159585508, 47.449109163738022 ], [ 11.345844303929859, 47.449108942294259 ], [ 11.345869478804785, 47.449104358232383 ], [ 11.345907127454492, 47.449097640534397 ], [ 11.345916729261441, 47.449095373894181 ], [ 11.345919828885002, 47.449095346593772 ], [ 11.345944924766263, 47.449086636523759 ], [ 11.34596990510906, 47.449077848314126 ], [ 11.345994998287656, 47.449069136458007 ], [ 11.346011475329414, 47.449066109476405 ], [ 11.346020059114835, 47.449064553367535 ], [ 11.346045317451525, 47.449064330875558 ], [ 11.346070492631229, 47.44905990327144 ], [ 11.34609547445519, 47.449051194173123 ], [ 11.346120410334482, 47.449040224250872 ], [ 11.346134618351742, 47.449032543685988 ], [ 11.346148480531792, 47.449024945317817 ], [ 11.346157887787781, 47.449018474532146 ], [ 11.346164159303425, 47.449016239009033 ], [ 11.346189255071614, 47.449007527087403 ], [ 11.346198752623028, 47.449011728404315 ], [ 11.346209464875155, 47.44901358044261 ], [ 11.346220989180219, 47.449015738334872 ], [ 11.346246175217326, 47.449017696708076 ], [ 11.346271357123779, 47.449019577759188 ], [ 11.346296575175446, 47.449017252647202 ], [ 11.346321711218735, 47.449010645060177 ], [ 11.346346770818194, 47.449006139261847 ], [ 11.346371947114262, 47.449001634228686 ], [ 11.346396927344388, 47.448992845926689 ], [ 11.346422018929584, 47.448984056637975 ], [ 11.346447195208455, 47.448979551588373 ], [ 11.346472215683836, 47.448972865834854 ], [ 11.346497465663941, 47.448966255406205 ], [ 11.346522526742474, 47.448961828708171 ], [ 11.346547620943142, 47.448953039368796 ], [ 11.346572713654012, 47.448944172684143 ], [ 11.346597732926229, 47.448937564266657 ], [ 11.346622672847813, 47.448926675149814 ], [ 11.346647806120165, 47.448920065716585 ], [ 11.346672982348485, 47.448915560617735 ], [ 11.346698160019518, 47.448911131054636 ], [ 11.346723259851187, 47.44890872953777 ], [ 11.346748362331994, 47.448906327992027 ], [ 11.34677346212445, 47.448903924665586 ], [ 11.346830171021663, 47.448897115996758 ], [ 11.346836518877273, 47.448892776844104 ], [ 11.34684895042186, 47.448888304906987 ], [ 11.346874041880696, 47.448879515520105 ], [ 11.346899219551434, 47.448875087711677 ], [ 11.346924353933302, 47.44886840085497 ], [ 11.346949375810398, 47.448861794136477 ], [ 11.346974394995184, 47.448855185637335 ], [ 11.346999571163575, 47.448850680467153 ], [ 11.347024548564333, 47.448841892052876 ], [ 11.347062426038226, 47.448835092805247 ], [ 11.347071802715757, 47.448832984557868 ], [ 11.347084231574469, 47.448828512618832 ], [ 11.347093719300309, 47.448826248684654 ], [ 11.347099993404241, 47.448824013087354 ], [ 11.347128155451042, 47.448819636265235 ], [ 11.347150304185563, 47.448812975686906 ], [ 11.347184581527879, 47.448804027873649 ], [ 11.347206815324908, 47.448801806231238 ], [ 11.34721289064275, 47.448795287389601 ], [ 11.347219081490399, 47.448788846680557 ], [ 11.347244101775154, 47.448782160759791 ], [ 11.347288211796759, 47.448771100631511 ], [ 11.347319473054061, 47.448766539923689 ], [ 11.347319432752123, 47.448764437359436 ], [ 11.347344640772727, 47.448755648639995 ], [ 11.347379033541003, 47.448746777103253 ], [ 11.347391622323221, 47.448744563144601 ], [ 11.347407146484519, 47.448733755109004 ], [ 11.347438102752621, 47.448701389588123 ], [ 11.347447312198181, 47.448690559895532 ], [ 11.347456955687496, 47.448690474829853 ], [ 11.347482055377085, 47.448688073147792 ], [ 11.347503983243941, 47.448687879713169 ], [ 11.347526307513712, 47.448696328314071 ], [ 11.347551531101519, 47.448700388988861 ], [ 11.347576910222736, 47.448706475651761 ], [ 11.347602179783959, 47.448712795334345 ], [ 11.347624302302675, 47.448716805998941 ], [ 11.347646625120703, 47.448725177236291 ], [ 11.347671965397074, 47.448729236855108 ], [ 11.347697344860185, 47.448735478194145 ], [ 11.347722529329822, 47.448737358903834 ], [ 11.347747869652105, 47.448741420304373 ], [ 11.347773091794684, 47.448745403590287 ], [ 11.347798275103138, 47.448747361646518 ], [ 11.347823732101718, 47.448751422000697 ], [ 11.347848873608502, 47.448751200142013 ], [ 11.347874015114984, 47.448750978277822 ], [ 11.347899315095415, 47.448752935282251 ], [ 11.34790322706975, 47.448753368474456 ], [ 11.347949953905321, 47.448758874498338 ], [ 11.347959448898006, 47.448763075692248 ], [ 11.347975334582733, 47.448765038412219 ], [ 11.348013156972547, 47.448773350136896 ], [ 11.34804790017645, 47.448770863217476 ], [ 11.34806648196154, 47.448757846033502 ], [ 11.348078782422277, 47.448740602895313 ], [ 11.348100417639214, 47.448719069722522 ], [ 11.348109820464122, 47.448712521462134 ], [ 11.348113036728902, 47.448712493072804 ], [ 11.348131814678307, 47.448703759137913 ], [ 11.348157521383309, 47.44869698960553 ], [ 11.348181855273621, 47.448690543396282 ], [ 11.348206572705642, 47.448686119363003 ], [ 11.348232089050397, 47.448681454414036 ], [ 11.348257309814858, 47.448679283552067 ], [ 11.348285542039427, 47.448672491695383 ], [ 11.348287640535929, 47.448668110824819 ], [ 11.348288519130712, 47.448666079300281 ], [ 11.34829482646238, 47.448659635705567 ], [ 11.34833548693817, 47.448654291965902 ], [ 11.34834820161136, 47.448652699211713 ], [ 11.348367143876647, 47.448652531971383 ], [ 11.348367061705607, 47.448648249504323 ], [ 11.348376436812183, 47.448646063811012 ], [ 11.348376394949788, 47.448643882108982 ], [ 11.348401407994816, 47.448630887239567 ], [ 11.348420145521271, 47.448620050694331 ], [ 11.348441981148511, 47.448609109437839 ], [ 11.348469927875481, 47.448587443112828 ], [ 11.348476122680195, 47.44858107965343 ], [ 11.348482238163111, 47.448576663309204 ], [ 11.348488503628019, 47.448568039800591 ], [ 11.348494850139231, 47.448563777920434 ], [ 11.348522877519738, 47.448546316709816 ], [ 11.348535271490096, 47.448539898505892 ], [ 11.348550744963225, 47.448520522578015 ], [ 11.348566030748596, 47.448503251225297 ], [ 11.348587745240874, 47.448486002250803 ], [ 11.348603339737174, 47.448472934006503 ], [ 11.348609538905993, 47.448472879260883 ], [ 11.348615691808478, 47.448464334092108 ], [ 11.348625137563383, 47.448459890128689 ], [ 11.348631277759562, 47.448444879806786 ], [ 11.348640496966587, 47.44844051519572 ], [ 11.34864025183863, 47.448427743336374 ], [ 11.348636706753608, 47.448410638275703 ], [ 11.348639595679478, 47.448393555545444 ], [ 11.348645692506601, 47.448376286180967 ], [ 11.348654493613569, 47.44834419693958 ], [ 11.348660619108434, 47.448346245761755 ], [ 11.348682686735534, 47.448335379762682 ], [ 11.348701422580506, 47.448324464033718 ], [ 11.348720007085147, 47.448311605021992 ], [ 11.348738702556089, 47.44829858672351 ], [ 11.348760539151222, 47.448287568044044 ], [ 11.348782337179884, 47.44827467883978 ], [ 11.348791784371402, 47.448270312202631 ], [ 11.348794791634097, 47.448259535383755 ], [ 11.348800549393854, 47.448242427309104 ], [ 11.348806651806685, 47.448225314390939 ], [ 11.348812520568508, 47.448208048830381 ], [ 11.348821755866989, 47.448186704197575 ], [ 11.348824806166153, 47.448178031716537 ], [ 11.348827592813668, 47.448173722110084 ], [ 11.348843230524619, 47.448162912875311 ], [ 11.348861968961261, 47.448151998895661 ], [ 11.348887062380749, 47.448143209048801 ], [ 11.348908981446733, 47.448136629309822 ], [ 11.348934122652107, 47.44813640721533 ], [ 11.348953025494565, 47.448134058154331 ], [ 11.349006714439769, 47.448131480925078 ], [ 11.349028477583962, 47.448122720468845 ], [ 11.349081640127318, 47.448098805645159 ], [ 11.349090890986718, 47.4480901557259 ], [ 11.349103519909875, 47.448090044144074 ], [ 11.349109544464742, 47.448074959263138 ], [ 11.349115853110932, 47.448068592963665 ], [ 11.349121475028536, 47.448038478189574 ], [ 11.349127587425164, 47.448027830430334 ], [ 11.349146044591027, 47.448008350703994 ], [ 11.349164742854203, 47.447995488815131 ], [ 11.349189574075844, 47.447985066013658 ], [ 11.349196065549849, 47.447982283312037 ], [ 11.349214802682727, 47.447971446638661 ], [ 11.349249194618222, 47.447962574545819 ], [ 11.349271147950363, 47.447951709442364 ], [ 11.349305613495972, 47.447940733761925 ], [ 11.349327377677552, 47.447931895886406 ], [ 11.349362079842747, 47.447927304211127 ], [ 11.34938396102716, 47.447918621795537 ], [ 11.349418622794053, 47.447911927539991 ], [ 11.349435860791134, 47.447906713066246 ], [ 11.34944042619839, 47.447905271368235 ], [ 11.349475008341743, 47.447894294606151 ], [ 11.349496811696989, 47.447887636625147 ], [ 11.349506372737567, 47.447883267123444 ], [ 11.349509159348505, 47.447878959299345 ], [ 11.349515550219607, 47.447876877242919 ], [ 11.349521782197852, 47.447872459812778 ], [ 11.349528011558144, 47.447868044204348 ], [ 11.349533237902509, 47.447865116161509 ], [ 11.349546751553095, 47.447857362156867 ], [ 11.349562191258533, 47.447842194027174 ], [ 11.349574492470264, 47.447825026272234 ], [ 11.349608466800477, 47.447788350285954 ], [ 11.34963657305479, 47.447775173094662 ], [ 11.349674017897556, 47.447757783053014 ], [ 11.349689738816299, 47.447757255508257 ], [ 11.349722495381663, 47.447752993933271 ], [ 11.349761460855833, 47.447754986215394 ], [ 11.349794273056197, 47.447747685777067 ], [ 11.349818808654513, 47.44773375938594 ], [ 11.349841046602558, 47.447719775952272 ], [ 11.34986905641561, 47.44771345338539 ], [ 11.349884705464891, 47.447709186525358 ], [ 11.349910327535559, 47.447704052550982 ], [ 11.349940410272032, 47.447698100200277 ], [ 11.34994032797603, 47.447693817734574 ], [ 11.349952721572837, 47.447687399379305 ], [ 11.349958764708276, 47.447685163868265 ], [ 11.349964084076479, 47.447681144846456 ], [ 11.349980370376182, 47.447668226799422 ], [ 11.349998560512258, 47.447646880232803 ], [ 11.350019887500787, 47.447621377434984 ], [ 11.350022865775074, 47.44761504053691 ], [ 11.350028943615488, 47.447608678026498 ], [ 11.350028279614479, 47.447603932989779 ], [ 11.350051174670897, 47.447570470553892 ], [ 11.35005584804739, 47.447502898318376 ], [ 11.350162196082781, 47.44757572006197 ], [ 11.350187319813314, 47.447592400360982 ], [ 11.350208371566154, 47.447606389531238 ], [ 11.350212554920166, 47.447609079669313 ], [ 11.35024423574859, 47.447638396831621 ], [ 11.35024753281442, 47.447642575307029 ], [ 11.350263153224336, 47.447648823249935 ], [ 11.350269549792394, 47.447652972508791 ], [ 11.350272620776538, 47.447663461744163 ], [ 11.35028842996557, 47.447667527740499 ], [ 11.35031959113816, 47.447675741124094 ], [ 11.350350936949507, 47.447681695239744 ], [ 11.350394610333339, 47.447689799713544 ], [ 11.350406936378374, 47.447691870940687 ], [ 11.350425845123022, 47.447695909496737 ], [ 11.350444559008514, 47.447695743933089 ], [ 11.350490967756567, 47.447684741382702 ], [ 11.350537123918796, 47.447654811168 ], [ 11.35055560100195, 47.447648261567629 ], [ 11.350580627949837, 47.447648040122623 ], [ 11.350611509278179, 47.44764776686899 ], [ 11.350642779864842, 47.447649670435759 ], [ 11.35067396395946, 47.447647214212921 ], [ 11.350704961949804, 47.447646939901752 ], [ 11.350736073951618, 47.447646664573234 ], [ 11.350767185952979, 47.447646389236269 ], [ 11.350798453892304, 47.44764829278401 ], [ 11.350829573202828, 47.447654326126326 ], [ 11.350860847008423, 47.447662462812012 ], [ 11.350892195845779, 47.447668571458763 ], [ 11.350923237471532, 47.447676631030667 ], [ 11.350954590498038, 47.447682818775121 ], [ 11.350985816530624, 47.447682542369478 ], [ 11.351016700526719, 47.447682268983101 ], [ 11.351047926558364, 47.44768199256054 ], [ 11.351079110651401, 47.447679536227525 ], [ 11.35111022266884, 47.447679260797322 ], [ 11.351112171119432, 47.447679087042907 ], [ 11.351141180221106, 47.447676883805883 ], [ 11.351172250259784, 47.447674426658374 ], [ 11.351203396863022, 47.447670022408964 ], [ 11.351234354405252, 47.447667645392436 ], [ 11.351265506871835, 47.447669472482282 ], [ 11.351296732893497, 47.447669195992013 ], [ 11.351327690430638, 47.447666818950331 ], [ 11.35135884289955, 47.447668646014783 ], [ 11.351390148356696, 47.447672497283392 ], [ 11.351421270758028, 47.44767868694256 ], [ 11.351452421748307, 47.44768043664174 ], [ 11.351483730195888, 47.447684442564181 ], [ 11.35154595422827, 47.447683891475734 ], [ 11.351571029087395, 47.447692082870375 ], [ 11.351586495183374, 47.447696229079554 ], [ 11.351586857929226, 47.447715074796648 ], [ 11.351577641781711, 47.447719441417547 ], [ 11.351571681140832, 47.447725959476919 ], [ 11.351565487973843, 47.447732245737747 ], [ 11.351559329367173, 47.447734403204436 ], [ 11.351559533203105, 47.447744993353574 ], [ 11.351547213334374, 47.447749308309497 ], [ 11.351553623677598, 47.447766154048473 ], [ 11.351560060864514, 47.447772407594847 ], [ 11.351566381354708, 47.447778660375526 ], [ 11.351591700575817, 47.447799544475984 ], [ 11.351623097487018, 47.447814065977205 ], [ 11.351654452418691, 47.44782640576954 ], [ 11.351685766890293, 47.447836642991405 ], [ 11.351732860713984, 47.447855310410475 ], [ 11.351770129917334, 47.447852798186062 ], [ 11.351779422618245, 47.447846484456143 ], [ 11.351820035795523, 47.447856641064249 ], [ 11.351832478596926, 47.447858711103777 ], [ 11.351835504610415, 47.447860787215689 ], [ 11.351845110744154, 47.447864830599194 ], [ 11.351854377820326, 47.447869031691582 ], [ 11.351879329843802, 47.447870836194319 ], [ 11.351885849536423, 47.447881372184895 ], [ 11.351898330177864, 47.447885544802304 ], [ 11.351899063051315, 47.447887797734161 ], [ 11.351901632175789, 47.447896031947302 ], [ 11.351905138081579, 47.447917109239839 ], [ 11.351905748347356, 47.447948804141625 ], [ 11.351896413998379, 47.447953092683385 ], [ 11.351900198538452, 47.447982580987123 ], [ 11.351906397643319, 47.447982526063662 ], [ 11.351912791728573, 47.447986675252835 ], [ 11.351915934416711, 47.44798875032884 ], [ 11.351922057342437, 47.447990798999726 ], [ 11.351925356052035, 47.447995054765222 ], [ 11.351937682226012, 47.447997125826667 ], [ 11.351978403242619, 47.448000893510581 ], [ 11.351987625725691, 47.448002914714117 ], [ 11.351997081537702, 47.448004933849425 ], [ 11.352006461173969, 47.44800905657921 ], [ 11.352031374269066, 47.448008835826535 ], [ 11.352062486471498, 47.4480085601365 ], [ 11.352093591212745, 47.448001975743395 ], [ 11.352124548905518, 47.447999598485453 ], [ 11.352167979815613, 47.447995085112233 ], [ 11.352183552259991, 47.44799276683171 ], [ 11.352187658861164, 47.447991327291405 ], [ 11.352189596823296, 47.447990608543371 ], [ 11.352189554838814, 47.44798842864224 ], [ 11.352208268817829, 47.447988262789984 ], [ 11.352217600495766, 47.447983974246497 ], [ 11.352248712681728, 47.44798369850605 ], [ 11.352279905864279, 47.447987627879769 ], [ 11.352311176705387, 47.447989530989396 ], [ 11.352327633896282, 47.447991567192652 ], [ 11.352342140743461, 47.447993541529051 ], [ 11.352373366946505, 47.447993264744149 ], [ 11.352404595800524, 47.44799298792725 ], [ 11.352435630340763, 47.447994738391664 ], [ 11.352466783036951, 47.447996565153218 ], [ 11.352497971384798, 47.447994185749657 ], [ 11.352541237205635, 47.447981105512611 ], [ 11.352559875025634, 47.447983043198391 ], [ 11.352591069719733, 47.44798704982702 ], [ 11.352622381117145, 47.447991057211325 ], [ 11.352693790132976, 47.447990424064251 ], [ 11.352715675668259, 47.447988049734313 ], [ 11.352721996320641, 47.447994302449828 ], [ 11.352734435046591, 47.447996295074695 ], [ 11.352740831849363, 47.448000444193653 ], [ 11.352746840795144, 47.448002493831218 ], [ 11.352759438196067, 47.448006665319561 ], [ 11.352775205665759, 47.448008551069833 ], [ 11.352790712500495, 47.4480148014745 ], [ 11.352809582508156, 47.448016814413641 ], [ 11.352840694707769, 47.448016538512405 ], [ 11.352871650881562, 47.448014083713197 ], [ 11.352902753996208, 47.448007419962984 ], [ 11.352952065816622, 47.447992262182474 ], [ 11.352973913795449, 47.44798793992188 ], [ 11.352973789200856, 47.447981475761253 ], [ 11.352979988303524, 47.447981420779762 ], [ 11.353007595619557, 47.447960144917005 ], [ 11.353081447669952, 47.447919376069919 ], [ 11.353084464665692, 47.447915066115002 ], [ 11.353106239120322, 47.447912847401554 ], [ 11.35314366436244, 47.447912515418629 ], [ 11.353180941156708, 47.447916313228099 ], [ 11.353218491024696, 47.447922445380946 ], [ 11.35325592387187, 47.447928422054922 ], [ 11.353293317348802, 47.44793221879268 ], [ 11.353330711161906, 47.447936170221148 ], [ 11.353368217501613, 47.447940043286067 ], [ 11.353405609868823, 47.447943919148898 ], [ 11.353442923768476, 47.447943588056226 ], [ 11.353517781918756, 47.447949232551345 ], [ 11.353555102296333, 47.447955287478628 ], [ 11.353623764061167, 47.447960988691953 ], [ 11.353636397929339, 47.447967185327826 ], [ 11.353664410541874, 47.447966936711829 ], [ 11.353667477186763, 47.447971115335172 ], [ 11.353739081278237, 47.447974685646138 ], [ 11.353745641910699, 47.447987324088217 ], [ 11.353749059751426, 47.447997885706116 ], [ 11.35375607308997, 47.448040041964688 ], [ 11.353768357293355, 47.448039932928658 ], [ 11.35380603011785, 47.44805229340686 ], [ 11.35386837975458, 47.448064280112327 ], [ 11.353880936729267, 47.448066350715003 ], [ 11.353893458131919, 47.448072625673774 ], [ 11.353899084528335, 47.448072575726634 ], [ 11.353905973019319, 47.448072514575159 ], [ 11.353906052654155, 47.448076642355915 ], [ 11.353943520060239, 47.448078490010914 ], [ 11.353955992891246, 47.448076199006969 ], [ 11.354014642171434, 47.448062981641087 ], [ 11.354030301529232, 47.448059260990725 ], [ 11.354123226578789, 47.44804301210764 ], [ 11.354148100627619, 47.448040767473103 ], [ 11.354172932573041, 47.448036341134831 ], [ 11.354197764479487, 47.448031912992604 ], [ 11.354222632848433, 47.44802951188754 ], [ 11.354247463289477, 47.448025008193511 ], [ 11.354272109264148, 47.448022763758509 ], [ 11.354296938538813, 47.448018337417047 ], [ 11.354346838133699, 47.448015791338293 ], [ 11.354362379126817, 47.448017756234627 ], [ 11.354393736301629, 47.448030172611247 ], [ 11.354428143262339, 47.448034074655865 ], [ 11.354431225003903, 47.448039032050765 ], [ 11.354462097742358, 47.448044210318457 ], [ 11.354511436650887, 47.448042291569479 ], [ 11.354542318172296, 47.448042017255418 ], [ 11.354618048126193, 47.448062997950764 ], [ 11.354725811910212, 47.448083771348159 ], [ 11.354852765384988, 47.448129145060051 ], [ 11.354959294089975, 47.448145412161132 ], [ 11.355015488599403, 47.448159712365808 ], [ 11.355028044111386, 47.448161703703988 ], [ 11.355037309995641, 47.448165827196938 ], [ 11.355071677938424, 47.448167702028925 ], [ 11.355077958314258, 47.448171853851271 ], [ 11.355084155906695, 47.448171719617584 ], [ 11.355096711424016, 47.448173710948232 ], [ 11.355096794174676, 47.448177995205278 ], [ 11.355115433645267, 47.448180009813939 ], [ 11.355159427877433, 47.448198624223203 ], [ 11.355175088144149, 47.448206896710282 ], [ 11.355181485197209, 47.44821104748987 ], [ 11.355200202890277, 47.448217110725373 ], [ 11.355216226586132, 47.448238155802102 ], [ 11.355213289485029, 47.44824659359071 ], [ 11.355238493699762, 47.448267477908502 ], [ 11.355264676157553, 47.448309073316295 ], [ 11.355267404640198, 47.448313722618195 ], [ 11.355276860629225, 47.448315741481501 ], [ 11.355283141004088, 47.448319891493661 ], [ 11.355295701756782, 47.448328191516879 ], [ 11.355314498572261, 47.448332307614777 ], [ 11.355323959797404, 47.448340636987496 ], [ 11.35533035833785, 47.448344863299511 ], [ 11.355399269730396, 47.448369487513403 ], [ 11.355430474246136, 47.448379881195017 ], [ 11.355442944429479, 47.448377590052914 ], [ 11.355446051864137, 47.448383871186238 ], [ 11.355449346700894, 47.448388047733062 ], [ 11.355458690191004, 47.448390144934528 ], [ 11.35548996512801, 47.448398280347689 ], [ 11.3555245348839, 47.448410590498199 ], [ 11.355574648835393, 47.448425021846653 ], [ 11.355580697073634, 47.44842909655366 ], [ 11.355596508419556, 47.448433240950912 ], [ 11.355621657597641, 47.448439326079736 ], [ 11.355624643159851, 47.448439299531088 ], [ 11.355627702102932, 47.448437169409537 ], [ 11.355636557174728, 47.448437869592496 ], [ 11.35564955643008, 47.448439077990699 ], [ 11.355686908637363, 47.448440848747637 ], [ 11.355724179574075, 47.448438414374607 ], [ 11.355761453158635, 47.448435979965886 ], [ 11.355798919380334, 47.448437749672344 ], [ 11.3558363528727, 47.448443725498244 ], [ 11.355873705088532, 47.448445496194246 ], [ 11.355936050373174, 47.448451173053321 ], [ 11.355967245586063, 47.448455178758898 ], [ 11.355970755806577, 47.448476255888977 ], [ 11.355983799598853, 47.448503636126162 ], [ 11.355986939824962, 47.448505711112539 ], [ 11.355993148441472, 47.448512043796214 ], [ 11.35601809293037, 47.448507536905666 ], [ 11.356055323247393, 47.448502999866108 ], [ 11.356092474906902, 47.448494257673609 ], [ 11.356164029715632, 47.448489336076058 ], [ 11.356195315760502, 47.44850393466475 ], [ 11.356229965599836, 47.448520374176638 ], [ 11.356267564856246, 47.44853491657274 ], [ 11.356305048589153, 47.448549380832681 ], [ 11.356342917731196, 47.448565946369897 ], [ 11.356380431203295, 47.448576049794106 ], [ 11.356417833702178, 47.44858631069836 ], [ 11.356455538711865, 47.448594386826109 ], [ 11.356493095919125, 47.448606749249258 ], [ 11.356530539130009, 47.448619112674706 ], [ 11.356599290241006, 47.448635403265655 ], [ 11.356599412255783, 47.4486417109404 ], [ 11.35660251184242, 47.44864168335139 ], [ 11.356631004891671, 47.448660357815847 ], [ 11.356665512777267, 47.44868123635878 ], [ 11.35667179330412, 47.448685386293434 ], [ 11.356678271847047, 47.448693740305593 ], [ 11.356693924484475, 47.44869570389217 ], [ 11.356731245773986, 47.448701759576558 ], [ 11.356768910234338, 47.448707733041978 ], [ 11.356806272220538, 47.448715891259901 ], [ 11.356859402004655, 47.44872593285254 ], [ 11.356871841052506, 47.448727925025771 ], [ 11.356881294523793, 47.448729943779192 ], [ 11.356918534489216, 47.448731794286189 ], [ 11.356955962919347, 47.448731461030931 ], [ 11.357030422159426, 47.448722307191566 ], [ 11.35707988119581, 47.448702861333103 ], [ 11.35707979981415, 47.448698656217282 ], [ 11.357095297761646, 47.448698518206321 ], [ 11.357095379144541, 47.448702723322107 ], [ 11.357139577968097, 47.448731849750644 ], [ 11.357158256939254, 47.448735891041736 ], [ 11.357167755265305, 47.448740089645298 ], [ 11.357189611265964, 47.448742075270985 ], [ 11.357202089528329, 47.448746092626472 ], [ 11.357236383101872, 47.448749993039534 ], [ 11.357273694875641, 47.448749660719542 ], [ 11.357306875626694, 47.448749365182579 ], [ 11.357311123314298, 47.448749327348239 ], [ 11.357348516489939, 47.448753200119341 ], [ 11.357385870499781, 47.448755049458718 ], [ 11.357423182275387, 47.448754717090054 ], [ 11.357460568477673, 47.448752201974095 ], [ 11.357497676712637, 47.448741356793015 ], [ 11.357534866350186, 47.448734716715222 ], [ 11.357571973024935, 47.448723792372085 ], [ 11.357618495153945, 47.448712785926901 ], [ 11.357633872461783, 47.448706417510053 ], [ 11.357643206468941, 47.448702128504195 ], [ 11.357646263812304, 47.448699919191235 ], [ 11.357649206022357, 47.448697790055817 ], [ 11.357655479654259, 47.448695553884292 ], [ 11.357664812503858, 47.448691342239911 ], [ 11.357673792150573, 47.448680668476236 ], [ 11.357707958084477, 47.448671952363661 ], [ 11.357745032099201, 47.44866523409592 ], [ 11.357794809956642, 47.448656378840845 ], [ 11.35780712686244, 47.448652063240118 ], [ 11.357819482988612, 47.448649772855902 ], [ 11.357828701803028, 47.448645562214359 ], [ 11.357847532647597, 47.448645394400231 ], [ 11.357850352647258, 47.448636955788857 ], [ 11.357859766570066, 47.448636794540832 ], [ 11.357865762130022, 47.44862622650745 ], [ 11.357878036767625, 47.448619729203571 ], [ 11.357884155988216, 47.448615546181095 ], [ 11.357893560253496, 47.448608998902415 ], [ 11.357918000025796, 47.448596239120903 ], [ 11.357939202719301, 47.448588183539805 ], [ 11.357958353833727, 47.44858100251885 ], [ 11.357970556694697, 47.448576687916926 ], [ 11.357982876218795, 47.44857237227383 ], [ 11.358001465537578, 47.448565897826008 ], [ 11.35800810494397, 47.448564748511522 ], [ 11.358013939798107, 47.448563683720742 ], [ 11.358026409873107, 47.448561390499627 ], [ 11.358027952950744, 47.44855794983097 ], [ 11.358029160773931, 47.448555136370686 ], [ 11.358036508025084, 47.448555070881966 ], [ 11.358047988933567, 47.448554968547505 ], [ 11.358049854400107, 47.448550510422329 ], [ 11.35805699547563, 47.448533778112896 ], [ 11.358066048334722, 47.448521002543977 ], [ 11.358068866794808, 47.448512486587767 ], [ 11.358068826064837, 47.448510384030442 ], [ 11.358096750403652, 47.448499541364662 ], [ 11.358152415051121, 47.448486427638393 ], [ 11.358158690134577, 47.448484268779168 ], [ 11.358201987459656, 47.448466980283477 ], [ 11.358235717271549, 47.448447674147005 ], [ 11.358266422260318, 47.448426369400586 ], [ 11.358291008095817, 47.448409249488883 ], [ 11.358324449591413, 47.448375067149691 ], [ 11.358333816015891, 47.448366571957287 ], [ 11.358333693794927, 47.448360264285647 ], [ 11.358370480817255, 47.448338750577484 ], [ 11.358407386318682, 47.448317467859781 ], [ 11.358444515320208, 47.448295951078336 ], [ 11.358472168044225, 47.448283007821921 ], [ 11.358512210777537, 47.448263645309403 ], [ 11.358514142631496, 47.448262615298198 ], [ 11.358546055892278, 47.448244417204222 ], [ 11.358570723016491, 47.448231500548978 ], [ 11.358601665161814, 47.448216425005249 ], [ 11.358647988418976, 47.448201212274036 ], [ 11.358675683330608, 47.448190450664313 ], [ 11.358706828078729, 47.448185967039542 ], [ 11.358737818052427, 47.448179381866296 ], [ 11.358768692471429, 47.448172718563541 ], [ 11.358799754149437, 47.448163950661538 ], [ 11.358843020041318, 47.448150947195451 ], [ 11.358855340892974, 47.448146708799186 ], [ 11.358864556537386, 47.448142343396128 ], [ 11.358867727809701, 47.44814013303391 ], [ 11.358895259594343, 47.448120961143836 ], [ 11.358913678428879, 47.448099688472183 ], [ 11.35892865300819, 47.448078446524377 ], [ 11.358950171364631, 47.448057146195183 ], [ 11.358983696775841, 47.448027325258096 ], [ 11.358993026401221, 47.448022958827686 ], [ 11.359002277108702, 47.448014385460475 ], [ 11.35903315443092, 47.448007878564994 ], [ 11.359064142758566, 47.448001215964865 ], [ 11.359095173348075, 47.447996733252843 ], [ 11.3591261616262, 47.447990068837456 ], [ 11.35915730621598, 47.447985585091359 ], [ 11.359188141227976, 47.447976898258013 ], [ 11.359219212567174, 47.447974518069358 ], [ 11.359250202315971, 47.447967930960196 ], [ 11.359281304604172, 47.447961267284235 ], [ 11.359312294372067, 47.447954681957007 ], [ 11.359343209364871, 47.447950121057524 ], [ 11.359374241399511, 47.447945715609876 ], [ 11.359405302876013, 47.447936949343799 ], [ 11.359436219385046, 47.4479324675575 ], [ 11.359473282808993, 47.447919362708497 ], [ 11.359485759853149, 47.447917303123575 ], [ 11.359498107385859, 47.447908703872493 ], [ 11.359529063122174, 47.4479062454798 ], [ 11.359594468380562, 47.44790986746672 ], [ 11.359594346010834, 47.447903559797034 ], [ 11.359603837553152, 47.44790152864973 ], [ 11.359643958125172, 47.447886214381363 ], [ 11.359671724384013, 47.447873271619301 ], [ 11.359702479121024, 47.44786045507653 ], [ 11.359733385684128, 47.44784958718364 ], [ 11.359764414589247, 47.447845025153271 ], [ 11.359795363428827, 47.447836337139833 ], [ 11.359826312258086, 47.447827649118075 ], [ 11.359869651943063, 47.447812462531573 ], [ 11.359894276585925, 47.44779752040133 ], [ 11.359924987454271, 47.44778244836256 ], [ 11.359962044864734, 47.447763032847384 ], [ 11.359995733157833, 47.447741780143986 ], [ 11.360032749741373, 47.44772026384851 ], [ 11.360069765144301, 47.447698824904414 ], [ 11.360106552493747, 47.447677387985102 ], [ 11.360137329475908, 47.447653979169282 ], [ 11.36016803284566, 47.447632517418576 ], [ 11.360198700074283, 47.447615342774746 ], [ 11.360232462489353, 47.447591907266236 ], [ 11.360238578365722, 47.447587567641989 ], [ 11.360254027870175, 47.447578940599897 ], [ 11.360257045759132, 47.447574707800086 ], [ 11.36026637931586, 47.447570416784345 ], [ 11.360272537539677, 47.447568258852684 ], [ 11.360272413588982, 47.44756187384445 ], [ 11.360287946215845, 47.447557529249842 ], [ 11.360287823764724, 47.447551221581143 ], [ 11.360294022802702, 47.447551166204576 ], [ 11.360324813864885, 47.447540374737059 ], [ 11.360355877593051, 47.447531608192165 ], [ 11.360386791093761, 47.447527124376684 ], [ 11.360445867118575, 47.447518107544077 ], [ 11.360461487174717, 47.447524276749093 ], [ 11.360480202442526, 47.447524186887456 ], [ 11.360517668149054, 47.447525955055731 ], [ 11.360554741022911, 47.447519237685448 ], [ 11.360591930902116, 47.447512673963502 ], [ 11.360605438856865, 47.447510450338548 ], [ 11.360647790660508, 47.447503683967419 ], [ 11.36066967711316, 47.447501385462587 ], [ 11.360685060680307, 47.447501247987915 ], [ 11.360688037697255, 47.447494912620982 ], [ 11.360700438409836, 47.44749480180063 ], [ 11.360700355241057, 47.447490519349138 ], [ 11.360715839988075, 47.447477840793674 ], [ 11.36071877312696, 47.447469246392338 ], [ 11.360721750103178, 47.447462909225962 ], [ 11.360730557091827, 47.447437516316072 ], [ 11.360742463582586, 47.447412095705062 ], [ 11.360760798251151, 47.447386540290061 ], [ 11.360778789684982, 47.447361063493624 ], [ 11.36080316413471, 47.447327119760878 ], [ 11.360809043409983, 47.447316473457654 ], [ 11.360818292583579, 47.447307979107833 ], [ 11.360848992857758, 47.447286518999384 ], [ 11.360886060013737, 47.447273647515438 ], [ 11.360935513212397, 47.447254043532126 ], [ 11.360947911215982, 47.447253932709117 ], [ 11.360960304853796, 47.447247590513797 ], [ 11.360997615521642, 47.447247256989911 ], [ 11.361053444148279, 47.447242552067415 ], [ 11.361069089123644, 47.447238129009186 ], [ 11.36107819076744, 47.447233919152076 ], [ 11.361097019551533, 47.447233671669927 ], [ 11.361102979341359, 47.447227309625447 ], [ 11.361109252649888, 47.447225073266779 ], [ 11.361136978815347, 47.447210103138836 ], [ 11.361149213404362, 47.447201582070974 ], [ 11.361167562240183, 47.447188643989129 ], [ 11.361173726073741, 47.447186642463464 ], [ 11.361189171117779, 47.447177936182364 ], [ 11.361189089412949, 47.447173731070819 ], [ 11.36121400204231, 47.447173508325847 ], [ 11.361251271764957, 47.447171070365492 ], [ 11.361288541518931, 47.447168634191613 ], [ 11.361325803854744, 47.447159811955878 ], [ 11.361360208300901, 47.44715171503892 ], [ 11.361362950984036, 47.447151066292271 ], [ 11.361440470006901, 47.44713985845037 ], [ 11.361443404547574, 47.447131343169175 ], [ 11.361465249910538, 47.447126940159514 ], [ 11.361468067784681, 47.447118425921019 ], [ 11.361482789908706, 47.447078257803383 ], [ 11.361492037428656, 47.447069686060487 ], [ 11.361529229521631, 47.447063122013546 ], [ 11.361566456779594, 47.447058504056294 ], [ 11.361603758710613, 47.447051861649733 ], [ 11.361640985988696, 47.447047245466962 ], [ 11.361678132985084, 47.44703849970206 ], [ 11.361715396665568, 47.447029754680166 ], [ 11.361777219552719, 47.447014479378034 ], [ 11.361789575117076, 47.447012188569509 ], [ 11.361829812960794, 47.446997108139513 ], [ 11.361846473658536, 47.446991740456468 ], [ 11.361863820674005, 47.446986210125807 ], [ 11.361903900543256, 47.446968871657077 ], [ 11.361937939321228, 47.446953844854001 ], [ 11.361978102412152, 47.446940788809805 ], [ 11.362012070711897, 47.446927867335312 ], [ 11.36204913428447, 47.446914839000982 ], [ 11.362089215541911, 47.446897577807611 ], [ 11.362123370916787, 47.446882551704647 ], [ 11.362160320419779, 47.44686952435498 ], [ 11.362218742896255, 47.446833093528632 ], [ 11.362231136280979, 47.446826751197349 ], [ 11.362233882046947, 47.446820263153036 ], [ 11.362246393953306, 47.446820151170002 ], [ 11.362252547489833, 47.446811761762731 ], [ 11.362261721687629, 47.446805291735657 ], [ 11.362264737867134, 47.446800981544499 ], [ 11.362274110904968, 47.446798872084024 ], [ 11.362276398071387, 47.446762943648217 ], [ 11.362288871719729, 47.44676072908171 ], [ 11.362295060478582, 47.446754287572098 ], [ 11.362301065121512, 47.446750105337273 ], [ 11.362307255346973, 47.446743739367903 ], [ 11.362313373640028, 47.446739401409253 ], [ 11.362325640144457, 47.446726674086584 ], [ 11.362338038018725, 47.44672656311419 ], [ 11.362337758879677, 47.446718074775852 ], [ 11.362350273412785, 47.446717962757937 ], [ 11.362356307216418, 47.446709417911798 ], [ 11.362386878135458, 47.446675495724094 ], [ 11.362386629695129, 47.446662723915466 ], [ 11.362373296770759, 47.446620626533502 ], [ 11.362379332099158, 47.446612160824209 ], [ 11.362382104332831, 47.446595310839633 ], [ 11.362379718884439, 47.446590737786316 ], [ 11.362359542010159, 47.446551115796673 ], [ 11.362346987766024, 47.446549047896838 ], [ 11.362346743849535, 47.44653650810627 ], [ 11.362349431285894, 47.44651529833272 ], [ 11.362345674390333, 47.446481526915768 ], [ 11.362342288654583, 47.446466836772174 ], [ 11.362348495530261, 47.446461328729441 ], [ 11.362366790418569, 47.446445509088392 ], [ 11.36239753196377, 47.446426228465427 ], [ 11.362428073485431, 47.446402664630035 ], [ 11.36245571857898, 47.446383568214785 ], [ 11.362498848749714, 47.446357711391514 ], [ 11.36250801417126, 47.446344934457393 ], [ 11.362514133871523, 47.446340672029109 ], [ 11.362532353697587, 47.446315273857365 ], [ 11.362537946143663, 47.446289907782031 ], [ 11.362549874607971, 47.446253815668072 ], [ 11.362555868961348, 47.446243247394271 ], [ 11.362564847203565, 47.446232573253617 ], [ 11.362570711235117, 47.446209309465182 ], [ 11.362576910111006, 47.446209253966373 ], [ 11.362586044798011, 47.446200760496659 ], [ 11.362601495015658, 47.446192210481641 ], [ 11.362641730461254, 47.446177050632947 ], [ 11.362675579907036, 47.446164050871523 ], [ 11.362731275759652, 47.446146728789152 ], [ 11.362740533114227, 47.446144541174149 ], [ 11.362749790503003, 47.446142355356997 ], [ 11.362787135198754, 47.446137815101778 ], [ 11.362824559068711, 47.44613747996835 ], [ 11.362886542787512, 47.446130538755391 ], [ 11.362895757708543, 47.446126171233367 ], [ 11.36292359683069, 47.44611120145629 ], [ 11.362957478329143, 47.446093995481228 ], [ 11.362997520393371, 47.446074631396101 ], [ 11.363006614065906, 47.446064035338395 ], [ 11.363019011781834, 47.446063924293568 ], [ 11.363022145987481, 47.446059688578664 ], [ 11.36302806298378, 47.446051146541102 ], [ 11.363040493966478, 47.446046750201013 ], [ 11.363049423925965, 47.446027743920091 ], [ 11.363049258686019, 47.446019254562103 ], [ 11.3630366590273, 47.445973567262691 ], [ 11.363035916640273, 47.445970848569154 ], [ 11.363035548286907, 47.445951923775489 ], [ 11.363063311149459, 47.445938901063634 ], [ 11.363103474727259, 47.445925923768975 ], [ 11.363134290285419, 47.445904616714316 ], [ 11.363174003163317, 47.445868352990757 ], [ 11.363179962549356, 47.445861990839845 ], [ 11.363186111275672, 47.445853367565974 ], [ 11.363192424116171, 47.44585331101289 ], [ 11.363195204872676, 47.445842771493503 ], [ 11.363217131449753, 47.445842575062663 ], [ 11.363254408955683, 47.445846446943051 ], [ 11.363269808695373, 47.44584716525533 ], [ 11.363291759540191, 47.445848215234982 ], [ 11.363328987319651, 47.445843675850135 ], [ 11.363394230647302, 47.44583896278435 ], [ 11.363403559517675, 47.445834595999045 ], [ 11.363455908144582, 47.445804605074237 ], [ 11.363471074633082, 47.445787489292009 ], [ 11.36350813087134, 47.445768151782538 ], [ 11.36352048907853, 47.445766015468735 ], [ 11.363532845778641, 47.445763801814095 ], [ 11.363541930069561, 47.445746740527333 ], [ 11.363547802840465, 47.445729941877921 ], [ 11.363554073179772, 47.445727703612164 ], [ 11.363581395728815, 47.445697938699411 ], [ 11.363596766877352, 47.445691335674503 ], [ 11.363602847008451, 47.445685049772173 ], [ 11.363621181203609, 47.445659571246672 ], [ 11.363636071305384, 47.445634123585251 ], [ 11.363657503362496, 47.445608539936586 ], [ 11.363676464767197, 47.445585858476811 ], [ 11.363678704698559, 47.445582956552713 ], [ 11.363706141110127, 47.445553190588754 ], [ 11.363733628796156, 47.445531913198494 ], [ 11.363767534052307, 47.445504114806653 ], [ 11.36380423226268, 47.445478392492042 ], [ 11.363837910940395, 47.445450673463029 ], [ 11.3638717434015, 47.445425133320171 ], [ 11.36389612740696, 47.445403806359856 ], [ 11.363904262228949, 47.445396956952941 ], [ 11.363926860060182, 47.445378139282987 ], [ 11.363960503837365, 47.445354624574939 ], [ 11.363987980933498, 47.445326961099099 ], [ 11.364015611462962, 47.445301321809708 ], [ 11.364045991915795, 47.445269424646483 ], [ 11.364048968406175, 47.445263089193872 ], [ 11.364054950414733, 47.445246055679497 ], [ 11.364064054126588, 47.445241845564553 ], [ 11.364063683907062, 47.445222843435126 ], [ 11.364069996670366, 47.445222786834272 ], [ 11.364094457701809, 47.445199433571261 ], [ 11.364118873224717, 47.445173745730109 ], [ 11.364143179238674, 47.445148290924486 ], [ 11.364164612361778, 47.445122784521715 ], [ 11.364175907976547, 47.445071975651722 ], [ 11.364197225505444, 47.445046391127107 ], [ 11.364218541904583, 47.445020885760414 ], [ 11.364233662204505, 47.444995435953643 ], [ 11.364242465598934, 47.444969965439697 ], [ 11.364257462923577, 47.444938206167436 ], [ 11.364263508211662, 47.444936128184438 ], [ 11.364266431691698, 47.444921223209342 ], [ 11.364272589440901, 47.44491906506542 ], [ 11.364312703162078, 47.444897596950469 ], [ 11.364333846086822, 47.444886736218464 ], [ 11.364371018431983, 47.44486755388936 ], [ 11.364377251851172, 47.444863292139082 ], [ 11.364379976185315, 47.444861709851715 ], [ 11.364429017418898, 47.444838837630599 ], [ 11.364470085001013, 47.444825227524106 ], [ 11.364504280888072, 47.44482421922099 ], [ 11.364519578502847, 47.444825562501812 ], [ 11.364542115121409, 47.444833149611256 ], [ 11.36457438221125, 47.444856850383758 ], [ 11.364607776222181, 47.444873608050962 ], [ 11.36464814023774, 47.444882672216849 ], [ 11.364708843707746, 47.444898562431526 ], [ 11.364811358520104, 47.444915324107569 ], [ 11.364930417798782, 47.444914955548967 ], [ 11.364960149163208, 47.444926372646144 ], [ 11.365003070369857, 47.444954651248331 ], [ 11.365049569888551, 47.444978224160351 ], [ 11.365144373732299, 47.444999884806592 ], [ 11.365210724855437, 47.445010971353184 ], [ 11.365213956067509, 47.445011721276124 ], [ 11.365257890468108, 47.445021375600902 ], [ 11.365294555748173, 47.445023383249229 ], [ 11.365324013800544, 47.44502078202607 ], [ 11.365350952825606, 47.445012750922949 ], [ 11.365394261253689, 47.44499616116719 ], [ 11.365449451005372, 47.444982501277735 ], [ 11.36548355544007, 47.444976665237817 ], [ 11.365501105470171, 47.444975885242407 ], [ 11.365517752944891, 47.44497573576988 ], [ 11.365546140773057, 47.44498311364034 ], [ 11.365568647212985, 47.444989142965738 ], [ 11.365608599570514, 47.444988784218289 ], [ 11.365627540418485, 47.444988614136307 ], [ 11.365659619704033, 47.444996816908919 ], [ 11.365693733929035, 47.445003441745975 ], [ 11.36573746623343, 47.445008578848039 ], [ 11.365815277526425, 47.445000869683504 ], [ 11.365960089917738, 47.444996375920475 ], [ 11.36606977984767, 47.444992431363076 ], [ 11.366089934080296, 47.445001440919114 ], [ 11.366104463853175, 47.445022264052902 ], [ 11.366135389114772, 47.44503600510069 ], [ 11.366164912921592, 47.445042750190431 ], [ 11.366209860194571, 47.44504546206359 ], [ 11.366260822299271, 47.44505037930152 ], [ 11.366309013367754, 47.445054619842786 ], [ 11.366329026214094, 47.44505054537904 ], [ 11.366359550062635, 47.445037885619122 ], [ 11.366387639597171, 47.445029843933604 ], [ 11.366443040523627, 47.44502700928804 ], [ 11.366497171884465, 47.44502963851231 ], [ 11.366562185284568, 47.445036843465076 ], [ 11.366615316132721, 47.44504119598426 ], [ 11.366629576797758, 47.445042391799127 ], [ 11.366659962844649, 47.445046168010563 ], [ 11.366670897680484, 47.445047472867131 ], [ 11.36671824483795, 47.445055615455438 ], [ 11.366838727392523, 47.445069175447799 ], [ 11.366890754380576, 47.445075795391425 ], [ 11.366923816064174, 47.44507549813769 ], [ 11.366949553712638, 47.445070593166903 ], [ 11.36697447900894, 47.445071070628238 ], [ 11.367034669810138, 47.445078318675272 ], [ 11.367176526364421, 47.445098696455766 ], [ 11.367247492790176, 47.445105068556259 ], [ 11.367298233651391, 47.445116296089246 ], [ 11.36733419838219, 47.445135366620924 ], [ 11.367383179240996, 47.445179869935266 ], [ 11.3674019794516, 47.445190138082644 ], [ 11.367475099369258, 47.445230293929313 ], [ 11.367514167094146, 47.445237577036437 ], [ 11.367550647609001, 47.445241922405508 ], [ 11.367608653019955, 47.445243035751858 ], [ 11.367628498724486, 47.445242078271718 ], [ 11.367646057333205, 47.445235766232329 ], [ 11.367657948969738, 47.445233245105868 ], [ 11.367669498959673, 47.445230881758079 ], [ 11.367694296614872, 47.445230658637769 ], [ 11.367734497529899, 47.445237307253002 ], [ 11.36779572610018, 47.44525638596739 ], [ 11.36781166813461, 47.445261381986619 ], [ 11.367866072409635, 47.4452779514356 ], [ 11.367900883446641, 47.445278962152756 ], [ 11.367906397435474, 47.445279146387108 ], [ 11.367954655600546, 47.445280969701066 ], [ 11.368008037479411, 47.445292173150705 ], [ 11.368039959119976, 47.445298117249379 ], [ 11.368070639844042, 47.445299321595755 ], [ 11.368089672184855, 47.445303823843496 ], [ 11.368145474165724, 47.445327311766889 ], [ 11.368172729117338, 47.445329480556261 ], [ 11.36819972142564, 47.445330016497188 ], [ 11.36824313433052, 47.445318799858114 ], [ 11.368273501865579, 47.445309958276162 ], [ 11.368299561576023, 47.445309723662945 ], [ 11.368327954126643, 47.445317178155278 ], [ 11.368354110494858, 47.445327847632605 ], [ 11.368406174771435, 47.445342178466568 ], [ 11.368482030188142, 47.445357696397679 ], [ 11.368535294081772, 47.445368823311327 ], [ 11.368577901497375, 47.445369295899908 ], [ 11.368629767745189, 47.445373502369144 ], [ 11.368684164426195, 47.445383838286283 ], [ 11.36875294697035, 47.445401758317814 ], [ 11.368831191584471, 47.445422005411451 ], [ 11.368851746904353, 47.44542221061706 ], [ 11.36887586441714, 47.44542245928475 ], [ 11.368899403256123, 47.445416717403717 ], [ 11.368932367885073, 47.445417276724847 ], [ 11.368985586192668, 47.445426067060019 ], [ 11.369030504940024, 47.445427297584246 ], [ 11.369064555092494, 47.445424654027825 ], [ 11.369105775519118, 47.445418752797316 ], [ 11.369138404725014, 47.445402180493723 ], [ 11.369186379851183, 47.445377757989711 ], [ 11.369210999908796, 47.445374420434987 ], [ 11.369274561057777, 47.44536605840279 ], [ 11.369341710746358, 47.445359221848349 ], [ 11.369391965736067, 47.445345604533102 ], [ 11.369433062905676, 47.445333550235112 ], [ 11.369464818492364, 47.445331006392223 ], [ 11.369496747545945, 47.445331497531839 ], [ 11.369545198731238, 47.445337213069919 ], [ 11.369581750365105, 47.445339220371658 ], [ 11.369613648913825, 47.44533815390033 ], [ 11.369637973401856, 47.445325550949917 ], [ 11.369691050543878, 47.445321177829641 ], [ 11.369724158122466, 47.445323216134646 ], [ 11.369750224073066, 47.445340896449082 ], [ 11.369770867963142, 47.44536322005041 ], [ 11.369788942049334, 47.445383230037336 ], [ 11.369804445503823, 47.445389244317319 ], [ 11.369833789512187, 47.445386642963491 ], [ 11.369854700399182, 47.445375626799994 ], [ 11.369881953923963, 47.445377717842923 ], [ 11.369932677928217, 47.445376404182383 ], [ 11.369947740156867, 47.445371673953019 ], [ 11.369972369994906, 47.445362883659669 ], [ 11.3699924589682, 47.445362702503232 ], [ 11.370011433097693, 47.445364089250276 ], [ 11.370045910444524, 47.445383249698047 ], [ 11.370093423255923, 47.445399802886428 ], [ 11.370125419950066, 47.445409561209217 ], [ 11.370163274018635, 47.445407661945609 ], [ 11.370216015233753, 47.44539791827728 ], [ 11.370239351350049, 47.445387659095232 ], [ 11.370262776014169, 47.445381917963807 ], [ 11.370319327739322, 47.4453790710647 ], [ 11.37037026188356, 47.445382660934065 ], [ 11.370476386413273, 47.445390117013808 ], [ 11.370561284125525, 47.445392466740785 ], [ 11.370596580925358, 47.445389032554218 ], [ 11.370639063075004, 47.445394880640777 ], [ 11.370674880646506, 47.445406239539246 ], [ 11.370717483473854, 47.445418240568387 ], [ 11.370748143459092, 47.445424195298514 ], [ 11.37078245207282, 47.445423106752592 ], [ 11.370838623493761, 47.445400867215042 ], [ 11.370865409149266, 47.445385048731623 ], [ 11.370893819336654, 47.445381753960767 ], [ 11.370920696165502, 47.445382212950285 ], [ 11.370975271045191, 47.445395661879154 ], [ 11.371054648120293, 47.44541519745934 ], [ 11.371116347401697, 47.445434813422011 ], [ 11.371159493241013, 47.445468540180457 ], [ 11.371198049626516, 47.445520146318515 ], [ 11.371233242513179, 47.445563991745296 ], [ 11.371251758808429, 47.44560650902995 ], [ 11.371260814447169, 47.445646774950561 ], [ 11.371271864719331, 47.445671521680367 ], [ 11.371286257642286, 47.445685255901729 ], [ 11.371303153862225, 47.445703720230327 ], [ 11.371309731660469, 47.445734738752485 ], [ 11.371330249761405, 47.445756286080609 ], [ 11.371374495532741, 47.445787666045064 ], [ 11.37142932624098, 47.445825881595525 ], [ 11.371448489563146, 47.445842844929423 ], [ 11.371448839508787, 47.445860677930312 ], [ 11.371466836504043, 47.445876718160939 ], [ 11.37150123158726, 47.445885832018853 ], [ 11.37151672832408, 47.445897296815481 ], [ 11.371519863320779, 47.445928269063899 ], [ 11.371527915492365, 47.445981708423801 ], [ 11.371551982173285, 47.446008674351212 ], [ 11.371576011174902, 47.44602777399453 ], [ 11.37160964150196, 47.446062365447638 ], [ 11.371645542954971, 47.446083773776849 ], [ 11.371683426605912, 47.446095113698497 ], [ 11.371709539302003, 47.446103368671785 ], [ 11.371709738026986, 47.446113492922848 ], [ 11.371707751771236, 47.446135241657636 ], [ 11.371713016364922, 47.446157705622753 ], [ 11.371737202445969, 47.446190745340225 ], [ 11.371772153351086, 47.44623397036186 ], [ 11.37180564073771, 47.446255323094512 ], [ 11.371874503380472, 47.446277210716751 ], [ 11.371916339831897, 47.446308612236557 ], [ 11.371972886574076, 47.446363948406372 ], [ 11.372046898887854, 47.446419984814284 ], [ 11.372079306560625, 47.446439008643921 ], [ 11.372112375858315, 47.446444863885667 ], [ 11.372159385837078, 47.446441400728347 ], [ 11.372189838316647, 47.446431078641588 ], [ 11.37220752981611, 47.446431541185 ], [ 11.37224322762216, 47.446436748414328 ], [ 11.372306782599784, 47.446433837245181 ], [ 11.372335022251264, 47.446433582013015 ], [ 11.372353422829583, 47.446411684910679 ], [ 11.372375605515575, 47.446406965559802 ], [ 11.372392083622184, 47.446398171074769 ], [ 11.372420291140328, 47.446396280905809 ], [ 11.372441666207676, 47.446403098035141 ], [ 11.372467840329023, 47.446414466187882 ], [ 11.372479705923187, 47.446422227347725 ], [ 11.372512548936774, 47.446469209325237 ], [ 11.372535223555754, 47.446483726602359 ], [ 11.37255661393713, 47.446491320699472 ], [ 11.372571139801266, 47.446505988987951 ], [ 11.372595147188076, 47.446529762171735 ], [ 11.372610696027627, 47.446549796340058 ], [ 11.372600904464212, 47.446583222199351 ], [ 11.372607519060079, 47.446621873071777 ], [ 11.372601719124356, 47.446630493698635 ], [ 11.372586786472608, 47.446647765081202 ], [ 11.372631277027546, 47.446691527816959 ], [ 11.372680248467255, 47.446723641678396 ], [ 11.37268548293464, 47.446744548016504 ], [ 11.372700400968126, 47.446790913074416 ], [ 11.372717877953551, 47.446838891998219 ], [ 11.372727551623015, 47.446851968931298 ], [ 11.372745885960905, 47.446885140494324 ], [ 11.372773235618157, 47.446956318786235 ], [ 11.372804569668457, 47.446990851496274 ], [ 11.372845452368878, 47.44702615593139 ], [ 11.372873788010764, 47.447048177357274 ], [ 11.372889762458836, 47.44706057307841 ], [ 11.37292605381556, 47.447090155307613 ], [ 11.372985592951942, 47.447145854274545 ], [ 11.373115874611059, 47.447289707389707 ], [ 11.373153038534872, 47.447322787722598 ], [ 11.373205775033467, 47.447371147404375 ], [ 11.37321802325058, 47.447392690045845 ], [ 11.373216574540708, 47.447441619014072 ], [ 11.373236309256761, 47.447481788166613 ], [ 11.373262850009981, 47.447511769702459 ], [ 11.37329320080136, 47.447548727102635 ], [ 11.373299383575283, 47.447571180885362 ], [ 11.373312889771068, 47.447598164620892 ], [ 11.373344892630488, 47.447643207536508 ], [ 11.373361726690268, 47.447664240958034 ], [ 11.373418124394655, 47.447735312788318 ], [ 11.373452899253607, 47.447763661926984 ], [ 11.373506708006868, 47.447808118932763 ], [ 11.373514414287399, 47.447832116770613 ], [ 11.373515730812262, 47.447840673048859 ], [ 11.373521107850834, 47.447874740652779 ], [ 11.373538340924098, 47.447910258828493 ], [ 11.373582697028857, 47.447947089419955 ], [ 11.37361472809272, 47.447958483461235 ], [ 11.373658659607079, 47.447973585278774 ], [ 11.373711940963517, 47.44798540940355 ], [ 11.373743809740125, 47.447988549696625 ], [ 11.373762677402592, 47.447990402703788 ], [ 11.373828828136068, 47.447996814317719 ], [ 11.373877357943664, 47.448000580897762 ], [ 11.373916659674233, 47.448025541154919 ], [ 11.373948038253218, 47.448056335017711 ], [ 11.373970865604798, 47.448078560738068 ], [ 11.373980691469926, 47.448099346297859 ], [ 11.373985978431726, 47.448128818488918 ], [ 11.373994679021731, 47.44815670372342 ], [ 11.374027492317644, 47.448202050319644 ], [ 11.374057806645888, 47.448242902476387 ], [ 11.374089117394048, 47.448276033692977 ], [ 11.374186184714404, 47.448377192414213 ], [ 11.374444464451516, 47.448484056180568 ], [ 11.375159564824283, 47.448779637335875 ], [ 11.375469423004345, 47.449149614243723 ], [ 11.376933786643679, 47.44917122492145 ], [ 11.377211857483415, 47.449134195370753 ], [ 11.377869806823171, 47.449046433390279 ], [ 11.377913232733995, 47.449041599095722 ], [ 11.378029184905055, 47.449028861507863 ], [ 11.378089167828636, 47.449025278026348 ], [ 11.38056591570942, 47.448795162362728 ], [ 11.381475874584632, 47.448850973102871 ], [ 11.38156755853303, 47.448842036627219 ], [ 11.381667141856054, 47.448846308466017 ], [ 11.381687879333825, 47.448846936950559 ], [ 11.381714882141379, 47.448842017130183 ], [ 11.381725281110924, 47.44883950815904 ], [ 11.381757160779372, 47.448831507297328 ], [ 11.381805326225132, 47.448822577163845 ], [ 11.381862995477784, 47.448818156529619 ], [ 11.381916712595268, 47.448817044127502 ], [ 11.381997403777429, 47.448815449977488 ], [ 11.382091775003884, 47.448814589043252 ], [ 11.382329614100499, 47.448804629664139 ], [ 11.382383837489257, 47.448800162859378 ], [ 11.382424991753808, 47.44879675073205 ], [ 11.382663949884542, 47.448773693402025 ], [ 11.382795713437792, 47.448759327956878 ], [ 11.382808078818154, 47.448757423356838 ], [ 11.383043479647244, 47.448723105975333 ], [ 11.383139742227987, 47.448707582009185 ], [ 11.383217265633769, 47.448685220570297 ], [ 11.383302492470426, 47.44865188374596 ], [ 11.383330335487397, 47.448631456491519 ], [ 11.383354004682277, 47.448626410228968 ], [ 11.383438566732011, 47.448617303450703 ], [ 11.383669297024733, 47.448596503055974 ], [ 11.383738809488589, 47.448592752191452 ], [ 11.383841059519273, 47.448584028557043 ], [ 11.384007228007103, 47.44857324013585 ], [ 11.384036590028401, 47.448571491263799 ], [ 11.384106165841834, 47.448565325464678 ], [ 11.38422383468223, 47.448558097551697 ], [ 11.384341655221187, 47.448546894346187 ], [ 11.384361617364485, 47.448546010259093 ], [ 11.384397068515359, 47.448550282327652 ], [ 11.384469013655574, 47.448553519116238 ], [ 11.384552315708852, 47.448562025338326 ], [ 11.384679069016091, 47.448555413657203 ], [ 11.384693091068106, 47.448556143491373 ], [ 11.384708321088809, 47.448559742325138 ], [ 11.384723896259949, 47.448563494504917 ], [ 11.384766784950587, 47.448577979184769 ], [ 11.384820210192604, 47.448596884525038 ], [ 11.384932260906311, 47.448607466080141 ], [ 11.385010320683644, 47.448612127092062 ], [ 11.385043239410768, 47.448610268069771 ], [ 11.385062008564837, 47.448607135348659 ], [ 11.385093392068786, 47.448585817193788 ], [ 11.385166044606727, 47.448509132444045 ], [ 11.385174298851595, 47.44850266899914 ], [ 11.385195102415663, 47.44848635504092 ], [ 11.385238234296029, 47.448461191215415 ], [ 11.385276845205476, 47.448445259359495 ], [ 11.385303930494564, 47.44843878008453 ], [ 11.385340430001726, 47.448432293800153 ], [ 11.385391006290387, 47.448435023993774 ], [ 11.385445394910802, 47.448444495754174 ], [ 11.385485668567826, 47.448454564397942 ], [ 11.385490513700566, 47.44845576669325 ], [ 11.385518398979427, 47.448460575380409 ], [ 11.385533145992728, 47.44846308838828 ], [ 11.385566157560007, 47.448465901925367 ], [ 11.385612194728385, 47.448465480511196 ], [ 11.385633179409499, 47.448458278076501 ], [ 11.385661925920338, 47.448443058812323 ], [ 11.385671810131596, 47.448437749699373 ], [ 11.385691671988592, 47.448425963125082 ], [ 11.385718340604319, 47.448410140447344 ], [ 11.385760705140752, 47.448369484069119 ], [ 11.385814011678665, 47.448353494841122 ], [ 11.385840822801471, 47.448344837674277 ], [ 11.385867613530015, 47.448323561357071 ], [ 11.38590233539683, 47.448296916430671 ], [ 11.385919958763065, 47.448288186867771 ], [ 11.385950188127607, 47.448272331530845 ], [ 11.386008757799262, 47.448243910343287 ], [ 11.386028564840501, 47.448235239918532 ], [ 11.386099891169142, 47.448207401637497 ], [ 11.386133856252201, 47.448194706897553 ], [ 11.386153753144862, 47.448190552683101 ], [ 11.386233818623575, 47.448180626944492 ], [ 11.386323372221955, 47.448174276811528 ], [ 11.38635044361734, 47.448178702388944 ], [ 11.386376511964814, 47.448184695001878 ], [ 11.386466515174073, 47.448200927712257 ], [ 11.386511588559117, 47.448209784532935 ], [ 11.386547895017566, 47.448210932393636 ], [ 11.386584475899658, 47.448208415154198 ], [ 11.38658926985627, 47.44820704723417 ], [ 11.386611411683232, 47.448200301733159 ], [ 11.386616449078792, 47.448193712952786 ], [ 11.386627628959467, 47.448178499696454 ], [ 11.386651664498805, 47.448145798398194 ], [ 11.386684062601853, 47.448112086833284 ], [ 11.386772497446966, 47.448055429376851 ], [ 11.386856582537838, 47.448016725231057 ], [ 11.386898764813893, 47.448001461669037 ], [ 11.386932853631164, 47.447994995171968 ], [ 11.386952469288637, 47.447994036455967 ], [ 11.386989404465112, 47.447992140060293 ], [ 11.38701639982896, 47.447992750695896 ], [ 11.38703745270781, 47.447983133244811 ], [ 11.387060761014155, 47.447965860554277 ], [ 11.387108414323805, 47.447931307454247 ], [ 11.387176625887458, 47.447862449595007 ], [ 11.387185674158401, 47.447849669958046 ], [ 11.387243213960739, 47.447769616355274 ], [ 11.387258061856967, 47.447748449203836 ], [ 11.387285476877572, 47.447700918976153 ], [ 11.387302549041747, 47.44767599329645 ], [ 11.387328254391896, 47.447657919645643 ], [ 11.387361671872871, 47.447623498763896 ], [ 11.387375491365852, 47.447602495732326 ], [ 11.387384170680829, 47.447571338229949 ], [ 11.387407199386258, 47.447540049148486 ], [ 11.387419749854581, 47.447524432882062 ], [ 11.387429860370011, 47.44750175309332 ], [ 11.387450005098286, 47.447446577576621 ], [ 11.387469923952855, 47.447316861014151 ], [ 11.387475085603446, 47.447281918480002 ], [ 11.387483375148689, 47.447219763975639 ], [ 11.387496523368082, 47.447170806669526 ], [ 11.387519602589705, 47.447141931233205 ], [ 11.387531203999451, 47.447136449705361 ], [ 11.387559367394731, 47.447132219435026 ], [ 11.387578156785471, 47.447124414352636 ], [ 11.387601611278166, 47.447120225459059 ], [ 11.387625137439194, 47.447113778274826 ], [ 11.387637755222052, 47.447095826384235 ], [ 11.387661705143842, 47.44706460615253 ], [ 11.387679065460697, 47.447042714325974 ], [ 11.387693980843581, 47.447024818708194 ], [ 11.387724448723398, 47.447015271277074 ], [ 11.387752432636127, 47.446996320348596 ], [ 11.387831513082718, 47.446942940925233 ], [ 11.387876815432659, 47.446911447418351 ], [ 11.387921130236792, 47.446882297934927 ], [ 11.387960948250047, 47.446869548953003 ], [ 11.387979684009034, 47.446864780851769 ], [ 11.388040849231722, 47.446857209322218 ], [ 11.388103076190168, 47.446839581120507 ], [ 11.388135798651577, 47.446822221824419 ], [ 11.388170631553503, 47.446807102580358 ], [ 11.388219869744429, 47.446788814576827 ], [ 11.388253600432762, 47.446764437451613 ], [ 11.388271812291089, 47.446733269748435 ], [ 11.388292200132501, 47.446690475522054 ], [ 11.388317353146098, 47.446650598560311 ], [ 11.388338130334763, 47.446627196571121 ], [ 11.388354282380213, 47.446613883925281 ], [ 11.388381211013705, 47.446599616088086 ], [ 11.38838789128287, 47.446583276462114 ], [ 11.388409781189928, 47.446558229039972 ], [ 11.388431138419023, 47.446523760227919 ], [ 11.388488424813941, 47.446540448147985 ], [ 11.388509839842857, 47.446543444635267 ], [ 11.388563894463694, 47.446542092158104 ], [ 11.388633454578143, 47.446535299527568 ], [ 11.388649825144309, 47.446532812457377 ], [ 11.388719084808439, 47.446516677209019 ], [ 11.388753172437037, 47.446510210178225 ], [ 11.388789774779427, 47.446514547671647 ], [ 11.388805372382645, 47.446525154727951 ], [ 11.388838652262248, 47.446535752328664 ], [ 11.388881320641401, 47.446550784363986 ], [ 11.388910120742137, 47.446578482118774 ], [ 11.388941242929352, 47.446596032492508 ], [ 11.388965903639324, 47.446600479590053 ], [ 11.388997818008974, 47.446600186506551 ], [ 11.389038958179881, 47.446590461562444 ], [ 11.389089229890713, 47.446572163692338 ], [ 11.389148191798224, 47.446569285368362 ], [ 11.389183366222332, 47.446571299070655 ], [ 11.389243932170571, 47.446585542356203 ], [ 11.389306708186, 47.446601166656414 ], [ 11.389375471112567, 47.44661767135333 ], [ 11.389456056010033, 47.446633910889453 ], [ 11.389533966032948, 47.446642619535226 ], [ 11.389641436856204, 47.446654017493785 ], [ 11.389720548787899, 47.446653990267151 ], [ 11.389745226721391, 47.446659295117698 ], [ 11.389755049632583, 47.446673925303323 ], [ 11.389760328140801, 47.446702540583694 ], [ 11.389784485768232, 47.446727866650349 ], [ 11.389816642398522, 47.446745409078403 ], [ 11.389854087200126, 47.446757525959491 ], [ 11.389886676569313, 47.446768054048405 ], [ 11.389982641496113, 47.446789681691982 ], [ 11.390009695369409, 47.446793250286767 ], [ 11.390033345541564, 47.446793032882574 ], [ 11.39006741251899, 47.446791239212544 ], [ 11.390091749393198, 47.446791015483505 ], [ 11.390108739336361, 47.446790859291816 ], [ 11.390145064207985, 47.44679854846914 ], [ 11.390176477168705, 47.446813370489615 ], [ 11.390197804420072, 47.446823377810887 ], [ 11.390251184677361, 47.446840023410374 ], [ 11.390288674089984, 47.446842950920363 ], [ 11.390320878381491, 47.446845614005575 ], [ 11.390378394524996, 47.446850926176268 ], [ 11.390459823474302, 47.446869028109141 ], [ 11.390497292258789, 47.446876627503144 ], [ 11.390562958698414, 47.446876023573225 ], [ 11.390649475521581, 47.446878811249832 ], [ 11.3906900410628, 47.446880541044571 ], [ 11.390703575646585, 47.446885557825588 ], [ 11.390729721192256, 47.446895286869065 ], [ 11.390773031188058, 47.446919423764456 ], [ 11.390813832597759, 47.446938521595527 ], [ 11.390874419984662, 47.446948090261216 ], [ 11.390944533633471, 47.446951728397231 ], [ 11.391002696825495, 47.446954776672797 ], [ 11.391022886960091, 47.446976868569749 ], [ 11.391028609699349, 47.446981644180838 ], [ 11.391044013001896, 47.446994042633143 ], [ 11.391069402051031, 47.447006117139559 ], [ 11.391101414559719, 47.447022257385584 ], [ 11.391141495786421, 47.447045644925524 ], [ 11.391190735126994, 47.44705609677812 ], [ 11.391240459785946, 47.44707370919123 ], [ 11.391312672706324, 47.447073044583874 ], [ 11.391443307325531, 47.447071374464372 ], [ 11.391571304292732, 47.447069884983158 ], [ 11.391623999045022, 47.447075163561813 ], [ 11.391661268187587, 47.447084167561258 ], [ 11.391697746649486, 47.447099644101669 ], [ 11.391727436850102, 47.447102952361384 ], [ 11.391753726602996, 47.447108475796966 ], [ 11.391778255004899, 47.447123515474665 ], [ 11.391824549368874, 47.447141706087876 ], [ 11.391900319392917, 47.44715261310737 ], [ 11.391944331744153, 47.447159997063402 ], [ 11.392150907528848, 47.447206386135065 ], [ 11.392166594827549, 47.447209904212684 ], [ 11.392215028216183, 47.447214520198102 ], [ 11.392228071809443, 47.447212219768915 ], [ 11.392231567606281, 47.447209071858914 ], [ 11.392243065630367, 47.447198449528585 ], [ 11.392267948336794, 47.447185212410282 ], [ 11.392310624453142, 47.447171811366822 ], [ 11.392350834414477, 47.447167157728579 ], [ 11.39241446115153, 47.447167972878667 ], [ 11.392484621518577, 47.447173791717297 ], [ 11.392580281314025, 47.447185918169616 ], [ 11.392699893908901, 47.447201407222678 ], [ 11.392756937922149, 47.447206020977568 ], [ 11.39289498654165, 47.447201789386909 ], [ 11.392969201675124, 47.447192382378532 ], [ 11.393020606665877, 47.44719058450935 ], [ 11.393039522797929, 47.447206220723935 ], [ 11.393052051831726, 47.447229861591765 ], [ 11.39307296023177, 47.447236134110106 ], [ 11.393205558604871, 47.447234911594506 ], [ 11.393365490885627, 47.447234138438603 ], [ 11.393421415052963, 47.44724016533754 ], [ 11.393521091263725, 47.447234883714763 ], [ 11.393659127767231, 47.447241556292497 ], [ 11.393722716616921, 47.447246031842667 ], [ 11.393748916483135, 47.447252877847077 ], [ 11.393794397362035, 47.447264843754432 ], [ 11.393845228916208, 47.447291714596879 ], [ 11.393901632078659, 47.447321493214083 ], [ 11.393965547171494, 47.447376751474593 ], [ 11.394025662620052, 47.447442872383753 ], [ 11.394060192584615, 47.447475657250152 ], [ 11.394095667157659, 47.447481093594682 ], [ 11.394130380066635, 47.447477112481259 ], [ 11.39416425990084, 47.447465972198394 ], [ 11.394192472881079, 47.447452860433437 ], [ 11.394212284462837, 47.447444497961236 ], [ 11.394248834751577, 47.447429128960827 ], [ 11.394314154974602, 47.447405546834744 ], [ 11.39437201577843, 47.447393485369972 ], [ 11.394414591037371, 47.447392392598744 ], [ 11.394443209584045, 47.447399370824144 ], [ 11.39445588250288, 47.447418649658886 ], [ 11.394475732675998, 47.447440898792458 ], [ 11.394488391554004, 47.447465160726672 ], [ 11.394490192656852, 47.447497702525091 ], [ 11.394489467934571, 47.447507446701131 ], [ 11.394488443325644, 47.447519294769364 ], [ 11.394473508304037, 47.447541787662523 ], [ 11.394456592680523, 47.447574345734651 ], [ 11.394457326966341, 47.447610948520328 ], [ 11.394474308395742, 47.447633224135387 ], [ 11.394508494585894, 47.447648720942205 ], [ 11.39453721060657, 47.447654998469211 ], [ 11.394582112949774, 47.447655285501583 ], [ 11.394664067028859, 47.447653827276682 ], [ 11.394775843553049, 47.447650613117197 ], [ 11.394815472128524, 47.447651339118622 ], [ 11.394826383595797, 47.447651549569301 ], [ 11.394847697895033, 47.447655168225218 ], [ 11.39485495593817, 47.447656347842809 ], [ 11.39488883639646, 47.447656736537674 ], [ 11.394925430529243, 47.447654918086435 ], [ 11.394940224576905, 47.447654081683638 ], [ 11.394981799272491, 47.44764871114635 ], [ 11.395015406195164, 47.447635472008834 ], [ 11.395045710467894, 47.447617821863396 ], [ 11.395083922072709, 47.447605162597284 ], [ 11.395123144351551, 47.447597011039257 ], [ 11.395140708897427, 47.447602612493782 ], [ 11.395158490155618, 47.447613196716183 ], [ 11.395191699226597, 47.447631661548151 ], [ 11.395214961992501, 47.447640793776905 ], [ 11.39523578580704, 47.447637019784416 ], [ 11.395291421458646, 47.447634323735869 ], [ 11.395339551229105, 47.447629595882589 ], [ 11.395395317469285, 47.447621913804653 ], [ 11.395437990766952, 47.447619884315898 ], [ 11.395458858932882, 47.447624131201238 ], [ 11.395471176008893, 47.44763702529135 ], [ 11.395502349638745, 47.447662675688022 ], [ 11.395541051250033, 47.447680231587199 ], [ 11.395545381691411, 47.44768432006358 ], [ 11.395577912354986, 47.447714552309151 ], [ 11.395617821710847, 47.447740744369455 ], [ 11.395663218215956, 47.447759954515213 ], [ 11.395731355703747, 47.447779341231623 ], [ 11.395777523549841, 47.447785458950868 ], [ 11.395818075836214, 47.447786485480293 ], [ 11.395849719043394, 47.447784012720639 ], [ 11.395898737214511, 47.447766344075781 ], [ 11.395971256256667, 47.447723847309049 ], [ 11.395978643290844, 47.447719961738713 ], [ 11.39602862484065, 47.447693095312992 ], [ 11.396060250529203, 47.447684078231816 ], [ 11.396085479654911, 47.447682443632822 ], [ 11.396131749147788, 47.447693622395192 ], [ 11.396187844641842, 47.447708135405129 ], [ 11.396244072279023, 47.447717741545169 ], [ 11.396312881147438, 47.447713521841656 ], [ 11.396363863956916, 47.447690697149994 ], [ 11.396411414767627, 47.447662838452047 ], [ 11.396438478514137, 47.447643895709952 ], [ 11.39647116608551, 47.447630585495716 ], [ 11.396502982644028, 47.447631070154955 ], [ 11.396541194891556, 47.447629937795661 ], [ 11.396587202967742, 47.447628109093444 ], [ 11.39662985116146, 47.447624832750222 ], [ 11.396648334894264, 47.44761889807225 ], [ 11.396657900791805, 47.447603621408668 ], [ 11.396665274687766, 47.447587740800387 ], [ 11.396679132751744, 47.447568841006706 ], [ 11.396706125354221, 47.447557842834499 ], [ 11.396731382564711, 47.447557609182361 ], [ 11.396762079193666, 47.447559505479028 ], [ 11.396796263852949, 47.447563551572536 ], [ 11.396817101082174, 47.447571926989674 ], [ 11.396832525967815, 47.447579650903656 ], [ 11.396848943425917, 47.447579499009798 ], [ 11.396862030426465, 47.447573691580935 ], [ 11.396871814678981, 47.447563475004749 ], [ 11.396874712983532, 47.447547637590866 ], [ 11.396887608919672, 47.447532328298458 ], [ 11.39691030850129, 47.447519110370756 ], [ 11.396963590390827, 47.447502105191255 ], [ 11.39704297287625, 47.447475511338176 ], [ 11.397083235987177, 47.447456367146536 ], [ 11.397119079604561, 47.447445986743283 ], [ 11.397142139000433, 47.44744499441299 ], [ 11.397166334265599, 47.447449055490601 ], [ 11.397197248578138, 47.447461777280637 ], [ 11.3972192178789, 47.447463676873674 ], [ 11.397228833530505, 47.447456421030083 ], [ 11.397244930310324, 47.447440459650011 ], [ 11.397267615689344, 47.447426542007591 ], [ 11.397303591575479, 47.447416939249223 ], [ 11.397359338157251, 47.447402636416825 ], [ 11.397426783370907, 47.447387602840514 ], [ 11.397471467327451, 47.447371376790706 ], [ 11.397501070306484, 47.447370323810866 ], [ 11.397535182465344, 47.447382236978122 ], [ 11.397598827134837, 47.447389593510607 ], [ 11.397673494313619, 47.447391082449329 ], [ 11.397719398032187, 47.447389878479477 ], [ 11.397729173462629, 47.447390566889034 ], [ 11.397733649005577, 47.447390525446636 ], [ 11.397736991707756, 47.447391118714869 ], [ 11.39779172614236, 47.447395051575995 ], [ 11.397852245525986, 47.447412483807653 ], [ 11.397934250638288, 47.44744770969271 ], [ 11.397971107154202, 47.44746473679227 ], [ 11.397992547021465, 47.447474586915455 ], [ 11.398024608040821, 47.447487220508748 ], [ 11.398073030023598, 47.447496896251273 ], [ 11.398111590398123, 47.447501602995416 ], [ 11.398308733778423, 47.447501178023472 ], [ 11.398400475028083, 47.447495343251106 ], [ 11.398477321851351, 47.447496813269659 ], [ 11.398626538215947, 47.44751116374178 ], [ 11.398760475898035, 47.447525189717567 ], [ 11.398865707616169, 47.447527795930675 ], [ 11.398937918328524, 47.447527126540542 ], [ 11.399025526022669, 47.447521329586991 ], [ 11.399091634535083, 47.447508410346487 ], [ 11.399143178701786, 47.447496405037285 ], [ 11.39921864360819, 47.447486279021092 ], [ 11.399251533889084, 47.447488857682885 ], [ 11.399287742800421, 47.4474907021877 ], [ 11.399341745248169, 47.447503831715963 ], [ 11.399456224327951, 47.44753236922957 ], [ 11.399561920764571, 47.447558027092548 ], [ 11.399657933497444, 47.447593200965841 ], [ 11.399717217722827, 47.447606281320439 ], [ 11.399760139827093, 47.447610945247206 ], [ 11.399812503630983, 47.447605397306994 ], [ 11.399875872484419, 47.44759904565958 ], [ 11.399902249455353, 47.447597397771133 ], [ 11.399916007289042, 47.447596336482668 ], [ 11.399965648136815, 47.447592526298259 ], [ 11.400089436765306, 47.44759862176862 ], [ 11.40018726376826, 47.44760986368366 ], [ 11.400221318987199, 47.447613131030415 ], [ 11.400277494489528, 47.447625774031792 ], [ 11.400282798527767, 47.447626969643913 ], [ 11.400449161528655, 47.44767161589315 ], [ 11.400502016385715, 47.447684755528641 ], [ 11.400688681735181, 47.447711218470225 ], [ 11.400814034524657, 47.447732252953543 ], [ 11.400904244108554, 47.447747227572854 ], [ 11.400973357543352, 47.447758113066655 ], [ 11.40101288164081, 47.447759303813129 ], [ 11.401032396311203, 47.447753358851934 ], [ 11.401063077804213, 47.447748711510563 ], [ 11.401078993102844, 47.447746539904259 ], [ 11.401103385668771, 47.447743274965411 ], [ 11.401129734817113, 47.447751675751157 ], [ 11.401151192991088, 47.447756617693905 ], [ 11.401181645808602, 47.447763499845308 ], [ 11.401227868158188, 47.447772417561886 ], [ 11.40127857373605, 47.447787057307757 ], [ 11.401318284684795, 47.447803279684166 ], [ 11.401348022241319, 47.447814530787916 ], [ 11.4013921236873, 47.447820586294142 ], [ 11.401448077656839, 47.447828012149479 ], [ 11.401495279893187, 47.447839879856041 ], [ 11.401526020895034, 47.447843956539913 ], [ 11.401550258283748, 47.447844431078181 ], [ 11.401570017481825, 47.447844949027157 ], [ 11.401602997194955, 47.447851807583625 ], [ 11.401622163781054, 47.447862768293199 ], [ 11.401644087568275, 47.447879467074593 ], [ 11.401644380141535, 47.447893952757511 ], [ 11.401646082672331, 47.447927040432546 ], [ 11.401658574076478, 47.447954264136108 ], [ 11.401686418546838, 47.447968414596289 ], [ 11.401726059776443, 47.447986817755314 ], [ 11.401766831230734, 47.4479929040683 ], [ 11.401793035898448, 47.447994140995469 ], [ 11.401824881003106, 47.447996025261475 ], [ 11.401858133778216, 47.448010749628168 ], [ 11.40189359987278, 47.448032773165153 ], [ 11.401931177366681, 47.448051274589659 ], [ 11.40196435782155, 47.448062416173876 ], [ 11.401990690674337, 47.448064351639267 ], [ 11.402021229708931, 47.448064067717162 ], [ 11.40205239724272, 47.448060896093494 ], [ 11.402075887182743, 47.448058497419034 ], [ 11.402132815075753, 47.448051502836265 ], [ 11.402154642461026, 47.448052001454272 ], [ 11.402188667077036, 47.448053865353437 ], [ 11.402223914812581, 47.44805930129278 ], [ 11.40226568942772, 47.448063974952149 ], [ 11.402320394471438, 47.448066270718023 ], [ 11.402391587527173, 47.448066387544095 ], [ 11.402424347619723, 47.448062499433888 ], [ 11.40244815249104, 47.448052853553058 ], [ 11.402476464428455, 47.448044723600518 ], [ 11.402497283608753, 47.448040869179728 ], [ 11.402548745882118, 47.448036107302492 ], [ 11.402622947741234, 47.448026069946522 ], [ 11.402697220719046, 47.44800800875273 ], [ 11.402718874891701, 47.447999940677555 ], [ 11.402776098197373, 47.447979233551443 ], [ 11.402804710651463, 47.447968920445618 ], [ 11.402868774101186, 47.447940128302839 ], [ 11.402885060929727, 47.447933511485793 ], [ 11.402924536990293, 47.447926678891996 ], [ 11.402928654790889, 47.447925861648592 ], [ 11.402937626559803, 47.44792102725004 ], [ 11.403005643851257, 47.447883317031881 ], [ 11.403109670079678, 47.447820504294207 ], [ 11.403143114242694, 47.447805082210955 ], [ 11.403160633160219, 47.447796975185362 ], [ 11.403193251726369, 47.447791607671036 ], [ 11.403238153185869, 47.447786204973475 ], [ 11.40328378454373, 47.447771525692694 ], [ 11.403328392376004, 47.447757246284212 ], [ 11.403404513767434, 47.447734105297855 ], [ 11.403514499375312, 47.447699276288304 ], [ 11.403650352145299, 47.447649018138186 ], [ 11.403702479727311, 47.447620414018523 ], [ 11.403755577683421, 47.447588918988181 ], [ 11.4037984188174, 47.447549730181017 ], [ 11.403833004939678, 47.447516849653304 ], [ 11.403855239367031, 47.447486500082327 ], [ 11.403872871588373, 47.447455569147778 ], [ 11.403881743877136, 47.447440062680776 ], [ 11.403891326051671, 47.447425564185565 ], [ 11.403902025224578, 47.447409652138099 ], [ 11.403943945574966, 47.447376080845594 ], [ 11.403997919557829, 47.447331024569664 ], [ 11.404049494367912, 47.447292299385957 ], [ 11.404119546550294, 47.447230347250176 ], [ 11.404240735234373, 47.447102411432184 ], [ 11.404269795483483, 47.44706880332415 ], [ 11.404320489860696, 47.447043327980907 ], [ 11.404347678596132, 47.44702508197549 ], [ 11.404370551129739, 47.447020508305698 ], [ 11.404401374322619, 47.447028787500805 ], [ 11.40443960434086, 47.447028431268961 ], [ 11.404441543143214, 47.447027790780446 ], [ 11.404463539754758, 47.447019641829385 ], [ 11.40449091764229, 47.447010739354489 ], [ 11.404519446329179, 47.447013355350357 ], [ 11.40455019975114, 47.447023819030044 ], [ 11.404590916727946, 47.447038627751645 ], [ 11.404628428554116, 47.447042483997059 ], [ 11.40465687052917, 47.447040817566858 ], [ 11.404696174881625, 47.447031181463316 ], [ 11.404722349146279, 47.44703093750244 ], [ 11.404754108167371, 47.447034224904897 ], [ 11.404795850626718, 47.447037340087462 ], [ 11.404827638482107, 47.447036421353751 ], [ 11.404870127465362, 47.447030963150297 ], [ 11.404953151225776, 47.447014299414398 ], [ 11.40498767126156, 47.446989596985965 ], [ 11.405011981029805, 47.44694824370535 ], [ 11.405027710804855, 47.44691429197038 ], [ 11.405063389756714, 47.446884361879995 ], [ 11.405106537556348, 47.446860514403966 ], [ 11.405173762774613, 47.446823511847811 ], [ 11.405245429764893, 47.446784677917449 ], [ 11.405271108346312, 47.4467599804983 ], [ 11.405279758557853, 47.446750552703271 ], [ 11.405301102466083, 47.446727219697088 ], [ 11.405362489596397, 47.446674070506688 ], [ 11.405442310711694, 47.446618491719839 ], [ 11.405483463259124, 47.446598012277157 ], [ 11.405533506690924, 47.446574488884245 ], [ 11.405561919790443, 47.446565655647923 ], [ 11.405583655517312, 47.446561792114792 ], [ 11.405621885182418, 47.446561435491375 ], [ 11.40566720577386, 47.44655976606068 ], [ 11.405674549499597, 47.44655954284466 ], [ 11.405712616534961, 47.446551164577414 ], [ 11.405743094983912, 47.446542312027624 ], [ 11.405781260557244, 47.446527546693929 ], [ 11.405816097257883, 47.446518496956983 ], [ 11.405846648314373, 47.446513227127326 ], [ 11.405876079745195, 47.44650936908608 ], [ 11.405918740622784, 47.446506790739782 ], [ 11.40595592043038, 47.446505664874024 ], [ 11.405982194007413, 47.446498954422033 ], [ 11.406030029550209, 47.446479815566434 ], [ 11.406089615531567, 47.44645114074865 ], [ 11.406143749334724, 47.446425475990075 ], [ 11.406177711489324, 47.446412930031805 ], [ 11.406226307066996, 47.446391524571204 ], [ 11.406289278704408, 47.446365699898642 ], [ 11.406321920305784, 47.446350284372933 ], [ 11.406373022707699, 47.446322390172604 ], [ 11.406409694964347, 47.446301873067725 ], [ 11.406435837280293, 47.446288700258989 ], [ 11.406473872630322, 47.446273155182993 ], [ 11.4065083740978, 47.446247596184776 ], [ 11.406534129032137, 47.446232324046257 ], [ 11.406604817319309, 47.446202064798918 ], [ 11.406635335154355, 47.446189550864482 ], [ 11.406719757957932, 47.446145612122429 ], [ 11.406782523602786, 47.446109663045128 ], [ 11.406839937977518, 47.446075944187157 ], [ 11.406870297436036, 47.446061251391811 ], [ 11.406901792040209, 47.446051532761636 ], [ 11.406930372889962, 47.446045502116093 ], [ 11.406949816483088, 47.446041737084784 ], [ 11.406963077112623, 47.446038808728623 ], [ 11.406977936948911, 47.446024260675138 ], [ 11.407006012803089, 47.445998838896536 ], [ 11.407028502090769, 47.445975417512471 ], [ 11.40705128556983, 47.445960872788092 ], [ 11.407079551411863, 47.445950561846573 ], [ 11.407129626534163, 47.445934281660804 ], [ 11.407237364879951, 47.445896433495342 ], [ 11.407268728418401, 47.445886014414036 ], [ 11.407305907898776, 47.4458792791159 ], [ 11.407332078572761, 47.445873270888882 ], [ 11.407358452848978, 47.445871543954631 ], [ 11.407374566346162, 47.445867811765559 ], [ 11.407387638584192, 47.445861224341556 ], [ 11.407399444577296, 47.445854571394946 ], [ 11.407416976393474, 47.445847163369166 ], [ 11.407436606634018, 47.445846979936682 ], [ 11.407455393846034, 47.445850465157534 ], [ 11.407473061895105, 47.445861127685198 ], [ 11.407494527707684, 47.445889045828963 ], [ 11.407518698317828, 47.445948561704562 ], [ 11.407548382258291, 47.446002339700435 ], [ 11.407572725086128, 47.446019405110782 ], [ 11.407591382920089, 47.446027876293847 ], [ 11.407613454374726, 47.446029071365757 ], [ 11.407651797634827, 47.446028713003024 ], [ 11.407674829674539, 47.4460321585142 ], [ 11.407699156352988, 47.446042681418447 ], [ 11.4077279930963, 47.446060481920632 ], [ 11.407782177814967, 47.446093780531228 ], [ 11.407862374355179, 47.446152929123279 ], [ 11.407890380769121, 47.446180629544116 ], [ 11.407928295960087, 47.446215715386209 ], [ 11.407951544850116, 47.44622982993944 ], [ 11.407975045958644, 47.446250484759872 ], [ 11.408009727807212, 47.446284744523332 ], [ 11.408073701883435, 47.446359076315105 ], [ 11.408121516728698, 47.44639547267883 ], [ 11.408191436357965, 47.446445915073141 ], [ 11.408232573334999, 47.44647575205326 ], [ 11.408253981249658, 47.446500788743052 ], [ 11.408286967193293, 47.446564584367231 ], [ 11.408309641884394, 47.446595450255025 ], [ 11.408336893774706, 47.446642630804455 ], [ 11.408359673426549, 47.446690009678825 ], [ 11.408383966535272, 47.446721561989371 ], [ 11.408386564475991, 47.446725041964953 ], [ 11.40844560569111, 47.44677138009714 ], [ 11.408538124053829, 47.446849029864339 ], [ 11.408577072579014, 47.44688402667132 ], [ 11.408589605331271, 47.446901902114924 ], [ 11.408602447904393, 47.446934887287199 ], [ 11.408628070914322, 47.446958403973539 ], [ 11.408665648351462, 47.446976824044427 ], [ 11.408715118456605, 47.446987109709852 ], [ 11.408744664439167, 47.446989013562749 ], [ 11.408776464830494, 47.446988716038717 ], [ 11.408828971104302, 47.446984643145115 ], [ 11.408924868410359, 47.446968635004446 ], [ 11.409023421168545, 47.446959065410418 ], [ 11.409132780784375, 47.446950175314363 ], [ 11.409265213535038, 47.446940991789639 ], [ 11.409352761981687, 47.446937990192787 ], [ 11.409430385642533, 47.446938042446696 ], [ 11.409617795397716, 47.446939092292915 ], [ 11.409672556484027, 47.446938579526233 ], [ 11.409704155682427, 47.446934000428023 ], [ 11.40987761778568, 47.446898493521026 ], [ 11.40998351319729, 47.446877326926717 ], [ 11.410052187538415, 47.446860873051484 ], [ 11.410090526346357, 47.44684906386383 ], [ 11.41009566050967, 47.446847378762357 ], [ 11.410170685398615, 47.446821518198206 ], [ 11.410236914301148, 47.446792154769184 ], [ 11.410312180269219, 47.446747013851535 ], [ 11.41033986236363, 47.44672771033612 ], [ 11.410352659384236, 47.446718944876416 ], [ 11.410366894446593, 47.446718811494662 ], [ 11.410385780986255, 47.44672728007987 ], [ 11.410403479338326, 47.446733656871736 ], [ 11.410413122276571, 47.446733566513835 ], [ 11.410436108108613, 47.446728988771945 ], [ 11.410458864192394, 47.446718728627758 ], [ 11.410481831695655, 47.446701922068961 ], [ 11.410512946062084, 47.446679275456596 ], [ 11.410532356165618, 47.446668267726423 ], [ 11.410550822065581, 47.446661550243682 ], [ 11.410579144484073, 47.446648433411511 ], [ 11.410626715328018, 47.446621971760209 ], [ 11.41065279979661, 47.4466116012306 ], [ 11.410666947606851, 47.44660718542827 ], [ 11.410686533709979, 47.446604821576244 ], [ 11.410711904356599, 47.446604583779411 ], [ 11.410778353195234, 47.446586045604242 ], [ 11.410822904213083, 47.446574723008879 ], [ 11.410874274550194, 47.44657128224781 ], [ 11.410933437696595, 47.446567144185472 ], [ 11.411005589681848, 47.446563663242735 ], [ 11.411080021844795, 47.446559381947715 ], [ 11.411131246141972, 47.44654877558925 ], [ 11.411178303674593, 47.446536573072223 ], [ 11.411200351393179, 47.446530992986887 ], [ 11.411215199550085, 47.44652711381972 ], [ 11.411250079511305, 47.446514636902407 ], [ 11.411274602056039, 47.446506617660326 ], [ 11.411333899989712, 47.446554119393838 ], [ 11.411377631134517, 47.446575830433027 ], [ 11.411408137229744, 47.44659088900697 ], [ 11.411482140454719, 47.446621897064148 ], [ 11.411561551618854, 47.446647867770444 ], [ 11.411626607948007, 47.44666236832672 ], [ 11.411683946930967, 47.446686989949413 ], [ 11.41169205776248, 47.446690574636108 ], [ 11.411781290208584, 47.446730784954568 ], [ 11.411877601577533, 47.446780277708129 ], [ 11.411916283585407, 47.446796506073817 ], [ 11.411950398515451, 47.446808413131293 ], [ 11.411965795931481, 47.44680897021793 ], [ 11.411982198764479, 47.446808114718984 ], [ 11.412021486577242, 47.446803462830452 ], [ 11.412045721966551, 47.446803857814601 ], [ 11.412071973351679, 47.446807272230174 ], [ 11.412100835488426, 47.446820633487107 ], [ 11.412123695376886, 47.446821197869085 ], [ 11.412156529657086, 47.446820889703716 ], [ 11.412197142840531, 47.446824791717646 ], [ 11.412226850001453, 47.446828875236193 ], [ 11.412266442404556, 47.446833565734245 ], [ 11.412306984135844, 47.446833964106276 ], [ 11.412339668411795, 47.446832022088721 ], [ 11.412382272669538, 47.446820951020278 ], [ 11.412423432680541, 47.446801091435269 ], [ 11.412511202438626, 47.446752677299301 ], [ 11.412558935143185, 47.446728472754721 ], [ 11.412626222573442, 47.446700501152542 ], [ 11.412668606187035, 47.446684213415317 ], [ 11.412682208671354, 47.446681281187537 ], [ 11.412724163097945, 47.446672162512527 ], [ 11.41276239077677, 47.446666118975209 ], [ 11.41278987131456, 47.44666804118178 ], [ 11.412818661471471, 47.446677740356655 ], [ 11.412825365086814, 47.446679936829234 ], [ 11.41284940198857, 47.446687500359104 ], [ 11.412882574287865, 47.446698171147702 ], [ 11.412909810936009, 47.446699316688743 ], [ 11.412988706332976, 47.446699978809242 ], [ 11.4130260159904, 47.446699628357855 ], [ 11.413029719347174, 47.446700994921173 ], [ 11.413054807785743, 47.446709404811095 ], [ 11.413082046058184, 47.446710629447963 ], [ 11.413131294708215, 47.446710166810419 ], [ 11.413199491812032, 47.446721053543797 ], [ 11.413238040623705, 47.446730740085073 ], [ 11.413256638711337, 47.446730642706513 ], [ 11.413286212339026, 47.446728184574745 ], [ 11.413314682441166, 47.446727917080977 ], [ 11.413356388486838, 47.446734690267505 ], [ 11.413443273329834, 47.446755449965856 ], [ 11.413495012594204, 47.446770074599982 ], [ 11.413513812192297, 47.446774260286212 ], [ 11.413554337975247, 47.446773879439476 ], [ 11.413622373030051, 47.446776823464127 ], [ 11.413757532125283, 47.446794324714517 ], [ 11.413814460190247, 47.446798774375566 ], [ 11.413847438647201, 47.446799943073309 ], [ 11.413859461457163, 47.446798351350942 ], [ 11.413876737602697, 47.446789620744127 ], [ 11.413908139004681, 47.446769929714719 ], [ 11.41392757969755, 47.446760322471 ], [ 11.41397130083643, 47.446753446159569 ], [ 11.414022806346475, 47.446756622700185 ], [ 11.414067909441252, 47.446761185210889 ], [ 11.414148163542139, 47.446777721719059 ], [ 11.414226032537181, 47.446789920045468 ], [ 11.414296383345185, 47.446799382725104 ], [ 11.414378667868844, 47.44680289386821 ], [ 11.414432365572781, 47.446806672029638 ], [ 11.414488611331674, 47.446817047981476 ], [ 11.414538141275202, 47.446830212424075 ], [ 11.414577914395638, 47.446849311480712 ], [ 11.414610114859023, 47.446874168109964 ], [ 11.414655489319129, 47.446897575001898 ], [ 11.414690911600001, 47.44691165282066 ], [ 11.414726043132593, 47.446917086010345 ], [ 11.41474910729527, 47.446921931148246 ], [ 11.414785269053613, 47.446921590924163 ], [ 11.414830254487438, 47.446920388740089 ], [ 11.414871741133313, 47.446916414961159 ], [ 11.414905720825974, 47.446916095230733 ], [ 11.414945245191159, 47.446922890167087 ], [ 11.415005606048215, 47.446932448215009 ], [ 11.415031984411801, 47.446936483180373 ], [ 11.415073891388113, 47.446947616204667 ], [ 11.415155472523415, 47.4469728642256 ], [ 11.415245952983117, 47.447006519271774 ], [ 11.415316279463706, 47.447020343907973 ], [ 11.415348238442766, 47.447022225143883 ], [ 11.415377726780783, 47.447021168625355 ], [ 11.415411734517527, 47.447016642632811 ], [ 11.415459409080913, 47.447000926476782 ], [ 11.41550295211848, 47.446979642000379 ], [ 11.415574011241826, 47.44692273548953 ], [ 11.415606372835201, 47.44689945332685 ], [ 11.415623820101725, 47.44689352534381 ], [ 11.415654254722387, 47.4468881748436 ], [ 11.415741650535667, 47.446872163693946 ], [ 11.415869268419716, 47.446846503896445 ], [ 11.415934771715754, 47.446837942986292 ], [ 11.41595070556269, 47.446819877579671 ], [ 11.41596446433423, 47.446790772967006 ], [ 11.415974233233541, 47.446785694380033 ], [ 11.416002598450838, 47.446774601374152 ], [ 11.416051421481662, 47.446753344307773 ], [ 11.416098146917555, 47.446736235475271 ], [ 11.416144744265843, 47.446712741704403 ], [ 11.416172964028991, 47.446700246877576 ], [ 11.416213122747703, 47.446687639567287 ], [ 11.416246775701978, 47.446665669053125 ], [ 11.416261607060022, 47.446649716913697 ], [ 11.416262595382911, 47.446647604677985 ], [ 11.416284664102685, 47.446592560621731 ], [ 11.416300829002557, 47.446529707356191 ], [ 11.416326472190031, 47.446497840932608 ], [ 11.41634821769583, 47.446483226784856 ], [ 11.416390581365411, 47.446466158929255 ], [ 11.41644718716651, 47.446454877063033 ], [ 11.41648303920868, 47.446439428387428 ], [ 11.416507160675447, 47.446434137150881 ], [ 11.41654625882312, 47.446425824718069 ], [ 11.416591068341411, 47.44641605529732 ], [ 11.416670732549782, 47.446403777080768 ], [ 11.416694896013492, 47.446400667485243 ], [ 11.416719904516601, 47.446393889140268 ], [ 11.416757775752124, 47.446370475566283 ], [ 11.41679980399706, 47.446342739593163 ], [ 11.416838471503898, 47.446307713725446 ], [ 11.416870669422924, 47.446276486964472 ], [ 11.416910672446058, 47.446239345557757 ], [ 11.416937405359866, 47.446216038724145 ], [ 11.416972123632055, 47.446195615806367 ], [ 11.417010111090098, 47.446177887403167 ], [ 11.417033703908258, 47.446158191779112 ], [ 11.417060480155188, 47.446125614730136 ], [ 11.417086047561737, 47.446095776218336 ], [ 11.417102124571715, 47.446079033295632 ], [ 11.417128275750001, 47.446066557735698 ], [ 11.417152033904415, 47.446054806308624 ], [ 11.417178141421948, 47.446040071719281 ], [ 11.417201279333037, 47.445998181813025 ], [ 11.417216098892693, 47.445970547543993 ], [ 11.417242933782733, 47.44594653630265 ], [ 11.417263344993074, 47.445928430286969 ], [ 11.417271936518866, 47.445916120283492 ], [ 11.417274877674659, 47.445897241780195 ], [ 11.417271095487759, 47.44587507891022 ], [ 11.417258814131213, 47.445858603388317 ], [ 11.417248338404278, 47.445834868430154 ], [ 11.417243386564373, 47.445806094804858 ], [ 11.417249600324585, 47.445784382740754 ], [ 11.41727306718772, 47.4457639884779 ], [ 11.417307590870113, 47.445734220159956 ], [ 11.417347623331075, 47.445704243373498 ], [ 11.417376491636908, 47.445672970514543 ], [ 11.417396646400757, 47.445636795052032 ], [ 11.417425278432743, 47.445593996999264 ], [ 11.417443651192372, 47.44557723237417 ], [ 11.417458695422285, 47.445566264644242 ], [ 11.417496728565496, 47.445550795075945 ], [ 11.417576126252383, 47.445525588181262 ], [ 11.417651899568131, 47.445485927008093 ], [ 11.417892450751415, 47.445351788453834 ], [ 11.417935587697581, 47.445327625023225 ], [ 11.418061378459811, 47.445257971496979 ], [ 11.418134037290139, 47.445223325970574 ], [ 11.418213213770045, 47.445187372236916 ], [ 11.418281512669894, 47.445152845120596 ], [ 11.418349578208021, 47.445112633813821 ], [ 11.418417974981065, 47.445071640411548 ], [ 11.4185262978766, 47.445018041036995 ], [ 11.418564010168101, 47.444998211786213 ], [ 11.418625924077425, 47.444965926824132 ], [ 11.418645431414907, 47.444954213421859 ], [ 11.418662938434409, 47.444951245413407 ], [ 11.418678206967314, 47.44495110124015 ], [ 11.418705654842427, 47.444951464480908 ], [ 11.418775861194797, 47.444959524425343 ], [ 11.418838543603879, 47.444970382529561 ], [ 11.418862798450498, 47.444977320319751 ], [ 11.418900274112236, 47.44499067587477 ], [ 11.41895238121845, 47.445017678267313 ], [ 11.419067411249666, 47.445072672753817 ], [ 11.41915572651083, 47.445112887808904 ], [ 11.419173409367863, 47.44511848446772 ], [ 11.419191033081093, 47.445121199829849 ], [ 11.419223863575633, 47.445120889674008 ], [ 11.419272967813388, 47.445113338056736 ], [ 11.419348321313201, 47.445098137694451 ], [ 11.419397168647286, 47.445078204759263 ], [ 11.419429760768319, 47.445060603881124 ], [ 11.419466067710689, 47.445017031215421 ], [ 11.419549906300626, 47.444939828481239 ], [ 11.419633145092311, 47.444883660604226 ], [ 11.419674240067934, 47.444860839811447 ], [ 11.41971221884107, 47.444848331023294 ], [ 11.419758571800493, 47.444807545164373 ], [ 11.419793916277916, 47.444767485765176 ], [ 11.41982724353486, 47.444735470357877 ], [ 11.419877065111368, 47.444712644355214 ], [ 11.41994412793213, 47.4446739220772 ], [ 11.420000439062616, 47.444637325181063 ], [ 11.420014363150884, 47.444622082700278 ], [ 11.420011948663783, 47.44461065546831 ], [ 11.420001896326138, 47.44460202759258 ], [ 11.419982146624996, 47.444596371449059 ], [ 11.419965454648471, 47.444588662621783 ], [ 11.419953322607347, 47.444579352828242 ], [ 11.419957344744919, 47.444562802613419 ], [ 11.419961356844972, 47.444551314624761 ], [ 11.419967618499424, 47.44453754593868 ], [ 11.419991412517177, 47.444522053646125 ], [ 11.420021458586499, 47.444492326832602 ], [ 11.420055917512959, 47.444459521729911 ], [ 11.42009153473983, 47.444438310430677 ], [ 11.420124156645644, 47.444422189573288 ], [ 11.420188311778693, 47.444398526331092 ], [ 11.420240521267557, 47.444385726297902 ], [ 11.420289749870236, 47.444378718136498 ], [ 11.420321431913912, 47.444378418526071 ], [ 11.420350995455284, 47.444381098148291 ], [ 11.42038212543974, 47.444393032729529 ], [ 11.420433988724431, 47.444419259628468 ], [ 11.420505959361638, 47.444457446154956 ], [ 11.420532487371299, 47.444468801800468 ], [ 11.420553293790135, 47.444470006346094 ], [ 11.420605955365517, 47.444468106860299 ], [ 11.420646450653724, 47.444472006995426 ], [ 11.420715753954322, 47.444486462222429 ], [ 11.420788384576817, 47.444500885927788 ], [ 11.420871863133399, 47.44451232509433 ], [ 11.420964023672109, 47.44452157912157 ], [ 11.421021227181745, 47.444533968379531 ], [ 11.421069841639365, 47.444553058878675 ], [ 11.421159142928529, 47.444579553573348 ], [ 11.421179109205841, 47.444590190444039 ], [ 11.421183705904534, 47.444601596998446 ], [ 11.421180849774919, 47.44461899430101 ], [ 11.421173294375352, 47.444631215643504 ], [ 11.421153976996894, 47.444646588460799 ], [ 11.421124847489953, 47.444670697896925 ], [ 11.421109167493634, 47.44470099061764 ], [ 11.42111521614828, 47.444732712910309 ], [ 11.421137324116284, 47.444746912947231 ], [ 11.421175917719809, 47.444758776676494 ], [ 11.421251968768182, 47.444783216424604 ], [ 11.421329494317053, 47.444817843780982 ], [ 11.421401199683496, 47.44484294698762 ], [ 11.421427220293642, 47.444852047798683 ], [ 11.419972241154131, 47.446612594401422 ], [ 11.418630447201011, 47.448236210461872 ], [ 11.417253829356383, 47.449901578284958 ], [ 11.416226423248169, 47.451145285712727 ], [ 11.41455226025729, 47.453171486211936 ], [ 11.413329382875583, 47.454651145529034 ], [ 11.412160922619575, 47.455553267215144 ], [ 11.412093824923382, 47.455681326024191 ], [ 11.411804995710238, 47.456233010113088 ], [ 11.41181670010886, 47.456818170605523 ], [ 11.411860087010352, 47.456833887114662 ], [ 11.411910994154139, 47.456846651197289 ], [ 11.411943263985032, 47.456863484771723 ], [ 11.411967150789916, 47.456880240496197 ], [ 11.41197353155354, 47.456900353546118 ], [ 11.41202213316477, 47.456968988030468 ], [ 11.412034321436458, 47.45699216228212 ], [ 11.412033457584034, 47.457006113704253 ], [ 11.412031588429166, 47.457027083095618 ], [ 11.412027271487915, 47.457051970087512 ], [ 11.412026498528697, 47.457075967542821 ], [ 11.412035340235915, 47.457098396071665 ], [ 11.412038104728062, 47.457127033886458 ], [ 11.412045487192664, 47.457190523529832 ], [ 11.412064790333003, 47.457219083490799 ], [ 11.412093693528593, 47.457239765893448 ], [ 11.412136620859696, 47.457261016445258 ], [ 11.412176959008342, 47.457279252930682 ], [ 11.412218354512525, 47.457287432591727 ], [ 11.41227518387281, 47.457297804149185 ], [ 11.412320299386739, 47.457308129129238 ], [ 11.412350043468253, 47.457324908944031 ], [ 11.412364770868809, 47.457348760897737 ], [ 11.412367385214756, 47.45736431307725 ], [ 11.4123753563041, 47.457406066396395 ], [ 11.412387331079062, 47.45747504274096 ], [ 11.41240550495111, 47.457498941487493 ], [ 11.412421048501393, 47.457506505679419 ], [ 11.412451797945309, 47.457516265695837 ], [ 11.412489974173688, 47.457529927962661 ], [ 11.412500597408178, 47.457538394615604 ], [ 11.412510395344084, 47.457551389664602 ], [ 11.412515616468141, 47.457570811996582 ], [ 11.41252964257912, 47.457633460305274 ], [ 11.412555212869739, 47.45772707991113 ], [ 11.412575404659218, 47.457793564953953 ], [ 11.412585614857942, 47.457826883753476 ], [ 11.412585788102962, 47.457835371160243 ], [ 11.412557870576087, 47.457857286696978 ], [ 11.412534675011894, 47.457880015972016 ], [ 11.412530379555578, 47.457900229222297 ], [ 11.412532433450469, 47.457938999730104 ], [ 11.412520906388174, 47.45795383019162 ], [ 11.41249544704138, 47.457978059411715 ], [ 11.412464610793791, 47.458020331753033 ], [ 11.412461981327262, 47.458060313717858 ], [ 11.412456728323663, 47.45808988486371 ], [ 11.412440132921981, 47.458148926016548 ], [ 11.412413216197789, 47.458208842984419 ], [ 11.412387911766784, 47.458246389817731 ], [ 11.412350880139051, 47.458277660616048 ], [ 11.412305792179056, 47.458319287765946 ], [ 11.412275640208788, 47.458344417261735 ], [ 11.41220575697316, 47.458392274654614 ], [ 11.412097904900227, 47.458476318927943 ], [ 11.412073333708882, 47.458493529383887 ], [ 11.41205506548051, 47.458515588097761 ], [ 11.412042512555477, 47.458542032871975 ], [ 11.412039358891882, 47.458612631706693 ], [ 11.412040229582448, 47.458655307950686 ], [ 11.412052855734377, 47.458700054150015 ], [ 11.41206039974908, 47.458726466831109 ], [ 11.412058576645233, 47.458749695209043 ], [ 11.412047132950226, 47.458768496819985 ], [ 11.412022915169567, 47.458791856202012 ], [ 11.411979068560715, 47.458838067771573 ], [ 11.411868205744495, 47.459196782456047 ], [ 11.411626614847323, 47.459402109344794 ], [ 11.41163238711742, 47.459431654373581 ], [ 11.411635234237311, 47.459447440037088 ], [ 11.411625892140377, 47.459496209628405 ], [ 11.411602479103777, 47.459530700186171 ], [ 11.411570733198451, 47.459573448521745 ], [ 11.411542634830612, 47.459614915993789 ], [ 11.411519197135881, 47.459653925613189 ], [ 11.411485467783129, 47.459700743661145 ], [ 11.411436908996849, 47.459758136229482 ], [ 11.411392696212776, 47.459803494721108 ], [ 11.411345037863276, 47.459848729003681 ], [ 11.41127460914219, 47.459909519654552 ], [ 11.411220085311257, 47.459961751242901 ], [ 11.411174011584992, 47.460028390148381 ], [ 11.411147357373027, 47.460084255001263 ], [ 11.411127693284964, 47.460139507439401 ], [ 11.411126733074527, 47.460143020708287 ], [ 11.411116273573379, 47.460187751394834 ], [ 11.411102147049894, 47.460249728378912 ], [ 11.411080195138728, 47.460474336716615 ], [ 11.411076092626574, 47.460504051704596 ], [ 11.411030133748728, 47.460694770685478 ], [ 11.410982999069899, 47.46082209648894 ], [ 11.410953772013254, 47.460915215528672 ], [ 11.410890459601159, 47.461049080857748 ], [ 11.410843882692525, 47.461147581125111 ], [ 11.41083501971751, 47.461163553923576 ], [ 11.410811531853581, 47.461205756911227 ], [ 11.410745068189467, 47.461297746221994 ], [ 11.410683084048733, 47.461372791007214 ], [ 11.410634599570608, 47.461434077146613 ], [ 11.41061256127816, 47.461462947421104 ], [ 11.410585047048045, 47.461499190548004 ], [ 11.410566473316132, 47.461557237147979 ], [ 11.410554623926764, 47.461601356576907 ], [ 11.410550061141162, 47.461659271872662 ], [ 11.410552805841327, 47.461737604605133 ], [ 11.41056732117519, 47.461824317856752 ], [ 11.410570344675133, 47.461859963584239 ], [ 11.410587799770457, 47.461916114688947 ], [ 11.410598815567322, 47.461943817109905 ], [ 11.410610926025104, 47.461974470266497 ], [ 11.410623760134259, 47.462012517329889 ], [ 11.410634268206829, 47.462043419358423 ], [ 11.410635959302287, 47.462070041676526 ], [ 11.410632964903551, 47.462092190859224 ], [ 11.410625602569066, 47.462102930955005 ], [ 11.410618355348788, 47.4621135926186 ], [ 11.410597982433323, 47.462139720140975 ], [ 11.41057788015492, 47.46217340231788 ], [ 11.410565862426722, 47.462209266352758 ], [ 11.410562492437576, 47.46226935253511 ], [ 11.410567736513114, 47.462301237529637 ], [ 11.410575093100491, 47.462487561990926 ], [ 11.410581403842734, 47.462577388667363 ], [ 11.410584679507345, 47.462619808496697 ], [ 11.410577245439994, 47.462649552877977 ], [ 11.410565988821403, 47.462666406159833 ], [ 11.410523467677001, 47.462682070125503 ], [ 11.410463834221879, 47.462709189741133 ], [ 11.410383829213403, 47.462751065924579 ], [ 11.410356312002186, 47.462770406517848 ], [ 11.41034518200815, 47.462787881011771 ], [ 11.410341296284685, 47.462828265025472 ], [ 11.410348144137455, 47.462933274818802 ], [ 11.41034837579125, 47.462944645316163 ], [ 11.410345203720674, 47.462963680451686 ], [ 11.410324991489345, 47.46299198848552 ], [ 11.41029660797007, 47.463019594146914 ], [ 11.410237444657653, 47.4630696866314 ], [ 11.410179269907085, 47.463112057925052 ], [ 11.410127047345826, 47.463158971429202 ], [ 11.410094241373972, 47.463195030138678 ], [ 11.410044780158666, 47.46326473862662 ], [ 11.410023465232896, 47.46329531455779 ], [ 11.409976889653851, 47.463337656253607 ], [ 11.409902646561397, 47.463386254596664 ], [ 11.409784997779493, 47.463463532732845 ], [ 11.409675502956848, 47.463535204568885 ], [ 11.409566652313922, 47.463593319129764 ], [ 11.409443008494264, 47.463658267590837 ], [ 11.409390584811629, 47.463684151658867 ], [ 11.409233537789238, 47.463761486813077 ], [ 11.409177380931489, 47.463790208415034 ], [ 11.409091196195785, 47.463833310808589 ], [ 11.409076525184423, 47.463840535783042 ], [ 11.408901093211689, 47.463917574813181 ], [ 11.408811480177825, 47.463950349189538 ], [ 11.408679751378955, 47.464013192192645 ], [ 11.408567629211884, 47.46407437294986 ], [ 11.408528113873325, 47.464096786319999 ], [ 11.408511650138905, 47.464106130907417 ], [ 11.4084841600672, 47.464126873935349 ], [ 11.408471738181269, 47.464142957180847 ], [ 11.408452617482599, 47.464162920350056 ], [ 11.40841494841882, 47.46419146866107 ], [ 11.408367538603503, 47.464243632310449 ], [ 11.408333857369286, 47.464298704102184 ], [ 11.408327321622384, 47.464316212782634 ], [ 11.408323170277372, 47.464343746037542 ], [ 11.408323359587156, 47.46440379884308 ], [ 11.408313929641322, 47.464454047637673 ], [ 11.408291962597575, 47.464520461683868 ], [ 11.408283719069228, 47.464566961260068 ], [ 11.408276676643201, 47.464633000079822 ], [ 11.408274076572189, 47.464657636982651 ], [ 11.408254399430112, 47.464712344832357 ], [ 11.408244391867013, 47.464739933743616 ], [ 11.408229300450689, 47.46479420924463 ], [ 11.408229760849704, 47.464799891271298 ], [ 11.408232640388654, 47.464839744221408 ], [ 11.408238442357833, 47.464899120319281 ], [ 11.408238562356352, 47.464961508743102 ], [ 11.408234236759281, 47.464980477246144 ], [ 11.408221872031111, 47.46501634425978 ], [ 11.408221115902569, 47.465018688104834 ], [ 11.408188419410397, 47.465060120351623 ], [ 11.408155718642437, 47.465101475275908 ], [ 11.408147461729056, 47.465147196037712 ], [ 11.40814909676323, 47.465176857247727 ], [ 11.408167010538946, 47.465204885750957 ], [ 11.4082165001511, 47.465249210278351 ], [ 11.408381558167601, 47.46539604923484 ], [ 11.408396727028599, 47.465407668597813 ], [ 11.408635384581068, 47.465592684129888 ], [ 11.408669580829228, 47.465619238046521 ], [ 11.408996962093815, 47.465846029814728 ], [ 11.409037927887287, 47.465872284618342 ], [ 11.409093082397424, 47.46591281763331 ], [ 11.409113394682555, 47.465940044615344 ], [ 11.409146914150785, 47.465989891515179 ], [ 11.409180005894836, 47.466029929394978 ], [ 11.409230523538746, 47.466068246318407 ], [ 11.409272736273198, 47.466093710441974 ], [ 11.409304471467054, 47.466117793924283 ], [ 11.409329444960564, 47.466154013124537 ], [ 11.409343821501146, 47.466188851015964 ], [ 11.409351103912778, 47.466247513415233 ], [ 11.409354252112207, 47.466289310226351 ], [ 11.409351077927413, 47.466308267989788 ], [ 11.409339451542024, 47.466357837640395 ], [ 11.409336530157384, 47.466440038846578 ], [ 11.409340222130519, 47.466508547864436 ], [ 11.409342828177923, 47.466523711603045 ], [ 11.409348941456877, 47.466541880858017 ], [ 11.409370888326148, 47.466598691630267 ], [ 11.409401292326065, 47.466664613822743 ], [ 11.409428360327851, 47.466730335177267 ], [ 11.409376010247881, 47.466731836210315 ], [ 11.409308974551964, 47.466728414368632 ], [ 11.409249642813904, 47.466725386297092 ], [ 11.409189539710461, 47.466729686946429 ], [ 11.409045438646686, 47.466749341150376 ], [ 11.40891579428272, 47.466751333201202 ], [ 11.408773411637833, 47.466748146512352 ], [ 11.408586883469225, 47.466726212480388 ], [ 11.408547284836251, 47.466722065831817 ], [ 11.40825576410667, 47.466722532796091 ], [ 11.408195584915847, 47.466723095516841 ], [ 11.40792364830507, 47.466726339506721 ], [ 11.407594933205161, 47.466716560545514 ], [ 11.407450236372689, 47.466712537562508 ], [ 11.407255673012466, 47.466702205609714 ], [ 11.407205674960094, 47.466695038154299 ], [ 11.407146716666986, 47.46669340864949 ], [ 11.40692806687413, 47.466696073343243 ], [ 11.406587908319985, 47.466694031111324 ], [ 11.406511356575962, 47.466691630109928 ], [ 11.406464157991591, 47.466692070736649 ], [ 11.406392674139866, 47.466707226401546 ], [ 11.406306454351858, 47.466737707698741 ], [ 11.406253521577446, 47.466755726665959 ], [ 11.406244724489904, 47.466769439054978 ], [ 11.406236741894503, 47.466777927025191 ], [ 11.406219400794464, 47.466778088875294 ], [ 11.406200879610207, 47.466776703887369 ], [ 11.406166229023489, 47.466778585128289 ], [ 11.406122474701878, 47.466790443481443 ], [ 11.40603493704193, 47.466812602559109 ], [ 11.405926701241137, 47.466839315238211 ], [ 11.405900251361441, 47.466843456653834 ], [ 11.40586108924235, 47.466855194706717 ], [ 11.405810645674981, 47.466876928362517 ], [ 11.405724810782496, 47.466926411029611 ], [ 11.405602544930362, 47.466997652986812 ], [ 11.405537200857861, 47.467032378665081 ], [ 11.405485709975663, 47.467053501324223 ], [ 11.405455658005884, 47.467061336998519 ], [ 11.40539118754144, 47.467071128859367 ], [ 11.40527085159723, 47.467079027514622 ], [ 11.405206328625002, 47.467091858106414 ], [ 11.405179806058586, 47.467098180302315 ], [ 11.405139395472537, 47.467099258662081 ], [ 11.404944887484159, 47.467097332136682 ], [ 11.404833832638534, 47.467098367349436 ], [ 11.40480503822411, 47.467100193591975 ], [ 11.404771702101113, 47.467110396471547 ], [ 11.404698374721084, 47.467142236885316 ], [ 11.404613333271188, 47.467174263771319 ], [ 11.404576644238938, 47.467188937530295 ], [ 11.404544298228423, 47.467196949048628 ], [ 11.404487734329653, 47.46720588959645 ], [ 11.40444521960559, 47.467210880141643 ], [ 11.404413026150284, 47.467226290883779 ], [ 11.404386888492306, 47.467251616506736 ], [ 11.404370888142566, 47.467255503702944 ], [ 11.404342967179137, 47.467255141422108 ], [ 11.404290779708143, 47.467241918202596 ], [ 11.404256587746898, 47.467215519453092 ], [ 11.4042237324957, 47.467187007123357 ], [ 11.404187246298132, 47.46716062972574 ], [ 11.404153510888069, 47.467151130973413 ], [ 11.404097964432923, 47.467147831117245 ], [ 11.403960396158876, 47.467149891370461 ], [ 11.40380540729524, 47.467159591718591 ], [ 11.40363330993009, 47.46716968320839 ], [ 11.403580100944033, 47.467173995877374 ], [ 11.403547712759915, 47.4671742974136 ], [ 11.403530354180587, 47.46717360274215 ], [ 11.403521106405066, 47.467170727844028 ], [ 11.403511599027379, 47.467166299311877 ], [ 11.403498695593905, 47.46715870754484 ], [ 11.403478895541287, 47.467145261592322 ], [ 11.403454467892971, 47.467141594372187 ], [ 11.403424379337611, 47.467141874466073 ], [ 11.403304290988816, 47.467150625028552 ], [ 11.403243101474256, 47.467158050167257 ], [ 11.403163363349231, 47.467162607754702 ], [ 11.403088186554379, 47.467165644142028 ], [ 11.403055735326907, 47.467162830427952 ], [ 11.40302185719313, 47.467151774822021 ], [ 11.40298257033283, 47.467145986349713 ], [ 11.402949115129031, 47.467150192267944 ], [ 11.402773886713588, 47.467181499066392 ], [ 11.402611166904157, 47.467206535202102 ], [ 11.402523511085718, 47.467217320035459 ], [ 11.402439424020907, 47.467225580132457 ], [ 11.402272781855745, 47.4672355414911 ], [ 11.401925772059762, 47.467247102053655 ], [ 11.401695648191073, 47.467256173969893 ], [ 11.40158956759344, 47.467264715196585 ], [ 11.401535222931837, 47.467269816394008 ], [ 11.401513128009904, 47.467267762285438 ], [ 11.401488885541339, 47.467261833505326 ], [ 11.401451538337319, 47.467255404065284 ], [ 11.401335787583788, 47.467245808435926 ], [ 11.401263920194861, 47.467241959064403 ], [ 11.401164446487964, 47.467242026854976 ], [ 11.401103096823984, 47.467247191118787 ], [ 11.401044869063291, 47.467259027262166 ], [ 11.401024735460195, 47.467263186238092 ], [ 11.400931288038361, 47.46727160951886 ], [ 11.400898963772846, 47.46727494805792 ], [ 11.400841127957065, 47.467277821927283 ], [ 11.400681431240011, 47.467276189111928 ], [ 11.400601574534068, 47.467269375160107 ], [ 11.400557512973874, 47.467265966959594 ], [ 11.400513401596717, 47.467260222431342 ], [ 11.400480719571203, 47.467251491744513 ], [ 11.400439953883758, 47.467235122397298 ], [ 11.400409480080123, 47.467216322526745 ], [ 11.400387567758941, 47.467212008884687 ], [ 11.400367715574967, 47.467212894729698 ], [ 11.400343603364409, 47.467219193432172 ], [ 11.40030919749166, 47.467233222211128 ], [ 11.400266538392794, 47.467236732049813 ], [ 11.40021419664607, 47.467227248324249 ], [ 11.400143315245513, 47.46720967966975 ], [ 11.400023597877651, 47.467185710324323 ], [ 11.399942373061828, 47.467173533490161 ], [ 11.399895743969559, 47.4671625161183 ], [ 11.39984602435903, 47.467157681442906 ], [ 11.399797282174424, 47.467155796871424 ], [ 11.399747699268948, 47.467157737347776 ], [ 11.399715277119755, 47.46716201009113 ], [ 11.399677424074032, 47.467175991506373 ], [ 11.399624632456579, 47.467195486593951 ], [ 11.399572745300052, 47.467202744334564 ], [ 11.399548414789209, 47.46720374892795 ], [ 11.399534516304026, 47.467203877836042 ], [ 11.399509013142568, 47.467198039482 ], [ 11.3994891926812, 47.467189187425966 ], [ 11.399469284910078, 47.467181661966784 ], [ 11.399437327053217, 47.467203300519806 ], [ 11.399415291705434, 47.467226949960143 ], [ 11.399401005382085, 47.467259016550678 ], [ 11.39937933777423, 47.467278145531502 ], [ 11.399353224800086, 47.467299028285936 ], [ 11.399317772694952, 47.467318285082328 ], [ 11.399295945782674, 47.467323860800796 ], [ 11.399278604463859, 47.4673240216026 ], [ 11.399244936340889, 47.467323477514206 ], [ 11.399221647476754, 47.467319176413213 ], [ 11.399173015004543, 47.467311293020927 ], [ 11.399136003999248, 47.467310078323294 ], [ 11.399112768018744, 47.467314188373813 ], [ 11.39909005584447, 47.467327172941651 ], [ 11.39906575666925, 47.467329734990734 ], [ 11.399034402773772, 47.467330025662832 ], [ 11.399014801588022, 47.46732639010574 ], [ 11.398992631382454, 47.467320598091874 ], [ 11.398967120918574, 47.467320055651363 ], [ 11.39892559026104, 47.467322700051845 ], [ 11.398886412035115, 47.467322284287228 ], [ 11.398852647109136, 47.467311147249468 ], [ 11.398807091226058, 47.467296379571216 ], [ 11.398757715362422, 47.467257270363504 ], [ 11.398722303879628, 47.467227220505109 ], [ 11.398680110954487, 47.467202531247914 ], [ 11.398647563153913, 47.467189123449572 ], [ 11.398597726918677, 47.467184289313643 ], [ 11.398531690550557, 47.467184901236713 ], [ 11.398485476098765, 47.467182992685025 ], [ 11.398463434160975, 47.467177899153057 ], [ 11.398451076123862, 47.467168900421122 ], [ 11.398434431908122, 47.46715230866117 ], [ 11.398423780678611, 47.467142437834966 ], [ 11.398414225640906, 47.467124299892902 ], [ 11.398400161922771, 47.467116095883192 ], [ 11.398387512948588, 47.467115434151104 ], [ 11.398373677248026, 47.467118678034446 ], [ 11.398354252440653, 47.467129451731196 ], [ 11.39832119380168, 47.467153357792469 ], [ 11.398291456648215, 47.467171080830155 ], [ 11.398266097357212, 47.467178169572762 ], [ 11.398229163350962, 47.467180771138317 ], [ 11.398179361188872, 47.467177494353706 ], [ 11.398137562780713, 47.467172506410684 ], [ 11.39807701580248, 47.467154840753977 ], [ 11.398036192421852, 47.467135434541298 ], [ 11.397980607876169, 47.467078855804033 ], [ 11.397932862770171, 47.467029525968719 ], [ 11.397906915984228, 47.467001647626176 ], [ 11.397886968828921, 47.466986487718515 ], [ 11.39785651065851, 47.466968543302386 ], [ 11.397814456340976, 47.466950706258075 ], [ 11.397789699131728, 47.466941978773782 ], [ 11.397734406876561, 47.466945606447858 ], [ 11.397691529632958, 47.466949741567213 ], [ 11.397678752566511, 47.466948381170226 ], [ 11.397663479365063, 47.466937149923481 ], [ 11.397642490940274, 47.466927452084853 ], [ 11.397566121237954, 47.466928159121942 ], [ 11.397508949426422, 47.466935542205348 ], [ 11.397459037789506, 47.466926813650602 ], [ 11.397397625728964, 47.466917412601461 ], [ 11.397361409707264, 47.466898742425577 ], [ 11.397329555511261, 47.466874034328541 ], [ 11.397304633745811, 47.46683999231967 ], [ 11.397273992459823, 47.466812936207695 ], [ 11.397165977781233, 47.466765176625174 ], [ 11.397142756358731, 47.466758537704635 ], [ 11.397122879329315, 47.466752646755225 ], [ 11.397105468870642, 47.466743694632463 ], [ 11.397074889935187, 47.466719597083369 ], [ 11.39705742813198, 47.466713761126101 ], [ 11.397029541576655, 47.466709422972116 ], [ 11.396975160153373, 47.466706889608616 ], [ 11.396936987025365, 47.466704983382471 ], [ 11.39692055386133, 47.466698981382685 ], [ 11.39688780940665, 47.466675761895395 ], [ 11.396850782766403, 47.466628124148045 ], [ 11.396824041038409, 47.46658350693798 ], [ 11.396817765038769, 47.466568375072804 ], [ 11.396803561634593, 47.466541868334254 ], [ 11.396795936678089, 47.466516781232635 ], [ 11.396795524606068, 47.466496299151792 ], [ 11.396795156426546, 47.466477998732643 ], [ 11.396789108550148, 47.466462864755279 ], [ 11.396768043728086, 47.46644935199236 ], [ 11.396704224470628, 47.46644012754598 ], [ 11.396672824081715, 47.466438081229583 ], [ 11.396648336610273, 47.466419926557307 ], [ 11.396594701651322, 47.466403052459832 ], [ 11.396551633365968, 47.466392000793171 ], [ 11.396506783129821, 47.466366477236001 ], [ 11.396464514103839, 47.466338049748053 ], [ 11.39643638013481, 47.466326937274978 ], [ 11.396376146082581, 47.466319082633689 ], [ 11.396321491004754, 47.466302919413494 ], [ 11.39626072793798, 47.466274427205434 ], [ 11.396195317397222, 47.466243175245907 ], [ 11.396191851650935, 47.466242194507799 ], [ 11.396163322063375, 47.466234357827815 ], [ 11.396112268256665, 47.466231714138196 ], [ 11.396068444023397, 47.466234378709267 ], [ 11.396027965679737, 47.466237868610364 ], [ 11.39599814503306, 47.466245777019232 ], [ 11.395964930896289, 47.466261973748288 ], [ 11.395913373566325, 47.466291425233045 ], [ 11.395867490495885, 47.466311633658606 ], [ 11.395825525288579, 47.466321134769444 ], [ 11.395777916803583, 47.466318459087105 ], [ 11.395729218653008, 47.466312911614821 ], [ 11.395711586550615, 47.466298588009089 ], [ 11.39569729074185, 47.466278935802769 ], [ 11.395677999255193, 47.46623339139682 ], [ 11.395662656971878, 47.466224499093755 ], [ 11.395639528287052, 47.466222453406765 ], [ 11.395616490398101, 47.46622492571737 ], [ 11.395565814636525, 47.466235284350667 ], [ 11.395486747770759, 47.466250503281202 ], [ 11.395476469504146, 47.466253480088724 ], [ 11.395459130069883, 47.466253717648563 ], [ 11.395415015581712, 47.466253425458177 ], [ 11.395377913057837, 47.466247614199681 ], [ 11.395322291847393, 47.466240650018179 ], [ 11.395241132752176, 47.466237427777941 ], [ 11.395192749010699, 47.466241846686941 ], [ 11.395151785304279, 47.466249703098541 ], [ 11.395112678406186, 47.466258475975287 ], [ 11.395094424228244, 47.466276171275624 ], [ 11.395074183139753, 47.466297700394655 ], [ 11.395051181764854, 47.466307804994223 ], [ 11.395027996885362, 47.466308641543428 ], [ 11.395010626146732, 47.466307321475639 ], [ 11.394982856706097, 47.466302983541262 ], [ 11.394916569443298, 47.466285369228224 ], [ 11.394852730846697, 47.46627528765287 ], [ 11.394812735663248, 47.466274176469206 ], [ 11.394791949274829, 47.466274368403582 ], [ 11.394756347131953, 47.466286069789419 ], [ 11.394680136760121, 47.466300481064884 ], [ 11.394628349767352, 47.46630703587121 ], [ 11.394587779005033, 47.466305929922846 ], [ 11.394527380603897, 47.466289741516185 ], [ 11.394491142629448, 47.466275587678354 ], [ 11.394452267981958, 47.466238714652967 ], [ 11.394423916111366, 47.466216855260093 ], [ 11.394373175281713, 47.46619543636784 ], [ 11.394358087475021, 47.466193395357138 ], [ 11.394336121390772, 47.466192040248359 ], [ 11.39429444870026, 47.466193126434426 ], [ 11.394281576978402, 47.466187168539804 ], [ 11.394266365685949, 47.466178974613953 ], [ 11.394242799516551, 47.466160810925651 ], [ 11.394217177046405, 47.466148973158603 ], [ 11.394198687624765, 47.466149143787781 ], [ 11.39418140762835, 47.466152341598097 ], [ 11.39416010045422, 47.466160949888341 ], [ 11.394128499844046, 47.466177598909461 ], [ 11.394118839262447, 47.466182672811414 ], [ 11.394082071386759, 47.466193528467691 ], [ 11.394015293968531, 47.4662087103356 ], [ 11.393984269880225, 47.46621958851739 ], [ 11.393954594274559, 47.466240425561296 ], [ 11.393928734824339, 47.466274157894659 ], [ 11.393898245071803, 47.466311671057817 ], [ 11.393884486933326, 47.466318651801686 ], [ 11.393866013074819, 47.466319601157942 ], [ 11.393845378214433, 47.466327346909637 ], [ 11.393844234901767, 47.466333432347916 ], [ 11.393824344316437, 47.466349582893713 ], [ 11.393814115945036, 47.466355052369337 ], [ 11.393766570009983, 47.466355490972333 ], [ 11.393691317160622, 47.466354704630476 ], [ 11.393646122372404, 47.466352005798981 ], [ 11.393573533142446, 47.466357973073023 ], [ 11.393510122665793, 47.466369228970592 ], [ 11.393482016659959, 47.466382496029013 ], [ 11.393457975316112, 47.466397905865335 ], [ 11.393384731429775, 47.466434332661933 ], [ 11.393320241011926, 47.466454711647984 ], [ 11.393282394615124, 47.466463394923878 ], [ 11.393257145382183, 47.466475856661809 ], [ 11.393242471723321, 47.466500293315789 ], [ 11.393216569047654, 47.466531766464399 ], [ 11.393175697114048, 47.466567115733781 ], [ 11.393147817341363, 47.466591675926516 ], [ 11.393121480412656, 47.466607184207653 ], [ 11.393092738818579, 47.466617341331826 ], [ 11.392975839557231, 47.466619120506898 ], [ 11.392929672597822, 47.466619546051398 ], [ 11.392906468919596, 47.466613762386899 ], [ 11.392884159173674, 47.466600960159234 ], [ 11.392843996923936, 47.466557244644626 ], [ 11.392808100284913, 47.466525562231062 ], [ 11.392788148871492, 47.466515931299796 ], [ 11.392765148269982, 47.466514585424129 ], [ 11.392722245527731, 47.466517317575637 ], [ 11.3926876668458, 47.4665229339954 ], [ 11.392632198159562, 47.466523445137121 ], [ 11.392605254382358, 47.466514501026452 ], [ 11.392568359689177, 47.466513362288993 ], [ 11.392532588324467, 47.466516651079559 ], [ 11.392466241888195, 47.466530347576075 ], [ 11.392423417758266, 47.466531443689924 ], [ 11.392324942384903, 47.466523939227557 ], [ 11.392268379966811, 47.466521499276816 ], [ 11.392238442979313, 47.466529330425125 ], [ 11.392215625056878, 47.466548625151219 ], [ 11.392184965421199, 47.466577725957514 ], [ 11.39215190433216, 47.466601632059778 ], [ 11.392149067709932, 47.466603449892403 ], [ 11.39212966986466, 47.466615623629671 ], [ 11.392068401267629, 47.466619147110286 ], [ 11.3920083165657, 47.466624296655667 ], [ 11.391950647781481, 47.466635498812188 ], [ 11.391912663361195, 47.466648699947633 ], [ 11.391880530891687, 47.466655928799142 ], [ 11.391843436509564, 47.466656347716778 ], [ 11.391811024873997, 47.466649635834173 ], [ 11.391794825766771, 47.466655160104658 ], [ 11.391781700994313, 47.466665173108105 ], [ 11.391770292650518, 47.466669093617462 ], [ 11.391732216665403, 47.466677857646161 ], [ 11.391683683831399, 47.4666805620923 ], [ 11.391628134350174, 47.466677178870114 ], [ 11.391543457621014, 47.466670402982928 ], [ 11.391437625926901, 47.466668340592008 ], [ 11.391385800450855, 47.466678709756025 ], [ 11.391323507948883, 47.466688473656639 ], [ 11.391286619081145, 47.466693330191312 ], [ 11.391208984383301, 47.466694044635148 ], [ 11.391145329848898, 47.466693149889537 ], [ 11.39109987286864, 47.466700423777162 ], [ 11.391050434608818, 47.466715287865135 ], [ 11.390954957162165, 47.46674280443672 ], [ 11.390860825994737, 47.46678020250129 ], [ 11.390764976519382, 47.466823612032059 ], [ 11.390715629970956, 47.466843071324341 ], [ 11.390667399602663, 47.466861039833347 ], [ 11.390607328470079, 47.466866888291399 ], [ 11.390517297353753, 47.466873870317499 ], [ 11.390468991667026, 47.466887944814104 ], [ 11.39042155671499, 47.466911203669184 ], [ 11.390382529588848, 47.466929866354086 ], [ 11.390314663473625, 47.466948015264734 ], [ 11.390254536235336, 47.466956902397726 ], [ 11.390192249825127, 47.46696129230827 ], [ 11.390150470517685, 47.466957080202548 ], [ 11.39008355510822, 47.466942507216579 ], [ 11.390060558578746, 47.466941238113456 ], [ 11.390023492015827, 47.466943059329111 ], [ 11.38995787020275, 47.466952853089168 ], [ 11.389916407400845, 47.466964606835589 ], [ 11.389850853602599, 47.466983513142921 ], [ 11.389813751913202, 47.467000833946663 ], [ 11.389763604996277, 47.467037747726337 ], [ 11.389682942369623, 47.467105476445063 ], [ 11.389638274434013, 47.46716368018749 ], [ 11.389620271735186, 47.46718822611308 ], [ 11.389600032715608, 47.467215829128769 ], [ 11.389577313087882, 47.467234264346644 ], [ 11.389552408515307, 47.4672641696407 ], [ 11.389541388452667, 47.467293245791431 ], [ 11.389540162530842, 47.467341159993232 ], [ 11.389539261200195, 47.467382217399141 ], [ 11.389540737570563, 47.467404324921674 ], [ 11.389525446076945, 47.467443877538926 ], [ 11.389494580614821, 47.467468618973172 ], [ 11.389458086244501, 47.467493255607486 ], [ 11.389394824410051, 47.467512063242111 ], [ 11.389329167049508, 47.467531671770899 ], [ 11.389293861986699, 47.467552636664017 ], [ 11.389280376728466, 47.467573323770843 ], [ 11.389256486086728, 47.467596365872069 ], [ 11.389218553660264, 47.467606527289277 ], [ 11.389173479792605, 47.467610056976248 ], [ 11.389104253882223, 47.467623545909426 ], [ 11.389060024689662, 47.467634700531335 ], [ 11.3890037281556, 47.467657182099359 ], [ 11.388970209231728, 47.467658268823882 ], [ 11.388935705566832, 47.467667698889272 ], [ 11.388910137317083, 47.467693093094596 ], [ 11.388897661945686, 47.467706837918215 ], [ 11.388885697211375, 47.467740441516405 ], [ 11.38886661332959, 47.467774108681276 ], [ 11.388828931003289, 47.46780265064146 ], [ 11.388796946688194, 47.46781735529656 ], [ 11.388775124102668, 47.467828926505355 ], [ 11.388766521334833, 47.467852607067648 ], [ 11.388743513958639, 47.467868085567254 ], [ 11.388710066863988, 47.467872909672174 ], [ 11.388702271480808, 47.467885210165619 ], [ 11.388697634769407, 47.467911813504429 ], [ 11.388691032946252, 47.467926360660371 ], [ 11.388679514637699, 47.467936358557353 ], [ 11.388654401070056, 47.467944144485827 ], [ 11.38863012120499, 47.467953559755415 ], [ 11.388622277567295, 47.46796344476229 ], [ 11.388614601866189, 47.467981741686437 ], [ 11.388611644555688, 47.468006226689859 ], [ 11.388608510996393, 47.468027597614665 ], [ 11.388588345779267, 47.468058939684042 ], [ 11.388588816840059, 47.468082535140383 ], [ 11.388595089531496, 47.468109038331797 ], [ 11.388605406109781, 47.468131064714512 ], [ 11.388612494601682, 47.468140891800921 ], [ 11.388612766674157, 47.468154519575052 ], [ 11.388610874024618, 47.468168947943404 ], [ 11.388603053575627, 47.468185843052233 ], [ 11.388583619588209, 47.468201990287852 ], [ 11.388541428386073, 47.468229015691172 ], [ 11.388500368559075, 47.468255174417536 ], [ 11.388462640599109, 47.468281457253696 ], [ 11.388431003397246, 47.468325133513908 ], [ 11.388418356448899, 47.468353289053418 ], [ 11.388420836926757, 47.468362458670711 ], [ 11.388425901963888, 47.468386011963155 ], [ 11.388436915387143, 47.468414108651082 ], [ 11.388461871162212, 47.468444255840694 ], [ 11.388494765434631, 47.468475110883858 ], [ 11.388542834052224, 47.468506603758534 ], [ 11.388601464941239, 47.468543453924106 ], [ 11.388626931609974, 47.468570480691525 ], [ 11.38863411345781, 47.468584980463007 ], [ 11.388632999051152, 47.468592546075982 ], [ 11.388623147532408, 47.468616939658695 ], [ 11.388599674905853, 47.468655243251888 ], [ 11.388542237836399, 47.46873560749038 ], [ 11.388497786364846, 47.468770365508554 ], [ 11.388438633952607, 47.468793651929502 ], [ 11.388426007448713, 47.468799844502072 ], [ 11.388383564458083, 47.468808568340812 ], [ 11.388354568794849, 47.468811950143277 ], [ 11.388322119920943, 47.468809132236977 ], [ 11.388280324211491, 47.468804297180043 ], [ 11.388250469837031, 47.468810646027805 ], [ 11.388230041587271, 47.468822985057976 ], [ 11.388208300718622, 47.468844526712367 ], [ 11.388174148468716, 47.468871478210396 ], [ 11.388147784691554, 47.468880054421504 ], [ 11.388098907012711, 47.468900287198274 ], [ 11.388045010056457, 47.468922123852131 ], [ 11.388018697337658, 47.468939111224017 ], [ 11.388008801469621, 47.468961166588173 ], [ 11.387998917719324, 47.468995529917784 ], [ 11.387989157490731, 47.469024516998282 ], [ 11.387967541520744, 47.469040759698117 ], [ 11.387951338148879, 47.469046126956371 ], [ 11.387922556010503, 47.469048650413697 ], [ 11.387893806488062, 47.469052808765184 ], [ 11.387849782675495, 47.469063027401987 ], [ 11.387795965515032, 47.469077307823639 ], [ 11.387753806416354, 47.46908299048139 ], [ 11.387730591117018, 47.469082501840546 ], [ 11.387697055719771, 47.469082809418389 ], [ 11.387651957379816, 47.469079328413443 ], [ 11.387605482873328, 47.469076016515636 ], [ 11.387560245433633, 47.469077132941059 ], [ 11.387496931533109, 47.469087605691058 ], [ 11.387441820827286, 47.469106337494217 ], [ 11.38741723193907, 47.469123308920679 ], [ 11.387399059793829, 47.469139442583014 ], [ 11.387378697750195, 47.469160971435777 ], [ 11.387376795155545, 47.469180773187652 ], [ 11.387385796852564, 47.469223218458353 ], [ 11.387402646818405, 47.469255856118238 ], [ 11.387415842857216, 47.469283931088235 ], [ 11.387416130198101, 47.469298339444975 ], [ 11.387402610050124, 47.469317468795225 ], [ 11.387384346193571, 47.469329007104932 ], [ 11.387355133570361, 47.469344542215374 ], [ 11.387332316200869, 47.469352306798157 ], [ 11.387216493184122, 47.469356484347017 ], [ 11.387147167313826, 47.469359377483393 ], [ 11.387119609587312, 47.469365706781396 ], [ 11.387111623467955, 47.469374191644491 ], [ 11.387099292344161, 47.469389492792779 ], [ 11.38707594364543, 47.46940520793774 ], [ 11.387068348089597, 47.469410262312572 ], [ 11.387040987461221, 47.469426480139205 ], [ 11.387022277614136, 47.469450253202339 ], [ 11.387012157857932, 47.469467091919945 ], [ 11.386996161463223, 47.469477130688524 ], [ 11.386974536439796, 47.469487221042947 ], [ 11.386941197928996, 47.469497418747757 ], [ 11.386913592501633, 47.469512939015004 ], [ 11.386898789603991, 47.469525224451679 ], [ 11.386884420543639, 47.469553552101495 ], [ 11.386863537518607, 47.469612317475089 ], [ 11.386837621029267, 47.469649087046072 ], [ 11.386820488409922, 47.46965975862166 ], [ 11.386787148648914, 47.469670033645357 ], [ 11.386745121194284, 47.469676493648223 ], [ 11.3867024480196, 47.46968529812267 ], [ 11.386645993417149, 47.469694149701446 ], [ 11.386554716790458, 47.469696543826061 ], [ 11.386520950220772, 47.469696853177147 ], [ 11.386506207719096, 47.469700726351611 ], [ 11.386486788014322, 47.469717650220012 ], [ 11.38645392097137, 47.469751522387263 ], [ 11.386407924195845, 47.469795250466248 ], [ 11.386386073570119, 47.469811340308695 ], [ 11.386327045907992, 47.469858305212583 ], [ 11.386267638390114, 47.469897793737722 ], [ 11.386226477589974, 47.469924731487382 ], [ 11.38621979730727, 47.469935386393317 ], [ 11.386217628139931, 47.469947556031798 ], [ 11.386220571414146, 47.469974246340676 ], [ 11.386223231470987, 47.47002134596665 ], [ 11.386228233644346, 47.470041784229132 ], [ 11.386227693252291, 47.470072323709452 ], [ 11.38622218548927, 47.470089899038648 ], [ 11.386203921142192, 47.470101438961422 ], [ 11.386168701536748, 47.470126841781557 ], [ 11.386131090519683, 47.470159120300437 ], [ 11.386108497893513, 47.470189782577918 ], [ 11.386092743100674, 47.470211970576251 ], [ 11.386055778221507, 47.470242062885887 ], [ 11.386024978137634, 47.470264388646974 ], [ 11.385957373418442, 47.470296085478886 ], [ 11.385920830488303, 47.470318463795252 ], [ 11.385897904208443, 47.47033238132569 ], [ 11.385875269647077, 47.4703494910271 ], [ 11.385867451819722, 47.470372306097353 ], [ 11.385872833873899, 47.470411825426268 ], [ 11.385875853846821, 47.470471150683338 ], [ 11.385871803963335, 47.470498527444803 ], [ 11.38585614738429, 47.470531385584657 ], [ 11.385833726306265, 47.470565082778151 ], [ 11.385792778758335, 47.470602766842845 ], [ 11.385752955785685, 47.470633509436091 ], [ 11.385702635554326, 47.470662166043596 ], [ 11.385641289647417, 47.470690846201364 ], [ 11.385620615318681, 47.470702485442239 ], [ 11.385599063937994, 47.470716312973906 ], [ 11.385586547841188, 47.47073395421792 ], [ 11.385588166166835, 47.470757539172972 ], [ 11.385583606322255, 47.470817011165465 ], [ 11.385585456384762, 47.470857965975206 ], [ 11.385573222424728, 47.470912834666265 ], [ 11.385562520118173, 47.470946424541431 ], [ 11.385540226526432, 47.470992273874984 ], [ 11.385514650374768, 47.471040488219437 ], [ 11.385479586815565, 47.471090969655158 ], [ 11.385436114918381, 47.471134753374919 ], [ 11.385381272352896, 47.47117856198345 ], [ 11.385344971938201, 47.471213166812838 ], [ 11.385341942535915, 47.471228382645471 ], [ 11.385351526404026, 47.471248156595287 ], [ 11.385353089763949, 47.471263253046629 ], [ 11.385309548763754, 47.471291847439893 ], [ 11.385189635229764, 47.471344664835435 ], [ 11.385159828154382, 47.47135934674251 ], [ 11.385118457984332, 47.471375848784874 ], [ 11.385068843620758, 47.471382300228989 ], [ 11.385027539436384, 47.471396387511341 ], [ 11.385009519208175, 47.471420231279666 ], [ 11.38501121883202, 47.471442180296265 ], [ 11.385028735736388, 47.471456506587622 ], [ 11.385044083546402, 47.471471556089782 ], [ 11.385046083577686, 47.471485401912368 ], [ 11.385027921624616, 47.471531056838977 ], [ 11.385012196940577, 47.471554800455287 ], [ 11.384993854341007, 47.471562446279464 ], [ 11.384970716559552, 47.471565773634261 ], [ 11.384922069288502, 47.471563102942184 ], [ 11.384891022522929, 47.471567358902774 ], [ 11.384857167111315, 47.471580599065042 ], [ 11.384828421194127, 47.471590754141985 ], [ 11.384801911995849, 47.471597850412614 ], [ 11.38477421902971, 47.471603322304155 ], [ 11.38473729821858, 47.471606775670821 ], [ 11.38470971633917, 47.471617698995473 ], [ 11.384685813545747, 47.471634586198576 ], [ 11.384655802266355, 47.471644752804067 ], [ 11.384601818403763, 47.471656696468884 ], [ 11.384518322900014, 47.471674984843986 ], [ 11.384435207720962, 47.471689454214847 ], [ 11.384357250110483, 47.471720465824639 ], [ 11.384265638401112, 47.471775437620742 ], [ 11.38418420830163, 47.471839974565995 ], [ 11.384168257102287, 47.471852349291467 ], [ 11.384147891126558, 47.471873798441507 ], [ 11.384111498060555, 47.471903807533117 ], [ 11.384038201839697, 47.471944046046787 ], [ 11.383975341412874, 47.471983410216993 ], [ 11.383899115674103, 47.472061141092205 ], [ 11.383897650088139, 47.472062555827904 ], [ 11.383874933053875, 47.472087064754312 ], [ 11.383833250268326, 47.472139944730934 ], [ 11.383810947983239, 47.47217971711342 ], [ 11.383811622851972, 47.472213670569147 ], [ 11.383812142928587, 47.472239836204885 ], [ 11.383812390837488, 47.472286880554435 ], [ 11.383818680257217, 47.472314319260484 ], [ 11.383831815357802, 47.472385701886161 ], [ 11.383866628907716, 47.47245532856541 ], [ 11.383900757649133, 47.472513590649065 ], [ 11.383969991634725, 47.472615696677231 ], [ 11.384055198301914, 47.472741177284909 ], [ 11.384089563460462, 47.472776614515027 ], [ 11.384123974493262, 47.472831837407725 ], [ 11.384132119382413, 47.472888933775714 ], [ 11.384132738759412, 47.472920085048131 ], [ 11.384118053884285, 47.472967343235098 ], [ 11.384077283555563, 47.473072010654469 ], [ 11.384072501037894, 47.473114504787432 ], [ 11.384082274733654, 47.473138094365787 ], [ 11.384112590886815, 47.47316056075524 ], [ 11.384148498367136, 47.473186949797253 ], [ 11.384208216585272, 47.473220597400186 ], [ 11.384279904696719, 47.473278593379597 ], [ 11.384366028457919, 47.473357642972253 ], [ 11.384405585500124, 47.47339996559527 ], [ 11.384428226041003, 47.473429357680857 ], [ 11.384464734276515, 47.473468592465018 ], [ 11.384503981240584, 47.473518394112915 ], [ 11.38454084532548, 47.473569777181389 ], [ 11.384570130630753, 47.473621227740743 ], [ 11.384611977636592, 47.473686351982437 ], [ 11.384651241971403, 47.47373701149445 ], [ 11.384683133774207, 47.473769432820376 ], [ 11.384716051873488, 47.47379569251698 ], [ 11.384779829368112, 47.473837014575849 ], [ 11.384877439481201, 47.473904274875949 ], [ 11.384884427369849, 47.473909041002088 ], [ 11.384905024428702, 47.473922249000793 ], [ 11.384955873865572, 47.473954809849751 ], [ 11.385006426726767, 47.473995396478145 ], [ 11.385036037132327, 47.474028617498341 ], [ 11.385047610129764, 47.474055930441899 ], [ 11.385067832822049, 47.474090717828943 ], [ 11.385069624029414, 47.47411726218364 ], [ 11.385067751416873, 47.474138621451196 ], [ 11.385055249810762, 47.47415703961731 ], [ 11.385039462417252, 47.474177669905558 ], [ 11.385001143860357, 47.474220702919716 ], [ 11.384974475832159, 47.474260281595143 ], [ 11.38496442943827, 47.474275018331163 ], [ 11.384905043616376, 47.47442549976649 ], [ 11.38487919706419, 47.474494903840601 ], [ 11.384869048488282, 47.474567979787494 ], [ 11.384869979169135, 47.474609018545245 ], [ 11.38489153349348, 47.474652986152428 ], [ 11.384950282098702, 47.47471873278576 ], [ 11.385004391178061, 47.474770657718764 ], [ 11.385123427743812, 47.474875343957713 ], [ 11.38519008482837, 47.474940084483315 ], [ 11.385220987810429, 47.474986224107944 ], [ 11.385240269443994, 47.475025695407702 ], [ 11.385254025710676, 47.47507043406771 ], [ 11.385261042275584, 47.475163137264822 ], [ 11.385256910226655, 47.475192149932433 ], [ 11.385236901976848, 47.475231745076591 ], [ 11.385111013157957, 47.475382991577803 ], [ 11.385063641666513, 47.475450333191944 ], [ 11.385010990604348, 47.475535170598832 ], [ 11.38498632641782, 47.475606276418496 ], [ 11.384985581119334, 47.475736282426254 ], [ 11.384987796018285, 47.475824512519708 ], [ 11.384994221301911, 47.47585872455452 ], [ 11.384996952860924, 47.475932384240203 ], [ 11.385021267993732, 47.475993851425621 ], [ 11.385055303631351, 47.476041520275515 ], [ 11.38509880482717, 47.476079911946414 ], [ 11.385182008383607, 47.476133128450662 ], [ 11.385282542492995, 47.476185486543933 ], [ 11.385367991946898, 47.476230348066551 ], [ 11.385406068381876, 47.476255858782025 ], [ 11.385409832271398, 47.47627179135764 ], [ 11.385409336341807, 47.47630458801153 ], [ 11.3854163201877, 47.476366837932567 ], [ 11.38545557445582, 47.476422714046805 ], [ 11.385502754700433, 47.476461151044241 ], [ 11.385545212566603, 47.476476027901619 ], [ 11.385565150971452, 47.476484881276896 ], [ 11.385609331694527, 47.47649966498895 ], [ 11.385690789955246, 47.476517145794993 ], [ 11.385788232908558, 47.476535336484304 ], [ 11.385885266389181, 47.476550416947092 ], [ 11.386033670113124, 47.476571958103357 ], [ 11.386045442104088, 47.476574575638878 ], [ 11.386130269851957, 47.476593894333611 ], [ 11.386167633173134, 47.476612480171404 ], [ 11.386208749821472, 47.476646453576343 ], [ 11.386256027746951, 47.476724376981394 ], [ 11.38627997852257, 47.476767466090458 ], [ 11.386294468179008, 47.476797009800556 ], [ 11.38633103478379, 47.476833125948268 ], [ 11.386378217574576, 47.476871639913391 ], [ 11.386416020373535, 47.476912263542253 ], [ 11.386433534232388, 47.476949491407858 ], [ 11.386488775016732, 47.477046426280218 ], [ 11.386511485805215, 47.477084928714987 ], [ 11.386538322723014, 47.477099872753136 ], [ 11.386572199607659, 47.477116308334978 ], [ 11.386647904439473, 47.477139137126748 ], [ 11.386746206311113, 47.4771657325783 ], [ 11.386825723366576, 47.477206752755485 ], [ 11.386877428410012, 47.47724740533716 ], [ 11.386911995642064, 47.477292731989074 ], [ 11.386936031778287, 47.47733433968272 ], [ 11.386945572294069, 47.477380595455323 ], [ 11.386945937230063, 47.47739889769624 ], [ 11.386932727815912, 47.477439443591571 ], [ 11.386886674264529, 47.47750365816664 ], [ 11.38682896775131, 47.477599990895847 ], [ 11.38680767220055, 47.477638353257639 ], [ 11.386764388379511, 47.477674346475396 ], [ 11.386725743554647, 47.477706791118187 ], [ 11.386715477392118, 47.47776242075907 ], [ 11.386708933200522, 47.477820275710791 ], [ 11.3867097218653, 47.47785983704042 ], [ 11.386724803545048, 47.477919049884633 ], [ 11.386749028487783, 47.477975843977084 ], [ 11.386777451193124, 47.478006817796057 ], [ 11.386860748096929, 47.478035730906186 ], [ 11.386920085111186, 47.478055750324117 ], [ 11.387050455814746, 47.478088748908384 ], [ 11.387135595887321, 47.478123719802475 ], [ 11.387178312187686, 47.47817434677669 ], [ 11.387210460728213, 47.478242440766891 ], [ 11.387228293617095, 47.478278185086751 ], [ 11.387255736934394, 47.478312049598593 ], [ 11.387299193682065, 47.478342183891804 ], [ 11.387357758403379, 47.478381059012918 ], [ 11.387383237960808, 47.478396948923873 ], [ 11.387425695051787, 47.478423120368333 ], [ 11.387479254221978, 47.478464455443302 ], [ 11.387500438561814, 47.478483968116791 ], [ 11.387530937077804, 47.478509626758303 ], [ 11.38756759031148, 47.478544263015721 ], [ 11.38759734010797, 47.478584258523703 ], [ 11.387634127820338, 47.478637199108299 ], [ 11.387655517460658, 47.478684281573365 ], [ 11.387662879192485, 47.478707738242704 ], [ 11.387689432497034, 47.478765989471086 ], [ 11.387717133251668, 47.478818311796068 ], [ 11.38774436767569, 47.478853113531237 ], [ 11.38778202904791, 47.478880807521151 ], [ 11.387814395953802, 47.478907927642823 ], [ 11.387846136081611, 47.478926641859665 ], [ 11.387873945701505, 47.47893853832219 ], [ 11.387914702676099, 47.478954210623016 ], [ 11.387959102934165, 47.478968289843259 ], [ 11.388024108979469, 47.478984441221456 ], [ 11.388095193709495, 47.47900575359516 ], [ 11.388156448536757, 47.479029649389595 ], [ 11.388231237721792, 47.479063858164551 ], [ 11.388320025406163, 47.479108764195963 ], [ 11.388423057169963, 47.479164834709671 ], [ 11.388504286376516, 47.479205138230085 ], [ 11.388601115767823, 47.479249970233546 ], [ 11.388604823931303, 47.47925149404076 ], [ 11.388710827494174, 47.479295308111567 ], [ 11.388814764980166, 47.47933929575823 ], [ 11.388847981151335, 47.47935721722294 ], [ 11.388877561345403, 47.479382806582869 ], [ 11.38890117580595, 47.479414602940615 ], [ 11.388925244038543, 47.479457688604775 ], [ 11.388941401230252, 47.479513075808811 ], [ 11.388960521901089, 47.479572952829834 ], [ 11.388965527684372, 47.479593470060948 ], [ 11.38897820342747, 47.479641413009055 ], [ 11.389010608289265, 47.479704907945731 ], [ 11.38906510007198, 47.479792656054769 ], [ 11.389109307584341, 47.479866091215555 ], [ 11.389147732953775, 47.479931944941519 ], [ 11.389177475685852, 47.480011587793356 ], [ 11.389211508270149, 47.480145089795158 ], [ 11.389231284747179, 47.480237754637983 ], [ 11.389252019209362, 47.480343961769435 ], [ 11.389261381977388, 47.480404162213723 ], [ 11.389279114907323, 47.480457899691679 ], [ 11.389280741967745, 47.480476111172656 ], [ 11.38929971537496, 47.480505613304466 ], [ 11.389325840753571, 47.480536607583907 ], [ 11.38938348634024, 47.480580942560948 ], [ 11.389469045613968, 47.48063647105689 ], [ 11.389542208433724, 47.480675446598688 ], [ 11.389690477609239, 47.480747067353661 ], [ 11.389773238513076, 47.480777541112388 ], [ 11.389850222874294, 47.480806430901865 ], [ 11.389876158358934, 47.480833611339477 ], [ 11.389890039553002, 47.480855525652132 ], [ 11.389895355334394, 47.480897225600145 ], [ 11.38990898170545, 47.48093519021247 ], [ 11.389931562757825, 47.480966994050171 ], [ 11.389966768394808, 47.480986533899333 ], [ 11.390021710986817, 47.481016405080545 ], [ 11.390082355080857, 47.481043966211232 ], [ 11.390141442132403, 47.481068503286025 ], [ 11.390221921802537, 47.48109977661305 ], [ 11.390278948830909, 47.481118959250018 ], [ 11.390352153975174, 47.481142743998404 ], [ 11.390490115426712, 47.481175591522131 ], [ 11.390727123005869, 47.481225988208706 ], [ 11.390841635077191, 47.481246899438091 ], [ 11.390934353517585, 47.481258275415058 ], [ 11.391026078634338, 47.481277293175758 ], [ 11.391085573726873, 47.48129341436767 ], [ 11.391132316443338, 47.481321102845847 ], [ 11.391167719200833, 47.481350453495082 ], [ 11.391182982443095, 47.481389804233551 ], [ 11.391195213952336, 47.481421003282762 ], [ 11.391196763691145, 47.48144684816566 ], [ 11.391190182538939, 47.481468173484146 ], [ 11.391178055930459, 47.481488069337225 ], [ 11.391156518299816, 47.481514126658908 ], [ 11.391106681448694, 47.481567161576969 ], [ 11.391074401636185, 47.481607649532201 ], [ 11.391037297253488, 47.481659788348374 ], [ 11.391018415943419, 47.481698050104661 ], [ 11.390997995769185, 47.48172253926991 ], [ 11.390967261583446, 47.481742683640945 ], [ 11.390921466606883, 47.481768186952827 ], [ 11.390880236688373, 47.481792011256246 ], [ 11.390863310156218, 47.481807432400323 ], [ 11.390859601056711, 47.481828808631207 ], [ 11.390863488632633, 47.48185081655118 ], [ 11.390862851408029, 47.481870684032195 ], [ 11.39085252405545, 47.481882774075125 ], [ 11.39082055645944, 47.481904410243949 ], [ 11.390777127753379, 47.481927632316705 ], [ 11.390734918710956, 47.48195995456674 ], [ 11.390714627976051, 47.481985221411826 ], [ 11.390694329624257, 47.482015942578101 ], [ 11.39069664954064, 47.482045674992612 ], [ 11.390705290014518, 47.482069819465536 ], [ 11.390725435725782, 47.482094714392069 ], [ 11.39075029656628, 47.482119722450044 ], [ 11.390803133066806, 47.482164802508379 ], [ 11.39086082096142, 47.482205398238179 ], [ 11.390975949655429, 47.482262833855359 ], [ 11.391128620744725, 47.48231860174058 ], [ 11.391187291269722, 47.48234516766388 ], [ 11.391217439565212, 47.482358831694448 ], [ 11.391311080429753, 47.482387412521341 ], [ 11.391319172060092, 47.482389831326621 ], [ 11.391456877383009, 47.482421356054587 ], [ 11.391469114624645, 47.482424202607191 ], [ 11.391541294930905, 47.482442543571302 ], [ 11.391662507873628, 47.482453656672007 ], [ 11.391752846433061, 47.48245500526 ], [ 11.391842849667059, 47.482451140064022 ], [ 11.391936654850792, 47.482441942037674 ], [ 11.392000678621526, 47.482437535217628 ], [ 11.392345582145234, 47.482464736534631 ], [ 11.39244754173648, 47.482466912950684 ], [ 11.392685910303475, 47.482498910124001 ], [ 11.392842523155243, 47.482521924670863 ], [ 11.392911086240046, 47.48253188466991 ], [ 11.392962041631156, 47.482534530707341 ], [ 11.393029613027091, 47.482529313490367 ], [ 11.393151829702402, 47.482504585340521 ], [ 11.393274170808636, 47.482485932585952 ], [ 11.393348037383413, 47.482473878897423 ], [ 11.393374205505186, 47.48245525648445 ], [ 11.393381170957095, 47.482430110240678 ], [ 11.393386610340173, 47.482414872000021 ], [ 11.393386169699019, 47.482392911533999 ], [ 11.39337972399545, 47.48235799681823 ], [ 11.393374394346335, 47.482321438412761 ], [ 11.393373769302126, 47.482290287284229 ], [ 11.393385893725208, 47.482258941242847 ], [ 11.393415486299654, 47.482233510798991 ], [ 11.393457189532691, 47.482210303638006 ], [ 11.393488385124238, 47.482201681675747 ], [ 11.393523913867874, 47.48219146189988 ], [ 11.393600192777718, 47.482179308448359 ], [ 11.393717700630498, 47.482154702271707 ], [ 11.393797686335345, 47.482132622364283 ], [ 11.393834472681521, 47.48211631601658 ], [ 11.393866556425762, 47.482106205266014 ], [ 11.393918396516204, 47.482095834893492 ], [ 11.393998237365668, 47.482095098294359 ], [ 11.394141116239416, 47.482092301284283 ], [ 11.394267251656093, 47.482091137308181 ], [ 11.394407301997434, 47.482090467181031 ], [ 11.394448001043454, 47.48209180588011 ], [ 11.394485366772425, 47.48209286232472 ], [ 11.39455736461537, 47.482102089864235 ], [ 11.394678039295464, 47.482120760112394 ], [ 11.394828708871415, 47.482151225678543 ], [ 11.394916026340409, 47.482179473388655 ], [ 11.394979067702518, 47.482206230869785 ], [ 11.395036330304668, 47.482236857144819 ], [ 11.395077241094738, 47.482260080843254 ], [ 11.395107857977877, 47.482285657216195 ], [ 11.395153778366316, 47.482329318657506 ], [ 11.395185179063178, 47.482359561304065 ], [ 11.395218405010743, 47.482394928329541 ], [ 11.395262933088759, 47.482426609342042 ], [ 11.395317875162284, 47.482461773940969 ], [ 11.395434073054536, 47.482532127478102 ], [ 11.395498075984317, 47.482578035839175 ], [ 11.395591976350087, 47.482647893656306 ], [ 11.395649666209716, 47.482699857787132 ], [ 11.395715613138011, 47.482750968460635 ], [ 11.395751755566222, 47.482794095802298 ], [ 11.395771978422056, 47.482816888018405 ], [ 11.395778917499355, 47.482824924321648 ], [ 11.395819165040503, 47.482866457657714 ], [ 11.395862961371904, 47.48291317498046 ], [ 11.395893876889945, 47.482959234217105 ], [ 11.395936062693357, 47.483011498004267 ], [ 11.395948008387439, 47.483034132838249 ], [ 11.395980183091064, 47.483074182890562 ], [ 11.395984994298644, 47.483079200513465 ], [ 11.396014446325543, 47.483109617446878 ], [ 11.396053343337362, 47.483141114546626 ], [ 11.396083634084935, 47.483156101767989 ], [ 11.396151579587579, 47.48319807870346 ], [ 11.396182735980199, 47.483227467057681 ], [ 11.396200793591552, 47.483256976507192 ], [ 11.396207190336943, 47.483283555427647 ], [ 11.396210043455071, 47.483316945352499 ], [ 11.396201741143985, 47.483361185021955 ], [ 11.396166785859796, 47.483405593749666 ], [ 11.396108073089, 47.483445705066977 ], [ 11.396066770618575, 47.483465871146784 ], [ 11.395953312902723, 47.483526350060615 ], [ 11.395870924062351, 47.483571898694265 ], [ 11.395773804953446, 47.48360480943699 ], [ 11.395668342130918, 47.483651427437785 ], [ 11.395597474147467, 47.483698504608661 ], [ 11.395543831753619, 47.48373927035265 ], [ 11.395528322803726, 47.483773684424307 ], [ 11.395524740317155, 47.483818427296036 ], [ 11.395524161645348, 47.483823962450224 ], [ 11.395530461553742, 47.48384587056627 ], [ 11.395543712670042, 47.48387628080021 ], [ 11.395572326962522, 47.483916363858377 ], [ 11.395610271694181, 47.483957762034706 ], [ 11.395613754260882, 47.483959521555846 ], [ 11.395657045032765, 47.483980929551571 ], [ 11.395722341240333, 47.484005408168287 ], [ 11.395853047220127, 47.484036913146987 ], [ 11.395961128336589, 47.484051960331676 ], [ 11.396197478681538, 47.484091601579934 ], [ 11.396263683877701, 47.484103997292166 ], [ 11.396535697862241, 47.48414019420597 ], [ 11.396612447854919, 47.484157009224049 ], [ 11.396760155168078, 47.484188280369779 ], [ 11.396876974898028, 47.484220691553737 ], [ 11.396942206808207, 47.484236134214363 ], [ 11.396996731320495, 47.484244742959753 ], [ 11.397108931511822, 47.484247520255572 ], [ 11.397220474650672, 47.484240335837391 ], [ 11.39728655551338, 47.484235205462554 ], [ 11.397353302308909, 47.484223216889845 ], [ 11.397484674630597, 47.484190766673436 ], [ 11.397559936601764, 47.484167948953882 ], [ 11.39760248046853, 47.484152367026439 ], [ 11.397662420858838, 47.484138958993299 ], [ 11.397717771021778, 47.4841315153948 ], [ 11.397775555852409, 47.484130980374694 ], [ 11.39784873052044, 47.48413575527595 ], [ 11.397906102793533, 47.484148854248438 ], [ 11.397955131083497, 47.484164289877121 ], [ 11.398022744582871, 47.48418952284819 ], [ 11.398090365420027, 47.484220909736038 ], [ 11.398147746139639, 47.484251535157043 ], [ 11.398194757398411, 47.484280776107603 ], [ 11.398249266245452, 47.484322953608185 ], [ 11.398264706955327, 47.484336442613376 ], [ 11.39830124042167, 47.484370374960307 ], [ 11.398337920520278, 47.484405786428788 ], [ 11.398372072156238, 47.484441223108696 ], [ 11.398410096406504, 47.484486436879671 ], [ 11.398454497818546, 47.484540080545322 ], [ 11.398468653131069, 47.484558253165666 ], [ 11.398511320104831, 47.484605760653224 ], [ 11.398538483541184, 47.484630745683795 ], [ 11.398573948089807, 47.484662975297702 ], [ 11.398616388598729, 47.484699112221662 ], [ 11.398695608606275, 47.484758587168322 ], [ 11.39873920077622, 47.484800633541511 ], [ 11.398777067547419, 47.484843668385999 ], [ 11.398810595430191, 47.484893674578252 ], [ 11.398838136623812, 47.484937504870643 ], [ 11.398854528327945, 47.484975363622894 ], [ 11.39886320032071, 47.485006517481359 ], [ 11.398860833867882, 47.485054442221852 ], [ 11.398848184279434, 47.485122246530821 ], [ 11.398821105405789, 47.485192519538856 ], [ 11.398781656537121, 47.485293286940873 ], [ 11.398757555189936, 47.485368830085349 ], [ 11.39875816933699, 47.485399279704417 ], [ 11.39876832508663, 47.485412815819949 ], [ 11.398781339161008, 47.485425703026117 ], [ 11.398795820996309, 47.485454388924097 ], [ 11.398797468795637, 47.485473456341836 ], [ 11.398787259832071, 47.485485702500533 ], [ 11.39877360418547, 47.485497978802456 ], [ 11.398765801330262, 47.485515575962438 ], [ 11.398768566623582, 47.485533076978719 ], [ 11.398783839782604, 47.485549681353774 ], [ 11.398796906315384, 47.48557082500453 ], [ 11.398797258168479, 47.485588269236146 ], [ 11.398785993080649, 47.485628019509356 ], [ 11.398774971303805, 47.485656939971143 ], [ 11.398753782370511, 47.485694524597548 ], [ 11.398710657294789, 47.485738308228711 ], [ 11.39864364632858, 47.485794387376657 ], [ 11.398551717243578, 47.485856851396811 ], [ 11.398503680127718, 47.485890788333698 ], [ 11.398474686335273, 47.485945892712785 ], [ 11.398460756276759, 47.486001557289789 ], [ 11.398458212521918, 47.486046367968335 ], [ 11.398458410344773, 47.486079079056857 ], [ 11.398501052965155, 47.48612518542356 ], [ 11.398524850046744, 47.486159937266748 ], [ 11.398547696150629, 47.486204512692034 ], [ 11.398561265743256, 47.486227831967902 ], [ 11.398571618940226, 47.48624549473552 ], [ 11.398603328581716, 47.486267944350352 ], [ 11.398643800760796, 47.486291949753003 ], [ 11.398705838247484, 47.486325568271262 ], [ 11.398765429899683, 47.486351733212132 ], [ 11.398876106115276, 47.486392533575632 ], [ 11.398946308739026, 47.486432152953697 ], [ 11.398988143746713, 47.486466737500429 ], [ 11.399033750509252, 47.486494510627331 ], [ 11.399067864077038, 47.48652231292936 ], [ 11.399100131817345, 47.486566880052457 ], [ 11.399154486585504, 47.486629544363701 ], [ 11.399189734901816, 47.486679379776852 ], [ 11.399259460710102, 47.486746497704701 ], [ 11.399301639838809, 47.486769706326619 ], [ 11.399350566964424, 47.486791296315914 ], [ 11.399386759113364, 47.486802410680568 ], [ 11.399420396810333, 47.486806615778214 ], [ 11.399486513403481, 47.486814414272615 ], [ 11.399536925756792, 47.486818465566671 ], [ 11.399678452978732, 47.486839194771967 ], [ 11.39979348849112, 47.486862508123323 ], [ 11.39988976810942, 47.486895887495074 ], [ 11.399939865767472, 47.486912868395983 ], [ 11.400008561529146, 47.486940349562367 ], [ 11.400056725144992, 47.486969579048818 ], [ 11.400105931146701, 47.487004952864382 ], [ 11.40016360003551, 47.487043986230027 ], [ 11.400237775807726, 47.48708668183356 ], [ 11.400312646752976, 47.487112547665006 ], [ 11.400390474525729, 47.487136984663181 ], [ 11.40041503835805, 47.487152723661353 ], [ 11.400427069531261, 47.487173797580894 ], [ 11.400435702761277, 47.487197318956376 ], [ 11.400458170211143, 47.487223048682623 ], [ 11.400475897534999, 47.487235890144454 ], [ 11.400489891487444, 47.487240356422276 ], [ 11.4005095954029, 47.487243055346298 ], [ 11.400583033817629, 47.487237933930913 ], [ 11.400668464007662, 47.487234726691113 ], [ 11.400750741701589, 47.487234819050656 ], [ 11.400853905320739, 47.487239236235318 ], [ 11.400899062503441, 47.487244814421629 ], [ 11.400923060479858, 47.487255262616905 ], [ 11.400941668266196, 47.487266228576786 ], [ 11.400955858191915, 47.487274742291874 ], [ 11.400979321651008, 47.48729275080089 ], [ 11.401003220816893, 47.487326799608518 ], [ 11.401036365755123, 47.48736909862405 ], [ 11.401060387806547, 47.48740922294742 ], [ 11.401084166591964, 47.487471314039858 ], [ 11.401100568996281, 47.487538069816956 ], [ 11.401120231117519, 47.487589761944314 ], [ 11.401156179507749, 47.487657035934653 ], [ 11.401179471713599, 47.487689534296969 ], [ 11.401220723467206, 47.487723501024945 ], [ 11.401250022081403, 47.487746049653573 ], [ 11.401285086587754, 47.487763950332919 ], [ 11.401315433681347, 47.487775742603176 ], [ 11.40135499387805, 47.487783007801198 ], [ 11.401415414561951, 47.487793194865198 ], [ 11.401481419775472, 47.487795540792526 ], [ 11.401531757587076, 47.487795851999081 ], [ 11.401628833639425, 47.487788952434258 ], [ 11.401706069345877, 47.487778265209307 ], [ 11.401799832225059, 47.48776672275919 ], [ 11.401876616544842, 47.48776219363598 ], [ 11.401974787176016, 47.487758242787287 ], [ 11.402125155526274, 47.487749991130677 ], [ 11.402212395771125, 47.487745440127625 ], [ 11.402287515177212, 47.487743885392078 ], [ 11.402336422112223, 47.487747325237095 ], [ 11.402377064063332, 47.487756762083912 ], [ 11.402400837039968, 47.487761836962115 ], [ 11.402465353466882, 47.48777572349023 ], [ 11.402555623192754, 47.487801523800087 ], [ 11.402616050327092, 47.487817785041862 ], [ 11.402665133348513, 47.487835554909672 ], [ 11.40270032139289, 47.487859530676623 ], [ 11.402715635949411, 47.48787231688268 ], [ 11.402729945527458, 47.487898122047582 ], [ 11.402757587274403, 47.487946546625622 ], [ 11.402787443097765, 47.48801925187896 ], [ 11.402839615349361, 47.488132953213359 ], [ 11.402864034995531, 47.488186860191831 ], [ 11.402864881560953, 47.4881889552247 ], [ 11.402865378126942, 47.488236151822129 ], [ 11.4028650599847, 47.488237478768937 ], [ 11.402856826287071, 47.488273463121139 ], [ 11.402842321533921, 47.488306312774014 ], [ 11.40283261497062, 47.488337714648573 ], [ 11.402833275676095, 47.488370344062062 ], [ 11.402837610347259, 47.488408391747924 ], [ 11.402857723194886, 47.488437024736534 ], [ 11.402869208917735, 47.488442370332713 ], [ 11.402894617559047, 47.488454283682501 ], [ 11.402933051069278, 47.488468257904692 ], [ 11.402985442862795, 47.488479143058434 ], [ 11.403063224464045, 47.488489869289182 ], [ 11.403153522513325, 47.488494324970333 ], [ 11.403230169981338, 47.488488626933936 ], [ 11.403233838707989, 47.488488281581816 ], [ 11.4033598528942, 47.488480254960663 ], [ 11.40344314735218, 47.488479479652653 ], [ 11.403484917398268, 47.488482206519478 ], [ 11.403536193497684, 47.488494737003279 ], [ 11.403576452949533, 47.488519442411715 ], [ 11.403715407205913, 47.488617068181156 ], [ 11.403718554877157, 47.488619298286423 ], [ 11.403819323272559, 47.488686748611954 ], [ 11.403899876996652, 47.48873771673405 ], [ 11.403959432938139, 47.488767617408847 ], [ 11.404050888753392, 47.48882915673979 ], [ 11.404135164101447, 47.488870976830313 ], [ 11.404247412254694, 47.488898127132927 ], [ 11.404290320666451, 47.48890606169752 ], [ 11.404318137958509, 47.488906504123541 ], [ 11.404377163591375, 47.488904473733392 ], [ 11.404459298204387, 47.488903008723504 ], [ 11.404473984771723, 47.488901936458539 ], [ 11.404587131972642, 47.488894105728392 ], [ 11.404695759139946, 47.488890055114673 ], [ 11.404772215433089, 47.48889767685074 ], [ 11.404825796642021, 47.488916261942627 ], [ 11.404852886308332, 47.488937351545474 ], [ 11.40488494393783, 47.488971246143798 ], [ 11.404907725057791, 47.489012160143716 ], [ 11.40493427397678, 47.489091749445066 ], [ 11.404948949281422, 47.489129623306702 ], [ 11.404965627566762, 47.489153069344219 ], [ 11.4049752286301, 47.489178916317528 ], [ 11.404985139078967, 47.489208500309118 ], [ 11.4049914893946, 47.489232665035487 ], [ 11.405017966516191, 47.48928032099645 ], [ 11.405049201300477, 47.489307524132258 ], [ 11.405064585020293, 47.489329424380017 ], [ 11.405093028133642, 47.489354940980881 ], [ 11.405141104970832, 47.489391022926135 ], [ 11.405186699035641, 47.489418014796506 ], [ 11.405238122064455, 47.489443473607544 ], [ 11.405286482418379, 47.489476516313019 ], [ 11.405306398886541, 47.48949525677709 ], [ 11.405324863844909, 47.489521722636255 ], [ 11.405333706821056, 47.489544074198449 ], [ 11.405349321694949, 47.489583106728091 ], [ 11.405367473305738, 47.489622505960185 ], [ 11.405380568554799, 47.489639129758906 ], [ 11.405398002755009, 47.489648936655705 ], [ 11.405423502732651, 47.489653917449566 ], [ 11.405454883001779, 47.489654403725659 ], [ 11.405511579898283, 47.489650838426108 ], [ 11.405560835571197, 47.48964874204227 ], [ 11.40567048486564, 47.489643981204146 ], [ 11.405747113165079, 47.489648641503898 ], [ 11.405828291483056, 47.489662370708466 ], [ 11.405897033151678, 47.489686032458081 ], [ 11.405961463867294, 47.489718144223922 ], [ 11.406015142399156, 47.489764065660168 ], [ 11.406053806818909, 47.489794939099404 ], [ 11.406103287011547, 47.489837863134291 ], [ 11.406130716179858, 47.48987561782711 ], [ 11.406158150437564, 47.489919369981848 ], [ 11.406183264324612, 47.489984640580055 ], [ 11.406186557532219, 47.490027995597671 ], [ 11.406184670669708, 47.490053872322584 ], [ 11.406176257456746, 47.490098036357047 ], [ 11.406159906649835, 47.490152945510047 ], [ 11.406146521775868, 47.490201129696253 ], [ 11.406137111290107, 47.490241408425547 ], [ 11.406147508548552, 47.490300664139895 ], [ 11.406171437345122, 47.490347174327205 ], [ 11.406179928120196, 47.490363529793882 ], [ 11.406205487477445, 47.490388527962523 ], [ 11.406228585753631, 47.490411134976796 ], [ 11.406238436008966, 47.490420856019242 ], [ 11.406280623828632, 47.49044406378534 ], [ 11.406341166084756, 47.490460167282883 ], [ 11.406442087128058, 47.490478230604097 ], [ 11.406583044287846, 47.490492881743414 ], [ 11.406919355407476, 47.490495895558347 ], [ 11.407046564280954, 47.490495641152798 ], [ 11.407142742615822, 47.490495287893339 ], [ 11.407256910620204, 47.490497961339493 ], [ 11.407324103269675, 47.490502007161183 ], [ 11.407436913831527, 47.490528370164974 ], [ 11.407500993198694, 47.490554332125825 ], [ 11.407539670269381, 47.490574533898894 ], [ 11.407579834776062, 47.490616842770685 ], [ 11.407603302802023, 47.490657593304967 ], [ 11.407610783356359, 47.490686498202109 ], [ 11.407608926856721, 47.490702482541735 ], [ 11.40760675284886, 47.490719950338779 ], [ 11.407590975886775, 47.490735287636518 ], [ 11.407567483411626, 47.490755446110981 ], [ 11.407565903888388, 47.490756864008553 ], [ 11.407542110805441, 47.490779207346193 ], [ 11.4075403149893, 47.490798306803285 ], [ 11.407546253144814, 47.490813362033492 ], [ 11.407567389681869, 47.490829910441363 ], [ 11.407592041404415, 47.490844168384562 ], [ 11.40762470546105, 47.490856714454672 ], [ 11.407670121532094, 47.490869220497324 ], [ 11.407729923577341, 47.490877073251646 ], [ 11.407760534843126, 47.490884731082694 ], [ 11.407918313061858, 47.490924071505169 ], [ 11.407955554727907, 47.490935795770845 ], [ 11.407959358278781, 47.490953286848871 ], [ 11.407959091421599, 47.490985302475991 ], [ 11.407949050422191, 47.491011489305606 ], [ 11.407917755660286, 47.491094423061149 ], [ 11.407884668914262, 47.491173946662109 ], [ 11.40785821937663, 47.491246397922808 ], [ 11.407860209750574, 47.491282130553287 ], [ 11.407890596147952, 47.491318378486419 ], [ 11.407940232946132, 47.491368853816745 ], [ 11.40803871232885, 47.491492713564917 ], [ 11.408078394021897, 47.491539543795106 ], [ 11.408111729552253, 47.491579579553346 ], [ 11.408150303015915, 47.491605856954223 ], [ 11.408178588814623, 47.491629116641633 ], [ 11.408189632050279, 47.491657910834697 ], [ 11.408200743454815, 47.491695661085572 ], [ 11.408216517483615, 47.491725423821308 ], [ 11.408253528998419, 47.491753975202798 ], [ 11.408266785743097, 47.491772854770616 ], [ 11.408305004580754, 47.491832551700938 ], [ 11.408344819310368, 47.491863336252145 ], [ 11.408391789641611, 47.491895687270492 ], [ 11.408442507793657, 47.491937040866617 ], [ 11.408471538297629, 47.491968705147464 ], [ 11.408488356959868, 47.491998923988852 ], [ 11.408502787269009, 47.492024727291735 ], [ 11.408506762270562, 47.492050626577296 ], [ 11.40849925508217, 47.492082632562479 ], [ 11.408501161961825, 47.492119846448546 ], [ 11.408514295861435, 47.492144024880062 ], [ 11.408528514463161, 47.492181979892649 ], [ 11.408526472651568, 47.492307480873635 ], [ 11.408532370458005, 47.492371372813523 ], [ 11.408546169609885, 47.492400063841409 ], [ 11.408546434400421, 47.492413069170532 ], [ 11.408544683321789, 47.492434350279083 ], [ 11.408539723060787, 47.492478559529239 ], [ 11.408554980630814, 47.49253925004011 ], [ 11.408576855281165, 47.492625892470116 ], [ 11.408584420139741, 47.492653161311814 ], [ 11.408591042226002, 47.492701781053412 ], [ 11.408601204802689, 47.492738138795424 ], [ 11.408601808904821, 47.492767807705981 ], [ 11.408593448393358, 47.492842505839008 ], [ 11.408573064398212, 47.492919417535497 ], [ 11.408564865318409, 47.492979625860151 ], [ 11.408560287877236, 47.493059584549663 ], [ 11.408563469131305, 47.493102938727795 ], [ 11.408559394687288, 47.493134211036043 ], [ 11.40853799104894, 47.493161051044453 ], [ 11.408529463677683, 47.493205138945818 ], [ 11.408521207522716, 47.493273759427275 ], [ 11.408516666192607, 47.493389389843991 ], [ 11.408508845075522, 47.493490720941914 ], [ 11.408506927547867, 47.493515040135833 ], [ 11.408515144181253, 47.493574316001585 ], [ 11.408541791059905, 47.493624306297214 ], [ 11.408571265768208, 47.493655185670654 ], [ 11.408612207255389, 47.493679183149304 ], [ 11.408657784050009, 47.493699320002719 ], [ 11.408691979524153, 47.493708113339288 ], [ 11.40874313505477, 47.493714411250956 ], [ 11.408803376785791, 47.493715405547071 ], [ 11.408880773973937, 47.493712422058579 ], [ 11.408953820088701, 47.493710180796604 ], [ 11.408997928182753, 47.493720361785684 ], [ 11.409022344863507, 47.493728467599517 ], [ 11.409037380814421, 47.493755821205063 ], [ 11.40903859175182, 47.493758848206333 ], [ 11.409049770125771, 47.493788497316544 ], [ 11.409069282999095, 47.493843695481551 ], [ 11.409075141894682, 47.493900032387387 ], [ 11.409069023319455, 47.493938179422607 ], [ 11.409061973705873, 47.493970102001533 ], [ 11.409062362366354, 47.493989181032113 ], [ 11.40906413635266, 47.494014244612252 ], [ 11.409077401008542, 47.49403920246904 ], [ 11.409093336575822, 47.494082437278223 ], [ 11.409120616247579, 47.494112637279223 ], [ 11.409146479276959, 47.494129842728498 ], [ 11.409193082733413, 47.494155265704684 ], [ 11.409238255652037, 47.494183817734296 ], [ 11.409261804754097, 47.494200265891912 ], [ 11.409294953712491, 47.494236487583933 ], [ 11.409336427404709, 47.494280963826569 ], [ 11.40936616796022, 47.494324848306938 ], [ 11.409383285942329, 47.494397827510504 ], [ 11.409397899848191, 47.494432585665905 ], [ 11.409416937236685, 47.49446442058612 ], [ 11.409460608701432, 47.494498205172341 ], [ 11.409492642590928, 47.49453061999094 ], [ 11.409508309017694, 47.494566224552514 ], [ 11.409512160943933, 47.494586050080727 ], [ 11.409504085410132, 47.494612686344077 ], [ 11.409496459298618, 47.494633243535283 ], [ 11.409495630975236, 47.49465459336529 ], [ 11.409504293456017, 47.494684888395909 ], [ 11.409534226279231, 47.494732588282986 ], [ 11.409572247175623, 47.494782394502337 ], [ 11.409613210240909, 47.494829913753563 ], [ 11.409665144747899, 47.49487436929126 ], [ 11.409754459401013, 47.494942777865127 ], [ 11.409794315238065, 47.494969821616408 ], [ 11.409816509604815, 47.494981765321768 ], [ 11.409850549519456, 47.494999672964489 ], [ 11.40987283756011, 47.495016210156251 ], [ 11.409931799028957, 47.495044555436642 ], [ 11.409985484928136, 47.495062279056576 ], [ 11.410043736721043, 47.495083931845521 ], [ 11.410076531372045, 47.495097256709421 ], [ 11.410103150669318, 47.495100745489069 ], [ 11.410143713665517, 47.495100365556404 ], [ 11.410186635705516, 47.495103079196028 ], [ 11.41022276616709, 47.495116370972518 ], [ 11.410268723469203, 47.495132688165441 ], [ 11.41030700577566, 47.495133185813302 ], [ 11.410353387802079, 47.495136489394255 ], [ 11.410405345074366, 47.495136860693606 ], [ 11.410435530276859, 47.49513494089291 ], [ 11.410462066250386, 47.495128617404788 ], [ 11.410502340938862, 47.495119828419561 ], [ 11.410559138614564, 47.495120931417617 ], [ 11.410608231871016, 47.495121951878815 ], [ 11.410649482554867, 47.495149683830633 ], [ 11.410687951847361, 47.49517066360167 ], [ 11.410754556636558, 47.495190602555617 ], [ 11.410789235564236, 47.495194796360884 ], [ 11.410826266376786, 47.495196007133309 ], [ 11.410875892133362, 47.495194763078587 ], [ 11.410897912984874, 47.495187001320446 ], [ 11.410921656049075, 47.495167773456537 ], [ 11.410949359310635, 47.495128646880424 ], [ 11.410969947909473, 47.495112485107825 ], [ 11.41098933986552, 47.495105449543409 ], [ 11.411006760925591, 47.495103026825852 ], [ 11.411045037402573, 47.495103369577031 ], [ 11.411138824837174, 47.495109266758831 ], [ 11.411176011364931, 47.495118108664499 ], [ 11.411201699473263, 47.495132278756252 ], [ 11.41120784304006, 47.495146007876279 ], [ 11.411208450276787, 47.495175755885143 ], [ 11.411213943167692, 47.495219633368571 ], [ 11.411238675847043, 47.495237707014851 ], [ 11.411279525967092, 47.495257108221267 ], [ 11.411287094210172, 47.49526755179059 ], [ 11.411294310571671, 47.495277530946524 ], [ 11.411302499770127, 47.495290307254074 ], [ 11.411306419217839, 47.495296501870037 ], [ 11.41132778203211, 47.495318266045203 ], [ 11.411359517439839, 47.495341569943548 ], [ 11.41140633254369, 47.495371663558998 ], [ 11.411420834763952, 47.495378381345965 ], [ 11.411462490233651, 47.495397697582156 ], [ 11.411512801651561, 47.495424565328719 ], [ 11.411548282885764, 47.49546232053455 ], [ 11.41156792535973, 47.495495628110007 ], [ 11.411582626523188, 47.49552898382646 ], [ 11.411604294224801, 47.495571387394307 ], [ 11.411615537749377, 47.495615444774721 ], [ 11.411633312506682, 47.495714821631367 ], [ 11.411646994261606, 47.495765711721354 ], [ 11.411665811858574, 47.495831664341466 ], [ 11.411703152282906, 47.495932492852134 ], [ 11.41171098050537, 47.495978141897666 ], [ 11.411731865832724, 47.49603277985662 ], [ 11.411754136657704, 47.496104697577366 ], [ 11.411778929061757, 47.496159455379328 ], [ 11.411784176020811, 47.496191262762132 ], [ 11.411811039303267, 47.496257217230173 ], [ 11.411844917187898, 47.496329105193766 ], [ 11.411851321862493, 47.496383801624475 ], [ 11.411852300126936, 47.496431695178771 ], [ 11.411867721520338, 47.49651146454034 ], [ 11.411881718226402, 47.496600362257425 ], [ 11.411895375644708, 47.496644319604314 ], [ 11.411919551876109, 47.496691373095629 ], [ 11.4119473441162, 47.49674664777627 ], [ 11.411979338275266, 47.496816214807424 ], [ 11.412000850907489, 47.496850985244322 ], [ 11.412026510975934, 47.496919989275618 ], [ 11.412046773190966, 47.496955395652058 ], [ 11.412084993760409, 47.497014778257913 ], [ 11.412289613192874, 47.497095499174584 ], [ 11.412825273144511, 47.497335280156321 ], [ 11.412957130096334, 47.497673955389587 ], [ 11.413227072385629, 47.497835221812679 ], [ 11.413448579454935, 47.498083870581766 ], [ 11.41352281158305, 47.498341456363121 ], [ 11.413564585958355, 47.498630581252606 ], [ 11.414064713729612, 47.498941570252335 ], [ 11.414198278882179, 47.499177802576028 ], [ 11.413993151739744, 47.499465898815259 ], [ 11.414255767673001, 47.499650288059044 ], [ 11.414445531108765, 47.499740259780779 ], [ 11.414458733704748, 47.499739434054057 ], [ 11.414545495876173, 47.499738618095215 ], [ 11.41459184782518, 47.499745814850179 ], [ 11.414616521588854, 47.49976084998336 ], [ 11.414630685041573, 47.499778943146325 ], [ 11.414649208676469, 47.499802291235959 ], [ 11.414664622715703, 47.499819750215046 ], [ 11.414692747494028, 47.499857339765533 ], [ 11.414701372892761, 47.499868785935917 ], [ 11.414762586803493, 47.49991689175237 ], [ 11.414842364221203, 47.499967861230445 ], [ 11.414897347937641, 47.499992501468455 ], [ 11.414945830514217, 47.500019462254528 ], [ 11.414999962992061, 47.50005852137933 ], [ 11.41508946815838, 47.500129883145213 ], [ 11.415140145030495, 47.500174272457549 ], [ 11.415169239523323, 47.500186225743484 ], [ 11.415215993642311, 47.500201754529058 ], [ 11.415248518209502, 47.5002128192424 ], [ 11.415295925446436, 47.500232236450884 ], [ 11.415392077485887, 47.500291383904482 ], [ 11.415495128138753, 47.50035062284303 ], [ 11.415624911410054, 47.500446686992589 ], [ 11.415659060367753, 47.500475340257239 ], [ 11.415681589618544, 47.500497871546571 ], [ 11.415704311552782, 47.500529670709433 ], [ 11.415737466279468, 47.500565888658883 ], [ 11.41578208277719, 47.500600519989263 ], [ 11.415814066161003, 47.500618833776855 ], [ 11.415841749907459, 47.500634853079646 ], [ 11.415899688453313, 47.5006632049096 ], [ 11.415927545531874, 47.500665279345284 ], [ 11.416012733382823, 47.50069415342977 ], [ 11.41604415074667, 47.500707253897183 ], [ 11.416050062024425, 47.500709691489504 ], [ 11.416086379701065, 47.500737545280757 ], [ 11.416116769476059, 47.500750889262406 ], [ 11.41615993509661, 47.500759673235152 ], [ 11.416195939810336, 47.500772264539577 ], [ 11.416230079898096, 47.500794765505319 ], [ 11.416243351249188, 47.500819798002226 ], [ 11.416245622693667, 47.500846414602421 ], [ 11.416266729378336, 47.500911645090113 ], [ 11.416289529231054, 47.50095847494498 ], [ 11.416309269530002, 47.501013124619014 ], [ 11.41631547268558, 47.501063303845868 ], [ 11.416302783718532, 47.501122698675637 ], [ 11.416299249207281, 47.501174529272426 ], [ 11.416310357358762, 47.501211733654337 ], [ 11.416332004784483, 47.501247280909979 ], [ 11.416343622352732, 47.501281364808136 ], [ 11.416339618182411, 47.501310299932648 ], [ 11.416324859358905, 47.50137516670344 ], [ 11.416310098570575, 47.501451326934486 ], [ 11.416302914306273, 47.501465258673136 ], [ 11.416286096847172, 47.50149719632298 ], [ 11.416265919699349, 47.50152776248229 ], [ 11.416241034750946, 47.501558531286314 ], [ 11.416216386862803, 47.501595293558893 ], [ 11.416216209552669, 47.501637121267372 ], [ 11.416236446079077, 47.501671046635721 ], [ 11.416272666415709, 47.501716505238534 ], [ 11.416302419360457, 47.501754937119472 ], [ 11.416350506375961, 47.501785016714059 ], [ 11.416411248810931, 47.501815522124865 ], [ 11.416445194589629, 47.501834207605611 ], [ 11.416479258760088, 47.501852969313148 ], [ 11.416553280232778, 47.501903290253608 ], [ 11.416585671926411, 47.501930324602121 ], [ 11.416604722934299, 47.501956783081262 ], [ 11.416623848036984, 47.501986980755269 ], [ 11.416630166186192, 47.502020492140275 ], [ 11.416626307656392, 47.50205082723577 ], [ 11.416616363938108, 47.502076080237238 ], [ 11.416604940534947, 47.502090674354925 ], [ 11.416589371250673, 47.502110605273437 ], [ 11.416563016806464, 47.502148162617601 ], [ 11.416557514433789, 47.502165661915555 ], [ 11.416555730523434, 47.502190760673543 ], [ 11.416564498143321, 47.502220354380263 ], [ 11.416584722317396, 47.502253655585356 ], [ 11.416618964068439, 47.502286747348506 ], [ 11.416671616790532, 47.502315227742805 ], [ 11.416744001707796, 47.502347335808494 ], [ 11.416798339458593, 47.502362713326711 ], [ 11.416866769508941, 47.502375700389557 ], [ 11.41694241270922, 47.502398666233233 ], [ 11.41703898983981, 47.502416682020986 ], [ 11.417139405275446, 47.502425627507272 ], [ 11.417191594164747, 47.50243136684734 ], [ 11.417258706778297, 47.502430734094816 ], [ 11.417370920938881, 47.502426560346542 ], [ 11.417437050715366, 47.502422666371878 ], [ 11.417479069289572, 47.502420244573919 ], [ 11.41764222445908, 47.502417147993114 ], [ 11.417731476601604, 47.502425419330827 ], [ 11.417803771706172, 47.502447559915403 ], [ 11.417822523825031, 47.502454002942095 ], [ 11.417827617831392, 47.502455669231971 ], [ 11.417859064436444, 47.502464563115325 ], [ 11.41787643162937, 47.502465100844063 ], [ 11.417899614347082, 47.502463401650289 ], [ 11.417920022885703, 47.50246079499933 ], [ 11.417930796421116, 47.502459290222646 ], [ 11.417975704378474, 47.502452012757352 ], [ 11.4180360847401, 47.502453702474973 ], [ 11.418077844153787, 47.502461018505528 ], [ 11.418093564018173, 47.502465232489918 ], [ 11.418132514090493, 47.502475613337239 ], [ 11.418157190144774, 47.502490647683189 ], [ 11.418177199903738, 47.502507906314385 ], [ 11.418191465041128, 47.502525296504558 ], [ 11.418188580631123, 47.502552740634165 ], [ 11.418179803851791, 47.502578682527009 ], [ 11.418166800165345, 47.502594773998837 ], [ 11.418132536697113, 47.502611064282277 ], [ 11.418106136099984, 47.502629539770524 ], [ 11.418099714792653, 47.50264712516509 ], [ 11.41810145563049, 47.502681458577641 ], [ 11.418102327774369, 47.502723900596493 ], [ 11.418126131034148, 47.502757948475775 ], [ 11.418154669395138, 47.502787432852031 ], [ 11.41819895804838, 47.50280594106183 ], [ 11.418230980914229, 47.502814831203914 ], [ 11.418351139727736, 47.502861599892746 ], [ 11.418403765567106, 47.502883145016987 ], [ 11.418423934046402, 47.502908113955137 ], [ 11.418446480530962, 47.502936798541043 ], [ 11.418486521850015, 47.502966796675352 ], [ 11.418522032923434, 47.502999955038362 ], [ 11.418542990917116, 47.503035431024593 ], [ 11.418576364878314, 47.503087692187272 ], [ 11.418620284763929, 47.503132920854377 ], [ 11.418657979358239, 47.503166135913702 ], [ 11.418671055107923, 47.503187120663554 ], [ 11.418691270240975, 47.503214346722366 ], [ 11.418715854972834, 47.503224785640903 ], [ 11.41874816598202, 47.503225336854058 ], [ 11.418799160562122, 47.503223297538085 ], [ 11.418828152344839, 47.503224581636275 ], [ 11.418855973608139, 47.503230393796642 ], [ 11.418872076925147, 47.503247689191369 ], [ 11.418898052914546, 47.503275562383955 ], [ 11.418928475869659, 47.503290542295787 ], [ 11.418962331637319, 47.503304631711039 ], [ 11.418999650198437, 47.503319546486154 ], [ 11.419081321324605, 47.503339259160711 ], [ 11.419213034858712, 47.503360837669938 ], [ 11.419346356467626, 47.503365732306925 ], [ 11.419558845445186, 47.503369020728051 ], [ 11.419653484157479, 47.503359792225289 ], [ 11.419692934587479, 47.503360899924388 ], [ 11.41972893101048, 47.503367413539856 ], [ 11.419763599631933, 47.503376355603677 ], [ 11.419817333945147, 47.503390179553655 ], [ 11.419904914432049, 47.503395426671268 ], [ 11.420017180079782, 47.503393663962086 ], [ 11.420081901789313, 47.503388378638206 ], [ 11.420168482218532, 47.503378446965712 ], [ 11.420245637328472, 47.503385352021809 ], [ 11.420308485412658, 47.503400724767396 ], [ 11.420432034206218, 47.503444498246907 ], [ 11.420517322041844, 47.503477886851144 ], [ 11.420561195793852, 47.503520778450657 ], [ 11.4205974954659, 47.503569973026728 ], [ 11.420624380927446, 47.503591683218445 ], [ 11.420668363719274, 47.503645401273815 ], [ 11.420687993845416, 47.503699972068041 ], [ 11.420723981588782, 47.503784143603596 ], [ 11.420743390452449, 47.503827968102925 ], [ 11.420763554926362, 47.503908470246863 ], [ 11.420805443307447, 47.504000062132938 ], [ 11.420809316313415, 47.504020667776764 ], [ 11.420811588387435, 47.504080698679488 ], [ 11.42081797620245, 47.504162034496126 ], [ 11.420815098950213, 47.504217597090879 ], [ 11.420814302937748, 47.504240425357764 ], [ 11.420811732692991, 47.504283056414792 ], [ 11.420828235910646, 47.504347548862441 ], [ 11.420852166808857, 47.504387669818897 ], [ 11.420884884488272, 47.50440792343916 ], [ 11.420911521723076, 47.504434309429392 ], [ 11.420920279541733, 47.504457748881173 ], [ 11.420922873164901, 47.504477587703178 ], [ 11.420926946771663, 47.504507925244958 ], [ 11.420942840492941, 47.504542826280456 ], [ 11.420959341492168, 47.504557079289974 ], [ 11.420986311282441, 47.504577309907667 ], [ 11.421039923526518, 47.504601882814768 ], [ 11.421109961489197, 47.504620302773333 ], [ 11.421245249423189, 47.504647919983817 ], [ 11.421305922542901, 47.504674762707531 ], [ 11.421402914659602, 47.504712634251234 ], [ 11.421589496324188, 47.504802856286453 ], [ 11.421753196499745, 47.504875926358174 ], [ 11.421834758751071, 47.504912463132172 ], [ 11.421879565692091, 47.50494475351239 ], [ 11.421914829994302, 47.504976975932699 ], [ 11.421934543354306, 47.505002025909924 ], [ 11.421943062330724, 47.505019392687998 ], [ 11.421951531424215, 47.505039875617399 ], [ 11.421953860791989, 47.505058079926009 ], [ 11.421957008762424, 47.505082507842154 ], [ 11.421954249868447, 47.5051159483722 ], [ 11.421931793770304, 47.505147395164208 ], [ 11.421901368510088, 47.505216071710535 ], [ 11.421881194883868, 47.505246717959523 ], [ 11.421857533597372, 47.505336748044627 ], [ 11.421835974004143, 47.505439611301057 ], [ 11.421819402235119, 47.505483231215862 ], [ 11.421770264849682, 47.505564234602197 ], [ 11.421733333368293, 47.505657430420698 ], [ 11.421721121573453, 47.505739719378006 ], [ 11.421693646326732, 47.505812183380471 ], [ 11.421674677776849, 47.505873350757973 ], [ 11.421677297997656, 47.505894590642946 ], [ 11.421682874352399, 47.505936365664965 ], [ 11.421698175679627, 47.50600390587794 ], [ 11.421729533911806, 47.506091936345584 ], [ 11.42173477088741, 47.506123043555846 ], [ 11.421746145425029, 47.506161725352378 ], [ 11.421778797588876, 47.506234476367084 ], [ 11.421827282093247, 47.506283477818776 ], [ 11.421854970417288, 47.506310555199001 ], [ 11.421981527552292, 47.506377121042988 ], [ 11.422037726766057, 47.506410003243147 ], [ 11.422124025094838, 47.50644190058734 ], [ 11.422202679658891, 47.50646553600356 ], [ 11.422267766381133, 47.506477770791022 ], [ 11.422405672476593, 47.506487135469818 ], [ 11.422465109039017, 47.506504097189207 ], [ 11.422547356482541, 47.506529177019026 ], [ 11.422688786157115, 47.506597860577514 ], [ 11.422755290916003, 47.506623089430931 ], [ 11.422852313383927, 47.506667735876846 ], [ 11.422892891094707, 47.50669554892086 ], [ 11.422939816148329, 47.506730153765879 ], [ 11.422971882942289, 47.50676326423077 ], [ 11.422998067036298, 47.506801026611527 ], [ 11.423004098494678, 47.506864918210681 ], [ 11.42300201965941, 47.506909023330735 ], [ 11.423012938917267, 47.506981280212344 ], [ 11.423032410398122, 47.507033515324537 ], [ 11.423080662047138, 47.507071145862483 ], [ 11.423176329529499, 47.507128033735469 ], [ 11.423343953604363, 47.50717364563053 ], [ 11.423519189978752, 47.507225961514656 ], [ 11.423642512334681, 47.507258206378978 ], [ 11.423744924705057, 47.507285432659792 ], [ 11.42384835626105, 47.507311868462772 ], [ 11.423859795704633, 47.507314798275679 ], [ 11.423941134034596, 47.507334589794645 ], [ 11.424025266515283, 47.507367283373995 ], [ 11.424088475210789, 47.507405473150172 ], [ 11.424141361670362, 47.50743916466778 ], [ 11.424202978072124, 47.507478148408588 ], [ 11.424306439500077, 47.507533871253209 ], [ 11.424315390662143, 47.507538693681425 ], [ 11.424439298603511, 47.507599205295428 ], [ 11.424543733649346, 47.507640743426926 ], [ 11.424599060297719, 47.50765914438621 ], [ 11.424715159437801, 47.507697767170356 ], [ 11.424810571592621, 47.507714308784685 ], [ 11.424893456970647, 47.507725671528696 ], [ 11.424954091795607, 47.507744879986483 ], [ 11.424997497839774, 47.507770328668045 ], [ 11.425052453026057, 47.507804000120295 ], [ 11.42509931501332, 47.507824272916189 ], [ 11.425147016317206, 47.507835192485224 ], [ 11.425190515955922, 47.507865157218895 ], [ 11.425244459464659, 47.507927812917636 ], [ 11.425277029758472, 47.507990671601604 ], [ 11.425309647203592, 47.508050415948382 ], [ 11.425325966781987, 47.50814458575833 ], [ 11.425327602225041, 47.508223629661551 ], [ 11.425328201605193, 47.508252598696942 ], [ 11.425328690360214, 47.508365145232887 ], [ 11.425314235666329, 47.508499954664714 ], [ 11.425317540066121, 47.508554055486755 ], [ 11.425326740714587, 47.508582086548138 ], [ 11.425353014968227, 47.508612916402335 ], [ 11.425388288749637, 47.50864537330564 ], [ 11.425440378940264, 47.508690521720951 ], [ 11.425510770130153, 47.508742350020782 ], [ 11.425593830915814, 47.508784167604702 ], [ 11.42563291414076, 47.508795167052661 ], [ 11.425700404535805, 47.508806754637583 ], [ 11.425776918696654, 47.508821138255989 ], [ 11.425844090281494, 47.508822836688083 ], [ 11.425877587718389, 47.508819481822954 ], [ 11.42597179745365, 47.508805656037573 ], [ 11.426063064665289, 47.508788587761131 ], [ 11.426169106372058, 47.508768808351434 ], [ 11.426268356539998, 47.508754155487708 ], [ 11.426308353821767, 47.508753775229813 ], [ 11.426326777722224, 47.508755235258725 ], [ 11.426388319438976, 47.508768282129871 ], [ 11.426444390749404, 47.50878909102731 ], [ 11.426486614042574, 47.508812990751125 ], [ 11.426529910391618, 47.508833064809018 ], [ 11.426572277304995, 47.508863894259981 ], [ 11.426607547015701, 47.508879448453243 ], [ 11.426656852520402, 47.508901100507963 ], [ 11.426710830210412, 47.508931821283845 ], [ 11.426784581433296, 47.50897364919399 ], [ 11.426839436499685, 47.508991351989323 ], [ 11.426870345813425, 47.509001728996409 ], [ 11.426944312361142, 47.509026262022914 ], [ 11.426997743397935, 47.509058390998121 ], [ 11.427143914475437, 47.509127723711757 ], [ 11.427292795313306, 47.509216971151858 ], [ 11.427339370090985, 47.5092620938346 ], [ 11.427359785325836, 47.509293133687848 ], [ 11.427407432503015, 47.509351174761257 ], [ 11.427475529361296, 47.509403102839052 ], [ 11.427480457983808, 47.509407885951383 ], [ 11.42752632353611, 47.509452079884333 ], [ 11.42756340488028, 47.509482883721248 ], [ 11.427595638944673, 47.50950181423844 ], [ 11.427724002082824, 47.509577158508577 ], [ 11.427767644072048, 47.509602835948371 ], [ 11.427910909540783, 47.50968723046671 ], [ 11.428080208531787, 47.509807360098542 ], [ 11.428194202558483, 47.509871624592293 ], [ 11.42825422042295, 47.509905323640908 ], [ 11.42839513547913, 47.51000368133613 ], [ 11.428518096220419, 47.510067937446983 ], [ 11.428593752005451, 47.510112859924583 ], [ 11.428645843786782, 47.510163381946803 ], [ 11.428679833029395, 47.510239079198442 ], [ 11.428702981675411, 47.510274221218005 ], [ 11.428720307275684, 47.51030038289187 ], [ 11.428759808135421, 47.510325788202167 ], [ 11.428895013871191, 47.510376295240285 ], [ 11.428902291015376, 47.510377940232637 ], [ 11.428999802090368, 47.51040115742601 ], [ 11.429054260684184, 47.510405155397535 ], [ 11.429107820247067, 47.510387976384848 ], [ 11.42914690282028, 47.510382228773857 ], [ 11.429199069428496, 47.510380952591511 ], [ 11.429263960428271, 47.51038344968137 ], [ 11.429353405001121, 47.510394748473317 ], [ 11.42940482876684, 47.510413186119592 ], [ 11.429450233639901, 47.510451697379949 ], [ 11.429521295396455, 47.510535375159321 ], [ 11.429594506519672, 47.510600960749152 ], [ 11.429663624638703, 47.510652021511632 ], [ 11.429679738948826, 47.5106639401872 ], [ 11.429768510350343, 47.510698144944371 ], [ 11.429795810851033, 47.510706373527178 ], [ 11.429914051761306, 47.510742400000908 ], [ 11.430024548476091, 47.510793143193773 ], [ 11.430139663957998, 47.510817125100985 ], [ 11.430208652099665, 47.510845286905621 ], [ 11.430269656630038, 47.5108820138082 ], [ 11.430321027715811, 47.510908863155059 ], [ 11.430373031572778, 47.510927449535885 ], [ 11.430418658289042, 47.510954353655343 ], [ 11.430428157246959, 47.510963376182097 ], [ 11.430441169242366, 47.510975480859592 ], [ 11.430455756479459, 47.511008056260536 ], [ 11.430470926560517, 47.511068665393566 ], [ 11.430499604613059, 47.511143009652073 ], [ 11.430520740373272, 47.511158774881828 ], [ 11.430567693056325, 47.511188781963618 ], [ 11.430609395956623, 47.511237142837849 ], [ 11.430626435254895, 47.511282546080508 ], [ 11.430626061483018, 47.511319860421551 ], [ 11.430620526042253, 47.51136329708158 ], [ 11.430627168074132, 47.511395169374786 ], [ 11.430638172855822, 47.511432295956787 ], [ 11.430676689839419, 47.511498913565305 ], [ 11.430712445736534, 47.51154881165202 ], [ 11.430755246794925, 47.511578077567208 ], [ 11.430830661279707, 47.511644265542003 ], [ 11.430875405735616, 47.511667517159779 ], [ 11.430911674046179, 47.511692251020044 ], [ 11.430953163713458, 47.511735942085465 ], [ 11.430994547538974, 47.511774413768393 ], [ 11.431026827409868, 47.511795291077597 ], [ 11.431067508119481, 47.511805573650832 ], [ 11.431096662017154, 47.511814408440642 ], [ 11.431171835035043, 47.511813690592923 ], [ 11.431257581328934, 47.511812871717943 ], [ 11.431328557521194, 47.511825980539093 ], [ 11.431371022710717, 47.511839205134685 ], [ 11.431441351181608, 47.511881919003379 ], [ 11.43152368611057, 47.511938148322656 ], [ 11.431595575916875, 47.512000629570935 ], [ 11.431635432554149, 47.512054226284391 ], [ 11.431647787821165, 47.512089861177273 ], [ 11.43166233071601, 47.512120254790666 ], [ 11.431692807771499, 47.512137411043106 ], [ 11.431726749406222, 47.512155313104579 ], [ 11.431764570016851, 47.512193741200335 ], [ 11.431801462273611, 47.512242926519207 ], [ 11.43181994704509, 47.512269310498851 ], [ 11.431839406324793, 47.512309471853207 ], [ 11.431868517760037, 47.512376957847323 ], [ 11.431894727276886, 47.512415496850188 ], [ 11.431934992040024, 47.512455380219606 ], [ 11.431976759246078, 47.512484657355017 ], [ 11.432036867757514, 47.512533543373216 ], [ 11.432094647686336, 47.512580893777134 ], [ 11.432132102986857, 47.512601877812116 ], [ 11.432197201141724, 47.512614184207216 ], [ 11.432262330189397, 47.512627972555009 ], [ 11.432292727632534, 47.512646764598763 ], [ 11.432311739151702, 47.512670884057336 ], [ 11.432319753252402, 47.512691447903947 ], [ 11.432326292032547, 47.512729395930108 ], [ 11.432342960317035, 47.512751280177447 ], [ 11.432368852456934, 47.512774554929592 ], [ 11.43241363908079, 47.512805360877536 ], [ 11.432497797920561, 47.512844124626284 ], [ 11.43257940325754, 47.512870683879058 ], [ 11.432632761502829, 47.512904444305697 ], [ 11.432679153172064, 47.512962574322955 ], [ 11.43270669313949, 47.513004138739149 ], [ 11.432710775925512, 47.513034554892975 ], [ 11.43269177952431, 47.513071968167289 ], [ 11.432677309433084, 47.513122344124625 ], [ 11.432674558671357, 47.513155863950153 ], [ 11.432688331028546, 47.513204413792188 ], [ 11.432713757137188, 47.513260484875261 ], [ 11.432715649705774, 47.513296140550565 ], [ 11.432703366604516, 47.513341122312653 ], [ 11.432699352223091, 47.513374654221437 ], [ 11.43271336313259, 47.513434649908838 ], [ 11.432741469661401, 47.513509000847911 ], [ 11.432780263501563, 47.513561049478881 ], [ 11.432826355744487, 47.513604773192178 ], [ 11.432916146742427, 47.513687568142728 ], [ 11.433037594024247, 47.513777770247366 ], [ 11.433084888041162, 47.513818366683729 ], [ 11.433138072387791, 47.513865760517305 ], [ 11.433203741086977, 47.51390547955117 ], [ 11.433282854764574, 47.513944756900436 ], [ 11.433308992907403, 47.513957748431928 ], [ 11.433380894378805, 47.51398743828404 ], [ 11.433526498706357, 47.514028649822258 ], [ 11.43372795245749, 47.514112712215727 ], [ 11.433917456951123, 47.514196967802711 ], [ 11.434071383491434, 47.514284366403359 ], [ 11.434175648709099, 47.514338903338754 ], [ 11.434317480064578, 47.514425093445325 ], [ 11.434412017860861, 47.514492653738344 ], [ 11.434474324101776, 47.514530846409762 ], [ 11.434495466072097, 47.514541314912769 ], [ 11.434508447389202, 47.51455186158001 ], [ 11.434513188400119, 47.514558669934715 ], [ 11.434513472799097, 47.514572297392618 ], [ 11.434533653447053, 47.514597263348804 ], [ 11.434564151781723, 47.514615197549404 ], [ 11.434649650093855, 47.514668433335416 ], [ 11.434695188060546, 47.514707488089272 ], [ 11.434725894571743, 47.51473538969497 ], [ 11.434765852676106, 47.514771459554886 ], [ 11.434810546479111, 47.514797669288718 ], [ 11.43486879611403, 47.51481767426916 ], [ 11.434957275442931, 47.514837389547026 ], [ 11.43504383540647, 47.514853305908069 ], [ 11.435201800187903, 47.514880611977617 ], [ 11.435234617772181, 47.514894006760159 ], [ 11.4352592375149, 47.51491129555469 ], [ 11.43528297967665, 47.514936148089433 ], [ 11.435319460523029, 47.51497084975221 ], [ 11.435393886320869, 47.515011183353316 ], [ 11.435450192598777, 47.515037283314747 ], [ 11.435528603469271, 47.515081395866225 ], [ 11.435548561888815, 47.515095690965381 ], [ 11.435583898052974, 47.515125028438305 ], [ 11.435624966441182, 47.515148236090063 ], [ 11.435674069730796, 47.515165212683605 ], [ 11.435742122183214, 47.515186681060548 ], [ 11.435795978530527, 47.515216619788497 ], [ 11.435840638197933, 47.515246490186321 ], [ 11.435890134155537, 47.515287841463476 ], [ 11.435933759990499, 47.515323253323224 ], [ 11.435965391425658, 47.515340474715913 ], [ 11.436014592653637, 47.515362123737354 ], [ 11.436090995095704, 47.515392547634548 ], [ 11.436127076375069, 47.515408091107822 ], [ 11.436180825939546, 47.515427437022502 ], [ 11.436262140453614, 47.515434212261496 ], [ 11.436326999270515, 47.515440443760923 ], [ 11.436375940674862, 47.515455241353663 ], [ 11.436430277671704, 47.515480579010479 ], [ 11.436504448091306, 47.515536181509404 ], [ 11.436554904930082, 47.515568334554061 ], [ 11.436604291034682, 47.515604390647475 ], [ 11.436611209180182, 47.515610789461043 ], [ 11.436652722482265, 47.515649646404498 ], [ 11.436697382001977, 47.515679595620234 ], [ 11.436723762551537, 47.515693049957569 ], [ 11.436764478320404, 47.51570481065761 ], [ 11.436845119999065, 47.515734491795826 ], [ 11.436890608212627, 47.515754540892132 ], [ 11.436950473567126, 47.515791275160076 ], [ 11.437022155324609, 47.515837788043058 ], [ 11.437072434132741, 47.515888946029094 ], [ 11.437147781919796, 47.515951392370951 ], [ 11.43718649329638, 47.515971661122322 ], [ 11.437231616877979, 47.515974266162445 ], [ 11.437276793716816, 47.515973832350376 ], [ 11.437349383999241, 47.515959425931442 ], [ 11.437415079549007, 47.515917668819789 ], [ 11.437448216658208, 47.515896787470858 ], [ 11.437519072270034, 47.515848983245249 ], [ 11.437563421058554, 47.515808988915538 ], [ 11.43758745534333, 47.515792791121093 ], [ 11.437622790846769, 47.515772667523294 ], [ 11.437665366926664, 47.515757849440632 ], [ 11.437753672438726, 47.515741733963289 ], [ 11.437819494946257, 47.515733468909026 ], [ 11.43788546419459, 47.515726760244796 ], [ 11.437971049263167, 47.515728974431831 ], [ 11.438011466364479, 47.515726328459621 ], [ 11.438050943250415, 47.515722910790402 ], [ 11.438093161557109, 47.515723985571725 ], [ 11.438139786686023, 47.515743399033099 ], [ 11.438186512356493, 47.515756580158246 ], [ 11.438251301696225, 47.515775820801444 ], [ 11.438261019144663, 47.515778686576468 ], [ 11.438319548393581, 47.51580102387301 ], [ 11.438387100028498, 47.515831452161706 ], [ 11.438395176705798, 47.515838384794769 ], [ 11.438445544281276, 47.515882687560946 ], [ 11.438476312775, 47.515913546736876 ], [ 11.438503968793041, 47.515960483713044 ], [ 11.438531019042728, 47.51598382328612 ], [ 11.438554606620526, 47.515995748014277 ], [ 11.438582580296789, 47.516008407689135 ], [ 11.438604970498838, 47.516023382241769 ], [ 11.4386214783119, 47.516043007708078 ], [ 11.438685783242814, 47.516099559917066 ], [ 11.43889264837947, 47.516243536149823 ], [ 11.439000031687568, 47.516314786360653 ], [ 11.439081264718613, 47.516372578668054 ], [ 11.439169281012729, 47.516430305668045 ], [ 11.439258034047114, 47.516468318687309 ], [ 11.439346259850472, 47.516497768603386 ], [ 11.439428177709239, 47.516511312207648 ], [ 11.439460018853456, 47.516516535628078 ], [ 11.439592732029416, 47.51655100973079 ], [ 11.43965225222448, 47.516565704125746 ], [ 11.439686406591445, 47.516571450285454 ], [ 11.439747822708503, 47.516572339702137 ], [ 11.439874133550042, 47.516575640992784 ], [ 11.440029907573942, 47.516580295502756 ], [ 11.440113697169926, 47.516595455788526 ], [ 11.440218721040782, 47.516636272387274 ], [ 11.440311196451363, 47.516681804083483 ], [ 11.44032707161732, 47.51669325764729 ], [ 11.440382401066092, 47.516732838267544 ], [ 11.440391156930739, 47.51673921735695 ], [ 11.440430608641202, 47.516767346222572 ], [ 11.440472000307444, 47.516811110320667 ], [ 11.440528655271734, 47.516864621290168 ], [ 11.440593550004968, 47.516949130468845 ], [ 11.440625965169524, 47.517003574623324 ], [ 11.440684859869808, 47.517048650539607 ], [ 11.440835873205778, 47.517160525795227 ], [ 11.440965321209125, 47.517252980959157 ], [ 11.441037916070517, 47.517287955252812 ], [ 11.441184172318076, 47.51733748503397 ], [ 11.441293801323004, 47.517373037691939 ], [ 11.441382988917919, 47.517426155540022 ], [ 11.441467066804687, 47.51746039466763 ], [ 11.441534375425379, 47.517495498752936 ], [ 11.441577809504922, 47.517521638837451 ], [ 11.441638942576684, 47.517563733511842 ], [ 11.441709409060739, 47.517617812306597 ], [ 11.441803709984349, 47.517717225289871 ], [ 11.441848791370301, 47.51776702815598 ], [ 11.441854655415842, 47.517772503193306 ], [ 11.441895932893027, 47.517810738090958 ], [ 11.441934816637811, 47.51783918312087 ], [ 11.442037834880033, 47.5178938022731 ], [ 11.442146615939178, 47.517949067315961 ], [ 11.442147972349508, 47.517931606814727 ], [ 11.442151743096938, 47.517886628816441 ], [ 11.442142799807016, 47.517789352039316 ], [ 11.442125085343534, 47.5177233939582 ], [ 11.442112933402973, 47.517664860203389 ], [ 11.442088004761281, 47.517578331248316 ], [ 11.442078437830693, 47.517511515658718 ], [ 11.442075160715055, 47.517437708287893 ], [ 11.44208108298173, 47.517331097604732 ], [ 11.442082531175144, 47.517214013767365 ], [ 11.442094592288083, 47.517175109805812 ], [ 11.442113238528499, 47.517077566918331 ], [ 11.442143401691085, 47.516997360365515 ], [ 11.442169463738555, 47.516962838361998 ], [ 11.442213614483421, 47.516919104257589 ], [ 11.442275191495733, 47.516867492000969 ], [ 11.442343262243323, 47.516807484613778 ], [ 11.442364198648326, 47.516780642897054 ], [ 11.442376202614035, 47.516750151057678 ], [ 11.4423845074251, 47.516702090978171 ], [ 11.442389264772839, 47.516654921392231 ], [ 11.442380384591983, 47.516626343567708 ], [ 11.4423756932792, 47.516610966952143 ], [ 11.442364862145714, 47.516566128003689 ], [ 11.442373003045651, 47.516461131075339 ], [ 11.442364698051968, 47.516394225970458 ], [ 11.442352733845635, 47.516350178667956 ], [ 11.442330824744454, 47.516297891249721 ], [ 11.442322349997678, 47.516288471272496 ], [ 11.44226337595374, 47.516223222417075 ], [ 11.442203012134259, 47.516135554791234 ], [ 11.442184695919915, 47.51609008825335 ], [ 11.442153426605719, 47.516035633477571 ], [ 11.442136611851128, 47.51600689830682 ], [ 11.442138208832819, 47.515973468540999 ], [ 11.442180377245329, 47.515917447361126 ], [ 11.442196108116633, 47.515889177193792 ], [ 11.442194606720994, 47.515872445817898 ], [ 11.442178858475792, 47.515845180851095 ], [ 11.442183921586162, 47.515807121489622 ], [ 11.442203112863846, 47.515784815439289 ], [ 11.442236021081696, 47.515753263900955 ], [ 11.442331449667357, 47.515693069962694 ], [ 11.442399046129786, 47.515654407324782 ], [ 11.442449584509461, 47.515635693404256 ], [ 11.442484358746739, 47.515621805071433 ], [ 11.442527683673573, 47.515604407342792 ], [ 11.442612261765026, 47.515558725162442 ], [ 11.442668858538774, 47.515516353058707 ], [ 11.442691692460489, 47.515497829017022 ], [ 11.442730140309703, 47.515461784218701 ], [ 11.442785265073033, 47.515376819571422 ], [ 11.442824540989426, 47.515298082705677 ], [ 11.442856601403458, 47.515220816800131 ], [ 11.442865018429071, 47.515200095108248 ], [ 11.442882944634922, 47.515155914065211 ], [ 11.442893469425508, 47.515076832249271 ], [ 11.442903331787861, 47.514999080807435 ], [ 11.442917555841067, 47.514904618756226 ], [ 11.442926532723883, 47.514855850567649 ], [ 11.442931717365816, 47.51483445850171 ], [ 11.442976554073113, 47.5147579273074 ], [ 11.443045081462206, 47.514637860944582 ], [ 11.443068750409207, 47.514598843010745 ], [ 11.443096579963582, 47.514549970166307 ], [ 11.443126053144212, 47.514519153091058 ], [ 11.443141672759365, 47.514485510577082 ], [ 11.443148933101742, 47.514420790196468 ], [ 11.443152666261145, 47.514379629743402 ], [ 11.44316041421615, 47.514299716629083 ], [ 11.443168150197417, 47.51423577237135 ], [ 11.443199142320813, 47.514195125869712 ], [ 11.443245928539527, 47.51416196135812 ], [ 11.443287107083959, 47.51413562558885 ], [ 11.443326131325955, 47.514121618608286 ], [ 11.443378093115959, 47.514110445863416 ], [ 11.443542653181252, 47.514035794849562 ], [ 11.4437634197597, 47.513905923439992 ], [ 11.44389258174664, 47.513842752562596 ], [ 11.443901454885502, 47.51383830633457 ], [ 11.444053658275203, 47.513750143765797 ], [ 11.44410878750976, 47.51367654919077 ], [ 11.444130053871106, 47.513616291366979 ], [ 11.444121497081701, 47.513586697762292 ], [ 11.44412540541459, 47.513559320470584 ], [ 11.444134330126621, 47.513540930530901 ], [ 11.444153602752722, 47.513517142870668 ], [ 11.444166980033287, 47.513497229417609 ], [ 11.444167827241721, 47.513477437040677 ], [ 11.44415685202824, 47.513458460469252 ], [ 11.444121727436745, 47.513433797096539 ], [ 11.444098314250862, 47.513397493268116 ], [ 11.444100407689577, 47.513382285013485 ], [ 11.444109185405395, 47.513362336858002 ], [ 11.444137497419462, 47.51333090831843 ], [ 11.444165485405101, 47.513284215724084 ], [ 11.444187931527905, 47.513252764701761 ], [ 11.444191857213843, 47.513220791074716 ], [ 11.444197218877179, 47.513175173382244 ], [ 11.444198843991149, 47.513143144633098 ], [ 11.444217510887981, 47.513090467244147 ], [ 11.444255492997511, 47.513027009533822 ], [ 11.444297632065801, 47.512991628287764 ], [ 11.444372675781157, 47.512952036218465 ], [ 11.444417690223446, 47.51293859338395 ], [ 11.444455188567382, 47.512917746991405 ], [ 11.4444927131716, 47.512881631353991 ], [ 11.444535121590548, 47.512859179636429 ], [ 11.444649685157074, 47.51280183529061 ], [ 11.444708955772544, 47.512782879440202 ], [ 11.444751410602668, 47.51276805988396 ], [ 11.444777918325453, 47.512754874980381 ], [ 11.44479727242914, 47.512740276949664 ], [ 11.444801437211844, 47.512719673569947 ], [ 11.444805557029129, 47.512691515286235 ], [ 11.444804418663532, 47.51263747144327 ], [ 11.444807369995626, 47.512613841469737 ], [ 11.444845070957424, 47.512569859261603 ], [ 11.444851912861843, 47.51256177005795 ], [ 11.444853409626891, 47.512523667684498 ], [ 11.444864492759278, 47.512498480395195 ], [ 11.444900944132389, 47.512471567326678 ], [ 11.444925689318097, 47.512434718840055 ], [ 11.444933236758121, 47.512410967067666 ], [ 11.444937450680005, 47.512392699964956 ], [ 11.44495929809273, 47.512381896840154 ], [ 11.445007643638275, 47.512341082026758 ], [ 11.445048846168515, 47.512266842732771 ], [ 11.445071232524844, 47.512221761917054 ], [ 11.445099377332863, 47.51218799799063 ], [ 11.445139231056176, 47.512153340097292 ], [ 11.445173864056937, 47.512121927512545 ], [ 11.445298913981116, 47.51206588242114 ], [ 11.445438492097944, 47.511984618316433 ], [ 11.445489329729746, 47.511947439929372 ], [ 11.445554241438661, 47.511874451557361 ], [ 11.445593020489317, 47.51181075182091 ], [ 11.445603931390272, 47.511777543071418 ], [ 11.445612374214132, 47.511747162670986 ], [ 11.445652428895562, 47.511689446272271 ], [ 11.44576245943156, 47.511575441831383 ], [ 11.445807565817514, 47.511528271956621 ], [ 11.445818184192774, 47.511492027689613 ], [ 11.445830990634455, 47.511445091227749 ], [ 11.445899477632279, 47.511378144704871 ], [ 11.445935328879358, 47.511344615392261 ], [ 11.445978454607983, 47.511312575298476 ], [ 11.446042037322671, 47.511280258028883 ], [ 11.446114731436511, 47.51124941216419 ], [ 11.446150669713932, 47.511214480604913 ], [ 11.446186303962502, 47.511159846929118 ], [ 11.446274423875179, 47.511097147981069 ], [ 11.446413051354023, 47.511030923404569 ], [ 11.446571182512509, 47.510973622968407 ], [ 11.446767147773512, 47.510911516208331 ], [ 11.446972068710565, 47.510832576480176 ], [ 11.447248550640445, 47.510728951182102 ], [ 11.447324717234137, 47.510721048129867 ], [ 11.447376679651674, 47.510715637200043 ], [ 11.447623310790949, 47.510657477619581 ], [ 11.447815528144092, 47.510521487162762 ], [ 11.44790178217284, 47.510397739889441 ], [ 11.447921308232372, 47.51036974331457 ], [ 11.447958660230032, 47.510298501249885 ], [ 11.448014796159343, 47.510126053111769 ], [ 11.448057765675221, 47.509934261418053 ], [ 11.448065821596348, 47.509771392645924 ], [ 11.448080101664026, 47.509576763451172 ], [ 11.448093304263708, 47.509499678855427 ], [ 11.448136132063381, 47.509464602497467 ], [ 11.448194881722719, 47.509415818864518 ], [ 11.448309967886184, 47.509334866086867 ], [ 11.448346874483237, 47.509302415896244 ], [ 11.44841356801939, 47.509243351785713 ], [ 11.448478204762234, 47.509152294516994 ], [ 11.448525717442344, 47.509061403333007 ], [ 11.448529478419548, 47.509032703311746 ], [ 11.448540615460219, 47.508901506452958 ], [ 11.448550999802384, 47.508740095515066 ], [ 11.448579430968065, 47.508622204566734 ], [ 11.448590206511195, 47.508593513841213 ], [ 11.448674899871513, 47.508483335727611 ], [ 11.448690790656645, 47.508462773122858 ], [ 11.448871957587722, 47.50818520733683 ], [ 11.44897405811747, 47.508022906277972 ], [ 11.448975581059795, 47.508018840393603 ], [ 11.449001071658351, 47.507946777647177 ], [ 11.449074610714826, 47.507738565337085 ], [ 11.449153932532045, 47.507581002206727 ], [ 11.449323106093871, 47.507231191642035 ], [ 11.449556601122152, 47.507286640267495 ], [ 11.449622109205995, 47.507302127626872 ], [ 11.449717944159399, 47.507327523748302 ], [ 11.449807707683496, 47.507348539091851 ], [ 11.449853344113089, 47.50735939109083 ], [ 11.449895943921129, 47.507368011359382 ], [ 11.450022665852135, 47.50739162852539 ], [ 11.450116997732767, 47.507405822822889 ], [ 11.450194622506707, 47.507412624018492 ], [ 11.450251139341747, 47.50743240418376 ], [ 11.450288555028836, 47.507462262025989 ], [ 11.450372095186742, 47.507509585029794 ], [ 11.450453119664569, 47.507541278461943 ], [ 11.450533373312892, 47.507569162079463 ], [ 11.45056920264337, 47.507583768050907 ], [ 11.450605201965791, 47.507595492332946 ], [ 11.450630470619242, 47.507599841107847 ], [ 11.450676406712319, 47.507603134520508 ], [ 11.450730325534449, 47.50760338934402 ], [ 11.450874136206679, 47.507603470054079 ], [ 11.45092473864522, 47.507604458594514 ], [ 11.451021216145207, 47.507605857356694 ], [ 11.451091352768985, 47.507611951831386 ], [ 11.451151174679964, 47.507624922990125 ], [ 11.451223429620416, 47.507655065960137 ], [ 11.451279171180827, 47.507681706936438 ], [ 11.451360514832247, 47.507728428164782 ], [ 11.451426480991701, 47.507765485948482 ], [ 11.451489292118456, 47.507800237622419 ], [ 11.451564871098068, 47.507824348739547 ], [ 11.451638761380108, 47.507844815489868 ], [ 11.451705768853433, 47.507865973370052 ], [ 11.451770573139523, 47.50789704475352 ], [ 11.451850672492476, 47.507939260722182 ], [ 11.451917518459551, 47.507979970407369 ], [ 11.451977646347286, 47.508007347281776 ], [ 11.452038974671357, 47.508026223471433 ], [ 11.452062131893074, 47.508044924250626 ], [ 11.452064992101418, 47.508066004612658 ], [ 11.452057554121243, 47.508094740541971 ], [ 11.45204808815134, 47.508136270137818 ], [ 11.452057761725872, 47.508158764681106 ], [ 11.452076295022099, 47.508165360740982 ], [ 11.452105055724221, 47.508171857261964 ], [ 11.452182041456537, 47.508175625004029 ], [ 11.452264150890663, 47.508182381150313 ], [ 11.452320707723713, 47.508193203223236 ], [ 11.452479329664342, 47.508219466326743 ], [ 11.452611451972835, 47.508248323994302 ], [ 11.452701318464232, 47.508268557150288 ], [ 11.452842214829301, 47.508315398982916 ], [ 11.452957236468572, 47.508356495153102 ], [ 11.453053567168938, 47.508383441498751 ], [ 11.453098091450093, 47.50839585908092 ], [ 11.453215488999637, 47.508418782828521 ], [ 11.453293241909533, 47.508431657336004 ], [ 11.453338147913916, 47.508435035272271 ], [ 11.453402410179361, 47.508435110710614 ], [ 11.453511264806547, 47.508440047525596 ], [ 11.453543460770303, 47.508440512705256 ], [ 11.453573469676622, 47.508451513711897 ], [ 11.453629914854012, 47.508489441929775 ], [ 11.453710223227892, 47.508541390164176 ], [ 11.453757873509984, 47.508565851185161 ], [ 11.453847803826275, 47.508589043796668 ], [ 11.453974285698807, 47.508633765334565 ], [ 11.454083007913365, 47.508675700706036 ], [ 11.454133863415807, 47.508694053664584 ], [ 11.454175136995326, 47.508699648745093 ], [ 11.45423613014062, 47.508702793919895 ], [ 11.454243719770618, 47.508702874618685 ], [ 11.454321675502886, 47.508703517584827 ], [ 11.454501676251597, 47.50870246191046 ], [ 11.454660405146905, 47.508695774250761 ], [ 11.454783024548727, 47.508688501426299 ], [ 11.45499782733026, 47.508675112238635 ], [ 11.455045950752481, 47.508673084822142 ], [ 11.455118243937076, 47.508672379365642 ], [ 11.455190456088674, 47.508673232494708 ], [ 11.455267293842136, 47.508675364417478 ], [ 11.455335693733305, 47.508680850830963 ], [ 11.455404783115362, 47.508686173969913 ], [ 11.455469120929715, 47.50869528154778 ], [ 11.455537269642452, 47.508710428543466 ], [ 11.455589194021419, 47.508730328262892 ], [ 11.455637685257628, 47.508750963044797 ], [ 11.455671429921299, 47.508770183943604 ], [ 11.455688516096673, 47.508789723983398 ], [ 11.455730866308613, 47.508840560915779 ], [ 11.455767403540525, 47.508888340709966 ], [ 11.45579573130083, 47.508917506569922 ], [ 11.455839883559038, 47.508944960059395 ], [ 11.455886190489958, 47.508965616065332 ], [ 11.455935753434028, 47.508977206220642 ], [ 11.455979477550741, 47.508979036824549 ], [ 11.456024579174937, 47.508975480668504 ], [ 11.456043974534213, 47.508973889905668 ], [ 11.45606223689936, 47.5089677140367 ], [ 11.456099726272393, 47.508952159835168 ], [ 11.456150790144092, 47.508920738125099 ], [ 11.456282129634584, 47.508847873675002 ], [ 11.456355528211262, 47.508807277006106 ], [ 11.456379146639737, 47.508793416062503 ], [ 11.456414374957379, 47.508774300454185 ], [ 11.456467779714602, 47.508755707014998 ], [ 11.456520425165733, 47.508744600762469 ], [ 11.456591134991179, 47.508728876508144 ], [ 11.456659675114347, 47.508713874980394 ], [ 11.456697464193594, 47.508690839659621 ], [ 11.456731305000394, 47.508655068979692 ], [ 11.45679655918738, 47.50855044810249 ], [ 11.456836990951642, 47.508500281202515 ], [ 11.456859476702776, 47.508481989764718 ], [ 11.456880054099585, 47.50847657005815 ], [ 11.45690565028054, 47.508474684686377 ], [ 11.456988347918369, 47.508460634710325 ], [ 11.457205671153798, 47.508446982889758 ], [ 11.457278938211326, 47.508432557192435 ], [ 11.4573228953022, 47.508418419838598 ], [ 11.457395471172122, 47.508404079976195 ], [ 11.457455206256583, 47.508402015355344 ], [ 11.457520778716004, 47.50840963101934 ], [ 11.457640287727754, 47.508423650258131 ], [ 11.457734288615811, 47.508443682531016 ], [ 11.457784903271497, 47.508456040520748 ], [ 11.457851930489008, 47.508477971739453 ], [ 11.457907566048565, 47.508499314594239 ], [ 11.45794351983643, 47.508514152700016 ], [ 11.45800927809144, 47.50854131482712 ], [ 11.458077009352984, 47.508569238330971 ], [ 11.458161064208277, 47.508586485744502 ], [ 11.458218673777891, 47.508597917024943 ], [ 11.458253394350367, 47.50860894985238 ], [ 11.458289328751452, 47.508628225906072 ], [ 11.458316113775853, 47.508649850897484 ], [ 11.458344516949523, 47.508687973875062 ], [ 11.458372966054965, 47.508733729094757 ], [ 11.458420525082753, 47.508780698609264 ], [ 11.458480428496179, 47.508802699183576 ], [ 11.45855322280897, 47.508820135677546 ], [ 11.458606431179906, 47.508840800383652 ], [ 11.458621768836112, 47.50885934432776 ], [ 11.458634893866305, 47.5088871778213 ], [ 11.458638060650943, 47.508922509439309 ], [ 11.458652270337687, 47.508947295782967 ], [ 11.458668620122166, 47.508953912153139 ], [ 11.458699437081572, 47.50895431023384 ], [ 11.458761943452277, 47.508958294459795 ], [ 11.458798834550073, 47.508963151862204 ], [ 11.458825300404131, 47.508969669166369 ], [ 11.458864632575469, 47.508986654162491 ], [ 11.458903093310479, 47.509011203024151 ], [ 11.458956427255714, 47.509037863843872 ], [ 11.459023567028327, 47.509065013659558 ], [ 11.45907785609624, 47.509082551882948 ], [ 11.459099214493278, 47.509086859733408 ], [ 11.459127738314859, 47.509082063369796 ], [ 11.459143290575943, 47.509078172959413 ], [ 11.459162043361978, 47.509073470482363 ], [ 11.459194951003781, 47.509058739060535 ], [ 11.459224603727948, 47.509058448633844 ], [ 11.459244386767569, 47.50906432972738 ], [ 11.459272164435296, 47.509073093488091 ], [ 11.459314701172307, 47.509083970284664 ], [ 11.459356113488205, 47.50908520162772 ], [ 11.459395997060485, 47.509074139912407 ], [ 11.459433756250665, 47.50904962349432 ], [ 11.459520909598721, 47.508937308540588 ], [ 11.459598489197685, 47.508828748063969 ], [ 11.459649839912881, 47.508773177251506 ], [ 11.459724427127437, 47.508713016415342 ], [ 11.459775160677161, 47.50867170421494 ], [ 11.459846503459524, 47.508631827018313 ], [ 11.459921044445945, 47.508601731389554 ], [ 11.45997661791821, 47.508571744261324 ], [ 11.460023465287863, 47.50856380710735 ], [ 11.460099221256554, 47.508563766137229 ], [ 11.460170236769585, 47.508557072511799 ], [ 11.460212244865136, 47.508537732769554 ], [ 11.460263266892854, 47.508483100324256 ], [ 11.460323033343899, 47.508434143977325 ], [ 11.460394506750383, 47.508400417367703 ], [ 11.460475219216383, 47.508363329735467 ], [ 11.460545750978557, 47.508339347868841 ], [ 11.460577718017277, 47.508334440026616 ], [ 11.460605911816366, 47.508335721389173 ], [ 11.460668297069079, 47.508350220288179 ], [ 11.46072723359992, 47.508364596473086 ], [ 11.460786579847738, 47.508365962618221 ], [ 11.46084787239144, 47.508383120106274 ], [ 11.460949173871834, 47.508427302019243 ], [ 11.461094237214889, 47.508512727652949 ], [ 11.461218956177181, 47.508587602539684 ], [ 11.461258201999279, 47.508611207486993 ], [ 11.461293594044211, 47.508626670673095 ], [ 11.461355829087628, 47.508639458126588 ], [ 11.461432843172288, 47.508655293544265 ], [ 11.461543454690808, 47.508672434361586 ], [ 11.461642991876644, 47.508687812925032 ], [ 11.461756824258106, 47.508699625983517 ], [ 11.461905459661127, 47.50872628529234 ], [ 11.461979933366285, 47.508757644538804 ], [ 11.461989238865375, 47.508762849111569 ], [ 11.462018084556334, 47.508767784472155 ], [ 11.462083319095525, 47.508764886320712 ], [ 11.462141593238309, 47.508764391444494 ], [ 11.462314720116833, 47.508828975014666 ], [ 11.462422009961394, 47.50885736370094 ], [ 11.462437001704606, 47.508859553207607 ], [ 11.462455336450635, 47.508862256738645 ], [ 11.462462571025899, 47.508861872668959 ], [ 11.462486451800897, 47.508860470612952 ], [ 11.462558452616669, 47.508851429069118 ], [ 11.462613232079137, 47.508838116997246 ], [ 11.462653836618326, 47.508839198580851 ], [ 11.462689528434272, 47.508847180396288 ], [ 11.46275885773497, 47.508863791991523 ], [ 11.462799279732124, 47.508877803955457 ], [ 11.462839567444169, 47.508885665013288 ], [ 11.462877528215223, 47.508886772495174 ], [ 11.462994767584783, 47.508869808147281 ], [ 11.463089527928373, 47.508850028077909 ], [ 11.46316726208409, 47.508840305587796 ], [ 11.463338659018907, 47.508840023970095 ], [ 11.463401871446415, 47.508839402556085 ], [ 11.463534801685576, 47.50883583625405 ], [ 11.463684336338591, 47.508823849607275 ], [ 11.463743229438526, 47.508804033124193 ], [ 11.463748970997008, 47.508793071777603 ], [ 11.463771812428698, 47.508791366667253 ], [ 11.463828127892583, 47.508796108782022 ], [ 11.463874371033953, 47.50881364651228 ], [ 11.463915958377733, 47.508823052250939 ], [ 11.463948023790195, 47.508822736872617 ], [ 11.463979801544465, 47.508808871460197 ], [ 11.464023583539721, 47.508786631046974 ], [ 11.464081777268987, 47.508771726848117 ], [ 11.464117177281869, 47.508766082681717 ], [ 11.464204216840743, 47.508756113244672 ], [ 11.464300655490209, 47.508744804634794 ], [ 11.464368138125277, 47.508728875274116 ], [ 11.464412507621475, 47.508712626438182 ], [ 11.464483010232099, 47.508676570068786 ], [ 11.46459405683977, 47.508612152676143 ], [ 11.464697502251926, 47.508552328804939 ], [ 11.464791695324882, 47.508506146966994 ], [ 11.464836147899602, 47.508488339307426 ], [ 11.464868052789617, 47.508480547255637 ], [ 11.464913865083563, 47.508472540938335 ], [ 11.465033333200225, 47.508457811971006 ], [ 11.465208449466655, 47.508438017927681 ], [ 11.4653704123675, 47.508416093743108 ], [ 11.465411594837633, 47.508411950070993 ], [ 11.465465462616036, 47.508409782555454 ], [ 11.465526195956404, 47.50841144379428 ], [ 11.465664321067186, 47.50843041254744 ], [ 11.465878316828778, 47.508460006245357 ], [ 11.466004200243143, 47.508465619695691 ], [ 11.466054702386204, 47.508462006377073 ], [ 11.466107910415269, 47.508450499814273 ], [ 11.466199296179967, 47.508423506284444 ], [ 11.466222455477347, 47.508431301101893 ], [ 11.466249981231053, 47.508439051081346 ], [ 11.466294591444667, 47.508444688066717 ], [ 11.466314503976498, 47.508445815790189 ], [ 11.466351340187614, 47.508448100686707 ], [ 11.466399539801328, 47.508449651145995 ], [ 11.466419328862678, 47.508450468859913 ], [ 11.466447176324571, 47.508457125492072 ], [ 11.466481285814648, 47.508476963835058 ], [ 11.466506155294457, 47.508494788551459 ], [ 11.46655098778824, 47.508521529651759 ], [ 11.466631505916217, 47.508555943773928 ], [ 11.466745355502308, 47.508590027396714 ], [ 11.466850895034751, 47.508617182567647 ], [ 11.466920559427347, 47.508654660893484 ], [ 11.466956120153123, 47.50867245923066 ], [ 11.467040795817486, 47.508691642216043 ], [ 11.467126801969275, 47.508713927697663 ], [ 11.467187256051421, 47.508750640432559 ], [ 11.467238479897519, 47.508775292667188 ], [ 11.467309919426741, 47.508793672393281 ], [ 11.467345369919162, 47.508806330462406 ], [ 11.46737292483231, 47.508810107930074 ], [ 11.467415796333169, 47.508809684973933 ], [ 11.467463284391393, 47.5088102292301 ], [ 11.467483382850634, 47.50882000039352 ], [ 11.467590925754484, 47.508844098586721 ], [ 11.467762077688977, 47.508864530617601 ], [ 11.467857192431829, 47.508866628432877 ], [ 11.468049993519651, 47.508872748440893 ], [ 11.468213476630217, 47.508889283545237 ], [ 11.468260964762511, 47.508889827470334 ], [ 11.468319098692747, 47.50888824070951 ], [ 11.468421419126312, 47.508883179272999 ], [ 11.468484215842217, 47.50888458471448 ], [ 11.468580798069713, 47.508890718543725 ], [ 11.468664370490673, 47.508895969809316 ], [ 11.468690301419516, 47.508893610787808 ], [ 11.468722459176517, 47.508892280385474 ], [ 11.468795506016713, 47.508878471916873 ], [ 11.46887181525371, 47.508866735878144 ], [ 11.46896039203077, 47.508858773196479 ], [ 11.469117232549856, 47.5088551980567 ], [ 11.469258025552971, 47.508853806836868 ], [ 11.469345196662605, 47.508849986206847 ], [ 11.469467247637064, 47.508837720358621 ], [ 11.469571856769253, 47.508821575682354 ], [ 11.469614553824542, 47.508813051416041 ], [ 11.469656162044902, 47.508802048230045 ], [ 11.469725546375264, 47.508783758354035 ], [ 11.46977295836693, 47.508775345719172 ], [ 11.469823126574308, 47.50876682666307 ], [ 11.469890344488713, 47.508760008057585 ], [ 11.469957611039582, 47.508755448340892 ], [ 11.470021074299689, 47.50875575622063 ], [ 11.470045691897653, 47.508756525561274 ], [ 11.470076148627699, 47.508756224376654 ], [ 11.47011763463367, 47.508760876195069 ], [ 11.470156168664094, 47.508772569276331 ], [ 11.470194698352225, 47.508784183236322 ], [ 11.47023298473424, 47.508789802081736 ], [ 11.470274247601225, 47.50878939396663 ], [ 11.470321738981678, 47.508790091710587 ], [ 11.470472371484105, 47.508786498768551 ], [ 11.470510845189782, 47.508790090115021 ], [ 11.470569218914971, 47.508799638583803 ], [ 11.470616571011124, 47.508799170102343 ], [ 11.470647105974198, 47.508791780355011 ], [ 11.470671278790785, 47.508782505347703 ], [ 11.470686620994025, 47.508774332284609 ], [ 11.470712595373076, 47.508773996129676 ], [ 11.470752399725935, 47.508780689910928 ], [ 11.470792413235989, 47.508786370630993 ], [ 11.470842962306165, 47.508784934996683 ], [ 11.470873222640295, 47.508775522353567 ], [ 11.470908044445153, 47.508758976923666 ], [ 11.470924049884468, 47.508754846572486 ], [ 11.470940923386731, 47.508753666806669 ], [ 11.470966918633234, 47.508754422315441 ], [ 11.471032971016676, 47.508762881776946 ], [ 11.471143505185193, 47.508786867882876 ], [ 11.47123733710028, 47.50880408808893 ], [ 11.471303258575261, 47.508806472031225 ], [ 11.471374266200769, 47.508804756273427 ], [ 11.471427894810923, 47.508802201562439 ], [ 11.471507254330582, 47.508793315393838 ], [ 11.47161561385591, 47.508775183515823 ], [ 11.471733529892434, 47.508747143932681 ], [ 11.472464492860789, 47.508728686394903 ], [ 11.474483314471643, 47.508677661969685 ], [ 11.477849195953937, 47.508976242781834 ], [ 11.477956889739911, 47.508985764119096 ], [ 11.47821627509876, 47.50900880614661 ], [ 11.481166387184297, 47.509269994243553 ], [ 11.48211820133913, 47.50916756204554 ], [ 11.484145919093383, 47.508949593110188 ], [ 11.485518630059987, 47.50880194814885 ], [ 11.486251306228533, 47.508872648415455 ], [ 11.486773978858148, 47.508923251377496 ], [ 11.487595709100459, 47.509002551143197 ], [ 11.48763900075847, 47.508973999699634 ], [ 11.487650079418302, 47.508955037839215 ], [ 11.487658503544202, 47.508914372002067 ], [ 11.487660370323296, 47.508905162708068 ], [ 11.487667988242109, 47.508885535830402 ], [ 11.487681036064044, 47.5088513661332 ], [ 11.487712820553542, 47.508780323428759 ], [ 11.487736693862194, 47.508741839191359 ], [ 11.487821994060008, 47.50868412305023 ], [ 11.487840173318496, 47.508658547276561 ], [ 11.487858346521076, 47.508632816855808 ], [ 11.487879745557203, 47.50860721053435 ], [ 11.48789182690434, 47.508581541296799 ], [ 11.487894144446033, 47.508556047483346 ], [ 11.487896804401332, 47.508530550230319 ], [ 11.487902570022193, 47.508505023580952 ], [ 11.487914653989991, 47.508479354314154 ], [ 11.487929727508796, 47.508453809721374 ], [ 11.487941583175372, 47.508428142744741 ], [ 11.487959988873676, 47.508402487323721 ], [ 11.487977934568496, 47.508366244634388 ], [ 11.487983929189278, 47.508351307565889 ], [ 11.487989857364639, 47.508338551423684 ], [ 11.487992658751251, 47.508329955152 ], [ 11.487995737840924, 47.508323615501098 ], [ 11.487995690144682, 47.508321435721051 ], [ 11.488004650627579, 47.508300080986437 ], [ 11.488011025250385, 47.508276181608274 ], [ 11.488025210133697, 47.508236238588779 ], [ 11.488034167936345, 47.508214883878424 ], [ 11.488046233073511, 47.508193577102865 ], [ 11.48805519520729, 47.508172299699602 ], [ 11.488064038888981, 47.508150947931995 ], [ 11.488073113453972, 47.508129592045265 ], [ 11.488078854170906, 47.508108271448926 ], [ 11.488078388945302, 47.508087011399226 ], [ 11.488081140805852, 47.508065719030149 ], [ 11.488089872014704, 47.508044445742478 ], [ 11.488102051228852, 47.50802313781427 ], [ 11.488111008965543, 47.508001783097704 ], [ 11.488116752269102, 47.507980460674105 ], [ 11.488125825861887, 47.507959183943612 ], [ 11.488134673827336, 47.507937909479061 ], [ 11.488146734476103, 47.507916523585529 ], [ 11.488158683671767, 47.507895140609278 ], [ 11.488180238029141, 47.507871556422941 ], [ 11.488204828908849, 47.507850123782056 ], [ 11.488226223077865, 47.507824438289362 ], [ 11.488247549102475, 47.507800856384172 ], [ 11.488275449980391, 47.507783518931625 ], [ 11.488303189686514, 47.507764155738272 ], [ 11.488327782158956, 47.507742800406916 ], [ 11.488352369494107, 47.50772121126559 ], [ 11.488380061467428, 47.507699670072448 ], [ 11.488408125789761, 47.507684588556607 ], [ 11.488439156788441, 47.507673683034916 ], [ 11.488470183426957, 47.507662700196171 ], [ 11.488501140096421, 47.507643306424065 ], [ 11.488525731700705, 47.50762179635344 ], [ 11.488553471229501, 47.507602433100494 ], [ 11.488581324913747, 47.507583070492309 ], [ 11.488608948572242, 47.507563631037861 ], [ 11.488633768368157, 47.50754211865015 ], [ 11.488658244773671, 47.507520687060861 ], [ 11.488682785839746, 47.507496995405461 ], [ 11.488707330270216, 47.507473458415745 ], [ 11.488735024622555, 47.507451917111602 ], [ 11.488759727484783, 47.507430404072551 ], [ 11.488784363957549, 47.507411073753886 ], [ 11.488808952644519, 47.507389561851731 ], [ 11.488833474944201, 47.507370232670048 ], [ 11.48886123894375, 47.507346663281147 ], [ 11.488888930512351, 47.507325121967149 ], [ 11.488916784848296, 47.507305680118229 ], [ 11.488944525799969, 47.507286395906171 ], [ 11.488972263344211, 47.507266957016689 ], [ 11.489003268293022, 47.507249665528853 ], [ 11.489034268834063, 47.507232294925529 ], [ 11.489062152225971, 47.507219397125432 ], [ 11.489093244821767, 47.507206231394832 ], [ 11.489124437311011, 47.507197506120875 ], [ 11.489130257114663, 47.507195578549968 ], [ 11.489164726160652, 47.50718432705083 ], [ 11.489198881635147, 47.507169184088738 ], [ 11.489223771073924, 47.507156082499819 ], [ 11.489254819272332, 47.507140893415716 ], [ 11.489285917854742, 47.507127884076134 ], [ 11.489316877606251, 47.507119081938782 ], [ 11.489348068311815, 47.507110279269192 ], [ 11.489379256313102, 47.507101474819393 ], [ 11.489410446997528, 47.507092672132984 ], [ 11.489441566902132, 47.50708597125832 ], [ 11.489472851383042, 47.5070814507785 ], [ 11.489504179266396, 47.507079032760821 ], [ 11.489535393971329, 47.507076538520565 ], [ 11.48956667404998, 47.50707193890802 ], [ 11.489597796615426, 47.50706523976303 ], [ 11.489628824344639, 47.50705433395008 ], [ 11.489660106135464, 47.507049813446137 ], [ 11.489691342771351, 47.507043111329239 ], [ 11.489722579438549, 47.507036411002389 ], [ 11.489753745340906, 47.507031812487369 ], [ 11.489784914666563, 47.507027370433249 ], [ 11.489816149617289, 47.507020592745654 ], [ 11.489847548160567, 47.507016071015769 ], [ 11.489878760116493, 47.507013574910687 ], [ 11.489910044514748, 47.507009054312164 ], [ 11.489941212118017, 47.507004534880366 ], [ 11.489972424101618, 47.507002040548358 ], [ 11.490003660667927, 47.506995338346911 ], [ 11.490034945044021, 47.506990817714495 ], [ 11.490066132856555, 47.506982013079224 ], [ 11.490128375047602, 47.506968612739676 ], [ 11.490159707180068, 47.506966271852377 ], [ 11.49019091912956, 47.506963777461145 ], [ 11.490222201774525, 47.506959179442532 ], [ 11.490253645377479, 47.506956837407543 ], [ 11.490284719956126, 47.50694795649995 ], [ 11.490315793565363, 47.506939152946117 ], [ 11.490346936162098, 47.506928168429589 ], [ 11.490378077826467, 47.506917263065247 ], [ 11.490409223788335, 47.506906433202715 ], [ 11.490420990276856, 47.506903044364954 ], [ 11.490440295695498, 47.506897554078584 ], [ 11.490471371902636, 47.506888750456255 ], [ 11.490502653518716, 47.506884229723724 ], [ 11.490533774114539, 47.506877451192544 ], [ 11.490565009613936, 47.506870827999826 ], [ 11.490596083129606, 47.506862024370704 ], [ 11.490627321266023, 47.506855401134416 ], [ 11.490658417638981, 47.506842314090875 ], [ 11.490698822613426, 47.506829133310639 ], [ 11.490726747099089, 47.506818258446117 ], [ 11.490757932994564, 47.506809376288913 ], [ 11.490789172774894, 47.506802830344306 ], [ 11.490820359608479, 47.50679387080816 ], [ 11.49085138865512, 47.506783043801271 ], [ 11.490882506490399, 47.506776265202909 ], [ 11.490913652302513, 47.506765437003182 ], [ 11.490944886907982, 47.506758657211847 ], [ 11.490976076162839, 47.506749931465038 ], [ 11.491007266325534, 47.506741126549279 ], [ 11.491038407700394, 47.506730219208862 ], [ 11.491069365220849, 47.506721339266839 ], [ 11.491100649337634, 47.506716818345581 ], [ 11.491131885625492, 47.506710117637581 ], [ 11.491163211467365, 47.506707620035094 ], [ 11.491194381433035, 47.506703100238092 ], [ 11.491231914732143, 47.506700619238089 ], [ 11.491256925091299, 47.506698264381335 ], [ 11.491288184654438, 47.506697949471246 ], [ 11.491319696753974, 47.506703940731086 ], [ 11.491351353354718, 47.506716395752846 ], [ 11.491382868165957, 47.506722388766882 ], [ 11.491414223412226, 47.506726433378404 ], [ 11.491445599779139, 47.50672611724859 ], [ 11.491476973491206, 47.506725801136952 ], [ 11.491508302018051, 47.50672330521202 ], [ 11.49153946930732, 47.506718785348127 ], [ 11.491570775980694, 47.506720495441392 ], [ 11.491602245373802, 47.506724538851287 ], [ 11.491633641691529, 47.506730453839154 ], [ 11.491656155381392, 47.5067348231374 ], [ 11.491878901238795, 47.506712403624505 ], [ 11.492247283917123, 47.506684234012617 ], [ 11.492838893492065, 47.506849158931047 ], [ 11.49370521122191, 47.507012398008918 ], [ 11.494051270540814, 47.507103383664543 ], [ 11.494589418825045, 47.507257000883328 ], [ 11.494859422387579, 47.507282080040547 ], [ 11.495445327961619, 47.507239391980242 ], [ 11.495849837063384, 47.507155153563417 ], [ 11.49634890858915, 47.507215064769142 ], [ 11.496621986472352, 47.507202175380641 ], [ 11.497281994548119, 47.507334917063922 ], [ 11.497761743379698, 47.507295162954058 ], [ 11.498216325638127, 47.507391192406295 ], [ 11.499196882212862, 47.507187847911453 ], [ 11.499660144695268, 47.507120136349648 ], [ 11.500171856926048, 47.507034014086017 ], [ 11.501130369861707, 47.506920918678709 ], [ 11.501502056958815, 47.506860359607799 ], [ 11.502066888011571, 47.506764654948526 ], [ 11.502333982500957, 47.506689344359721 ], [ 11.50236990838429, 47.506650579756212 ], [ 11.502399787340037, 47.506624260238453 ], [ 11.50245866129176, 47.506588766444331 ], [ 11.502537523298278, 47.506562961420357 ], [ 11.502601606810298, 47.506539488742305 ], [ 11.502766289242613, 47.506506345258941 ], [ 11.502792340290295, 47.506499224615382 ], [ 11.502837018215065, 47.506487088004775 ], [ 11.502900248905915, 47.506461441776764 ], [ 11.503987579808385, 47.505777087387386 ], [ 11.504344235862957, 47.505552557134578 ], [ 11.505044050240981, 47.505112121647151 ], [ 11.505657352756947, 47.504726076006847 ], [ 11.509178220167342, 47.506164339757355 ], [ 11.509475875124071, 47.506181780105493 ], [ 11.509629310693818, 47.506190880966955 ], [ 11.509773416090892, 47.506199219048867 ], [ 11.511083849012245, 47.506275372893057 ], [ 11.512528493314814, 47.506359325459421 ], [ 11.513357178488636, 47.50699115725611 ], [ 11.515508847658342, 47.508631303210201 ], [ 11.516522628667017, 47.509403980962453 ], [ 11.518605021178827, 47.511001474993215 ], [ 11.518720190628947, 47.510995302531853 ], [ 11.518819226998135, 47.510982363416154 ], [ 11.518899790451313, 47.51096073721795 ], [ 11.518936258064677, 47.510941355730381 ], [ 11.518945571207233, 47.510936352278286 ], [ 11.518979668198169, 47.510903519710922 ], [ 11.519006775153752, 47.510856429246864 ], [ 11.519033079454573, 47.510809422609775 ], [ 11.519067113389575, 47.510784068671057 ], [ 11.519103346002623, 47.510769596938474 ], [ 11.519213558072401, 47.510742289541362 ], [ 11.51929056989769, 47.510711039646736 ], [ 11.519405128567028, 47.510652217350966 ], [ 11.519478034791973, 47.510627554075519 ], [ 11.519517623907655, 47.510614058551042 ], [ 11.519725497994962, 47.510579354840438 ], [ 11.519992359510365, 47.510534851200696 ], [ 11.520018128160334, 47.510530535838292 ], [ 11.520054395053331, 47.510522683382696 ], [ 11.520196087393744, 47.510489597549885 ], [ 11.520314437037225, 47.510461269635094 ], [ 11.520325003876103, 47.510455708057776 ], [ 11.520501902771027, 47.510362592505075 ], [ 11.520582049269882, 47.510322509167118 ], [ 11.520711824155423, 47.51028089850859 ], [ 11.520757916573169, 47.510265234260679 ], [ 11.520777481126311, 47.510250934195327 ], [ 11.520783779290317, 47.510234434422827 ], [ 11.520924404455792, 47.510159063093631 ], [ 11.521005161750166, 47.510110403210746 ], [ 11.521092072675101, 47.510074689287009 ], [ 11.521149511183669, 47.510052363248811 ], [ 11.521208799283944, 47.510040845615009 ], [ 11.521283058111218, 47.510030342499761 ], [ 11.521401974575191, 47.510017118317073 ], [ 11.521451447856013, 47.51000352174993 ], [ 11.521501178807901, 47.509975901909762 ], [ 11.52164257406533, 47.509929730391725 ], [ 11.52172292317559, 47.509903896801653 ], [ 11.521861430558104, 47.509877461767594 ], [ 11.521992691065959, 47.509860993636885 ], [ 11.522050352556743, 47.509853777357264 ], [ 11.522078845172858, 47.509853014957983 ], [ 11.522111703436199, 47.509852050894068 ], [ 11.522176352992364, 47.509859094070798 ], [ 11.522269012381003, 47.509859148385864 ], [ 11.522331996435978, 47.509858496840003 ], [ 11.522383208540584, 47.50985586413649 ], [ 11.522422689143934, 47.509847743826114 ], [ 11.52244551509003, 47.50983021669385 ], [ 11.522484237888717, 47.50982428626213 ], [ 11.522505660498521, 47.509820948930745 ], [ 11.522514023019916, 47.50981961577402 ], [ 11.522523130959256, 47.509820845525368 ], [ 11.522543887949286, 47.509823669093947 ], [ 11.522583525535907, 47.509827698640514 ], [ 11.52261182928687, 47.509833871004794 ], [ 11.522641810985236, 47.509837921292103 ], [ 11.522754405493691, 47.509840028344769 ], [ 11.522975330690899, 47.509838832001037 ], [ 11.522996944675185, 47.509843983382112 ], [ 11.523025251968962, 47.509850310312707 ], [ 11.523085056578868, 47.509861608943687 ], [ 11.523133270975801, 47.509868742556307 ], [ 11.523194532304817, 47.509868108369972 ], [ 11.523242433253749, 47.509866522338982 ], [ 11.523272030458617, 47.509858583208029 ], [ 11.523298532531795, 47.509856205918126 ], [ 11.523323379444305, 47.50985695964642 ], [ 11.523349935995578, 47.509862059787821 ], [ 11.523378080036053, 47.5098662080607 ], [ 11.523429480885957, 47.509866765974422 ], [ 11.523463482402191, 47.509870698870181 ], [ 11.523483489612309, 47.509875944149819 ], [ 11.523515250364817, 47.509887531146539 ], [ 11.523566609984018, 47.509891438968566 ], [ 11.523695941092893, 47.509896564815861 ], [ 11.523816746362122, 47.509900843401425 ], [ 11.523950069895388, 47.509899462379778 ], [ 11.523997856704032, 47.509897877215515 ], [ 11.524102068485631, 47.509890177659948 ], [ 11.524211297436722, 47.509885852920739 ], [ 11.524331779277937, 47.509875802516461 ], [ 11.524439810103427, 47.509854042489927 ], [ 11.524533244677713, 47.509817166415203 ], [ 11.524615187258558, 47.509780486729341 ], [ 11.524662561484398, 47.509755460561941 ], [ 11.524710053337724, 47.509730589659426 ], [ 11.524781782133319, 47.50968957605189 ], [ 11.52481467845735, 47.509675137092522 ], [ 11.524840934497016, 47.509671983074533 ], [ 11.52486432283699, 47.509669169988875 ], [ 11.524921107276544, 47.509658766518299 ], [ 11.524954061744182, 47.509651959628833 ], [ 11.524990346643415, 47.509644963494715 ], [ 11.525053021015403, 47.509635668173146 ], [ 11.525084176196023, 47.509625607711726 ], [ 11.525105315195631, 47.509604670643725 ], [ 11.52513118402408, 47.509579322205489 ], [ 11.52516390288762, 47.509567142599195 ], [ 11.525211689624218, 47.509550289704052 ], [ 11.525259560983697, 47.509542237906388 ], [ 11.52529404164231, 47.509541880321571 ], [ 11.525330709734696, 47.509546797787294 ], [ 11.525355487055579, 47.509544358757424 ], [ 11.525406915325737, 47.509515706835202 ], [ 11.525454343257936, 47.509488031807443 ], [ 11.525562568503465, 47.509444381542231 ], [ 11.525588929700479, 47.509440835901444 ], [ 11.525618391911182, 47.509432118641762 ], [ 11.525626842051146, 47.509429616865638 ], [ 11.525655582406479, 47.509419503946198 ], [ 11.525700637352411, 47.509403848467663 ], [ 11.525777751035456, 47.509367140689641 ], [ 11.525822001619412, 47.509351493508376 ], [ 11.525863443083582, 47.509348881470849 ], [ 11.525866079823738, 47.50934854290383 ], [ 11.525917018964742, 47.50934396504762 ], [ 11.525945152054103, 47.509342581200563 ], [ 11.525979780520734, 47.509333499031349 ], [ 11.526009522202896, 47.509332100275415 ], [ 11.526047426128899, 47.50933061680982 ], [ 11.526088916879718, 47.509330186239488 ], [ 11.526108634795895, 47.509327799551286 ], [ 11.526125620956901, 47.509321548400059 ], [ 11.526141579801788, 47.509315539965435 ], [ 11.526167940933556, 47.509311995990799 ], [ 11.52621409388505, 47.509309334928751 ], [ 11.526339944609607, 47.50930795133079 ], [ 11.526396878048789, 47.509304167315221 ], [ 11.52644116863449, 47.509300514514443 ], [ 11.526458037372405, 47.50929917012089 ], [ 11.526542243782114, 47.509286378268456 ], [ 11.526646207366381, 47.509267774068661 ], [ 11.526700438516579, 47.509256385245045 ], [ 11.526739992815211, 47.509251689575954 ], [ 11.526840929187658, 47.509251731603037 ], [ 11.526883125526895, 47.509246932895294 ], [ 11.526911307884262, 47.509247730359647 ], [ 11.526937826035013, 47.509256177813874 ], [ 11.526974717804997, 47.509270984557617 ], [ 11.52700620942713, 47.509270657499826 ], [ 11.527024294062441, 47.509267197486018 ], [ 11.527039040044999, 47.509258398843521 ], [ 11.527063714068685, 47.50925152084254 ], [ 11.527106699159907, 47.509251074383208 ], [ 11.527154841279785, 47.509255014016148 ], [ 11.527289147435335, 47.50926662671548 ], [ 11.52737445876774, 47.509272284838495 ], [ 11.527463783100854, 47.509272367801508 ], [ 11.527500342347468, 47.509277519560776 ], [ 11.527538646286359, 47.50928350765588 ], [ 11.527590119718173, 47.509287412492604 ], [ 11.527669594859129, 47.509294219370311 ], [ 11.527722579045237, 47.50929366877434 ], [ 11.527744906323329, 47.509289621290954 ], [ 11.527773643113679, 47.509284415263721 ], [ 11.527795059857292, 47.509280843147167 ], [ 11.527820122958779, 47.509286112479479 ], [ 11.527864119094392, 47.5092998323248 ], [ 11.527925689489113, 47.509307837888898 ], [ 11.528025261596015, 47.50931879795823 ], [ 11.528147771371469, 47.509327339230119 ], [ 11.528234266185331, 47.509339525194846 ], [ 11.528287601865832, 47.509359533859147 ], [ 11.528327984515361, 47.509386374463077 ], [ 11.528367249516064, 47.509404426476308 ], [ 11.528404027645259, 47.509419233942133 ], [ 11.528443901155841, 47.509428632310822 ], [ 11.528515210363153, 47.509430072859885 ], [ 11.528619480062298, 47.509430156011199 ], [ 11.528662218284204, 47.509418806631047 ], [ 11.528701400307154, 47.509397681245552 ], [ 11.528747020194089, 47.509361299012674 ], [ 11.528796030029806, 47.509332514215707 ], [ 11.528850768622288, 47.509308033929308 ], [ 11.528887000132256, 47.509293559106254 ], [ 11.528926592505785, 47.509285512742693 ], [ 11.528961301227262, 47.509285151682057 ], [ 11.529027486251051, 47.509288825479196 ], [ 11.52907409057002, 47.509295895991897 ], [ 11.529132017193811, 47.509295293324548 ], [ 11.529188414367859, 47.509303352034031 ], [ 11.529261585811039, 47.509321128301984 ], [ 11.52930659019316, 47.509333746972295 ], [ 11.529328181573465, 47.509337882818784 ], [ 11.529350659937053, 47.509335468646519 ], [ 11.529368556178349, 47.509328739830821 ], [ 11.529420675352064, 47.509290030281953 ], [ 11.529437006536876, 47.509280202055287 ], [ 11.529463504507298, 47.509277668676631 ], [ 11.529517980405238, 47.509277101726283 ], [ 11.529567608537889, 47.509275493276164 ], [ 11.529610429944729, 47.509257756596114 ], [ 11.529645886467673, 47.509219299525839 ], [ 11.529676546144501, 47.509187434958427 ], [ 11.529694605855623, 47.509182884651594 ], [ 11.529721065516831, 47.509183699356981 ], [ 11.529741286098512, 47.509193303646711 ], [ 11.529764895936756, 47.509210348862261 ], [ 11.529805157395256, 47.509231816907594 ], [ 11.529830916774888, 47.509242376300165 ], [ 11.529859176002434, 47.509246444430957 ], [ 11.529897144398863, 47.509242776960456 ], [ 11.529933336254457, 47.50923687035921 ], [ 11.52999241855778, 47.509211252373085 ], [ 11.530059837846833, 47.509193257616367 ], [ 11.530117334453259, 47.509168668854592 ], [ 11.530218839615939, 47.509122981249455 ], [ 11.530269708735599, 47.509105160515226 ], [ 11.530318453818341, 47.509100213190834 ], [ 11.530358243706367, 47.509100888919491 ], [ 11.530545394284312, 47.509110934642877 ], [ 11.530684544216717, 47.509118130587055 ], [ 11.530766058652356, 47.509133716070664 ], [ 11.530811814436047, 47.509143987757746 ], [ 11.530833455363183, 47.509150304865301 ], [ 11.530881907997465, 47.509162886990246 ], [ 11.531060794794172, 47.509178470429951 ], [ 11.531295369663855, 47.509191213748295 ], [ 11.53134835367627, 47.509190661478002 ], [ 11.531394638161215, 47.509183636435004 ], [ 11.531438893829101, 47.509173437683444 ], [ 11.531478478753112, 47.509159939860822 ], [ 11.531504839424304, 47.509156394662895 ], [ 11.531538078365299, 47.509157138275143 ], [ 11.531574794313045, 47.509174202988007 ], [ 11.531624794513608, 47.509194244876063 ], [ 11.531667997088244, 47.509198234113647 ], [ 11.531724238039954, 47.509194375520032 ], [ 11.531777836122007, 47.509190467104375 ], [ 11.531809065826263, 47.509183755377862 ], [ 11.531843518008804, 47.509166961406983 ], [ 11.53187790116759, 47.509147129810316 ], [ 11.531910801307925, 47.509137984719196 ], [ 11.531986838503698, 47.509135088832487 ], [ 11.53207617943284, 47.509130886655811 ], [ 11.532110716394218, 47.509122971070127 ], [ 11.532146563758557, 47.509101800133152 ], [ 11.532175485884844, 47.509059202815834 ], [ 11.532189509932268, 47.509018788248035 ], [ 11.532210459127873, 47.508994657003349 ], [ 11.532235062449514, 47.508984585584891 ], [ 11.532265585899248, 47.508982086919332 ], [ 11.532315219870657, 47.508986008823122 ], [ 11.532355060115647, 47.508988786242625 ], [ 11.532388011405672, 47.508981899893676 ], [ 11.532402613081915, 47.508971934581268 ], [ 11.53242400102374, 47.508961974019961 ], [ 11.532440779258778, 47.508961798972052 ], [ 11.532445607546924, 47.508961748597919 ], [ 11.532468643918639, 47.508963690314467 ], [ 11.532508977066414, 47.508988272352347 ], [ 11.532547290193309, 47.508999788485013 ], [ 11.532575472518264, 47.509000586356009 ], [ 11.532615098621516, 47.50899908094943 ], [ 11.532681079909079, 47.50898865681544 ], [ 11.532762802407017, 47.50897798921914 ], [ 11.532921463426623, 47.508968700620677 ], [ 11.532966138950542, 47.508961691735443 ], [ 11.53298542179307, 47.508945210456815 ], [ 11.533008093313805, 47.508921062886927 ], [ 11.533036002887293, 47.508909866654264 ], [ 11.533070606741878, 47.508899768019525 ], [ 11.533118441902218, 47.50890036060715 ], [ 11.5331751030023, 47.50891487983322 ], [ 11.533233318553091, 47.508921982144606 ], [ 11.53327048760773, 47.508923697002288 ], [ 11.533296963928597, 47.508920227536834 ], [ 11.533339792701083, 47.508907785333101 ], [ 11.533380830703505, 47.508897621224683 ], [ 11.533438533612026, 47.50888720393948 ], [ 11.533544225497394, 47.508874105236991 ], [ 11.533617020326304, 47.508870151996199 ], [ 11.533694786015298, 47.508872532874364 ], [ 11.533750405716098, 47.508881766742789 ], [ 11.533810385036622, 47.5089006906733 ], [ 11.533852172988063, 47.508913339357974 ], [ 11.533918546366394, 47.50892027875679 ], [ 11.534059255114961, 47.508925274059244 ], [ 11.53415889220042, 47.508934047861537 ], [ 11.534252661749626, 47.508952618512261 ], [ 11.534509188356935, 47.509020661399369 ], [ 11.534749820965201, 47.509082327272864 ], [ 11.534837956647344, 47.509100878984675 ], [ 11.534909309441806, 47.509114387491543 ], [ 11.534955702648581, 47.509117172851013 ], [ 11.535010409201282, 47.509116600878663 ], [ 11.535036807465023, 47.509109704930637 ], [ 11.535076162226249, 47.509096285622974 ], [ 11.535150899614271, 47.509031323123466 ], [ 11.535176889214526, 47.509011500951161 ], [ 11.535206624806985, 47.509004724770406 ], [ 11.535240562093824, 47.50901083510778 ], [ 11.535280568927174, 47.509031057261893 ], [ 11.535344294111228, 47.509063103739329 ], [ 11.53540458795062, 47.509090670840457 ], [ 11.535459700148643, 47.509112915206664 ], [ 11.535501322197598, 47.509123384763868 ], [ 11.535591087730865, 47.509137713030078 ], [ 11.535737906441858, 47.509153545468251 ], [ 11.535908842324211, 47.50917341214388 ], [ 11.536039552668589, 47.509188633820358 ], [ 11.536046584182854, 47.509189495664863 ], [ 11.536111268697125, 47.509202916700509 ], [ 11.536235945965196, 47.509256057259044 ], [ 11.536281221759159, 47.509280508888317 ], [ 11.536336495614638, 47.509314825331593 ], [ 11.536393304512202, 47.509335884006092 ], [ 11.536456587688976, 47.509348384089662 ], [ 11.536518399044942, 47.509377024850579 ], [ 11.536737553210051, 47.509444363856836 ], [ 11.536974351425421, 47.509519073029225 ], [ 11.537069339851286, 47.509550713782303 ], [ 11.537152561302149, 47.509570484467027 ], [ 11.537227941932532, 47.509574055415058 ], [ 11.537319379834068, 47.509586105397588 ], [ 11.537415722536643, 47.509601453466722 ], [ 11.53751051410006, 47.509624450422557 ], [ 11.537716696981283, 47.509702673663966 ], [ 11.53777855507311, 47.509728195768929 ], [ 11.537840359042146, 47.50975146079324 ], [ 11.537893576021482, 47.509766091136115 ], [ 11.537971583579296, 47.509773998185359 ], [ 11.538022728549894, 47.509773462106637 ], [ 11.538055793695452, 47.509766572935582 ], [ 11.53809168207766, 47.509742284020696 ], [ 11.538120670834768, 47.509702800190134 ], [ 11.538150088721272, 47.509687226377572 ], [ 11.538208423287307, 47.509669244707545 ], [ 11.538229915916041, 47.509669019389712 ], [ 11.538259792242362, 47.509678520951674 ], [ 11.538315085625122, 47.509698504431825 ], [ 11.538356868441175, 47.509720966306212 ], [ 11.538373470154298, 47.509723049855701 ], [ 11.538398186789086, 47.509712977725151 ], [ 11.538412200201137, 47.509682296331107 ], [ 11.538426273850295, 47.509644139890383 ], [ 11.538448779140666, 47.509617809126802 ], [ 11.538493105829629, 47.509595536313434 ], [ 11.538572013456251, 47.509577416081676 ], [ 11.53863993927188, 47.509576703752387 ], [ 11.538692341653752, 47.509585891612566 ], [ 11.538752295954101, 47.509603723090656 ], [ 11.538794019515802, 47.50961847356011 ], [ 11.538818895836902, 47.509620392903955 ], [ 11.538855179666488, 47.509613547094389 ], [ 11.538911174047142, 47.509598784451796 ], [ 11.538953768414871, 47.509586342609488 ], [ 11.539056166079845, 47.509579893320371 ], [ 11.539109164842207, 47.509574976784535 ], [ 11.53917873282929, 47.50954051940365 ], [ 11.539229684892145, 47.509521447185058 ], [ 11.539279137614734, 47.509512282805915 ], [ 11.539331830578073, 47.509504097183481 ], [ 11.539424607652519, 47.509504213748123 ], [ 11.539563906518527, 47.509517939939599 ], [ 11.539670822132715, 47.509533175148825 ], [ 11.539710928597753, 47.509542567156572 ], [ 11.539734828319077, 47.50955205371541 ], [ 11.539764407845842, 47.509563660910786 ], [ 11.539821232402263, 47.50959032488332 ], [ 11.539858063659446, 47.509607308383814 ], [ 11.53988977972838, 47.509616790208199 ], [ 11.539911546568522, 47.509628556735997 ], [ 11.539973486495636, 47.509662722294301 ], [ 11.5400405330175, 47.509699016264143 ], [ 11.54011224605433, 47.509723188804301 ], [ 11.540166242968578, 47.509736719772761 ], [ 11.540256297680283, 47.50975859671545 ], [ 11.540350816376101, 47.509769599150438 ], [ 11.540377365655187, 47.509769320324551 ], [ 11.540387472422124, 47.509779027158132 ], [ 11.540404397613932, 47.509795129411785 ], [ 11.540442755921582, 47.509803528544069 ], [ 11.540495946063217, 47.509817067830781 ], [ 11.540627818652226, 47.509867868628028 ], [ 11.540665271193408, 47.509871837524848 ], [ 11.540699866013005, 47.509871474107051 ], [ 11.540749519253222, 47.509870952482657 ], [ 11.540774580298228, 47.509876062502386 ], [ 11.540800069961323, 47.509899784789695 ], [ 11.540888082370751, 47.509922772823792 ], [ 11.541006258134869, 47.509947703257431 ], [ 11.541215515893835, 47.509979152580428 ], [ 11.54133121573159, 47.5100064436675 ], [ 11.542437566689053, 47.510556788625735 ], [ 11.542837365193257, 47.51075564312459 ], [ 11.544390071038068, 47.511528009268908 ], [ 11.544981303600226, 47.511822123217662 ], [ 11.548029930439679, 47.512410883871659 ], [ 11.549883988146115, 47.512769820408366 ], [ 11.550281016309594, 47.512846623193731 ], [ 11.550326399797441, 47.512855412346532 ], [ 11.550570687611037, 47.512944345942337 ], [ 11.551775673031608, 47.513382873621637 ], [ 11.552407699014683, 47.512743078760998 ], [ 11.552708426618379, 47.512438609395467 ], [ 11.552883786154158, 47.512261106316416 ], [ 11.555197716758242, 47.512713450613234 ], [ 11.555819628852706, 47.512834967035218 ], [ 11.559925259361322, 47.513637813338413 ], [ 11.561038732683631, 47.513855233026355 ], [ 11.562078409410203, 47.514057929837982 ], [ 11.56501928548769, 47.513863815142329 ], [ 11.566121049081113, 47.513790625530774 ], [ 11.56769368127884, 47.513686117634187 ], [ 11.568121161862623, 47.513657691905053 ], [ 11.56876949484502, 47.513614582606522 ], [ 11.569334016843406, 47.513753000050073 ], [ 11.572407000032571, 47.51450566760672 ], [ 11.574813855611502, 47.516486537852302 ], [ 11.575430110178322, 47.51699372116552 ], [ 11.575595901328915, 47.517130185145092 ], [ 11.575610554840869, 47.51714217649301 ], [ 11.577011996764005, 47.519687119266763 ], [ 11.577063297200102, 47.51978049881599 ], [ 11.577281806821579, 47.520177166622382 ], [ 11.57729465161445, 47.520200238734596 ], [ 11.57730979977347, 47.520228193299182 ], [ 11.577378527812147, 47.520231655172182 ], [ 11.577600564704657, 47.520290395906898 ], [ 11.577657334227242, 47.520313303619218 ], [ 11.577688276279456, 47.520328469678837 ], [ 11.577711920121384, 47.520331563216423 ], [ 11.577745716905058, 47.520331197271247 ], [ 11.577787039427973, 47.520337914824509 ], [ 11.577789812545493, 47.520338507213978 ], [ 11.577842636076667, 47.520350164099533 ], [ 11.577934274394124, 47.520364672808867 ], [ 11.577970022938411, 47.520373866576193 ], [ 11.578059925399236, 47.520387847120205 ], [ 11.57813062934402, 47.520406942926385 ], [ 11.578180180559956, 47.520430941341388 ], [ 11.578241694386392, 47.520450293127617 ], [ 11.578358031349518, 47.520478475390227 ], [ 11.578397974343536, 47.520485130315755 ], [ 11.578440568034273, 47.520496976903331 ], [ 11.578449355447196, 47.520513627614548 ], [ 11.578461846332321, 47.520541143103067 ], [ 11.578491006713675, 47.520558665013759 ], [ 11.57854547271055, 47.520566875086374 ], [ 11.578559027256977, 47.520571167896136 ], [ 11.578574649512726, 47.52058992660136 ], [ 11.578593837209691, 47.520618538795709 ], [ 11.578621096367032, 47.520662717512948 ], [ 11.578641095901151, 47.520691632111237 ], [ 11.578814445044603, 47.520752923609948 ], [ 11.578939856600401, 47.520804917851159 ], [ 11.578983365574601, 47.520816597813017 ], [ 11.579034375728304, 47.520829363934851 ], [ 11.579116663001681, 47.520837273971935 ], [ 11.579150592563014, 47.520842515128621 ], [ 11.579220084421296, 47.520853988891801 ], [ 11.579249122043231, 47.520861463312528 ], [ 11.579445371941134, 47.520938161370481 ], [ 11.57947461195484, 47.520959029910955 ], [ 11.579511988503278, 47.520964154433557 ], [ 11.57956283059753, 47.520974741881936 ], [ 11.579618315940566, 47.520991898888923 ], [ 11.579642011742969, 47.520997173524982 ], [ 11.579681162894952, 47.521004459008537 ], [ 11.579720544106081, 47.521026309435641 ], [ 11.57975579456172, 47.521038778439348 ], [ 11.579778522031159, 47.521046788875204 ], [ 11.579810751805324, 47.521053136603399 ], [ 11.579846335539868, 47.521050493045273 ], [ 11.579874995967041, 47.521046832640756 ], [ 11.579903499119428, 47.521036631353766 ], [ 11.579943621272147, 47.52102163049836 ], [ 11.579987246548477, 47.521009005745952 ], [ 11.580032917869643, 47.521005083422629 ], [ 11.580061843353251, 47.521012636206606 ], [ 11.580106963453739, 47.521024375617088 ], [ 11.580163188225177, 47.521043706398579 ], [ 11.580181919303287, 47.521048020208589 ], [ 11.580209047340528, 47.521047725888238 ], [ 11.580246529009738, 47.52105729050286 ], [ 11.580273936921968, 47.521073661692057 ], [ 11.580298169409806, 47.521096687262457 ], [ 11.580327829668489, 47.52113530971743 ], [ 11.58034003445878, 47.521150678367647 ], [ 11.580363760657846, 47.521157120007636 ], [ 11.580402667127709, 47.521158878096685 ], [ 11.580436867691194, 47.521170735865923 ], [ 11.580464329140828, 47.521189365840691 ], [ 11.58048872015519, 47.521219088735307 ], [ 11.580507761750763, 47.52123664078858 ], [ 11.580536597212431, 47.521245207207613 ], [ 11.58056043311341, 47.521251568465026 ], [ 11.580581053108558, 47.521258043770054 ], [ 11.580598984647887, 47.521272337464076 ], [ 11.580621715287112, 47.521299896290309 ], [ 11.580635557527584, 47.521316337267926 ], [ 11.580662982222353, 47.521323751483564 ], [ 11.58069849797041, 47.521327883037699 ], [ 11.580735942277039, 47.521340795641429 ], [ 11.580768333465704, 47.521353842232436 ], [ 11.580814571580021, 47.521378809096312 ], [ 11.580903731540685, 47.521424497397682 ], [ 11.580919078541489, 47.521431574947783 ], [ 11.581026838441016, 47.521480955845874 ], [ 11.581096000658569, 47.521512451953505 ], [ 11.581132097961277, 47.521536440457503 ], [ 11.58117355402203, 47.521568158182028 ], [ 11.581203046794302, 47.521604601966928 ], [ 11.581235828902388, 47.521634156237688 ], [ 11.581279116910173, 47.521670450208283 ], [ 11.581320290600049, 47.521699990684915 ], [ 11.581356234116214, 47.521717359055806 ], [ 11.581395491122084, 47.521729084276359 ], [ 11.581426140263508, 47.521736617997689 ], [ 11.581453286151794, 47.521741775640137 ], [ 11.581489123902134, 47.521754784596745 ], [ 11.581518309880353, 47.521773316437603 ], [ 11.581549053192484, 47.521789651096064 ], [ 11.581589064940408, 47.52179926334599 ], [ 11.581621426293747, 47.52181114073818 ], [ 11.581647217022185, 47.521831968836352 ], [ 11.58168041219327, 47.521869307707689 ], [ 11.581716461018223, 47.52189111449421 ], [ 11.581776401570476, 47.521921620230913 ], [ 11.581839454887385, 47.521947650648961 ], [ 11.581894083263581, 47.521962635603835 ], [ 11.581955148145168, 47.521977473250196 ], [ 11.582086830827773, 47.522002680527002 ], [ 11.582153418188645, 47.522012861885287 ], [ 11.582204080040452, 47.52201566090681 ], [ 11.582248028150239, 47.522011833781072 ], [ 11.582283551687155, 47.522011447734982 ], [ 11.58232757006466, 47.522015409029919 ], [ 11.582351485841205, 47.522025118589241 ], [ 11.582363785047121, 47.522039394067775 ], [ 11.582379504372181, 47.522067107895509 ], [ 11.582391528182633, 47.522074689078515 ], [ 11.582427189084422, 47.522075391625329 ], [ 11.582461128782022, 47.522076192020286 ], [ 11.582499883278947, 47.522081144088745 ], [ 11.582540923713813, 47.522095263649334 ], [ 11.582570916581318, 47.52211386560284 ], [ 11.582598545077465, 47.522134673510287 ], [ 11.582622188169648, 47.522137688691735 ], [ 11.582652785027229, 47.522142885889203 ], [ 11.582665653092723, 47.522152247766201 ], [ 11.582730239463144, 47.522194307171006 ], [ 11.58279681278437, 47.522228089808856 ], [ 11.582873765606571, 47.522258330862471 ], [ 11.582890332607683, 47.522263525832201 ], [ 11.582945247904489, 47.522280842132297 ], [ 11.583040769478597, 47.52230862355664 ], [ 11.583060268238928, 47.522316278090933 ], [ 11.583084493042998, 47.52234865201055 ], [ 11.583091706828228, 47.522356985196474 ], [ 11.583107311673498, 47.522370211869806 ], [ 11.583127860941568, 47.522383307418849 ], [ 11.583138399120324, 47.522401030658322 ], [ 11.583156018490119, 47.522426309599091 ], [ 11.58317645097261, 47.522439406409404 ], [ 11.583212156705754, 47.522446807309109 ], [ 11.583241177539138, 47.522443764562709 ], [ 11.583300994076719, 47.522483538756745 ], [ 11.583321923448207, 47.522507848044668 ], [ 11.583336320590943, 47.522547648503739 ], [ 11.583376398221795, 47.52259394607352 ], [ 11.583410066016379, 47.522626839629169 ], [ 11.583458349797844, 47.522665181342184 ], [ 11.583487468394999, 47.522676003351002 ], [ 11.583518114669671, 47.522683380040625 ], [ 11.583556998390044, 47.522684126329388 ], [ 11.583618127005792, 47.522696780337647 ], [ 11.583680436986214, 47.522715575479452 ], [ 11.583711955081446, 47.522725669756632 ], [ 11.583744214060333, 47.522733185343576 ], [ 11.583767779909174, 47.522732928939881 ], [ 11.583794804345407, 47.522728117875033 ], [ 11.583816567680875, 47.522724531531743 ], [ 11.583840430653405, 47.522722246324662 ], [ 11.583860815562478, 47.522723582356591 ], [ 11.583904359084105, 47.52275597794646 ], [ 11.58404097221583, 47.522833862129275 ], [ 11.584090050843903, 47.522871649860754 ], [ 11.584119287442554, 47.522892362546948 ], [ 11.584150696285603, 47.522902769101343 ], [ 11.584158461282417, 47.522905332561869 ], [ 11.584197572724007, 47.522920485301825 ], [ 11.584242154001871, 47.522943211202168 ], [ 11.584290150520351, 47.522969405956232 ], [ 11.584327624551662, 47.52298348454584 ], [ 11.584346363681405, 47.522983280563523 ], [ 11.584383417340069, 47.522979527669854 ], [ 11.584400279167282, 47.522982693656537 ], [ 11.584412331168696, 47.522991441803057 ], [ 11.584415424532001, 47.52301033609865 ], [ 11.584431006940102, 47.523100051837588 ], [ 11.584434825339052, 47.523115588697607 ], [ 11.584445127586283, 47.523123343111038 ], [ 11.584467162233182, 47.523126373623526 ], [ 11.584492673541995, 47.523130537362782 ], [ 11.584513143994393, 47.52314028397911 ], [ 11.584525574448399, 47.523160166749157 ], [ 11.584570042919285, 47.523183048454754 ], [ 11.584622861917968, 47.523199141939223 ], [ 11.584684403909007, 47.523233991037451 ], [ 11.584755564947155, 47.523272083103997 ], [ 11.584810853424189, 47.52331478764345 ], [ 11.584869127827318, 47.523347567517867 ], [ 11.584937423378042, 47.523381173652005 ], [ 11.585045243148425, 47.523427824792513 ], [ 11.585253450875776, 47.52351333936172 ], [ 11.585326075913475, 47.523540353722964 ], [ 11.585355199202297, 47.523561067327527 ], [ 11.585371051227192, 47.523579743448309 ], [ 11.585398705072514, 47.52360623670863 ], [ 11.585422622174805, 47.523615947411322 ], [ 11.585490843395855, 47.523646281836044 ], [ 11.585602127580207, 47.523698424508076 ], [ 11.585643339913906, 47.523724613466129 ], [ 11.585686506044086, 47.523765190263909 ], [ 11.585710776817189, 47.523784866526015 ], [ 11.585746423291383, 47.523794526694196 ], [ 11.585816930006493, 47.523804895272164 ], [ 11.585854297810297, 47.523814459294847 ], [ 11.585915865079913, 47.523840581018106 ], [ 11.586037098097236, 47.523890357221127 ], [ 11.586148405510235, 47.523943432735635 ], [ 11.586171700497367, 47.523960703621846 ], [ 11.586213716534226, 47.523991636292365 ], [ 11.586293012433501, 47.524057366879063 ], [ 11.586320202165529, 47.524098274120995 ], [ 11.586332650777814, 47.524123688096026 ], [ 11.586340067337034, 47.52415024526438 ], [ 11.586331242294612, 47.524204786821571 ], [ 11.586335870536301, 47.524259181700373 ], [ 11.586354283261487, 47.524317865959667 ], [ 11.586378800932986, 47.524357633038072 ], [ 11.586418352366378, 47.524381504860202 ], [ 11.586465221602655, 47.524398829851044 ], [ 11.586507958426472, 47.524411682859821 ], [ 11.58653023286738, 47.52443449640095 ], [ 11.586534342560677, 47.52446225889647 ], [ 11.586542260829978, 47.52450991880626 ], [ 11.586566882391484, 47.52455404702954 ], [ 11.586627091578977, 47.524595606899432 ], [ 11.586675213170803, 47.524622033144617 ], [ 11.586702134993736, 47.524622595813589 ], [ 11.586754610985308, 47.52462428291264 ], [ 11.586768386915086, 47.524633012008493 ], [ 11.586775476738326, 47.524650616015528 ], [ 11.586789650662894, 47.524676086675498 ], [ 11.586815725190501, 47.524694183387702 ], [ 11.586868266874756, 47.524732479016905 ], [ 11.586884650898192, 47.524744450041084 ], [ 11.58688833131998, 47.52475414731169 ], [ 11.586888653444971, 47.524767696667908 ], [ 11.586887480113777, 47.524776432304634 ], [ 11.586885706160658, 47.524788837041463 ], [ 11.586877289470353, 47.524816968212107 ], [ 11.586868610538861, 47.524838872671424 ], [ 11.586941837099717, 47.524801543790737 ], [ 11.586984979457032, 47.524780666527391 ], [ 11.587053124540356, 47.524822216957205 ], [ 11.587113802380623, 47.52485933178712 ], [ 11.587277870734251, 47.52495965599639 ], [ 11.587307043842157, 47.524977484931739 ], [ 11.587364571925601, 47.5250126875926 ], [ 11.587553992948999, 47.525125040997665 ], [ 11.588101725591715, 47.525449472186082 ], [ 11.588085057624559, 47.525850789568665 ], [ 11.588030750436022, 47.527168818590802 ], [ 11.587913326999898, 47.530082415078503 ], [ 11.587904170069965, 47.530349990601422 ], [ 11.587899736895471, 47.530482685743628 ], [ 11.588175499550717, 47.530679854109877 ], [ 11.588180180262514, 47.530683229893455 ], [ 11.588582055390987, 47.531230926787764 ], [ 11.5886488607779, 47.531322107925114 ], [ 11.588004267745161, 47.531448708390528 ], [ 11.587856481534205, 47.531477659454659 ], [ 11.587794610613173, 47.532942203073851 ], [ 11.587755003938025, 47.533964943772219 ], [ 11.587719116513547, 47.534849233390119 ], [ 11.587601812157791, 47.537735096371101 ], [ 11.587590439027897, 47.538016014693042 ], [ 11.587550866475459, 47.539016321910566 ], [ 11.587543034492866, 47.539209185432291 ], [ 11.587523446799395, 47.539256132550477 ], [ 11.587476903894681, 47.53932074389035 ], [ 11.587451245755213, 47.539349376179132 ], [ 11.58740249967761, 47.539403574368883 ], [ 11.587400638179149, 47.539417224869908 ], [ 11.587348869347629, 47.539465303815277 ], [ 11.587241826070922, 47.539549346580849 ], [ 11.587172823955184, 47.53961272233748 ], [ 11.587141346216312, 47.539638613574603 ], [ 11.587064926380746, 47.53971414433515 ], [ 11.587015938057412, 47.539772707306362 ], [ 11.58698692372252, 47.539829571896966 ], [ 11.586974913522566, 47.53986140293852 ], [ 11.586930733039258, 47.539933466264017 ], [ 11.586861481957149, 47.540039685102478 ], [ 11.586802285756024, 47.540104356811433 ], [ 11.586769058242041, 47.540158228968394 ], [ 11.58676311102789, 47.540198250766281 ], [ 11.586753414202915, 47.540221022528797 ], [ 11.586721409150167, 47.540253695815146 ], [ 11.586707248144181, 47.540287032566802 ], [ 11.586691421694267, 47.54034227276999 ], [ 11.586669125698302, 47.540415577814557 ], [ 11.586628318595364, 47.540465092923853 ], [ 11.586594899338392, 47.540506115850164 ], [ 11.586566031463407, 47.540549737102658 ], [ 11.5865461529339, 47.540579707493862 ], [ 11.586463106506663, 47.540686233004806 ], [ 11.586362864004698, 47.540814676518231 ], [ 11.586304807106853, 47.540907997243778 ], [ 11.586233370597315, 47.541038385998938 ], [ 11.586200445791656, 47.541129175086326 ], [ 11.586168679933387, 47.541283355182713 ], [ 11.586143490544789, 47.541355910933653 ], [ 11.586124712113172, 47.541388596371355 ], [ 11.586100648139226, 47.541440887948625 ], [ 11.586022471471148, 47.541563717339933 ], [ 11.585982032098311, 47.541643293034376 ], [ 11.585908148576193, 47.54176771074146 ], [ 11.585902376825446, 47.541795812929607 ], [ 11.585916691227702, 47.541865680483795 ], [ 11.58591985274259, 47.541945484324962 ], [ 11.58590015723879, 47.542012139145108 ], [ 11.585891689884173, 47.54204307517719 ], [ 11.58589245802308, 47.542075391043539 ], [ 11.585900363320311, 47.542117598569902 ], [ 11.585918554000592, 47.542161876053036 ], [ 11.585919468404036, 47.542200344323938 ], [ 11.585912673776173, 47.5422290045206 ], [ 11.585843972949354, 47.54245057045329 ], [ 11.585818670149875, 47.542591048001874 ], [ 11.585809321092718, 47.542657435342079 ], [ 11.585809841184473, 47.542679316755418 ], [ 11.585812768720569, 47.542705688943428 ], [ 11.585827668522246, 47.542756699562609 ], [ 11.58583467372471, 47.542809433201931 ], [ 11.585835499311884, 47.542868309032052 ], [ 11.585833092501495, 47.542907435908276 ], [ 11.585820392972796, 47.543007117614252 ], [ 11.585801077705062, 47.543084984332388 ], [ 11.585782892067673, 47.543137837780591 ], [ 11.585768083030008, 47.543192365173255 ], [ 11.585758140785405, 47.543258057399797 ], [ 11.58573708116533, 47.543310940358054 ], [ 11.585726560107258, 47.543357088565642 ], [ 11.585720662815863, 47.543399369146258 ], [ 11.585721521589413, 47.543435501260412 ], [ 11.585725921238073, 47.543475410233079 ], [ 11.585743638752604, 47.543518991323921 ], [ 11.585757237170034, 47.543558722703978 ], [ 11.585767419749843, 47.543600049142611 ], [ 11.585769085523788, 47.543670131880035 ], [ 11.585782639103208, 47.543727311165021 ], [ 11.585788847228956, 47.543751312642257 ], [ 11.585796536164082, 47.543784409352654 ], [ 11.585794881962855, 47.543811610383919 ], [ 11.585782227290546, 47.543864792111989 ], [ 11.58577698771756, 47.543886345926673 ], [ 11.585766478532316, 47.543947527315169 ], [ 11.58576083794425, 47.543995802590523 ], [ 11.585763119193551, 47.54405310470954 ], [ 11.585764390735168, 47.544106600589572 ], [ 11.585775660931029, 47.544164506320115 ], [ 11.585775949688292, 47.544176654664824 ], [ 11.58578338694282, 47.544199160462519 ], [ 11.585802565497284, 47.544236573419816 ], [ 11.585812734238727, 47.544277198434358 ], [ 11.585823528628888, 47.544344143361251 ], [ 11.58583862427367, 47.544374200178808 ], [ 11.585852559329908, 47.544476475221884 ], [ 11.585854412048249, 47.544583474495788 ], [ 11.585857521857962, 47.544661096814608 ], [ 11.5858500178044, 47.544688985807781 ], [ 11.585818106391265, 47.544745181853365 ], [ 11.585791201902055, 47.544798984772832 ], [ 11.585782636253903, 47.544820887835996 ], [ 11.585774214141312, 47.544848941532038 ], [ 11.585771021013432, 47.544913002357511 ], [ 11.585762716019026, 47.544950790358946 ], [ 11.585768244914155, 47.545014056371123 ], [ 11.585774094055877, 47.545114937241685 ], [ 11.58576359874923, 47.54522510938488 ], [ 11.585752411009571, 47.54533521351712 ], [ 11.585741586685304, 47.545436353424705 ], [ 11.585746310492434, 47.54548989082484 ], [ 11.585751228644535, 47.545551603851493 ], [ 11.585761858930622, 47.545568156509916 ], [ 11.585778121600784, 47.545574755705317 ], [ 11.585796833906993, 47.545582808688799 ], [ 11.585807213274659, 47.545588693073647 ], [ 11.585815713874279, 47.545607526539527 ], [ 11.58582747223997, 47.545647279749247 ], [ 11.585839456559315, 47.545667478381645 ], [ 11.585870524017515, 47.545716132528092 ], [ 11.585913618334047, 47.5457626300459 ], [ 11.585935932045341, 47.545815662727186 ], [ 11.585954620334434, 47.545851757011768 ], [ 11.58595053817052, 47.545873609420383 ], [ 11.585946481415521, 47.545891725261626 ], [ 11.586272048044449, 47.546075735823521 ], [ 11.586429357205258, 47.546145600365669 ], [ 11.586558388461997, 47.546187267858848 ], [ 11.586595559187513, 47.546221600869011 ], [ 11.586622420771555, 47.546238600669049 ], [ 11.586640454578575, 47.54626636593084 ], [ 11.586657208270385, 47.546298507452178 ], [ 11.586676429783999, 47.546337554973171 ], [ 11.586696628524464, 47.546364517698805 ], [ 11.586704504556165, 47.546371596779515 ], [ 11.586739418303804, 47.546403074335743 ], [ 11.586759341717421, 47.546423263642339 ], [ 11.586806581995663, 47.546474779475901 ], [ 11.586864589896841, 47.546553283493175 ], [ 11.586909038522228, 47.546613084827165 ], [ 11.586930352455806, 47.546638556661648 ], [ 11.586967123350833, 47.54668029273607 ], [ 11.58700924788088, 47.546719791948867 ], [ 11.587063308648819, 47.546772634611393 ], [ 11.587098217420595, 47.546818285547737 ], [ 11.587165363650488, 47.546889213545477 ], [ 11.587246524887094, 47.546968943464499 ], [ 11.58729198174662, 47.547022736155974 ], [ 11.587305063379294, 47.547040665056016 ], [ 11.587339231211708, 47.547079392887419 ], [ 11.587387242460732, 47.547119604850721 ], [ 11.587418831389082, 47.547141848807215 ], [ 11.587457526555641, 47.547182241543183 ], [ 11.587511023067346, 47.547230650494484 ], [ 11.587583720873692, 47.547293102467869 ], [ 11.587617959221856, 47.547339463924629 ], [ 11.587674957670227, 47.547438305970147 ], [ 11.587784933607045, 47.547645852187635 ], [ 11.58783554877669, 47.547747179725953 ], [ 11.58789639172193, 47.547862493480125 ], [ 11.587931318947696, 47.547933069339862 ], [ 11.587972023840962, 47.548009502256669 ], [ 11.588016692000281, 47.548078415716944 ], [ 11.588057051466114, 47.548130628555619 ], [ 11.588127829227021, 47.548208992509878 ], [ 11.588191023972209, 47.548282997759372 ], [ 11.588241623020309, 47.548335177885548 ], [ 11.588263915919139, 47.548358300224706 ], [ 11.588305170862345, 47.548404584857629 ], [ 11.588323353897351, 47.548443564280426 ], [ 11.588339941843168, 47.548487858840645 ], [ 11.58838745793223, 47.548608692919004 ], [ 11.58842694414126, 47.548691915383728 ], [ 11.588442775886033, 47.548728662859027 ], [ 11.588475438259982, 47.54880058725886 ], [ 11.588519682967721, 47.548904865866064 ], [ 11.588539331928134, 47.548952163486845 ], [ 11.588568096908963, 47.549005360833462 ], [ 11.58859280010642, 47.54903305293967 ], [ 11.588623152237373, 47.549051492829406 ], [ 11.58873780211991, 47.549121821899526 ], [ 11.588850942731222, 47.549191465775728 ], [ 11.588922136516919, 47.549238901816523 ], [ 11.588981823761275, 47.54929105967873 ], [ 11.589029315720316, 47.549333536020576 ], [ 11.589073989469606, 47.549373706379477 ], [ 11.58910331327986, 47.549402049456816 ], [ 11.589111865856639, 47.549422986799385 ], [ 11.589117832816857, 47.549480248536049 ], [ 11.58911314067792, 47.549548920147565 ], [ 11.589110279120717, 47.549621934057988 ], [ 11.58910801650485, 47.549671809535738 ], [ 11.58911860838626, 47.549725126147443 ], [ 11.589136017257808, 47.549760453158285 ], [ 11.589161346694787, 47.549814387655466 ], [ 11.589175694797321, 47.549880593617523 ], [ 11.589181502122115, 47.549940738907793 ], [ 11.589171446204952, 47.549972550569109 ], [ 11.589158454840325, 47.550006729258712 ], [ 11.589107474270847, 47.550131598362718 ], [ 11.58908870850034, 47.550189052970232 ], [ 11.589079757992309, 47.550247958170914 ], [ 11.589082443211915, 47.550307436007998 ], [ 11.589096595537759, 47.550375124597409 ], [ 11.589104905859537, 47.550405175945684 ], [ 11.589114353516731, 47.550420183368843 ], [ 11.589139465160525, 47.550455271509755 ], [ 11.589186295552917, 47.550503829849404 ], [ 11.589256591866466, 47.550561791773951 ], [ 11.589314820654741, 47.550615444076371 ], [ 11.589374725261775, 47.550676635158005 ], [ 11.589421054605829, 47.5507378162675 ], [ 11.58947758036299, 47.550826227197497 ], [ 11.58950536051243, 47.550886288817324 ], [ 11.589553963006116, 47.550989740449346 ], [ 11.589567170021358, 47.551037030938048 ], [ 11.589573328778977, 47.551058850675759 ], [ 11.589573885886944, 47.551082212123319 ], [ 11.589569093858612, 47.551117704364977 ], [ 11.589556494300892, 47.551168313438303 ], [ 11.589535861690905, 47.551243860127848 ], [ 11.589502349936755, 47.55132943785329 ], [ 11.589488359545058, 47.551374766196346 ], [ 11.589485844696398, 47.55141405078168 ], [ 11.589482886960582, 47.551454039974004 ], [ 11.58948565167856, 47.551473482703607 ], [ 11.589490974971525, 47.551503723168288 ], [ 11.589512648689361, 47.551544144718342 ], [ 11.589541162747071, 47.551586828254422 ], [ 11.589555511553302, 47.551604663886373 ], [ 11.589599859142423, 47.551660027391002 ], [ 11.589622427880421, 47.551694519001515 ], [ 11.589642725060083, 47.55173035941749 ], [ 11.589646786833921, 47.551755941955101 ], [ 11.589644898600802, 47.551773253490708 ], [ 11.589638708275197, 47.551798246524633 ], [ 11.589613099314171, 47.551834043655994 ], [ 11.589570718282452, 47.551866052160655 ], [ 11.589532122121229, 47.551883065139855 ], [ 11.589501490589805, 47.551891656817048 ], [ 11.58944434264863, 47.551907469393853 ], [ 11.589345164536446, 47.551936360445218 ], [ 11.589249861185715, 47.551968402093351 ], [ 11.589207764904323, 47.551978597653616 ], [ 11.589122468541266, 47.552005856343463 ], [ 11.58907223203939, 47.552026811787819 ], [ 11.589015767145831, 47.552066608433442 ], [ 11.588974318524428, 47.552103979801892 ], [ 11.588970940154375, 47.552107055028756 ], [ 11.588919959645798, 47.552159565601656 ], [ 11.588903227305915, 47.552181635438735 ], [ 11.588877800558498, 47.552220312227547 ], [ 11.588860161000284, 47.552247687889455 ], [ 11.588837058682602, 47.552296932917741 ], [ 11.58880501949616, 47.552371902493746 ], [ 11.588781096336294, 47.55243019228093 ], [ 11.588751466283991, 47.552485506079513 ], [ 11.588703827827054, 47.552581829694525 ], [ 11.588690520947836, 47.55260760196839 ], [ 11.588660043958091, 47.552675776233848 ], [ 11.58863375500205, 47.552726459152673 ], [ 11.588590057673191, 47.552790260784519 ], [ 11.588564279360154, 47.552828590555762 ], [ 11.588510708442039, 47.552888411119241 ], [ 11.588480869232253, 47.552930174320018 ], [ 11.588467564001055, 47.552956023900258 ], [ 11.588449829947972, 47.553003652384781 ], [ 11.588443483037022, 47.553027010071531 ], [ 11.588438627841342, 47.553064684991227 ], [ 11.588439583390498, 47.553104787913604 ], [ 11.588443138224797, 47.553157402484779 ], [ 11.588459712154942, 47.553201150287336 ], [ 11.588463277004397, 47.55321069222434 ], [ 11.588474833763231, 47.553261116512253 ], [ 11.588488600179414, 47.553307699432231 ], [ 11.588491768350472, 47.553339289247333 ], [ 11.588488327704383, 47.553392836479119 ], [ 11.588482593579174, 47.553417824460645 ], [ 11.588475304172112, 47.553445009675691 ], [ 11.588465597292505, 47.553472221289731 ], [ 11.588443203841889, 47.553498170110515 ], [ 11.588420628506782, 47.553516486441673 ], [ 11.588395763709016, 47.553530388118467 ], [ 11.588336482190229, 47.553543731976269 ], [ 11.588280648596152, 47.553561711661715 ], [ 11.588250014494841, 47.553584632952088 ], [ 11.588224083311081, 47.553626276058431 ], [ 11.588199478121689, 47.553655987063372 ], [ 11.588164760671273, 47.553691106184338 ], [ 11.588107171617967, 47.553727095605971 ], [ 11.588022094128576, 47.553773278949052 ], [ 11.587957642379566, 47.553806306691783 ], [ 11.587909334782319, 47.553831135148208 ], [ 11.587844610694969, 47.55386712676534 ], [ 11.587783401534354, 47.553900975286226 ], [ 11.58773374826133, 47.553937034407014 ], [ 11.587676209819216, 47.553975284256587 ], [ 11.587611763761242, 47.554042271102972 ], [ 11.587591616464977, 47.5540659358415 ], [ 11.587505125479476, 47.554149443107868 ], [ 11.587395818530362, 47.554255708708219 ], [ 11.587370064931457, 47.554285432060951 ], [ 11.587290452144524, 47.554363100485595 ], [ 11.587178740596501, 47.55446985981812 ], [ 11.587122472652018, 47.554517987595602 ], [ 11.587039267334747, 47.554589774899071 ], [ 11.586955749248823, 47.554653231316436 ], [ 11.586902599590051, 47.554696962675308 ], [ 11.586878673264376, 47.5547166174117 ], [ 11.586904050691963, 47.554757934458117 ], [ 11.587861781786371, 47.556312680387343 ], [ 11.587874230891613, 47.556332952854532 ], [ 11.587864009083454, 47.556348175059028 ], [ 11.587858507669502, 47.556363656946971 ], [ 11.587841146292389, 47.556402790502929 ], [ 11.587843222208376, 47.556441636350392 ], [ 11.587857336126188, 47.556459395594572 ], [ 11.587881594496329, 47.556468166612618 ], [ 11.587907796290189, 47.556471618696456 ], [ 11.58795116172443, 47.556471145339096 ], [ 11.588008588569178, 47.556466703033678 ], [ 11.588048726302784, 47.556480440086546 ], [ 11.588068527979894, 47.556495334551087 ], [ 11.588086304577937, 47.556521934877033 ], [ 11.588099499895007, 47.556554114986234 ], [ 11.588098435795105, 47.556601250190575 ], [ 11.588108458631307, 47.556635567828721 ], [ 11.588123540214093, 47.556650436461126 ], [ 11.588145503518064, 47.556664371892985 ], [ 11.58816462861423, 47.556670160576637 ], [ 11.588195448671751, 47.556674263739495 ], [ 11.588219482706032, 47.55667852013547 ], [ 11.588236737014276, 47.556687989963109 ], [ 11.588258959310213, 47.556707997379533 ], [ 11.588270735400631, 47.556728899565144 ], [ 11.588279560831152, 47.556756453862647 ], [ 11.588281096089942, 47.556777390509993 ], [ 11.588278008650589, 47.556797596914585 ], [ 11.588263900301932, 47.556818781718853 ], [ 11.588260055861271, 47.556845695435022 ], [ 11.588270210869183, 47.55687105496753 ], [ 11.588272869663417, 47.556886057418581 ], [ 11.58827308306482, 47.556895013534685 ], [ 11.588266448063312, 47.556906302025425 ], [ 11.58825750225922, 47.556912397181357 ], [ 11.58823377055262, 47.556920834021064 ], [ 11.588221588885348, 47.556936000301974 ], [ 11.588232404134157, 47.556955275996231 ], [ 11.588252274734645, 47.556973053287969 ], [ 11.588297532041688, 47.557008464883559 ], [ 11.58836332648429, 47.557075121901015 ], [ 11.58839845357757, 47.557105504657329 ], [ 11.588478376005442, 47.557161491055155 ], [ 11.588519006190749, 47.557190957409595 ], [ 11.5885411228702, 47.557216108934966 ], [ 11.588562631271385, 47.557249522180783 ], [ 11.588576513282375, 47.557281615581665 ], [ 11.588582516554233, 47.557301801862373 ], [ 11.588585513789504, 47.557326149412667 ], [ 11.588588247304461, 47.557353926718179 ], [ 11.588588571197754, 47.557357815967229 ], [ 11.588584387352221, 47.557380295550409 ], [ 11.588576826510351, 47.557396111168856 ], [ 11.58856361880467, 47.557416507254707 ], [ 11.588549321890412, 47.557434576684116 ], [ 11.588548583547153, 47.557451877425308 ], [ 11.588559274681586, 47.557465935878639 ], [ 11.588576187468965, 47.557485146746615 ], [ 11.588591306508443, 47.557501570942144 ], [ 11.588599732187815, 47.557517134615296 ], [ 11.588596585432347, 47.557529942861592 ], [ 11.588594684776462, 47.557541960380604 ], [ 11.588578898694204, 47.557555529077746 ], [ 11.588555513006927, 47.557573699566035 ], [ 11.588551377321261, 47.557593295009198 ], [ 11.58855990217608, 47.557617814248232 ], [ 11.588578149750369, 47.557664036979872 ], [ 11.588605216292589, 47.557698949146975 ], [ 11.588642955482973, 47.557747139238565 ], [ 11.588653424866902, 47.557761590462398 ], [ 11.588668050009078, 47.557781371363347 ], [ 11.588708462348565, 47.557840359722753 ], [ 11.588785270508691, 47.5579586141249 ], [ 11.588812564766471, 47.557998272809527 ], [ 11.588845959977023, 47.558047602205505 ], [ 11.588869621246218, 47.558079667894241 ], [ 11.588895571146208, 47.558111086163166 ], [ 11.588921409814066, 47.558128251280991 ], [ 11.588948037789271, 47.558139955351564 ], [ 11.588970911766028, 47.558163071175315 ], [ 11.588984069195128, 47.558184035545139 ], [ 11.588998136550272, 47.55819969405691 ], [ 11.589015761025674, 47.558210172493915 ], [ 11.589038865462857, 47.55821887672203 ], [ 11.589075905400064, 47.558232803760887 ], [ 11.589102757268455, 47.558249101499015 ], [ 11.589129810487554, 47.558273731262325 ], [ 11.589159191366038, 47.558304253916397 ], [ 11.589192207481327, 47.558337775158243 ], [ 11.589223368449112, 47.558370616895203 ], [ 11.589245830335058, 47.558400513563853 ], [ 11.589275710977898, 47.558442403273681 ], [ 11.589315929541581, 47.55849321580375 ], [ 11.58934418823943, 47.55852982730368 ], [ 11.589389727034337, 47.558576841788224 ], [ 11.589435368117154, 47.558618559221152 ], [ 11.589477695572922, 47.558656497416699 ], [ 11.589494250658646, 47.558675165195169 ], [ 11.589517720258094, 47.558699055114758 ], [ 11.589599524864276, 47.558785552614431 ], [ 11.589653784789052, 47.558846103615281 ], [ 11.58969948482954, 47.558885483546867 ], [ 11.589738347395388, 47.558922757954669 ], [ 11.589775582253038, 47.558944937716092 ], [ 11.589808184784644, 47.558965768573415 ], [ 11.589820126375958, 47.558979190822988 ], [ 11.589821985367527, 47.558989607626884 ], [ 11.589819848029004, 47.55899648474108 ], [ 11.589814346780281, 47.559007059358599 ], [ 11.589812324495757, 47.559013857862865 ], [ 11.589816989443904, 47.559021362179841 ], [ 11.589840243816901, 47.559036218589952 ], [ 11.589884659032933, 47.559065175366698 ], [ 11.589941667393878, 47.559096097341566 ], [ 11.589984710304638, 47.559120552084657 ], [ 11.590005713300831, 47.559137613323877 ], [ 11.590024733101137, 47.559163109624357 ], [ 11.590043284958069, 47.559193050684215 ], [ 11.590071785136557, 47.559234955276757 ], [ 11.590080597106761, 47.559261887159764 ], [ 11.590079716125768, 47.559273190187341 ], [ 11.590070728379418, 47.559282324255989 ], [ 11.590062886409445, 47.559296040146023 ], [ 11.590062398236684, 47.559314115275022 ], [ 11.590057935064644, 47.559324757704189 ], [ 11.590045352975824, 47.55932793359154 ], [ 11.590025926844323, 47.559328845759246 ], [ 11.590000617694097, 47.559329122479916 ], [ 11.589984619670798, 47.559333816190346 ], [ 11.589974521258481, 47.559344518429377 ], [ 11.589979668280003, 47.559362533745357 ], [ 11.589990507003151, 47.559382744431034 ], [ 11.589995999382174, 47.559400754171406 ], [ 11.590003243788345, 47.559415006674421 ], [ 11.590022676193364, 47.559457789337003 ], [ 11.590053692912443, 47.559508702212085 ], [ 11.590062429427762, 47.559522781893556 ], [ 11.590129677403759, 47.559568157377178 ], [ 11.590177219642502, 47.55960751697156 ], [ 11.590201959522124, 47.559641284921483 ], [ 11.590254257274268, 47.559706296734895 ], [ 11.590302727730446, 47.559765273749619 ], [ 11.590374450883294, 47.559814962441237 ], [ 11.590398987181974, 47.5598305062816 ], [ 11.590445464371411, 47.559854065221806 ], [ 11.590489418750373, 47.559868461238644 ], [ 11.590582609407758, 47.559877490470129 ], [ 11.590642642735823, 47.559890463919849 ], [ 11.590700811780508, 47.559902601463911 ], [ 11.590743738324834, 47.559917242482356 ], [ 11.590798320025474, 47.559942972014447 ], [ 11.590854141447823, 47.559972426037788 ], [ 11.590876470077765, 47.5599918885137 ], [ 11.590883766856583, 47.560008320634623 ], [ 11.590881843488059, 47.560024153868774 ], [ 11.590874221859471, 47.560042307047638 ], [ 11.590853012648022, 47.560069723832527 ], [ 11.59084639825816, 47.560081868510117 ], [ 11.590849005918731, 47.560094691207063 ], [ 11.590863008224611, 47.560102794885957 ], [ 11.590893613424994, 47.560112274741044 ], [ 11.590910044890112, 47.560125725102466 ], [ 11.590929225387045, 47.560157916736749 ], [ 11.590956429488147, 47.560193683102888 ], [ 11.590997362305892, 47.560221197067975 ], [ 11.591034293384828, 47.560249846730017 ], [ 11.591101076840163, 47.560314309284983 ], [ 11.591124768169058, 47.560342636090674 ], [ 11.591154368989969, 47.560382268965853 ], [ 11.591193590040744, 47.560434572224302 ], [ 11.591237087409766, 47.560477870226315 ], [ 11.591282386228198, 47.560519590661976 ], [ 11.591300904408234, 47.560533719693154 ], [ 11.591339443774737, 47.560557365147687 ], [ 11.591390595555232, 47.560583988206346 ], [ 11.591442966704832, 47.560613481505719 ], [ 11.591477084879173, 47.560644730620432 ], [ 11.591521695082101, 47.560686535850806 ], [ 11.591554349622193, 47.560709468534498 ], [ 11.591608034091236, 47.560721732063179 ], [ 11.591689503190342, 47.56072161906927 ], [ 11.591717405640766, 47.560723961541399 ], [ 11.591828797106286, 47.560733646758507 ], [ 11.591934262224427, 47.560750563516223 ], [ 11.591971156851521, 47.560758414579894 ], [ 11.592049901299536, 47.56078395806567 ], [ 11.592216461056626, 47.560834163009737 ], [ 11.592258774992843, 47.560847252337098 ], [ 11.592283199930144, 47.560862874345112 ], [ 11.59232385139199, 47.560883459818129 ], [ 11.592378671311888, 47.560919078049473 ], [ 11.592473651171565, 47.560997952994562 ], [ 11.592544346094096, 47.561057387148296 ], [ 11.592611129609173, 47.561107283257506 ], [ 11.592646463787096, 47.561145996660414 ], [ 11.592699386218554, 47.561193709635241 ], [ 11.592750840073103, 47.561261688711411 ], [ 11.592807675277323, 47.561333424227954 ], [ 11.592894203705912, 47.56147267921903 ], [ 11.592921727848028, 47.561516851388355 ], [ 11.592939143563889, 47.561542521281105 ], [ 11.592966932320056, 47.56158342016883 ], [ 11.593007088737769, 47.561631271106499 ], [ 11.593085771938021, 47.561683062062421 ], [ 11.593113877409644, 47.561698643552447 ], [ 11.593187116766194, 47.561739278066888 ], [ 11.593250909037007, 47.561765061972324 ], [ 11.593309862987551, 47.561771348614492 ], [ 11.593332591327139, 47.561773902118212 ], [ 11.593414823677188, 47.561776740496448 ], [ 11.593531068013501, 47.561782319773357 ], [ 11.593544433698058, 47.561783108647731 ], [ 11.593595366636773, 47.561786054415776 ], [ 11.593673843129636, 47.56180030453374 ], [ 11.593715371777357, 47.561814180851009 ], [ 11.593741391540002, 47.561814674436455 ], [ 11.593767494432452, 47.561809092274387 ], [ 11.593807517146955, 47.561803355654732 ], [ 11.593852530837459, 47.561808938626235 ], [ 11.593903321613876, 47.561820376547324 ], [ 11.593976022960689, 47.561838505229346 ], [ 11.594030785349419, 47.561861973639779 ], [ 11.594061662449143, 47.56188274305817 ], [ 11.594080495592905, 47.561905202412333 ], [ 11.594109862750614, 47.561934945021662 ], [ 11.594136899729325, 47.561958717505327 ], [ 11.594194737606124, 47.56202904000142 ], [ 11.594245156145883, 47.562096952407671 ], [ 11.594288935740263, 47.562147099896826 ], [ 11.594349935346264, 47.562205158816106 ], [ 11.594409863456873, 47.562261750776635 ], [ 11.594465370992095, 47.562301879257959 ], [ 11.594531642687357, 47.562335034053412 ], [ 11.594608189186264, 47.562369633892523 ], [ 11.594704520899946, 47.562408610899134 ], [ 11.594760293053554, 47.562435805958806 ], [ 11.59479377377526, 47.562459505767897 ], [ 11.594811251326453, 47.562478164446809 ], [ 11.594836043861175, 47.562504296348749 ], [ 11.594872513544464, 47.562542374184595 ], [ 11.594906412570447, 47.562569107683473 ], [ 11.59491614675299, 47.562586370857503 ], [ 11.594915658110244, 47.562618777709687 ], [ 11.594903543705735, 47.562665566520877 ], [ 11.594895236551707, 47.562698215692386 ], [ 11.594888173791286, 47.562739653141129 ], [ 11.59488905806406, 47.562776561919407 ], [ 11.594897681132368, 47.562805130680033 ], [ 11.594899056766549, 47.562809634375959 ], [ 11.594921702121818, 47.562847083215843 ], [ 11.594945822763242, 47.56287400318319 ], [ 11.594979978105613, 47.56290665397097 ], [ 11.595017527741563, 47.562941758942316 ], [ 11.595072408420153, 47.562979634610905 ], [ 11.595126156934077, 47.563013626300815 ], [ 11.59515969879252, 47.563030316881047 ], [ 11.595263820677319, 47.563082215617875 ], [ 11.595353226563484, 47.563125007996838 ], [ 11.595409376954951, 47.563153522564427 ], [ 11.595500946243785, 47.563200185655099 ], [ 11.595593208774018, 47.563242167560425 ], [ 11.59566965578383, 47.563267654638985 ], [ 11.595767824557415, 47.563296797666112 ], [ 11.595934705738291, 47.563331105939859 ], [ 11.596048869749461, 47.563355399516794 ], [ 11.596172445512606, 47.563383484154031 ], [ 11.596272131128702, 47.563399057297083 ], [ 11.596374382450851, 47.563401594433962 ], [ 11.596508938592892, 47.563407671032095 ], [ 11.596606235842771, 47.563414858554935 ], [ 11.596695922947841, 47.563426101578813 ], [ 11.596781087103777, 47.563431162919414 ], [ 11.596936749332368, 47.563439264603375 ], [ 11.596980780795477, 47.563447037393203 ], [ 11.59704999282704, 47.563463489952262 ], [ 11.597111499019185, 47.563494515404791 ], [ 11.597196454850165, 47.563538835758237 ], [ 11.597244504888627, 47.563579822012549 ], [ 11.597275745035589, 47.563615619838771 ], [ 11.597290171929378, 47.563636569284405 ], [ 11.597307032079781, 47.5636725234381 ], [ 11.597321934427487, 47.563722909973379 ], [ 11.597337518242261, 47.563820725563041 ], [ 11.597341872641774, 47.563858297720998 ], [ 11.597344201287028, 47.563897840347167 ], [ 11.597330923930805, 47.563924780728222 ], [ 11.597319079676256, 47.564001788054235 ], [ 11.597316829887859, 47.564032733798406 ], [ 11.597318281161559, 47.564050010502363 ], [ 11.597327147124233, 47.564083872317724 ], [ 11.597352827158485, 47.564113343432339 ], [ 11.597384392560748, 47.564172193934581 ], [ 11.597394383931002, 47.564200123242863 ], [ 11.597408587567251, 47.564240548036977 ], [ 11.597432983054645, 47.564302747748485 ], [ 11.597467932548591, 47.564373242954098 ], [ 11.597503640080541, 47.564451285119731 ], [ 11.597529055822047, 47.564498517673861 ], [ 11.597555191711923, 47.564537330723951 ], [ 11.597601362839123, 47.564591113157718 ], [ 11.59767447976925, 47.564655111837155 ], [ 11.597734868690909, 47.564730624825529 ], [ 11.597801025393347, 47.564806696741613 ], [ 11.597826067743322, 47.564862267560407 ], [ 11.597830926807488, 47.564882543279104 ], [ 11.597850438722624, 47.564928282878363 ], [ 11.597891627448531, 47.564970903973055 ], [ 11.597932809783444, 47.565013366821425 ], [ 11.597973747660815, 47.565064792580273 ], [ 11.598018609037057, 47.565111811063133 ], [ 11.598073113279384, 47.565186607904629 ], [ 11.598132076473453, 47.565269769027374 ], [ 11.598176713558113, 47.565321931122611 ], [ 11.598241847510206, 47.565393651743456 ], [ 11.598294823543069, 47.56547672216734 ], [ 11.598335569819737, 47.565544037635647 ], [ 11.59837347899343, 47.565598689599405 ], [ 11.598405303445896, 47.565629961884738 ], [ 11.598437969775182, 47.565648373676339 ], [ 11.598492230617961, 47.565679478131273 ], [ 11.598577120890061, 47.565730495415814 ], [ 11.598685610143196, 47.565800959597858 ], [ 11.598806282851882, 47.565880247972494 ], [ 11.598870504064225, 47.565918796091488 ], [ 11.598970796859167, 47.565983275424003 ], [ 11.599060882807548, 47.566049268399496 ], [ 11.599110400863772, 47.566084162868272 ], [ 11.59914208193995, 47.566109440850937 ], [ 11.599170123277268, 47.566131797949382 ], [ 11.59919811112753, 47.566151818881437 ], [ 11.599236847319961, 47.566178575169502 ], [ 11.599276220151646, 47.56620306683471 ], [ 11.599292693178336, 47.566213322513718 ], [ 11.599354329377112, 47.566249563883368 ], [ 11.599447685369613, 47.566284052680956 ], [ 11.599519577604786, 47.566306549051646 ], [ 11.599628126913013, 47.566336198629138 ], [ 11.5997034878447, 47.56636410908223 ], [ 11.599775943025397, 47.566395634877097 ], [ 11.599831650820683, 47.566419867212133 ], [ 11.59986405326049, 47.566436880174983 ], [ 11.599883923880292, 47.566449591581112 ], [ 11.599897037161954, 47.566463699625757 ], [ 11.599913502953266, 47.566483147585274 ], [ 11.599926575066268, 47.566500294392846 ], [ 11.599936195481126, 47.566517479236396 ], [ 11.599955456214436, 47.566552785919441 ], [ 11.599976723280786, 47.566604425929 ], [ 11.599995385796195, 47.566657729821777 ], [ 11.600020987789454, 47.566726925913912 ], [ 11.600059178028259, 47.566812261353213 ], [ 11.600079754393672, 47.566854407256706 ], [ 11.600124227446569, 47.566932974390475 ], [ 11.600174000661895, 47.567021376941476 ], [ 11.600213078261113, 47.56711971026445 ], [ 11.600224612125372, 47.567168575696392 ], [ 11.600231795422763, 47.567213594500586 ], [ 11.600234766249512, 47.567231788031016 ], [ 11.60024198373238, 47.567292695985273 ], [ 11.600254917521271, 47.567356656593851 ], [ 11.60027551003569, 47.567399347342374 ], [ 11.600309237464156, 47.56744267041681 ], [ 11.600362681107823, 47.567511482167198 ], [ 11.60042449765492, 47.567598192210106 ], [ 11.600483757718102, 47.567650348690442 ], [ 11.60057990701903, 47.567733720974921 ], [ 11.600621421775996, 47.567789811110167 ], [ 11.600651721973097, 47.567858019830268 ], [ 11.600655446735056, 47.567874179493813 ], [ 11.600686338336882, 47.567924000704728 ], [ 11.600746069052756, 47.56801003380415 ], [ 11.60082189884004, 47.568085997285671 ], [ 11.600853690728169, 47.568120539610511 ], [ 11.600890290700798, 47.568168428775145 ], [ 11.600892362681783, 47.5681732341246 ], [ 11.60091007634073, 47.568215879151474 ], [ 11.600915789639359, 47.568233263500801 ], [ 11.600934659629077, 47.568280878674443 ], [ 11.60094919253792, 47.568310862263829 ], [ 11.600969065198774, 47.568357065044026 ], [ 11.601005518617958, 47.568408460009081 ], [ 11.601060154685849, 47.568469312613075 ], [ 11.601094098214595, 47.568497601609316 ], [ 11.601140875495609, 47.568547558681168 ], [ 11.601179471812555, 47.568592230916181 ], [ 11.601216156790041, 47.568643623258644 ], [ 11.60124219321491, 47.568692562453904 ], [ 11.60125757857643, 47.56872923383672 ], [ 11.601274903258281, 47.568750852365724 ], [ 11.601291766071396, 47.568762895141788 ], [ 11.601325577829783, 47.568785810462934 ], [ 11.601379854839498, 47.568841214461962 ], [ 11.601394956188651, 47.568861454373398 ], [ 11.601408023942806, 47.568883119846738 ], [ 11.601408648564728, 47.568909051034439 ], [ 11.601398921603716, 47.568944752825601 ], [ 11.601391637545408, 47.56898167608837 ], [ 11.601392687900571, 47.569025281990271 ], [ 11.601404047613604, 47.569061997764834 ], [ 11.601385868154139, 47.569090861714962 ], [ 11.601356181743423, 47.569148515993753 ], [ 11.601331607309371, 47.569165144334498 ], [ 11.601292356405928, 47.569179286622507 ], [ 11.601257426294268, 47.569196029186998 ], [ 11.601246381364703, 47.56921531091762 ], [ 11.601234235411981, 47.569308290590342 ], [ 11.601226490482434, 47.569421549076587 ], [ 11.601232475007341, 47.569497971513869 ], [ 11.601246015432357, 47.569582409164823 ], [ 11.601249569803233, 47.569643902504197 ], [ 11.601267927553684, 47.569713255553808 ], [ 11.601298533966995, 47.569779748171214 ], [ 11.60134840354633, 47.569862462850722 ], [ 11.601418033023007, 47.569953214571669 ], [ 11.601466358520151, 47.570048173231882 ], [ 11.601496867070045, 47.570110694942606 ], [ 11.601513534290898, 47.570200550465131 ], [ 11.601521293064378, 47.570264647153358 ], [ 11.601544603638732, 47.570324519365613 ], [ 11.60156608811792, 47.570351621709335 ], [ 11.601598254928289, 47.570392158950952 ], [ 11.601659433404416, 47.570428326766333 ], [ 11.601710127348014, 47.5704591560403 ], [ 11.601767278107667, 47.570495289094048 ], [ 11.601833047271491, 47.57055461712266 ], [ 11.601881636764679, 47.570584145569129 ], [ 11.601886253826912, 47.570608629556141 ], [ 11.601876393304599, 47.570629301398291 ], [ 11.601868568024019, 47.570648392945962 ], [ 11.601866251142292, 47.570671708634727 ], [ 11.601864443310369, 47.570692212450133 ], [ 11.601865494164279, 47.570735820129435 ], [ 11.601894279273928, 47.570807860642446 ], [ 11.60194156964034, 47.570874246291012 ], [ 11.601979935679505, 47.570909262590909 ], [ 11.602009246693571, 47.570917195929646 ], [ 11.602038470783759, 47.570926375046319 ], [ 11.602080354103293, 47.57093549356847 ], [ 11.602109926005907, 47.570954249669839 ], [ 11.602129403960516, 47.570984101159787 ], [ 11.602147045285779, 47.571023551964167 ], [ 11.602161543675782, 47.571061636132569 ], [ 11.602168282307881, 47.571083371380929 ], [ 11.602185474540629, 47.571109040509938 ], [ 11.602204726236332, 47.57112939099413 ], [ 11.602242467248207, 47.571148056877426 ], [ 11.602301328874287, 47.571169216674541 ], [ 11.602354130531147, 47.571201425519298 ], [ 11.602368071291268, 47.571211629559315 ], [ 11.602411184628396, 47.571243089078237 ], [ 11.60242816730217, 47.571255207712483 ], [ 11.602451095718143, 47.571256278522924 ], [ 11.602496842847982, 47.571258500492142 ], [ 11.602528304727771, 47.57126500682071 ], [ 11.602561919660774, 47.571279668878567 ], [ 11.602595700577396, 47.571301103680646 ], [ 11.602608817741384, 47.571329622202384 ], [ 11.602620210000101, 47.571367740612736 ], [ 11.602612601096057, 47.571400539093879 ], [ 11.602585248034179, 47.571430828503928 ], [ 11.602565012240031, 47.571455664256554 ], [ 11.602532713351399, 47.571495589110285 ], [ 11.602514997705534, 47.57153410629914 ], [ 11.602490863229969, 47.571573863634804 ], [ 11.602468560143267, 47.571589143154291 ], [ 11.602433630376634, 47.571615542458765 ], [ 11.602386501806867, 47.571641923536539 ], [ 11.602366482269868, 47.571670885297543 ], [ 11.602353019643738, 47.571718779840957 ], [ 11.602347957287575, 47.571766583436066 ], [ 11.602343995112204, 47.57181702103793 ], [ 11.602328758105157, 47.571877320464218 ], [ 11.602309016538353, 47.571922559018894 ], [ 11.602299482579774, 47.571956780057533 ], [ 11.602300355708479, 47.571997739934673 ], [ 11.602318092496157, 47.572041240733199 ], [ 11.602322057348879, 47.572114958278114 ], [ 11.602308297984058, 47.572150549943473 ], [ 11.602285318291141, 47.572190371833614 ], [ 11.602257095256927, 47.572227601853548 ], [ 11.602229004421432, 47.572270207262079 ], [ 11.602201042239054, 47.572318261852466 ], [ 11.602181380862218, 47.572362096368963 ], [ 11.602155230556017, 47.572399305279845 ], [ 11.602098598506252, 47.572470809937805 ], [ 11.602029149610265, 47.57256442217394 ], [ 11.601948604187076, 47.572670461187002 ], [ 11.601861385829428, 47.572766994746658 ], [ 11.601841694016118, 47.572809584711209 ], [ 11.601842484020896, 47.572842365991789 ], [ 11.601849928159451, 47.572888628401522 ], [ 11.601864558667783, 47.572941667032801 ], [ 11.60187153009093, 47.572973056114776 ], [ 11.601887063421449, 47.573011051532013 ], [ 11.60190894141212, 47.573054427530387 ], [ 11.601945059963183, 47.573086898036763 ], [ 11.601991645518803, 47.573119098297596 ], [ 11.602059123917034, 47.573153793226133 ], [ 11.602143112545665, 47.573195316098847 ], [ 11.602195744565456, 47.573220516643623 ], [ 11.602227620803768, 47.573248905461888 ], [ 11.602249039269624, 47.573273203940914 ], [ 11.602261582138659, 47.573320890510793 ], [ 11.602272597510357, 47.573348108289508 ], [ 11.602278255860371, 47.573401321470712 ], [ 11.602282644791202, 47.573502219002641 ], [ 11.602296268970511, 47.573547010023596 ], [ 11.602313088760681, 47.573561934924683 ], [ 11.602344747291239, 47.573576541290713 ], [ 11.602380404606095, 47.57358985507436 ], [ 11.602405735524002, 47.573604531286456 ], [ 11.602412525801954, 47.573623538838817 ], [ 11.602413083423736, 47.573646666286457 ], [ 11.602417378554778, 47.573695922581813 ], [ 11.602440867537226, 47.573720198162462 ], [ 11.602474827888951, 47.573753861601851 ], [ 11.602546816710776, 47.573803694386939 ], [ 11.602614116379707, 47.573835665656652 ], [ 11.602702474473864, 47.57387698336283 ], [ 11.602738460759424, 47.573903925318611 ], [ 11.60274317642496, 47.573922878411068 ], [ 11.602735549281228, 47.573950302032344 ], [ 11.602734205821388, 47.57398046071048 ], [ 11.602735223687818, 47.57402266559685 ], [ 11.602747521406862, 47.574064900610523 ], [ 11.60275866886095, 47.57408798845043 ], [ 11.602790741099168, 47.574134057939887 ], [ 11.602817437450485, 47.574200591496755 ], [ 11.602850614838259, 47.574278037427419 ], [ 11.602876833807265, 47.574329622148937 ], [ 11.602890166314477, 47.574371768364067 ], [ 11.602907561826589, 47.574443936186135 ], [ 11.602949006634885, 47.574525340046812 ], [ 11.602984449265078, 47.574610938623593 ], [ 11.603002781898027, 47.574678967646747 ], [ 11.603013912075253, 47.574715764917613 ], [ 11.603034086664827, 47.574822017782459 ], [ 11.603046203260046, 47.574890115462715 ], [ 11.603062528857253, 47.574960891948223 ], [ 11.603063417387181, 47.574997723199935 ], [ 11.603054871498662, 47.575072902865514 ], [ 11.603058048593908, 47.575123497251866 ], [ 11.603060094012259, 47.575155721382664 ], [ 11.603063378151452, 47.575210752423061 ], [ 11.603065055702841, 47.575280289391408 ], [ 11.603060884122964, 47.575365001566702 ], [ 11.603048606629823, 47.575462032071805 ], [ 11.603039799521859, 47.575526387156735 ], [ 11.603036098187976, 47.575587728479938 ], [ 11.60303883146741, 47.575701027728527 ], [ 11.603046591140137, 47.575765045098919 ], [ 11.6030687853114, 47.575826175910265 ], [ 11.60310776589669, 47.575891328854446 ], [ 11.603160507996416, 47.575968558538307 ], [ 11.603188973765006, 47.576012951616299 ], [ 11.603216845985727, 47.576056651480357 ], [ 11.603247345658925, 47.576113720365647 ], [ 11.603267533007354, 47.576177600409856 ], [ 11.603294267557761, 47.576245536540242 ], [ 11.603324588196061, 47.576285703307647 ], [ 11.603333032299153, 47.57629698252579 ], [ 11.603370334723513, 47.576340265149184 ], [ 11.603442835756292, 47.576415875042954 ], [ 11.603493799686657, 47.576457605335669 ], [ 11.60355329360242, 47.576504693744738 ], [ 11.603576755099462, 47.576527645412675 ], [ 11.603577514387204, 47.576559104825861 ], [ 11.603576315691903, 47.57660008935904 ], [ 11.603579820428344, 47.576654650225905 ], [ 11.603590966911954, 47.576687241469067 ], [ 11.603626789430249, 47.576707408567501 ], [ 11.603664746981631, 47.576730120858464 ], [ 11.603710975986461, 47.576747370262083 ], [ 11.603756891436346, 47.576756364455832 ], [ 11.603809170656312, 47.576766768768536 ], [ 11.60387793656226, 47.576768656605836 ], [ 11.60389830641409, 47.576759007105871 ], [ 11.603906472485871, 47.576749181299633 ], [ 11.603907384527885, 47.576739279177957 ], [ 11.603908084147836, 47.576730158319329 ], [ 11.603919031844079, 47.576706826355078 ], [ 11.603933334913741, 47.576698488737428 ], [ 11.603958241015134, 47.576695488109181 ], [ 11.603993769301008, 47.576703352209286 ], [ 11.604021386430921, 47.576722129416503 ], [ 11.604034291806256, 47.576736940831893 ], [ 11.604040770674706, 47.576757432200409 ], [ 11.6040432512464, 47.57675997537595 ], [ 11.604055929193628, 47.576774945805674 ], [ 11.604074965267721, 47.57679109256452 ], [ 11.604104623534386, 47.576808523209941 ], [ 11.604140447120839, 47.576828612784311 ], [ 11.604245019442086, 47.576854716784851 ], [ 11.604326905015601, 47.576885122636192 ], [ 11.604362827626444, 47.576909416826929 ], [ 11.604388292356896, 47.57692954352148 ], [ 11.604413644648929, 47.576949747006701 ], [ 11.604441198121302, 47.576965876865536 ], [ 11.604507763656743, 47.57701016127092 ], [ 11.604586002789615, 47.577061170258574 ], [ 11.604628437397061, 47.57709762112642 ], [ 11.604654079584156, 47.577129818080486 ], [ 11.60465847268804, 47.577135376597603 ], [ 11.604673966502038, 47.57717633121085 ], [ 11.604677253916414, 47.577226688664148 ], [ 11.604678209510395, 47.577266246251277 ], [ 11.60468949035943, 47.577304365655579 ], [ 11.604707069494768, 47.577379256447088 ], [ 11.604718713465994, 47.577432405068159 ], [ 11.604723661705039, 47.577470515363835 ], [ 11.604720756373201, 47.577516969387041 ], [ 11.604721743985891, 47.577557850593166 ], [ 11.604712045126934, 47.577585219894203 ], [ 11.604689771526106, 47.577611481660576 ], [ 11.604651125049383, 47.577646024872884 ], [ 11.604616590107028, 47.577688777655055 ], [ 11.604577662390279, 47.577754714399894 ], [ 11.604569938651464, 47.577778010766366 ], [ 11.604560371343915, 47.57781083100209 ], [ 11.604565750130048, 47.577857193397008 ], [ 11.604585544774231, 47.577904720327084 ], [ 11.604613250529413, 47.577931753265943 ], [ 11.604649269921353, 47.577960018219578 ], [ 11.604693942038754, 47.578003220689631 ], [ 11.604723928528289, 47.578034200299967 ], [ 11.604731098080558, 47.578073689147004 ], [ 11.604740010725536, 47.578099605954861 ], [ 11.604774994511599, 47.578127803173096 ], [ 11.604830074600775, 47.57816824250839 ], [ 11.60488297819532, 47.578204420964248 ], [ 11.604917093060429, 47.578239560632561 ], [ 11.604947330596829, 47.578285649791951 ], [ 11.604963150473969, 47.578340074358266 ], [ 11.604983756953905, 47.578416334729006 ], [ 11.604986853366938, 47.578496838097323 ], [ 11.604983417057346, 47.578530991860866 ], [ 11.604973820511928, 47.578562486676681 ], [ 11.604951857607416, 47.578606348884293 ], [ 11.60491998445171, 47.578664105536205 ], [ 11.604896362576438, 47.578720292218215 ], [ 11.604880997413694, 47.578765560100223 ], [ 11.604881853487212, 47.578800990349045 ], [ 11.604884847749094, 47.578839201396342 ], [ 11.604899268042958, 47.578878608216442 ], [ 11.604918902398721, 47.578919362276388 ], [ 11.60494994531364, 47.579003605741903 ], [ 11.604961852349959, 47.579058152741489 ], [ 11.604972181074377, 47.579142549812026 ], [ 11.604969488228358, 47.579202631584884 ], [ 11.604949159755678, 47.579261663640487 ], [ 11.604922889229279, 47.579298795316596 ], [ 11.604900681648497, 47.579327704334915 ], [ 11.604890850864322, 47.579349622699709 ], [ 11.604903920092777, 47.579371287727646 ], [ 11.604910760679209, 47.579397148289253 ], [ 11.604909614072303, 47.579435405141943 ], [ 11.604902563577433, 47.579491408489616 ], [ 11.604893987741198, 47.579565264595772 ], [ 11.604882957779129, 47.579632839180903 ], [ 11.604882156703248, 47.579637755384667 ], [ 11.604866606584718, 47.579680220851166 ], [ 11.604867530421132, 47.579718454797344 ], [ 11.604869898169742, 47.579730734734902 ], [ 11.604880585131788, 47.579744246615604 ], [ 11.604901958906519, 47.579761691345375 ], [ 11.604975927452736, 47.579816875723033 ], [ 11.605056541772615, 47.579880166025696 ], [ 11.605110008071291, 47.579939549078155 ], [ 11.605181695956327, 47.580019370817318 ], [ 11.605243731908201, 47.580095172689091 ], [ 11.605295342198188, 47.580158704618775 ], [ 11.60533383459766, 47.58020329918849 ], [ 11.605366605270763, 47.580268440899246 ], [ 11.60540106578531, 47.580313080065814 ], [ 11.605437289462857, 47.580349599357056 ], [ 11.605464680467087, 47.580368378712173 ], [ 11.605524775361785, 47.580401906674567 ], [ 11.605598809134111, 47.580450157046634 ], [ 11.605643301015165, 47.580481054999566 ], [ 11.605666977750827, 47.580517633951061 ], [ 11.605682437613455, 47.580557108306778 ], [ 11.605702282743614, 47.580601909166155 ], [ 11.605721487195291, 47.580624830156935 ], [ 11.605722016276074, 47.580646711257252 ], [ 11.605714256114688, 47.580668606766416 ], [ 11.605698164686491, 47.5806933971527 ], [ 11.60568457271885, 47.580726339370031 ], [ 11.605684968116906, 47.580742692196893 ], [ 11.605699074932804, 47.580773924673615 ], [ 11.605699604007013, 47.580795805773541 ], [ 11.605703604650019, 47.580870769330382 ], [ 11.605709678062951, 47.58095536812035 ], [ 11.605719365763539, 47.581008459116156 ], [ 11.605749719935, 47.581054546755666 ], [ 11.605779548035953, 47.581088332283478 ], [ 11.605828249390628, 47.581121986214811 ], [ 11.605877785909438, 47.581147296674693 ], [ 11.605949075043263, 47.581172366273556 ], [ 11.606003793117646, 47.58119777581193 ], [ 11.606033504093231, 47.581221981743042 ], [ 11.606063214352227, 47.581246266824991 ], [ 11.606076386992136, 47.581272057196415 ], [ 11.60607757544649, 47.581321192995851 ], [ 11.606072567171825, 47.581375849811629 ], [ 11.606090012780381, 47.581407045267419 ], [ 11.606117750545422, 47.581435401451728 ], [ 11.606185325932227, 47.581478272354104 ], [ 11.606224804387612, 47.581516077524405 ], [ 11.606269576189574, 47.581563329333001 ], [ 11.606325088660528, 47.58162144252433 ], [ 11.606367246881417, 47.581641538589039 ], [ 11.606388192893775, 47.581650810074798 ], [ 11.606413167105416, 47.581650533466131 ], [ 11.60647136645558, 47.581648485717189 ], [ 11.60651533231351, 47.581657579552463 ], [ 11.606561317714515, 47.581669376300951 ], [ 11.606609824940099, 47.581694854347887 ], [ 11.606662487149347, 47.581725582243337 ], [ 11.606689810180351, 47.581732055929201 ], [ 11.606720504472495, 47.58172073373197 ], [ 11.606762199323718, 47.581721673131838 ], [ 11.606787209384894, 47.581722876521553 ], [ 11.606828113330279, 47.581738703183632 ], [ 11.606937933611706, 47.581771913313311 ], [ 11.607021106142767, 47.581798097194138 ], [ 11.607087983124748, 47.581726397539612 ], [ 11.607140317771499, 47.581653302977337 ], [ 11.607194584805615, 47.581579096853581 ], [ 11.607282137485003, 47.581496185784374 ], [ 11.607406556354787, 47.581433428988269 ], [ 11.607440973105028, 47.58141894967747 ], [ 11.607517559125142, 47.581387023280712 ], [ 11.607597900967461, 47.581353418215095 ], [ 11.607692959480579, 47.581323701003861 ], [ 11.60776059237805, 47.581283384798887 ], [ 11.607828013911643, 47.581229516346554 ], [ 11.607897483198423, 47.58117951971898 ], [ 11.607986188423235, 47.581106176151032 ], [ 11.608014298026529, 47.581059519910539 ], [ 11.608052601072634, 47.58101539856537 ], [ 11.608107553118234, 47.580960110404597 ], [ 11.608205282865125, 47.580874439595682 ], [ 11.608385930364733, 47.58073316839549 ], [ 11.608453529852865, 47.580691526372377 ], [ 11.608519305105631, 47.580655356949393 ], [ 11.608560500985375, 47.580635740044229 ], [ 11.608599563753542, 47.580622998720692 ], [ 11.608659687061715, 47.580610104657779 ], [ 11.608734209140865, 47.580592920567128 ], [ 11.60879181346505, 47.580566265978952 ], [ 11.608870068477003, 47.580536811597554 ], [ 11.608976778950858, 47.580517791459826 ], [ 11.609049646461891, 47.580522512486397 ], [ 11.609087591295953, 47.58053977251469 ], [ 11.609165277537723, 47.580567573566604 ], [ 11.609207219733536, 47.580583465209912 ], [ 11.609251550524126, 47.580617166207453 ], [ 11.609281660025948, 47.580648220606044 ], [ 11.609321613148454, 47.580672313790444 ], [ 11.60937218935241, 47.580697688554679 ], [ 11.609454232167673, 47.580729492120476 ], [ 11.609565506637326, 47.580732462427463 ], [ 11.609823409905015, 47.580729519381386 ], [ 11.609983326258233, 47.58072096691653 ], [ 11.610031800728034, 47.580702436110585 ], [ 11.610100801969327, 47.58067588812694 ], [ 11.610159163556114, 47.580633023735288 ], [ 11.610207897085795, 47.580530291646241 ], [ 11.610246508735688, 47.580427983188514 ], [ 11.610348309693556, 47.580244591570796 ], [ 11.610494628155569, 47.580102608297786 ], [ 11.610564146094882, 47.58004996154714 ], [ 11.610686130124824, 47.580019942637215 ], [ 11.610853917817634, 47.580008497024195 ], [ 11.611009281197999, 47.580006770105847 ], [ 11.611410912431422, 47.580039847468107 ], [ 11.611695950238364, 47.579988386713815 ], [ 11.612057486004129, 47.579882562959192 ], [ 11.612298273533469, 47.579819752763235 ], [ 11.612424704332886, 47.579802222507233 ], [ 11.61246841482788, 47.57979612896488 ], [ 11.6124761157992, 47.579795652905531 ], [ 11.612725901681086, 47.579780955232998 ], [ 11.61288797612567, 47.579809140184757 ], [ 11.613005022760838, 47.579836577808592 ], [ 11.613263174726182, 47.579929195111788 ], [ 11.613485111998445, 47.580033276494369 ], [ 11.613653149634235, 47.580098234998687 ], [ 11.613837758782505, 47.580163085991629 ], [ 11.614090468241486, 47.580244857259224 ], [ 11.61425596975671, 47.580290760628102 ], [ 11.614381817836508, 47.580334455970537 ], [ 11.614539115420358, 47.580388548921718 ], [ 11.614647504159313, 47.58048571599543 ], [ 11.614708748850761, 47.580561519787352 ], [ 11.614835974204503, 47.580666420534811 ], [ 11.615007000682068, 47.580764212852365 ], [ 11.615164683858199, 47.580829361953576 ], [ 11.615308321434899, 47.580875505834861 ], [ 11.615340640075008, 47.580921567241568 ], [ 11.615356704951031, 47.580985570267337 ], [ 11.615363110060244, 47.581078342577136 ], [ 11.615381426213485, 47.581145045789164 ], [ 11.615429997111692, 47.581173090001585 ], [ 11.615517764227025, 47.581193918777593 ], [ 11.615662089084637, 47.581220972038565 ], [ 11.615861345203101, 47.581248815317139 ], [ 11.616078138958359, 47.581264154596482 ], [ 11.61614933618757, 47.581285246962068 ], [ 11.616271109023007, 47.58133163366368 ], [ 11.616377915191363, 47.581359104797073 ], [ 11.61645653064789, 47.581386969691941 ], [ 11.616570932958256, 47.581466230123347 ], [ 11.616645216874289, 47.581533632242383 ], [ 11.616700530332196, 47.581592598919393 ], [ 11.616728775502761, 47.581622661212478 ], [ 11.616786340157221, 47.581689003299509 ], [ 11.616811978364204, 47.58175834982071 ], [ 11.616819346516159, 47.581890602079135 ], [ 11.616808745733705, 47.581989329603473 ], [ 11.616807788548435, 47.581997284141487 ], [ 11.616806293016532, 47.582011398655872 ], [ 11.616804246232295, 47.582031362084685 ], [ 11.616798235370219, 47.582101139362024 ], [ 11.616797088414756, 47.582115483837981 ], [ 11.616796471103831, 47.58212320252516 ], [ 11.616795301336978, 47.582136611838692 ], [ 11.616765575164903, 47.582196920191841 ], [ 11.616749784960199, 47.582248035360607 ], [ 11.616744453989204, 47.582265464860811 ], [ 11.616752320422215, 47.582337814278951 ], [ 11.616796143189136, 47.582425962900892 ], [ 11.616872576930577, 47.582534232972421 ], [ 11.617017303848884, 47.582671961454452 ], [ 11.617072808724521, 47.582724539786135 ], [ 11.617151375477755, 47.582825932116975 ], [ 11.617215560012413, 47.582908634593714 ], [ 11.617393952576036, 47.583142724842205 ], [ 11.617512983762667, 47.58328876274831 ], [ 11.617582239455581, 47.583399994337128 ], [ 11.617637223132938, 47.583520809679683 ], [ 11.617673987798435, 47.5835790495127 ], [ 11.617720628397027, 47.583612721423293 ], [ 11.617787280030559, 47.583659722443855 ], [ 11.617855082764903, 47.583706712360161 ], [ 11.617893174866817, 47.583739155759957 ], [ 11.617942582189409, 47.583801303486823 ], [ 11.618008947720201, 47.583874245604434 ], [ 11.618092354247706, 47.583966158859177 ], [ 11.618109222915868, 47.583982870768764 ], [ 11.618155229739694, 47.584028235100078 ], [ 11.618222753500403, 47.584068449741999 ], [ 11.618288137526818, 47.584105962964088 ], [ 11.618363863948199, 47.584137906321672 ], [ 11.618504141714654, 47.584173258107533 ], [ 11.618753955747401, 47.584224986808771 ], [ 11.618971364601217, 47.584264850456414 ], [ 11.619253657464187, 47.584321823681954 ], [ 11.619353122701046, 47.584354747422239 ], [ 11.619449694997911, 47.584382330196981 ], [ 11.619512160580069, 47.584389810722207 ], [ 11.619605844858572, 47.584388762353626 ], [ 11.619670033505082, 47.584377216560739 ], [ 11.619711720109986, 47.584368261113809 ], [ 11.61972179790666, 47.584366122787792 ], [ 11.619744815055462, 47.584361112543831 ], [ 11.619858309150297, 47.584336865179843 ], [ 11.619886436473021, 47.584328917704376 ], [ 11.619909188078289, 47.584322509073289 ], [ 11.619919138279261, 47.584319828896838 ], [ 11.619954467269922, 47.584309773455857 ], [ 11.620018784538136, 47.584303602875266 ], [ 11.620118619219113, 47.584299758137028 ], [ 11.620270613495499, 47.584310441689077 ], [ 11.6203807678482, 47.584305000699317 ], [ 11.620543583937698, 47.584282770954118 ], [ 11.620614084026185, 47.584275127672328 ], [ 11.620697213313267, 47.584275520597885 ], [ 11.62084259719582, 47.584289002731481 ], [ 11.62099975311687, 47.584303520271327 ], [ 11.621140352363652, 47.584314330328823 ], [ 11.621213354418163, 47.584314836347723 ], [ 11.621369219504297, 47.584314413767551 ], [ 11.621560251975898, 47.5842972396254 ], [ 11.621720443267744, 47.584257201745132 ], [ 11.621805508254557, 47.584242616292478 ], [ 11.621906915090975, 47.584227849369341 ], [ 11.62200061675191, 47.584222747773794 ], [ 11.622052588546083, 47.584224814815727 ], [ 11.622197314258923, 47.58427241834481 ], [ 11.622297030927612, 47.584310866468073 ], [ 11.622384371002568, 47.58431393804927 ], [ 11.62262334647404, 47.584299028891913 ], [ 11.622879264327326, 47.584256589795913 ], [ 11.623111421610423, 47.584217143857927 ], [ 11.623519740317013, 47.58411286195269 ], [ 11.623674784001482, 47.584074201294612 ], [ 11.623840440423784, 47.584041030173104 ], [ 11.623960052617077, 47.583998795015837 ], [ 11.624060581608251, 47.583938858999403 ], [ 11.624082582004885, 47.583915946065439 ], [ 11.62417093886301, 47.583824369446894 ], [ 11.624265097254844, 47.583669090457512 ], [ 11.624398583557246, 47.58351196650883 ], [ 11.624501251469876, 47.583422020558324 ], [ 11.624624414669723, 47.583351002320015 ], [ 11.624867224348945, 47.583239150574954 ], [ 11.625093964474534, 47.583133944086455 ], [ 11.625135625338171, 47.583114704558227 ], [ 11.62526052372149, 47.58302995866876 ], [ 11.62539873793544, 47.582901522880228 ], [ 11.625566616375224, 47.582790357245607 ], [ 11.625664091860228, 47.582737464366502 ], [ 11.625790527510123, 47.582715479696105 ], [ 11.625979166095425, 47.582690224738791 ], [ 11.626157543147968, 47.582669135969788 ], [ 11.626203170391392, 47.582661378655565 ], [ 11.626260146518698, 47.582651624624972 ], [ 11.626298751275524, 47.582629771098638 ], [ 11.626348476916752, 47.582601404632086 ], [ 11.626411147428188, 47.582528341463778 ], [ 11.626456124307392, 47.582414506048501 ], [ 11.626493182110588, 47.582273575044042 ], [ 11.626500711296872, 47.582237973256092 ], [ 11.626539978674904, 47.582144765031472 ], [ 11.626602562447863, 47.582063445870283 ], [ 11.626886101928319, 47.581885547956432 ], [ 11.627016553515098, 47.581769426328357 ], [ 11.627428870843515, 47.581491858679499 ], [ 11.627599083715998, 47.58139164590434 ], [ 11.627851394129353, 47.581245565033072 ], [ 11.628018965785822, 47.581164386541623 ], [ 11.628401041152236, 47.5810522823936 ], [ 11.628484158145712, 47.581038338126007 ], [ 11.628602932293791, 47.581018539561825 ], [ 11.628855363945188, 47.580957043833848 ], [ 11.629067477291144, 47.580880346430945 ], [ 11.629104215397572, 47.580867001907798 ], [ 11.629186251593726, 47.580837258957558 ], [ 11.629408344206688, 47.58073108348934 ], [ 11.629565326623084, 47.580654927678658 ], [ 11.629814223664377, 47.580534040087926 ], [ 11.630100580989275, 47.58041062642048 ], [ 11.630456616207455, 47.580260564990361 ], [ 11.630491842527645, 47.580288596938011 ], [ 11.630559317052718, 47.58026127493563 ], [ 11.631154477260562, 47.580019251738015 ], [ 11.631675226737613, 47.579766148437038 ], [ 11.632078981924268, 47.579618971534217 ], [ 11.632428101339668, 47.579534254475078 ], [ 11.633382924478939, 47.579509203927245 ], [ 11.634113345754523, 47.579361360900428 ], [ 11.634694670161569, 47.579147360281411 ], [ 11.635240653449335, 47.578784676559216 ], [ 11.635273693266647, 47.578761557245834 ], [ 11.635399287357501, 47.578664097616802 ], [ 11.635625572667687, 47.578649148552017 ], [ 11.636167449413364, 47.578627896777249 ], [ 11.636809430130423, 47.578586268158439 ], [ 11.6372633568769, 47.578476514275692 ], [ 11.63757559569413, 47.57832093002429 ], [ 11.637676510817975, 47.578096475274343 ], [ 11.637708688349273, 47.578024685508723 ], [ 11.637956045313038, 47.577518009470126 ], [ 11.638138922567148, 47.576955049329662 ], [ 11.638320800958331, 47.57661182821311 ], [ 11.638508852311812, 47.576294861523614 ], [ 11.638676019868864, 47.576217332644461 ], [ 11.639141134899807, 47.576016701357666 ], [ 11.639582171882997, 47.57577825409637 ], [ 11.640032535026762, 47.575702411593682 ], [ 11.640785849126063, 47.5757746160509 ], [ 11.641408001915089, 47.57590002629378 ], [ 11.642231782473532, 47.5760053011822 ], [ 11.643083137590137, 47.576062121426638 ], [ 11.643903221868719, 47.575991083790207 ], [ 11.644470998616063, 47.575841602210836 ], [ 11.644834457269351, 47.57558587075588 ], [ 11.644876254511908, 47.57551716217155 ], [ 11.645023304022612, 47.575274804295141 ], [ 11.645298738704994, 47.575048196043291 ], [ 11.645728715112952, 47.574824650701899 ], [ 11.64652024472252, 47.574661776169123 ], [ 11.646804811773583, 47.574603143948607 ], [ 11.647650568528498, 47.574436605333574 ], [ 11.648503097447307, 47.574250977767711 ], [ 11.649363120229637, 47.574093766738905 ], [ 11.649802830926811, 47.573984280496028 ], [ 11.650323196375609, 47.573726345514146 ], [ 11.650766344920738, 47.573469370669166 ], [ 11.651133473118509, 47.573265451403792 ], [ 11.65175466348474, 47.573035562215694 ], [ 11.651818113873809, 47.573023073212617 ], [ 11.652088601244699, 47.572931331593558 ], [ 11.652241346497926, 47.572761724942168 ], [ 11.652530058473515, 47.572662529021883 ], [ 11.652790658928785, 47.572511703344219 ], [ 11.652907792773336, 47.572413931118867 ], [ 11.653160276018948, 47.572311254980093 ], [ 11.6534564757326, 47.572033525006439 ], [ 11.653582746226606, 47.571717242787706 ], [ 11.653700866019568, 47.571498262168653 ], [ 11.65384726039305, 47.571245619619106 ], [ 11.654018445475428, 47.5710728394927 ], [ 11.654308296335795, 47.570813095290085 ], [ 11.654438255515078, 47.570662520690448 ], [ 11.654568230454167, 47.570599648584192 ], [ 11.654929012234417, 47.570410278181932 ], [ 11.655447327382866, 47.570499265398482 ], [ 11.656139782499528, 47.570524243885956 ], [ 11.656503721695238, 47.570346204722966 ], [ 11.656804722534252, 47.570233069819302 ], [ 11.657347183994665, 47.57013802687149 ], [ 11.657884662865609, 47.570174517490102 ], [ 11.65814992797038, 47.570263765223352 ], [ 11.658456551559151, 47.570444874045265 ], [ 11.658781809328962, 47.570611783505207 ], [ 11.658918745425339, 47.570666788057032 ], [ 11.658935352044505, 47.570628105768371 ], [ 11.659044597267499, 47.570649599733365 ], [ 11.659075127758745, 47.570653476727607 ], [ 11.659200123992466, 47.570645378874588 ], [ 11.659287754800852, 47.570646981648835 ], [ 11.65952572604264, 47.570628844551777 ], [ 11.659564178665542, 47.57062590036869 ], [ 11.659648247339797, 47.570622852481776 ], [ 11.659734267223314, 47.570629409646372 ], [ 11.659834257841656, 47.570652722208614 ], [ 11.659929475195691, 47.570681860605269 ], [ 11.659947161870212, 47.570676146460244 ], [ 11.660232971635537, 47.570583899262409 ], [ 11.660509494647833, 47.570477171434277 ], [ 11.660790623592538, 47.570366354834512 ], [ 11.661055807586528, 47.570258153845906 ], [ 11.661233481769678, 47.57011965380476 ], [ 11.661508577310581, 47.569997930144687 ], [ 11.661614136167247, 47.569951194767306 ], [ 11.661667401446214, 47.569928965517398 ], [ 11.662020118234707, 47.569781732876535 ], [ 11.662099835578662, 47.569748416879186 ], [ 11.662397952330934, 47.569612834315294 ], [ 11.662437169091996, 47.569596922956933 ], [ 11.662732755364766, 47.569481615238089 ], [ 11.663122955773261, 47.569371957833802 ], [ 11.663350539583698, 47.569293938336791 ], [ 11.663380165715232, 47.569283818526792 ], [ 11.66410643647559, 47.569213595813864 ], [ 11.664370261067411, 47.569224942413918 ], [ 11.664534663509164, 47.569229962119223 ], [ 11.664867132616777, 47.569259388133773 ], [ 11.665000692162264, 47.569275478682833 ], [ 11.665084436502614, 47.569280615492829 ], [ 11.665166958341683, 47.569289646605732 ], [ 11.665411943829064, 47.569324227673832 ], [ 11.665535055849839, 47.569325757990043 ], [ 11.665953220085196, 47.569338628880672 ], [ 11.665960886952067, 47.569337199807961 ], [ 11.667198368732706, 47.569128035052387 ], [ 11.66755737671342, 47.569035087226183 ], [ 11.667962594442026, 47.568945640136533 ], [ 11.668210203828316, 47.568880341180311 ], [ 11.668337091679799, 47.568846856080633 ], [ 11.668638431255063, 47.568706708185061 ], [ 11.668654177963871, 47.56869939623504 ], [ 11.668793845426904, 47.568634502891271 ], [ 11.669100252239618, 47.56848537960802 ], [ 11.66923009827333, 47.568364913558987 ], [ 11.669257876268697, 47.568339116626497 ], [ 11.669302531673376, 47.568297680050286 ], [ 11.669554813334051, 47.567911301780526 ], [ 11.66962240201919, 47.567772731983403 ], [ 11.669661931538142, 47.56769159227585 ], [ 11.669713459696254, 47.567585666482096 ], [ 11.669865503203308, 47.567329807397286 ], [ 11.669920150846416, 47.567158552830961 ], [ 11.669952538382326, 47.566999773374917 ], [ 11.670021514275872, 47.566674541878378 ], [ 11.670051023807316, 47.566559872183007 ], [ 11.670072193125426, 47.56633081472404 ], [ 11.670080519310016, 47.566261377977483 ], [ 11.670160251223772, 47.565899876203048 ], [ 11.670187455737468, 47.565846541142648 ], [ 11.670224809187363, 47.565773368611325 ], [ 11.670306840730937, 47.565612575980126 ], [ 11.670431203086375, 47.565397246808068 ], [ 11.670461040105478, 47.565345550415813 ], [ 11.670464088936896, 47.565340224414577 ], [ 11.670482911811751, 47.565307679400476 ], [ 11.670616932214243, 47.565128481621379 ], [ 11.670633224169521, 47.565110042326054 ], [ 11.670725637864315, 47.565005545267027 ], [ 11.670670453948224, 47.564976593957752 ], [ 11.670488655462037, 47.564878761415635 ], [ 11.670528647406746, 47.564792627668304 ], [ 11.670797243276013, 47.564568168714096 ], [ 11.670560662077376, 47.564392443398376 ], [ 11.670406523252954, 47.564137233384507 ], [ 11.670378002641565, 47.563844846604496 ], [ 11.670220771600679, 47.56346828694528 ], [ 11.670167863831583, 47.563325948394208 ], [ 11.670062261232975, 47.563041772422103 ], [ 11.670063388674842, 47.562670504797055 ], [ 11.670147497854998, 47.562494670904364 ], [ 11.670183571785858, 47.562419237631993 ], [ 11.670132062040699, 47.562391365821895 ], [ 11.669873435333599, 47.562251491886677 ], [ 11.669720918009096, 47.562060509314044 ], [ 11.669620295172647, 47.561652750710081 ], [ 11.669568083794038, 47.561441160935686 ], [ 11.669650991109132, 47.561204997631449 ], [ 11.669676280341042, 47.561132920712581 ], [ 11.670073331290897, 47.560985505360932 ], [ 11.670221426224284, 47.56097978550509 ], [ 11.670336778465602, 47.560975297272762 ], [ 11.670607851884631, 47.560850782999211 ], [ 11.671176106999935, 47.560582968591831 ], [ 11.671399997667558, 47.560477451104973 ], [ 11.67165594831256, 47.560174617462586 ], [ 11.672001916912164, 47.56009205737395 ], [ 11.672689299648894, 47.56016257863832 ], [ 11.673292141108496, 47.560226950773213 ], [ 11.673746431087306, 47.560257349989669 ], [ 11.674317639932941, 47.560322076699201 ], [ 11.67472831564508, 47.56029586622423 ], [ 11.675598291084698, 47.560476721323042 ], [ 11.675939719808918, 47.560547712374536 ], [ 11.676082126531856, 47.560626543421279 ], [ 11.676332528471489, 47.560524592114113 ], [ 11.6769063485269, 47.560416875276744 ], [ 11.677297949096898, 47.56030202247868 ], [ 11.677597614842345, 47.560143491022629 ], [ 11.677838508982392, 47.560016078212719 ], [ 11.677842349038634, 47.559989220839036 ], [ 11.677928661569309, 47.559378110411977 ], [ 11.677965184712187, 47.559161042792176 ], [ 11.677986467455872, 47.55903464842627 ], [ 11.677989437476901, 47.559016810062822 ], [ 11.67814974764687, 47.55863523529856 ], [ 11.678191617340572, 47.558535576114203 ], [ 11.678340340484434, 47.558323370816119 ], [ 11.678342143884283, 47.558320833061892 ], [ 11.678612168318205, 47.558098488386712 ], [ 11.678634809679101, 47.558084220773118 ], [ 11.678958716544289, 47.557880251541171 ], [ 11.679247175278034, 47.557682611310092 ], [ 11.679293916357958, 47.557650649846437 ], [ 11.679357216831963, 47.557636704569028 ], [ 11.679390146597823, 47.557610238546793 ], [ 11.679383353666571, 47.557588805186668 ], [ 11.679481988852737, 47.557481349783117 ], [ 11.679631022262891, 47.557349366032931 ], [ 11.679782803108294, 47.557205549173126 ], [ 11.679960306307567, 47.557079989839472 ], [ 11.680058032919483, 47.556999331851372 ], [ 11.68036840453618, 47.556775331848037 ], [ 11.680387825170959, 47.556744693955842 ], [ 11.680461017986895, 47.556593635797562 ], [ 11.680535587438534, 47.556471266346549 ], [ 11.680578742481638, 47.556400483156658 ], [ 11.680643362397173, 47.556283526210116 ], [ 11.680681447795365, 47.556214649877568 ], [ 11.680718881087895, 47.556186137491238 ], [ 11.680734486800038, 47.556174252729619 ], [ 11.680918663968866, 47.556034116366071 ], [ 11.680891325582678, 47.555942243800871 ], [ 11.680916718985124, 47.555864859954504 ], [ 11.681047896485635, 47.555631809743645 ], [ 11.681091917926478, 47.555572297032015 ], [ 11.681242292800967, 47.555369438878706 ], [ 11.68153026707888, 47.555216434344693 ], [ 11.681865523352712, 47.554987846084394 ], [ 11.682429585763341, 47.554600571035735 ], [ 11.682521897121612, 47.554537157482905 ], [ 11.683169575944232, 47.554157182687938 ], [ 11.683431792010788, 47.55403456234837 ], [ 11.683498447661199, 47.554003377943729 ], [ 11.683703563884253, 47.553939357550931 ], [ 11.683940413928422, 47.553865330756665 ], [ 11.684477165076624, 47.553703970906462 ], [ 11.684640815295724, 47.553619560234608 ], [ 11.685116792116846, 47.553264883549851 ], [ 11.685158733962437, 47.553247487773582 ], [ 11.685207587608181, 47.553226585579857 ], [ 11.685529063072737, 47.553093993559031 ], [ 11.685875292801725, 47.55275740813876 ], [ 11.685896752054015, 47.552750044539273 ], [ 11.685917965743513, 47.552794680800652 ], [ 11.685948169582192, 47.552769405232269 ], [ 11.68592442159807, 47.552730280030339 ], [ 11.686050898014555, 47.55259613197132 ], [ 11.686467535339835, 47.55237283940896 ], [ 11.686491783775878, 47.552359866287915 ], [ 11.68652768069405, 47.552340558808503 ], [ 11.686912983007813, 47.552092449108443 ], [ 11.687180614641894, 47.551920025945833 ], [ 11.68736726028364, 47.551799729540953 ], [ 11.687512330091707, 47.55170554080992 ], [ 11.687661686021858, 47.551608586849149 ], [ 11.687791597075352, 47.551524267049601 ], [ 11.687853910292135, 47.551483775232079 ], [ 11.688233135485886, 47.551237276119359 ], [ 11.688216619487042, 47.551225222193487 ], [ 11.688254747119329, 47.551200135006894 ], [ 11.688407226638605, 47.551099937604604 ], [ 11.688445881135682, 47.551074473568775 ], [ 11.688669928685442, 47.55089545161723 ], [ 11.688695291912069, 47.550890016628074 ], [ 11.688831940534483, 47.550860617312431 ], [ 11.688932868101377, 47.550813207778525 ], [ 11.688990072835612, 47.550786247507645 ], [ 11.689120719813438, 47.550724896558009 ], [ 11.689341645242692, 47.550652321823549 ], [ 11.689488792203058, 47.550603976020255 ], [ 11.689778243002616, 47.550540670902443 ], [ 11.690049035655713, 47.550480179345946 ], [ 11.690259346099371, 47.550433173503613 ], [ 11.690282062522277, 47.550428050044104 ], [ 11.690920212607027, 47.550275144048058 ], [ 11.691087014334578, 47.550231543314851 ], [ 11.69109410666014, 47.550058504931684 ], [ 11.691105180941163, 47.549787716203973 ], [ 11.691106671945166, 47.549762066156369 ], [ 11.691177806162022, 47.549765641907129 ], [ 11.691276844444044, 47.549772393908874 ], [ 11.691799875333366, 47.54980794261958 ], [ 11.691853867887923, 47.54995940973491 ], [ 11.692113905171265, 47.549904602616117 ], [ 11.692543291268768, 47.549735022884846 ], [ 11.692885969518823, 47.549586958635423 ], [ 11.693149817289713, 47.549463936804941 ], [ 11.693306985339843, 47.54938688667125 ], [ 11.694148182782071, 47.548951532801937 ], [ 11.694873392116207, 47.548450343996031 ], [ 11.695746415357997, 47.547768825468957 ], [ 11.695272104286682, 47.547648809737844 ], [ 11.695163687135024, 47.547632476304699 ], [ 11.695110197640998, 47.547019041469142 ], [ 11.695248872633213, 47.546848834367729 ], [ 11.695385725268116, 47.546740016178461 ], [ 11.695457309416046, 47.54662664140362 ], [ 11.695418602902826, 47.546532393822019 ], [ 11.695567334580062, 47.546447971519896 ], [ 11.695584708930102, 47.546406498906855 ], [ 11.695678569438652, 47.546182861088937 ], [ 11.695792509876368, 47.545925428519439 ], [ 11.695767505832173, 47.545919565570621 ], [ 11.695576113668322, 47.54585755297532 ], [ 11.695362149535024, 47.545738728681052 ], [ 11.69513506355249, 47.54552008771811 ], [ 11.695137118088201, 47.545191651730647 ], [ 11.695171715279649, 47.544898539915465 ], [ 11.695153795793628, 47.544613166908668 ], [ 11.695041371490857, 47.544343202465676 ], [ 11.695001289988005, 47.54401527113469 ], [ 11.695145364371589, 47.543470966560697 ], [ 11.695108932678568, 47.54328577029893 ], [ 11.694787738576917, 47.543096839061 ], [ 11.694519981929474, 47.542935791811558 ], [ 11.694253480491856, 47.54282471138206 ], [ 11.694063584720238, 47.542819816850574 ], [ 11.693810112215793, 47.542801386123408 ], [ 11.693712372329687, 47.542726101024712 ], [ 11.693795092641597, 47.542630251529381 ], [ 11.693986987263413, 47.542508687458813 ], [ 11.69419991675958, 47.54238270230767 ], [ 11.694418879516935, 47.542287294877703 ], [ 11.694436688143591, 47.542284756161848 ], [ 11.694744515231145, 47.542240612744159 ], [ 11.694956832960798, 47.542295215575599 ], [ 11.695126563515345, 47.54233601431379 ], [ 11.695187768736806, 47.542256786931283 ], [ 11.695077755119133, 47.542079582702769 ], [ 11.69475416511132, 47.541797845920762 ], [ 11.694348871367836, 47.541586069037329 ], [ 11.69432665135678, 47.541574457706588 ], [ 11.693911151036342, 47.541408026205822 ], [ 11.693760812573224, 47.541302716132982 ], [ 11.693556864586157, 47.541162346785285 ], [ 11.693350519832254, 47.540929187802739 ], [ 11.693369043659281, 47.540642330656773 ], [ 11.693252573645948, 47.540402038221607 ], [ 11.69308583850397, 47.540219557975036 ], [ 11.692875939590866, 47.540106640620799 ], [ 11.692428833482321, 47.539940584876732 ], [ 11.691916653351305, 47.539703889607459 ], [ 11.691373037883995, 47.539474728577545 ], [ 11.690916682867378, 47.539358740591865 ], [ 11.690548523576547, 47.539391650721093 ], [ 11.68998160213323, 47.539484030457366 ], [ 11.689466034370218, 47.539525802803887 ], [ 11.689305890990999, 47.539449161875332 ], [ 11.689110865533609, 47.539244417348307 ], [ 11.688733525853044, 47.538920456985956 ], [ 11.688347839808667, 47.538682275230649 ], [ 11.688023124302939, 47.538764629299443 ], [ 11.690341173175446, 47.535102525152539 ], [ 11.690544184077616, 47.535129487280727 ], [ 11.690784371110604, 47.535040975767224 ], [ 11.691129230214555, 47.534922692813517 ], [ 11.691359602961553, 47.534862839169243 ], [ 11.691597785250361, 47.534695822351452 ], [ 11.69175476029223, 47.534651122342268 ], [ 11.691952045596516, 47.534534549048203 ], [ 11.692247551588824, 47.534138394825661 ], [ 11.692586510137206, 47.533791695591923 ], [ 11.692595988781816, 47.533341790561636 ], [ 11.692505654001208, 47.532131547497563 ], [ 11.692468424461156, 47.531665558628134 ], [ 11.692657232235204, 47.531220677342951 ], [ 11.693040559859522, 47.53055217908252 ], [ 11.693470831225339, 47.529866160154164 ], [ 11.693496188783502, 47.529825715750817 ], [ 11.693576064228491, 47.529653419639921 ], [ 11.693666496503615, 47.529481003883092 ], [ 11.693907821738549, 47.529028364144381 ], [ 11.694003049653606, 47.528634572683828 ], [ 11.694234537871138, 47.52821060980343 ], [ 11.694461760774029, 47.528029427917112 ], [ 11.694457890443404, 47.527879546245622 ], [ 11.694463826656129, 47.527700996261402 ], [ 11.694501922345165, 47.527543479412259 ], [ 11.694879604341402, 47.527474737152772 ], [ 11.695429045510611, 47.527525347459466 ], [ 11.695758288788602, 47.527621389105654 ], [ 11.6958945426918, 47.527591221284652 ], [ 11.695975519315644, 47.527461745770808 ], [ 11.696216957704324, 47.527016237659801 ], [ 11.696553466921786, 47.526576751726871 ], [ 11.696794548542078, 47.526116968675552 ], [ 11.696738555334711, 47.52568427431396 ], [ 11.696729712095159, 47.525342356028375 ], [ 11.696856298667674, 47.524729837396613 ], [ 11.696874078153346, 47.524643750466652 ], [ 11.696790093888517, 47.524374413618162 ], [ 11.696667858687292, 47.523982534286858 ], [ 11.696588051902067, 47.52352845629035 ], [ 11.696491821685006, 47.523200019450925 ], [ 11.696506156979838, 47.523056011010851 ], [ 11.696378447697409, 47.522751514925602 ], [ 11.696330499817265, 47.522467830265064 ], [ 11.696513292562429, 47.522320301495846 ], [ 11.69651764453198, 47.522281553687577 ], [ 11.696716325865012, 47.5221193729124 ], [ 11.696710885180799, 47.522115809085392 ], [ 11.696741736253829, 47.522025548285583 ], [ 11.696805476092432, 47.521923625283442 ], [ 11.696999904647253, 47.521741467293225 ], [ 11.697061601280652, 47.521560893411596 ], [ 11.697059558314898, 47.52148221929243 ], [ 11.697024061453943, 47.521392731467735 ], [ 11.697054908331303, 47.521302447235115 ], [ 11.697035712899115, 47.521201501206811 ], [ 11.696983911466338, 47.521123437424102 ], [ 11.696882039387255, 47.521034728290807 ], [ 11.696747593003701, 47.520968884683782 ], [ 11.696712088793253, 47.520879386050311 ], [ 11.696776125880207, 47.520788699056887 ], [ 11.696806972713409, 47.520698409485938 ], [ 11.696870705656421, 47.520596490101582 ], [ 11.696932427699828, 47.520415903359769 ], [ 11.696996741843861, 47.520336477673141 ], [ 11.69712828574073, 47.520289956423511 ], [ 11.697184489686707, 47.520260335963691 ], [ 11.697281737203733, 47.520189103553598 ], [ 11.697323280314903, 47.520130257596946 ], [ 11.697287759983634, 47.520040766515628 ], [ 11.697116659113552, 47.5198404623466 ], [ 11.697248193706587, 47.519793941063462 ], [ 11.697312234217671, 47.519703266301718 ], [ 11.697343087403054, 47.519612972894151 ], [ 11.697305257398833, 47.51943356949333 ], [ 11.697302931660067, 47.519343664559713 ], [ 11.697350379594795, 47.519253186738659 ], [ 11.697364624850049, 47.519163099471619 ], [ 11.697362299543647, 47.519073214317814 ], [ 11.697393154532893, 47.518982904675006 ], [ 11.697421674066199, 47.518802735170702 ], [ 11.697419348272987, 47.518712833828182 ], [ 11.697570068441266, 47.5186699052568 ], [ 11.69766639274267, 47.518642456162368 ], [ 11.697743168819416, 47.518555959872266 ], [ 11.697747025550798, 47.518551584114427 ], [ 11.697742373091188, 47.518371788637722 ], [ 11.697638179331371, 47.518193189543901 ], [ 11.69750085044452, 47.51801496397546 ], [ 11.697465358051412, 47.517925479783912 ], [ 11.697293671329478, 47.51770269108961 ], [ 11.697285532809497, 47.517388060584651 ], [ 11.697216837134333, 47.517298963262824 ], [ 11.697115574514937, 47.517232720758926 ], [ 11.696981721279652, 47.517189342262839 ], [ 11.696946805710148, 47.517122312162549 ], [ 11.697010843360403, 47.517031628563494 ], [ 11.697139312349817, 47.516941484369347 ], [ 11.697141189705127, 47.516940148886214 ], [ 11.69737080341336, 47.516836278061561 ], [ 11.697502628967925, 47.516800992543658 ], [ 11.697545532681495, 47.516763337587093 ], [ 11.697632397869548, 47.516687043656987 ], [ 11.697712736624908, 47.516584917551441 ], [ 11.697760456039884, 47.516505666844758 ], [ 11.697724668107814, 47.516404941275368 ], [ 11.697720016120838, 47.51622514752777 ], [ 11.697684804538994, 47.51614689239932 ], [ 11.697682478652228, 47.51605699641992 ], [ 11.69771274748455, 47.515944219897577 ], [ 11.697677245169134, 47.515854719670635 ], [ 11.697608558950893, 47.51576562604901 ], [ 11.697589639610445, 47.515675921692441 ], [ 11.697550556989658, 47.515608849493766 ], [ 11.697435745597705, 47.515497898069007 ], [ 11.697367060031548, 47.515408795296786 ], [ 11.697265216750715, 47.515320069907737 ], [ 11.697097598102646, 47.515254625850716 ], [ 11.696964930963905, 47.515256200453109 ], [ 11.695920594993874, 47.514366283281319 ], [ 11.69584290134995, 47.514382104959168 ], [ 11.695654184398537, 47.514451968901511 ], [ 11.695393200062821, 47.514534970369652 ], [ 11.695122980681429, 47.514611939238648 ], [ 11.694841339813998, 47.514596848982755 ], [ 11.69449491309569, 47.514533321932014 ], [ 11.694030731895189, 47.514477356864802 ], [ 11.693668404246866, 47.51450008238622 ], [ 11.693204073699359, 47.514437970685606 ], [ 11.692794477266457, 47.514387487029687 ], [ 11.69259586681218, 47.514426708926898 ], [ 11.692245011462253, 47.514541520430534 ], [ 11.691991806353663, 47.514575245503373 ], [ 11.691628981000285, 47.514579531696498 ], [ 11.691183894797781, 47.514560206895531 ], [ 11.690831423960983, 47.514613548424364 ], [ 11.690590058139174, 47.514678143618475 ], [ 11.690543053467724, 47.514690706540236 ], [ 11.690421885955839, 47.514819955235168 ], [ 11.690251320404705, 47.514989215552013 ], [ 11.69014678621075, 47.515156409662964 ], [ 11.689903917148762, 47.515239184679913 ], [ 11.689603801065887, 47.515212002377531 ], [ 11.689248450838049, 47.515154724259254 ], [ 11.688929008432972, 47.515108260949134 ], [ 11.688704840796396, 47.515185729078517 ], [ 11.688515947708002, 47.515249423868603 ], [ 11.688388953480878, 47.515341264359982 ], [ 11.688267668345482, 47.515473638632301 ], [ 11.687998062108731, 47.515575169044375 ], [ 11.687671524846056, 47.515579018452115 ], [ 11.687262246020726, 47.515540835572118 ], [ 11.686754126534796, 47.515540662466513 ], [ 11.686473724699194, 47.515574681288328 ], [ 11.686229936663556, 47.515620589004968 ], [ 11.686093221077371, 47.515597611282651 ], [ 11.685792001190986, 47.51552739144104 ], [ 11.685482349806639, 47.515481859237788 ], [ 11.685264502091361, 47.515478286615171 ], [ 11.685066839487362, 47.515554345611626 ], [ 11.684860112286925, 47.515630559459311 ], [ 11.684551387321509, 47.515621900351391 ], [ 11.684188559040303, 47.515626166609636 ], [ 11.683879217853265, 47.515592921932722 ], [ 11.683766484239806, 47.515575977296308 ], [ 11.68365150668599, 47.515558711731799 ], [ 11.683490759211439, 47.515658955753764 ], [ 11.683442730334319, 47.515746531250123 ], [ 11.683412758125778, 47.515801244473423 ], [ 11.683307342472201, 47.515937715579113 ], [ 11.68310966564944, 47.516013810929238 ], [ 11.682782986248485, 47.516011497625705 ], [ 11.682455350088654, 47.515972304526066 ], [ 11.682223239284738, 47.516030939545878 ], [ 11.682180127939425, 47.516209126865931 ], [ 11.681956969979726, 47.516353120307578 ], [ 11.681502475930529, 47.516321572820246 ], [ 11.681101642790825, 47.516258668856132 ], [ 11.680821404033148, 47.516298840356939 ], [ 11.680462803818084, 47.516469015572433 ], [ 11.680255280640369, 47.516514465586873 ], [ 11.679899630352729, 47.516444859324054 ], [ 11.679625128616037, 47.516355875018633 ], [ 11.679341734994816, 47.516273133874293 ], [ 11.678957329162852, 47.516142414630643 ], [ 11.678531185093764, 47.516153556699557 ], [ 11.678169435681294, 47.51620080842018 ], [ 11.677927639280496, 47.516326575193588 ], [ 11.677596119347037, 47.51649027407592 ], [ 11.677259387325144, 47.51645120672223 ], [ 11.676992901248784, 47.516319074635305 ], [ 11.676886860778882, 47.516074438845905 ], [ 11.676574860273339, 47.515936710915462 ], [ 11.676105228044872, 47.516022107347013 ], [ 11.675797745404459, 47.516062592132798 ], [ 11.675496069782552, 47.515973922629399 ], [ 11.675097864069057, 47.515904730199757 ], [ 11.674895797061232, 47.516098780673332 ], [ 11.67447230534097, 47.51630778470772 ], [ 11.674095134946235, 47.516411987696543 ], [ 11.6736729544065, 47.516461034874339 ], [ 11.673439748234758, 47.516378289145443 ], [ 11.673407136617946, 47.516343666451668 ], [ 11.673367145059631, 47.516344127456215 ], [ 11.672973604289711, 47.516063138870031 ], [ 11.67229520642764, 47.515630791909437 ], [ 11.671740256275212, 47.515526705859969 ], [ 11.671518692143815, 47.515485155789662 ], [ 11.671200880975169, 47.515526415927674 ], [ 11.670713376050557, 47.515589722557579 ], [ 11.670168143907096, 47.515560369909018 ], [ 11.66987788795676, 47.5151948888142 ], [ 11.669514337923214, 47.51471124753288 ], [ 11.669203169224808, 47.514215105349805 ], [ 11.668612261602165, 47.513209315733221 ], [ 11.668457221305632, 47.512547496698978 ], [ 11.668562940644509, 47.512171517166067 ], [ 11.668521920402831, 47.511461529636208 ], [ 11.66835102100139, 47.510628133463328 ], [ 11.6680630901744, 47.510178654908422 ], [ 11.667895693896924, 47.509938573014445 ], [ 11.6678410874931, 47.50953559981135 ], [ 11.667645111144838, 47.509556893793089 ], [ 11.666989336819119, 47.509524161378245 ], [ 11.666937524240437, 47.509534363500315 ], [ 11.666315561416196, 47.509554225100288 ], [ 11.665759994460281, 47.509534534438458 ], [ 11.665258423896759, 47.509483847888632 ], [ 11.664704957820341, 47.509440788786591 ], [ 11.664062856088799, 47.50940326162462 ], [ 11.663643319070957, 47.509299345378999 ], [ 11.663181264721532, 47.50913828821588 ], [ 11.662890882027989, 47.508940948576004 ], [ 11.662650841045316, 47.508732369095313 ], [ 11.66243974417725, 47.508472271898157 ], [ 11.662194363967014, 47.508266271677961 ], [ 11.661763464092742, 47.50792496889499 ], [ 11.661297002865222, 47.507687489073113 ], [ 11.660964026148546, 47.507486447149731 ], [ 11.660626228485469, 47.507308532688796 ], [ 11.660358245212706, 47.507208975324012 ], [ 11.65991017933831, 47.507081294773279 ], [ 11.659148652254103, 47.506547480836801 ], [ 11.658451060000676, 47.506041501899936 ], [ 11.65764672605505, 47.505479610407889 ], [ 11.657286440588942, 47.505398100307268 ], [ 11.657032021662364, 47.505336765688526 ], [ 11.656849229667337, 47.505188947055771 ], [ 11.656602824434506, 47.505027588239471 ], [ 11.656412316608808, 47.504994072006831 ], [ 11.656067041146336, 47.505090867135181 ], [ 11.655963999000257, 47.505112427679208 ], [ 11.655742131899363, 47.505158844036806 ], [ 11.655328664587376, 47.505248835751097 ], [ 11.655340409192476, 47.50482313742306 ], [ 11.655310416749295, 47.504421546076742 ], [ 11.655373540395026, 47.504076212653189 ], [ 11.655378350345991, 47.503630912208905 ], [ 11.655594782209278, 47.50321300068137 ], [ 11.65590737352405, 47.502818144801353 ], [ 11.656392875287043, 47.502378833990868 ], [ 11.656905046359572, 47.502051938676367 ], [ 11.657341448377602, 47.501831070974397 ], [ 11.657668392966096, 47.501685060064005 ], [ 11.658076717691326, 47.501668845434189 ], [ 11.658497262436969, 47.501715982584642 ], [ 11.658860613782448, 47.501806235774936 ], [ 11.659172624317083, 47.501917042701905 ], [ 11.659452856585371, 47.502026236755221 ], [ 11.659779092769888, 47.502068278384669 ], [ 11.660021542136771, 47.502051158136389 ], [ 11.660195439513942, 47.501997697819107 ], [ 11.660836324929038, 47.501834857095417 ], [ 11.66126701311811, 47.501650005943191 ], [ 11.661763599702942, 47.501496692440455 ], [ 11.662151517350452, 47.501459885885808 ], [ 11.662222965465896, 47.501710904577564 ], [ 11.662275374016408, 47.501947545310479 ], [ 11.662439012492298, 47.502225564058548 ], [ 11.662598191284193, 47.502379184071295 ], [ 11.662953008139459, 47.502453500181616 ], [ 11.663272669981856, 47.502545926939071 ], [ 11.663766643945603, 47.502609363576838 ], [ 11.664141550098295, 47.502525206260081 ], [ 11.664396612931201, 47.502374673130447 ], [ 11.664732030081737, 47.502253874296109 ], [ 11.66532751053686, 47.502182012335716 ], [ 11.665878015291147, 47.502061529979528 ], [ 11.66656713977938, 47.501862952494754 ], [ 11.666944048163458, 47.501807982380825 ], [ 11.667539299209972, 47.501883154153262 ], [ 11.667972403494424, 47.501902297827314 ], [ 11.66852832920889, 47.501841024501175 ], [ 11.668950419711265, 47.501736331642761 ], [ 11.669343893781614, 47.501655314379526 ], [ 11.669521239543833, 47.501583828720022 ], [ 11.669839245793616, 47.501561288343261 ], [ 11.670029554486723, 47.501575359998043 ], [ 11.670270323300148, 47.501443837962221 ], [ 11.670467264525767, 47.501252662845083 ], [ 11.670681525010346, 47.501017160418591 ], [ 11.670993602135493, 47.50122685810819 ], [ 11.671119435564048, 47.501478108835528 ], [ 11.671456760054683, 47.501751023478896 ], [ 11.671896312075141, 47.502016869190655 ], [ 11.672316350404444, 47.502198886727541 ], [ 11.672597852605978, 47.502258560371416 ], [ 11.672816397382149, 47.502240860591009 ], [ 11.673220145205544, 47.502091362605121 ], [ 11.673529908185495, 47.501900586251828 ], [ 11.673730951392985, 47.501765005048675 ], [ 11.674086061397215, 47.501538775973671 ], [ 11.674630380853062, 47.501330891437355 ], [ 11.675339614068397, 47.50124617598555 ], [ 11.675529022283444, 47.501282751552253 ], [ 11.676006537803868, 47.501424729471339 ], [ 11.676500922874016, 47.501503283820526 ], [ 11.676808239266832, 47.501527804131278 ], [ 11.677222366638119, 47.501737691136846 ], [ 11.677586638514139, 47.501920625883002 ], [ 11.678174673587803, 47.502020842471545 ], [ 11.67880152639307, 47.502033162029861 ], [ 11.679395751385167, 47.50207400251103 ], [ 11.679925195166753, 47.502065836013571 ], [ 11.680574897319463, 47.502144783017769 ], [ 11.681026813833769, 47.502168999540096 ], [ 11.681529731040291, 47.502216233695208 ], [ 11.682276553800049, 47.502248788893262 ], [ 11.682945654483584, 47.502249915058073 ], [ 11.683626798479278, 47.50226075379031 ], [ 11.684216824670095, 47.5023403616918 ], [ 11.684684100885988, 47.502495647647507 ], [ 11.685234387426384, 47.502683700694526 ], [ 11.685897334754372, 47.502761344580151 ], [ 11.686785996599696, 47.502831828695996 ], [ 11.687528243412045, 47.502951540853282 ], [ 11.688255739443681, 47.503158832848555 ], [ 11.689048451860168, 47.5033788299299 ], [ 11.689575692323373, 47.503493199010222 ], [ 11.689948903498143, 47.503658008919508 ], [ 11.69021303950859, 47.503759163479081 ], [ 11.690473406941285, 47.503819044651344 ], [ 11.690990825006836, 47.503914559173197 ], [ 11.691028372332747, 47.503735629741243 ], [ 11.691067735231528, 47.503628081052788 ], [ 11.69097962086877, 47.503479185186038 ], [ 11.691070542941654, 47.503328177266837 ], [ 11.69105430952586, 47.50323998879486 ], [ 11.6911486024719, 47.503177790795043 ], [ 11.691190848405689, 47.503147625749648 ], [ 11.691201990886869, 47.503079885736398 ], [ 11.691197198328044, 47.503018896462031 ], [ 11.691311272440613, 47.502949950699097 ], [ 11.691504559996286, 47.502958556582904 ], [ 11.691675949988499, 47.50299143284159 ], [ 11.691737839502634, 47.503001859754356 ], [ 11.69182134064571, 47.50301588076519 ], [ 11.691962418300255, 47.50299458832265 ], [ 11.692036109598199, 47.502988273402238 ], [ 11.692110097743448, 47.502981940532578 ], [ 11.692234942934007, 47.503005118026707 ], [ 11.692242664231708, 47.503006512600741 ], [ 11.692372347280608, 47.503044254243548 ], [ 11.692475443858317, 47.503049546750567 ], [ 11.692522820728263, 47.503014136064579 ], [ 11.6926635663915, 47.502981927318729 ], [ 11.692858385287428, 47.502998744602259 ], [ 11.692863504454776, 47.502999191319574 ], [ 11.69306220568355, 47.503092784653035 ], [ 11.693274180761732, 47.503077195952613 ], [ 11.693560819870509, 47.502962572754392 ], [ 11.693715290021553, 47.502838650236164 ], [ 11.693742856369903, 47.502659514239191 ], [ 11.693877140087118, 47.502500942500014 ], [ 11.694162937022908, 47.502353634403718 ], [ 11.694502116951446, 47.502279865718393 ], [ 11.694854200345908, 47.502299194891336 ], [ 11.694872168650763, 47.502306350285593 ], [ 11.695116960462334, 47.502403407228321 ], [ 11.695487262072046, 47.502463276373504 ], [ 11.695823563646412, 47.502430745479685 ], [ 11.696053789292407, 47.502370878152128 ], [ 11.696295868141005, 47.502360872186443 ], [ 11.696680671837601, 47.502338501069865 ], [ 11.696798039606524, 47.502227229211023 ], [ 11.697061914746374, 47.501974218339541 ], [ 11.69720355819614, 47.501747644733165 ], [ 11.697371497048588, 47.501587393907279 ], [ 11.697663388352991, 47.501467317499618 ], [ 11.697734963281148, 47.501383174494549 ], [ 11.697840599768798, 47.501190345242719 ], [ 11.698058799234422, 47.501046282073773 ], [ 11.69810404876992, 47.500928536711641 ], [ 11.698369222951372, 47.500556619267819 ], [ 11.698606180440294, 47.500300819632557 ], [ 11.698604966282895, 47.500296676783066 ], [ 11.69869733785365, 47.500067119504436 ], [ 11.698928681764329, 47.499778777069295 ], [ 11.699173511088432, 47.499476702866112 ], [ 11.699350202487555, 47.499240695492773 ], [ 11.699512062385685, 47.498981753615645 ], [ 11.699784045966084, 47.498635826957212 ], [ 11.699828952203756, 47.49849582523845 ], [ 11.700017328854784, 47.498423630381147 ], [ 11.700168591106559, 47.498298083981908 ], [ 11.70026418656699, 47.498192237553383 ], [ 11.700302106231007, 47.498029960116746 ], [ 11.700476687961844, 47.497882665859329 ], [ 11.700646261700747, 47.497759313251336 ], [ 11.700728045684526, 47.497663152420031 ], [ 11.700809094911525, 47.497538446184606 ], [ 11.700890885755891, 47.497442267161645 ], [ 11.701140180455115, 47.497306029085436 ], [ 11.70122412571371, 47.497297909573952 ], [ 11.70136436772993, 47.497284332774278 ], [ 11.70151661060545, 47.497196854000322 ], [ 11.701681669650037, 47.497061617836295 ], [ 11.70181763647016, 47.496888646840162 ], [ 11.70195188526878, 47.496649060927354 ], [ 11.70207184870493, 47.496400125204318 ], [ 11.702121094435691, 47.496133010218436 ], [ 11.702098900937765, 47.496057781574436 ], [ 11.702059506861506, 47.495924307661596 ], [ 11.702192968416385, 47.495787632052391 ], [ 11.70248765799783, 47.495643141787205 ], [ 11.702915510452677, 47.4953524832044 ], [ 11.702966248512958, 47.495142451019284 ], [ 11.703062812740296, 47.495074666366556 ], [ 11.703312101255882, 47.494938423555418 ], [ 11.703446585853467, 47.494708365407348 ], [ 11.703441149952658, 47.494498993882729 ], [ 11.703431456375117, 47.494463512642547 ], [ 11.70339456632874, 47.494328217572807 ], [ 11.703476826183746, 47.494251085103087 ], [ 11.703629354454197, 47.494173123485211 ], [ 11.703750718290756, 47.494059272762009 ], [ 11.703752827950188, 47.494056903616915 ], [ 11.703790398775357, 47.493885594921402 ], [ 11.703911068242887, 47.49366522800517 ], [ 11.704019727324171, 47.493521134149915 ], [ 11.704182014893627, 47.493281214531656 ], [ 11.704329055304301, 47.492993890029474 ], [ 11.704379038808339, 47.492755313810463 ], [ 11.704386142071666, 47.492488684383517 ], [ 11.70444917180137, 47.492211862273962 ], [ 11.704468854356444, 47.491887983445885 ], [ 11.704473011742207, 47.491507163653544 ], [ 11.704406955021094, 47.491127174603257 ], [ 11.704424220758423, 47.491041077719942 ], [ 11.704456694841491, 47.490879088536389 ], [ 11.704520966931112, 47.490649861479682 ], [ 11.704498030883187, 47.490307437136778 ], [ 11.704558569498467, 47.489935455169594 ], [ 11.704510030138769, 47.489688550986116 ], [ 11.704505330555978, 47.489673969328869 ], [ 11.704433688178138, 47.489451473240628 ], [ 11.704438050779478, 47.489080170690464 ], [ 11.704446639474746, 47.488870637033024 ], [ 11.704511898026764, 47.488679468508707 ], [ 11.704604987012127, 47.488478440722595 ], [ 11.704760746200979, 47.488403466496116 ], [ 11.704885752065724, 47.488073609718434 ], [ 11.704871684119697, 47.487932685360249 ], [ 11.704879790069198, 47.487704132090691 ], [ 11.70495735217599, 47.487446177464854 ], [ 11.705091982276212, 47.487329727448156 ], [ 11.70506868986511, 47.487217123787609 ], [ 11.704920372561693, 47.487103927883979 ], [ 11.704930469448483, 47.48695149519201 ], [ 11.704948300626887, 47.486859866954205 ], [ 11.704967633210575, 47.48676065635798 ], [ 11.704891751376671, 47.486542622002681 ], [ 11.704773997760627, 47.486334609087137 ], [ 11.704813137370639, 47.486219914474518 ], [ 11.704921249911031, 47.486056782784871 ], [ 11.704804483586853, 47.485886833894149 ], [ 11.704649005435433, 47.485785085042075 ], [ 11.704655139619192, 47.485743347194315 ], [ 11.704491133002174, 47.485502451451922 ], [ 11.704318525331415, 47.485092585442899 ], [ 11.704228776105191, 47.484805830293233 ], [ 11.704071431417839, 47.484518890388152 ], [ 11.704020153738156, 47.484344572243145 ], [ 11.703973582643048, 47.484173772360002 ], [ 11.703858802593423, 47.484079946782437 ], [ 11.703775886871108, 47.484042052382463 ], [ 11.70371669336409, 47.484015003038429 ], [ 11.703612978818608, 47.483806819599941 ], [ 11.703536633789202, 47.483569730293098 ], [ 11.703499662918276, 47.483345738748177 ], [ 11.703580672003426, 47.483102775483097 ], [ 11.703505297902794, 47.482903764753246 ], [ 11.703459476440701, 47.482761527836232 ], [ 11.703429183958105, 47.482676223021166 ], [ 11.703451326552775, 47.482447493269746 ], [ 11.70348356435453, 47.482066339838269 ], [ 11.703425428025414, 47.481990870749108 ], [ 11.703238500813017, 47.481821758680638 ], [ 11.703137516442062, 47.48171824979714 ], [ 11.703120748498453, 47.481613734925901 ], [ 11.703203520031533, 47.481555625269117 ], [ 11.703199075216487, 47.481384317286505 ], [ 11.703138700230991, 47.481223233821346 ], [ 11.703093154330569, 47.481090497102308 ], [ 11.703103712551643, 47.480957104034843 ], [ 11.702987741599669, 47.480815706863417 ], [ 11.703082785549569, 47.480690831768079 ], [ 11.703136711446358, 47.480604499304718 ], [ 11.703019992022927, 47.480434529927635 ], [ 11.703015301840445, 47.4802537337589 ], [ 11.702953680414671, 47.480045036963446 ], [ 11.702798286034172, 47.480008828001658 ], [ 11.702697812798743, 47.479924345133085 ], [ 11.702596599516326, 47.479811313223962 ], [ 11.702650258336147, 47.479715503878836 ], [ 11.702632772733232, 47.479582432489451 ], [ 11.702558888530678, 47.479440531420103 ], [ 11.702398305790487, 47.479204452347275 ], [ 11.702394111047305, 47.47904267374269 ], [ 11.702236493961323, 47.478920806385716 ], [ 11.702146825830823, 47.478712461298059 ], [ 11.702000332751593, 47.478476211971142 ], [ 11.701844176589708, 47.478411429627535 ], [ 11.70173037578139, 47.478355671429803 ], [ 11.701571784251158, 47.478195751511485 ], [ 11.701412458380737, 47.478007246358146 ], [ 11.701378227234613, 47.477769679086599 ], [ 11.701329462739748, 47.477513232543181 ], [ 11.701562650408295, 47.477301036628262 ], [ 11.70209236006732, 47.477151932366738 ], [ 11.702216676134192, 47.477074299454252 ], [ 11.702382926423629, 47.476986648622784 ], [ 11.702545923042702, 47.476775278123604 ], [ 11.702863092595374, 47.476552546108501 ], [ 11.70309654059143, 47.476349863778999 ], [ 11.703090756166771, 47.476126867177605 ], [ 11.703089875727464, 47.476092924936033 ], [ 11.703084691878729, 47.475893078609808 ], [ 11.703219618722667, 47.475682038180608 ], [ 11.703246159431055, 47.475583009776571 ], [ 11.703252780059449, 47.4755583828195 ], [ 11.703270827377224, 47.47549106084476 ], [ 11.703322292342957, 47.475309567906677 ], [ 11.703290998358474, 47.475186190046557 ], [ 11.703175005326477, 47.475044787818952 ], [ 11.703101869377118, 47.474931432278389 ], [ 11.702901157300829, 47.474771996540383 ], [ 11.702686191853145, 47.47460320328436 ], [ 11.702524639853547, 47.474329072506997 ], [ 11.7022700131861, 47.47425595160707 ], [ 11.701889343676127, 47.474193862385441 ], [ 11.701689115209096, 47.474053453091159 ], [ 11.701652020344618, 47.473802883110388 ], [ 11.701841475302654, 47.473434514510544 ], [ 11.702092740099332, 47.47309238570616 ], [ 11.702202728125355, 47.472833905646866 ], [ 11.702204571628782, 47.472775541209188 ], [ 11.702258644749568, 47.472733007307859 ], [ 11.702393039870078, 47.472502959516682 ], [ 11.7029197398537, 47.472239634266913 ], [ 11.703688737026825, 47.472116243412572 ], [ 11.704500986330963, 47.472039917914401 ], [ 11.705100105448748, 47.471861413231011 ], [ 11.705626509722862, 47.471588593316248 ], [ 11.705750480550005, 47.471511543438702 ], [ 11.705985745602279, 47.471365344481093 ], [ 11.706301615346719, 47.471095015237026 ], [ 11.706519729267271, 47.470844904185824 ], [ 11.706643911768758, 47.470473783505902 ], [ 11.706656307452779, 47.470157907247113 ], [ 11.706592257987493, 47.46985405493362 ], [ 11.706374053674663, 47.469561565013656 ], [ 11.706100975672884, 47.469317306392156 ], [ 11.705898311880082, 47.469081767084198 ], [ 11.705780347089279, 47.46886421932637 ], [ 11.705758394239538, 47.468559872557115 ], [ 11.705569766989965, 47.468324148765213 ], [ 11.705255330687558, 47.468108956138671 ], [ 11.704929575290304, 47.467998627226677 ], [ 11.704865369183102, 47.467987814159045 ], [ 11.704506598057559, 47.467927504976785 ], [ 11.704169253803672, 47.467912516387813 ], [ 11.704013407546233, 47.46785723332993 ], [ 11.704010664137307, 47.467751511244984 ], [ 11.704008469113452, 47.46766692170636 ], [ 11.704017806764218, 47.467485939830517 ], [ 11.703929651886707, 47.467334682583555 ], [ 11.703954508836972, 47.467210633010119 ], [ 11.703922249519811, 47.467049190768449 ], [ 11.703845204795311, 47.466783573153208 ], [ 11.703896617593408, 47.466602083897101 ], [ 11.703823728472354, 47.466498243812623 ], [ 11.703832612782127, 47.466298234764238 ], [ 11.703797097252018, 47.466013083676593 ], [ 11.703743886969043, 47.465585352651125 ], [ 11.703778827809815, 47.465308870099719 ], [ 11.703941058944347, 47.465068950219354 ], [ 11.703922086770977, 47.464878795147357 ], [ 11.703832962264382, 47.464689466215034 ], [ 11.70378644520045, 47.464518672285799 ], [ 11.703972013957676, 47.464097615941505 ], [ 11.704021457295802, 47.46384002336108 ], [ 11.703903283842006, 47.463612947130834 ], [ 11.703799634296489, 47.463404760658214 ], [ 11.703653876263443, 47.46319707278883 ], [ 11.703752625290026, 47.463214950772119 ], [ 11.703722049197392, 47.463120111289356 ], [ 11.703777926569346, 47.463109921225353 ], [ 11.703804034590467, 47.463033438100545 ], [ 11.703756006727472, 47.462805564420705 ], [ 11.703611968033542, 47.462664502356795 ], [ 11.703553383785067, 47.462570000502666 ], [ 11.703637585332602, 47.46256899614221 ], [ 11.703662671953875, 47.462454465475616 ], [ 11.703544498576855, 47.462227412217054 ], [ 11.703455101342561, 47.462028560889635 ], [ 11.703269968285602, 47.461926064446253 ], [ 11.703126201386388, 47.461794522000346 ], [ 11.70324582033485, 47.461536047892032 ], [ 11.703489026412692, 47.461171429485589 ], [ 11.703784406433202, 47.460653860929412 ], [ 11.703904046798225, 47.460395409205148 ], [ 11.70409407427424, 47.460145657147379 ], [ 11.704225761376909, 47.459810896803397 ], [ 11.704274206783305, 47.459515232674896 ], [ 11.704363055056977, 47.45915242549664 ], [ 11.704172254257507, 47.458831042440174 ], [ 11.703820762167229, 47.458350459458416 ], [ 11.703414286838791, 47.457985593758167 ], [ 11.703118822441413, 47.457720338636776 ], [ 11.702514940713128, 47.457165887518762 ], [ 11.70205337497667, 47.456685912947805 ], [ 11.701914781739012, 47.456211592882326 ], [ 11.701878341337519, 47.455888381191961 ], [ 11.701794462553218, 47.455795841895252 ], [ 11.701690508936478, 47.455681190058414 ], [ 11.701439496534258, 47.455506753893658 ], [ 11.701413080969061, 47.455265642363798 ], [ 11.701562980932328, 47.455092509740531 ], [ 11.701779587739635, 47.454785310940089 ], [ 11.701772934088446, 47.454528361994022 ], [ 11.701695143497785, 47.454234193430594 ], [ 11.701632624925271, 47.453987435185375 ], [ 11.701722710116865, 47.453672228887008 ], [ 11.701715558908926, 47.453396247820351 ], [ 11.701718972266892, 47.453148567471885 ], [ 11.701733042359312, 47.452875699376236 ], [ 11.701594255853546, 47.452690775465513 ], [ 11.701469925277488, 47.452520014831549 ], [ 11.701436533591558, 47.45231947643174 ], [ 11.701433913558143, 47.45194634805398 ], [ 11.701493917462747, 47.451538977863379 ], [ 11.701519501025775, 47.451165495537523 ], [ 11.701406923460315, 47.450631018018335 ], [ 11.701361771405637, 47.450248809595287 ], [ 11.701402948494813, 47.449932566751016 ], [ 11.701481122010295, 47.449682864374758 ], [ 11.701642155510894, 47.449365190252109 ], [ 11.701855412788131, 47.449156910521303 ], [ 11.702091809743409, 47.449024931259956 ], [ 11.702104293056614, 47.44896257932394 ], [ 11.702131136529317, 47.44890963734327 ], [ 11.702199166836781, 47.448813134727779 ], [ 11.702289834483155, 47.448773782154525 ], [ 11.702224639087108, 47.448595942115475 ], [ 11.702197309914853, 47.448353528163423 ], [ 11.702116822801079, 47.448090324232773 ], [ 11.701959351882786, 47.447699534913028 ], [ 11.701871116553509, 47.447543513066613 ], [ 11.701839937219125, 47.447486326135838 ], [ 11.700847032010277, 47.447795215053361 ], [ 11.700708654258564, 47.447737746955482 ], [ 11.700520565214477, 47.44769309494292 ], [ 11.700544555650362, 47.447626290591018 ], [ 11.70062076268256, 47.447402847624801 ], [ 11.700375760665803, 47.44711561683026 ], [ 11.700346167976747, 47.446890317314626 ], [ 11.700173469675637, 47.446650440387387 ], [ 11.700105302030774, 47.446767310889939 ], [ 11.700059780321933, 47.446845276415267 ], [ 11.699661673122547, 47.447075741343731 ], [ 11.699562702486894, 47.446840595591524 ], [ 11.699560263785465, 47.446835094702422 ], [ 11.699577892264562, 47.446593109593408 ], [ 11.699521204784412, 47.446239066461658 ], [ 11.699603335050607, 47.445738258432783 ], [ 11.69924204618051, 47.445824809005202 ], [ 11.699107393262262, 47.445857099695182 ], [ 11.699078932781205, 47.445680001135678 ], [ 11.699073969595894, 47.445630053634673 ], [ 11.699046848017652, 47.445357988293871 ], [ 11.698962241069191, 47.444843040910527 ], [ 11.698570537439116, 47.444396314256487 ], [ 11.698038243787753, 47.444031798048918 ], [ 11.697817331919158, 47.443760321892128 ], [ 11.697641032617408, 47.443375528236771 ], [ 11.697356416786512, 47.443398225066588 ], [ 11.696929491896087, 47.443432346352282 ], [ 11.696150523107832, 47.443635073914422 ], [ 11.695325273628375, 47.44388671439944 ], [ 11.694309106383637, 47.444108365281615 ], [ 11.693316274148316, 47.444313527952858 ], [ 11.692393360464706, 47.444469562687082 ], [ 11.691679839282614, 47.444445756381612 ], [ 11.691203809415809, 47.444419136796654 ], [ 11.690682439608301, 47.444473667987722 ], [ 11.69034897029761, 47.444445362062936 ], [ 11.689900121697509, 47.444547404248723 ], [ 11.689115919988932, 47.44455666235897 ], [ 11.688473381098776, 47.444515872751204 ], [ 11.687757271420161, 47.444395330004866 ], [ 11.687212023467923, 47.444450128732896 ], [ 11.686382594542556, 47.444540518160835 ], [ 11.685240152582152, 47.44447335173178 ], [ 11.684593797993367, 47.444287473262449 ], [ 11.684064485342262, 47.444035799116548 ], [ 11.683490653338721, 47.443897432939025 ], [ 11.683062972833577, 47.44390245879346 ], [ 11.682659052544551, 47.443907203965807 ], [ 11.682134390966887, 47.443832748466548 ], [ 11.681444538270915, 47.443808588855838 ], [ 11.680841605222712, 47.443073875634788 ], [ 11.679892474814071, 47.442081624497348 ], [ 11.679799120016984, 47.442086573855413 ], [ 11.679373497517494, 47.441863573336803 ], [ 11.678888835376148, 47.44146658001042 ], [ 11.678594381959224, 47.440922655391795 ], [ 11.678231597999272, 47.440450936509137 ], [ 11.678349706798883, 47.440351620209618 ], [ 11.680240618218987, 47.438761526804583 ], [ 11.680137663632415, 47.438545492054047 ], [ 11.680113724492069, 47.43843153374236 ], [ 11.680104558171925, 47.438239555516056 ], [ 11.68021818818023, 47.437881244427629 ], [ 11.680381096101259, 47.437391487091958 ], [ 11.680443957974425, 47.437105154226828 ], [ 11.680358660999925, 47.436893681501836 ], [ 11.680290104740914, 47.436680307031118 ], [ 11.680212458839559, 47.436524133411353 ], [ 11.680177802593692, 47.436403153599059 ], [ 11.680168423394024, 47.436331373073806 ], [ 11.680164743135119, 47.436303361966942 ], [ 11.680150415883684, 47.436200115066931 ], [ 11.680123850702788, 47.436009233029523 ], [ 11.68011324556389, 47.435932721300489 ], [ 11.68009017964571, 47.435854455992846 ], [ 11.680066590281648, 47.435754800384672 ], [ 11.680024253574402, 47.43568971145713 ], [ 11.680013119750113, 47.43567259927142 ], [ 11.679978984569022, 47.435620143381925 ], [ 11.679892318298027, 47.435521218169647 ], [ 11.679842025703316, 47.435485920911901 ], [ 11.679742298001285, 47.435415882941278 ], [ 11.679604091361709, 47.435360390440657 ], [ 11.679347625556279, 47.435206315378977 ], [ 11.679187111365092, 47.435101105980898 ], [ 11.678930899869179, 47.434961252017523 ], [ 11.678801917862385, 47.434848551660401 ], [ 11.678660703982441, 47.434681102860182 ], [ 11.67865876869547, 47.434605025527127 ], [ 11.678635407897449, 47.434277842266496 ], [ 11.678693757133857, 47.433624815826079 ], [ 11.678771146723946, 47.433070411929137 ], [ 11.679016345098178, 47.432438796691855 ], [ 11.678881579009573, 47.431811556642238 ], [ 11.67872399557834, 47.431216829397457 ], [ 11.678580644199164, 47.430603864983084 ], [ 11.678577981147271, 47.429768040433537 ], [ 11.678685636628135, 47.429434360184125 ], [ 11.685905328736995, 47.430918032700767 ], [ 11.685950475775044, 47.430806663722976 ], [ 11.686165094874777, 47.430556411302739 ], [ 11.686347175160851, 47.430163120360618 ], [ 11.686402863484663, 47.429712651304058 ], [ 11.686294276378325, 47.42884687002438 ], [ 11.68614197001865, 47.428549795170248 ], [ 11.686152247945078, 47.428052050764165 ], [ 11.686296584402283, 47.427810290903182 ], [ 11.68639589437063, 47.427561399594573 ], [ 11.686432070382439, 47.427098114326476 ], [ 11.686475526388215, 47.426543474558329 ], [ 11.686536587086772, 47.426301534970712 ], [ 11.686507546504652, 47.425917247906902 ], [ 11.686524849466657, 47.42546721985449 ], [ 11.686621965586159, 47.42513360109681 ], [ 11.686495077682862, 47.424678748733442 ], [ 11.686213847392905, 47.424199642213928 ], [ 11.685917565340191, 47.423883693510362 ], [ 11.6857960258421, 47.423637384893539 ], [ 11.685686211187161, 47.423379966424427 ], [ 11.685485076097647, 47.423202507755185 ], [ 11.685214089967856, 47.423044486167605 ], [ 11.685077366930244, 47.42287897633507 ], [ 11.685222664859698, 47.422627155662973 ], [ 11.685339992220699, 47.422332408724941 ], [ 11.685242878584209, 47.422120610488207 ], [ 11.685146726388016, 47.421910930782616 ], [ 11.685303753714663, 47.421788489558431 ], [ 11.685749475689779, 47.421440970767662 ], [ 11.686400315895092, 47.42134855480694 ], [ 11.687006432071401, 47.421387052348479 ], [ 11.687498831663643, 47.421485561295384 ], [ 11.687893053233966, 47.421500467492663 ], [ 11.688432465538288, 47.421559291268935 ], [ 11.688834480936407, 47.421502404078439 ], [ 11.689395151786252, 47.421267608130954 ], [ 11.689856921105825, 47.421294755957369 ], [ 11.690608421379521, 47.421383659448594 ], [ 11.691565352972173, 47.421241963386841 ], [ 11.691776777337815, 47.421245986115011 ], [ 11.692305589452687, 47.42126581724898 ], [ 11.693141187003171, 47.421262442152965 ], [ 11.693884679488546, 47.421038501996307 ], [ 11.694292370578363, 47.420831578448272 ], [ 11.694775727494187, 47.420578124917505 ], [ 11.695103083560442, 47.420235241089031 ], [ 11.695218529349408, 47.419868802482164 ], [ 11.695461474462691, 47.419605155728071 ], [ 11.696171556610523, 47.419577162339642 ], [ 11.696453019835399, 47.419691174029829 ], [ 11.697092135521146, 47.419892209858048 ], [ 11.697738390171429, 47.419995347578173 ], [ 11.698311003599757, 47.419851645614095 ], [ 11.698629551012949, 47.419913058420732 ], [ 11.698894720110767, 47.420138068427633 ], [ 11.699290788138734, 47.420084305770992 ], [ 11.699735557602606, 47.419965217029748 ], [ 11.699904645756913, 47.419893599353323 ], [ 11.700160973442625, 47.41989054943361 ], [ 11.700289589245278, 47.419906416355829 ], [ 11.700399510648648, 47.419935607255802 ], [ 11.700959444370381, 47.420317656832943 ], [ 11.701806724810879, 47.420107632125983 ], [ 11.702446761015128, 47.419951861057484 ], [ 11.702611642128513, 47.420252963588048 ], [ 11.703186151873076, 47.420700725230482 ], [ 11.703455595148574, 47.420910758773857 ], [ 11.703418060716691, 47.421377011221878 ], [ 11.703451147056686, 47.421696518870426 ], [ 11.703410285012207, 47.422353641647732 ], [ 11.703551857470158, 47.422806875780395 ], [ 11.703497776506282, 47.423177607935841 ], [ 11.703491690081368, 47.423581763754036 ], [ 11.703446911917171, 47.424087387474145 ], [ 11.703802977997945, 47.424425490739154 ], [ 11.70409236949404, 47.424741941521688 ], [ 11.704655690283731, 47.424780108126143 ], [ 11.705125322735691, 47.424712770040848 ], [ 11.705687651542179, 47.424711658357317 ], [ 11.706641145558095, 47.42480691737866 ], [ 11.707488438810937, 47.424868467815848 ], [ 11.707611615667375, 47.424874206050994 ], [ 11.708141973073696, 47.424899124801279 ], [ 11.708256844160628, 47.425225173345538 ], [ 11.708323367618279, 47.425599932728169 ], [ 11.708281830833288, 47.425913393603636 ], [ 11.708343460168132, 47.426100437292654 ], [ 11.708645163120924, 47.426515736943422 ], [ 11.708894326200852, 47.426820879627265 ], [ 11.709222659190811, 47.427168451072681 ], [ 11.709588577829633, 47.427597404593755 ], [ 11.709881802656282, 47.427959816797532 ], [ 11.710011302225846, 47.428234987079591 ], [ 11.710039526734262, 47.428294974134673 ], [ 11.710179427338828, 47.428490693912671 ], [ 11.710528373226341, 47.428539476562648 ], [ 11.710899224531238, 47.428612072326537 ], [ 11.711235343336305, 47.428713954582264 ], [ 11.711590503184148, 47.428728970885956 ], [ 11.711865795577234, 47.428672713984078 ], [ 11.712152956166207, 47.428529625287041 ], [ 11.712398484057719, 47.428520829388319 ], [ 11.712557019361382, 47.428515135537239 ], [ 11.712958633745387, 47.428678847062855 ], [ 11.713384034354846, 47.428808489280833 ], [ 11.713423560936864, 47.428822531743485 ], [ 11.713853201755706, 47.428971432794455 ], [ 11.71467544122908, 47.42921191547709 ], [ 11.715174134611752, 47.42928777565799 ], [ 11.715580676234559, 47.429369554788487 ], [ 11.715943679329044, 47.429413316271649 ], [ 11.716221080817155, 47.429438882062556 ], [ 11.716561836942578, 47.429444399720104 ], [ 11.717317480175868, 47.429579771371422 ], [ 11.718128112575714, 47.429647017002331 ], [ 11.718438349819847, 47.429571070854905 ], [ 11.71861164379135, 47.429414888197556 ], [ 11.718859427427745, 47.429123007480946 ], [ 11.719059336809268, 47.428899115125866 ], [ 11.719458223382125, 47.428687256002831 ], [ 11.719646200005553, 47.428550171905513 ], [ 11.71989801973865, 47.428412322222378 ], [ 11.720014935214648, 47.42827127956982 ], [ 11.720182780159723, 47.428177764876423 ], [ 11.720731996746078, 47.428017053814344 ], [ 11.721120212403354, 47.427940145850613 ], [ 11.721367722841801, 47.427908260661376 ], [ 11.721529470396268, 47.427853354375394 ], [ 11.72167652589361, 47.427779348096308 ], [ 11.721952146537443, 47.42773750118134 ], [ 11.72214985630518, 47.427701411408911 ], [ 11.722466903853274, 47.427615724283342 ], [ 11.722638739216878, 47.427584553651769 ], [ 11.722740989143361, 47.427580172306882 ], [ 11.722934901301247, 47.427520960473259 ], [ 11.723265304309901, 47.427520110873502 ], [ 11.723493517514401, 47.427526831207153 ], [ 11.723785517650827, 47.427482246938766 ], [ 11.72419725524453, 47.427388837203985 ], [ 11.724613878038017, 47.427304839987109 ], [ 11.724757260955457, 47.427271524683704 ], [ 11.725052949572138, 47.427188990802129 ], [ 11.72550213040757, 47.427104594050647 ], [ 11.725844901485869, 47.427043590921407 ], [ 11.726158843083493, 47.426972104993141 ], [ 11.726572467677602, 47.426927396886626 ], [ 11.726786551641814, 47.426927956998711 ], [ 11.726916151198392, 47.426901116856492 ], [ 11.727012438443312, 47.426846259447132 ], [ 11.727159819253167, 47.426787610428995 ], [ 11.727373065694557, 47.426756613746129 ], [ 11.727632255164432, 47.426702928503047 ], [ 11.727790177518955, 47.426691545371504 ], [ 11.727963714087789, 47.426566272725445 ], [ 11.728079921192906, 47.426384855119515 ], [ 11.728237844236299, 47.426196616527108 ], [ 11.728520286663096, 47.426142657660584 ], [ 11.728824399451524, 47.42602842242799 ], [ 11.729008167464524, 47.425937755858641 ], [ 11.729310614780999, 47.42576039523501 ], [ 11.729632861124164, 47.425627000085555 ], [ 11.729938485097707, 47.425569602369031 ], [ 11.730317951201457, 47.425489187868187 ], [ 11.730720846904138, 47.425414804913714 ], [ 11.731249284120773, 47.425335733746955 ], [ 11.731588371712501, 47.425312659931627 ], [ 11.731838754785992, 47.425278034896984 ], [ 11.732172272615326, 47.425220284378916 ], [ 11.732274292466387, 47.425206402549875 ], [ 11.732575414157724, 47.425155370475132 ], [ 11.732903287996358, 47.425059790260597 ], [ 11.733185312242933, 47.424990035725934 ], [ 11.733465499907595, 47.424850820893347 ], [ 11.733840700457467, 47.424609386413621 ], [ 11.734069192027409, 47.424451854064593 ], [ 11.734232598305498, 47.424295118704201 ], [ 11.734312866698094, 47.424164641644033 ], [ 11.73455733494516, 47.424082715081468 ], [ 11.734927414524888, 47.423999253441011 ], [ 11.735265490501337, 47.423938290130032 ], [ 11.735552982044569, 47.423900034287321 ], [ 11.73606453984633, 47.423887495187472 ], [ 11.736368577254606, 47.423946916994964 ], [ 11.736611572929482, 47.423985005485747 ], [ 11.736838450149198, 47.423941179901973 ], [ 11.737110211438393, 47.423836807272785 ], [ 11.737720847592872, 47.42369987681478 ], [ 11.738117705101359, 47.423574993377777 ], [ 11.738440604554318, 47.423466820587848 ], [ 11.738606200954742, 47.423395327002055 ], [ 11.738833236345444, 47.423184113720382 ], [ 11.739065222451805, 47.422982316170256 ], [ 11.739194411722096, 47.422765981799181 ], [ 11.739286366565683, 47.422723806341025 ], [ 11.739393655467337, 47.422558268275075 ], [ 11.739465476352754, 47.422459485633553 ], [ 11.739564449469713, 47.422331954547076 ], [ 11.739708698340108, 47.422156485064413 ], [ 11.739740543520897, 47.421953995652757 ], [ 11.739688728521358, 47.42175565538566 ], [ 11.739654686944487, 47.42152553156604 ], [ 11.739720951035268, 47.421392077559304 ], [ 11.739984630779842, 47.421158316878703 ], [ 11.740178175862269, 47.420912769956871 ], [ 11.740278869351013, 47.420674681596843 ], [ 11.740280499645936, 47.420560965352955 ], [ 11.740207326592207, 47.42025868720107 ], [ 11.740314074834368, 47.419723669766057 ], [ 11.740596813746631, 47.419158058410453 ], [ 11.741234538083166, 47.418468097389251 ], [ 11.7412332180481, 47.41824387986243 ], [ 11.741093212155972, 47.41805296237807 ], [ 11.740883192891278, 47.417866998938372 ], [ 11.740783435155505, 47.417775693185327 ], [ 11.740428582917255, 47.417555816351509 ], [ 11.740060817454632, 47.417373991157923 ], [ 11.739739066479473, 47.417172663941528 ], [ 11.739412846192254, 47.416977697603102 ], [ 11.739176245081991, 47.416829006582411 ], [ 11.738920966898373, 47.416677373919313 ], [ 11.738730673685762, 47.416518631259159 ], [ 11.73871126607404, 47.416490427560575 ], [ 11.738653204865747, 47.416405909810521 ], [ 11.738595058690363, 47.416318185567086 ], [ 11.738471096723053, 47.416206009450455 ], [ 11.73811066467248, 47.415948295498644 ], [ 11.738099552397539, 47.415941028790684 ], [ 11.737760242375089, 47.415718888395453 ], [ 11.737429150499501, 47.415514500966083 ], [ 11.737116688572595, 47.41531305100537 ], [ 11.736981575062362, 47.415128361329131 ], [ 11.736935550238027, 47.415010962155563 ], [ 11.736886716057477, 47.414886358373622 ], [ 11.736876827977925, 47.414818515398252 ], [ 11.73685827288636, 47.414690893544041 ], [ 11.736826096489425, 47.414530231569692 ], [ 11.737014274272957, 47.414433171143259 ], [ 11.737442872871656, 47.414372623933772 ], [ 11.737816993876045, 47.414386839502043 ], [ 11.738216483558151, 47.414458365276118 ], [ 11.738779802983208, 47.414546664107668 ], [ 11.738985677831607, 47.414377550545922 ], [ 11.73916848123512, 47.414145497183597 ], [ 11.73960838216181, 47.414060561047734 ], [ 11.739920625182208, 47.413937730620617 ], [ 11.740340561004187, 47.413908787021981 ], [ 11.740722937999218, 47.413785100597352 ], [ 11.741033326407152, 47.413590915232156 ], [ 11.741095828448307, 47.413304575114523 ], [ 11.740988276020655, 47.413039873743791 ], [ 11.74107688545832, 47.412839445678699 ], [ 11.741263448031059, 47.412566041013562 ], [ 11.74130431703019, 47.412115035750013 ], [ 11.741860693456278, 47.411613831591403 ], [ 11.741913776611744, 47.411105085045236 ], [ 11.741507179829332, 47.410532223397425 ], [ 11.741173753212777, 47.409878435822264 ], [ 11.740640426897556, 47.409365348822732 ], [ 11.740317436382931, 47.409102356248816 ], [ 11.740245996233561, 47.408793344512901 ], [ 11.740387747263862, 47.408577088198612 ], [ 11.740286858462905, 47.408478215038414 ], [ 11.740012874793692, 47.408397470715535 ], [ 11.740003609991426, 47.408289563337938 ], [ 11.739992624047034, 47.40828410679056 ], [ 11.739986645441105, 47.408166734522993 ], [ 11.7397229548866, 47.407949708985356 ], [ 11.739461815546175, 47.407734770751979 ], [ 11.739359549409929, 47.407623623282568 ], [ 11.73929368762651, 47.40751744488287 ], [ 11.739290348855137, 47.407512061955096 ], [ 11.739171202000291, 47.407389877594646 ], [ 11.738933362837823, 47.407257560620621 ], [ 11.738835073561948, 47.407202895653604 ], [ 11.738843057406919, 47.407187616706928 ], [ 11.738882345299613, 47.407112397201836 ], [ 11.739214600984807, 47.407153287833481 ], [ 11.73939756142447, 47.407184767383853 ], [ 11.739915152248164, 47.40734704410599 ], [ 11.740081874673731, 47.40738997019475 ], [ 11.740414146109488, 47.407430853560243 ], [ 11.740911599813231, 47.407458480875029 ], [ 11.741076823645177, 47.407445216044728 ], [ 11.741241140225354, 47.407398244589501 ], [ 11.741406078114551, 47.407373743019889 ], [ 11.741569790751983, 47.407304289962781 ], [ 11.74173294233278, 47.407212373005912 ], [ 11.742024894516915, 47.406983975458864 ], [ 11.74218832483885, 47.40690329419688 ], [ 11.742352050633031, 47.40683383085603 ], [ 11.742516046325413, 47.406775616331331 ], [ 11.742679498845439, 47.406694925096375 ], [ 11.742843530824505, 47.406636709654862 ], [ 11.742972961750487, 47.406522718012553 ], [ 11.743136078939019, 47.406430785067521 ], [ 11.743464725433297, 47.406336830419491 ], [ 11.743594761571915, 47.406245333564968 ], [ 11.743624868714946, 47.40613253556446 ], [ 11.743789173447862, 47.406085555181853 ], [ 11.74392039229401, 47.406038980930518 ], [ 11.744016733388332, 47.40592537470939 ], [ 11.744146727394135, 47.405833861545673 ], [ 11.744636703927732, 47.405580541399459 ], [ 11.744801913036303, 47.405567276758589 ], [ 11.744967747547586, 47.405576472946571 ], [ 11.745131444811904, 47.405507023944601 ], [ 11.74522775405943, 47.405393449461044 ], [ 11.745391484464067, 47.40532398528488 ], [ 11.745556994829908, 47.405321950226707 ], [ 11.745723699331741, 47.405364868337415 ], [ 11.74585853921424, 47.405453128216742 ], [ 11.746025246680512, 47.405496033259972 ], [ 11.74618957656384, 47.40544905630906 ], [ 11.746219675902235, 47.405336288278832 ], [ 11.74611734433341, 47.405225129594982 ], [ 11.746114345678158, 47.405112775926824 ], [ 11.746442999485788, 47.405018803606076 ], [ 11.746539299100132, 47.404905204736416 ], [ 11.746566375971943, 47.404680058043994 ], [ 11.746563376083051, 47.404567691798391 ], [ 11.74665971764219, 47.404454115687159 ], [ 11.746790329870752, 47.404385067834738 ], [ 11.747281467240731, 47.404176673897126 ], [ 11.747411470102435, 47.404085167669173 ], [ 11.747474702664643, 47.403971966131174 ], [ 11.747570998567783, 47.403858380804365 ], [ 11.747717549480468, 47.403766645262706 ], [ 11.748044969752158, 47.40362772618078 ], [ 11.748192720770934, 47.403580946950271 ], [ 11.74848943920159, 47.40353232484749 ], [ 11.748653744659, 47.403485337437012 ], [ 11.748783157835653, 47.403371333956542 ], [ 11.748846360614261, 47.403258149997683 ], [ 11.748942654924477, 47.403144563516477 ], [ 11.748906558416456, 47.403032599842348 ], [ 11.748804244699068, 47.402921455886407 ], [ 11.748735014579308, 47.402809891520988 ], [ 11.748831938345274, 47.40271877692733 ], [ 11.74889513526076, 47.402605603793674 ], [ 11.748892130397429, 47.402493228628316 ], [ 11.748856026478103, 47.402381263219674 ], [ 11.748869271288754, 47.402257465974586 ], [ 11.748850017415947, 47.402156529059113 ], [ 11.748896357922503, 47.402032304100693 ], [ 11.749055853162286, 47.401805529869591 ], [ 11.749248443159951, 47.401578352790594 ], [ 11.749361601725562, 47.401475788790904 ], [ 11.749524697647624, 47.401383852283914 ], [ 11.749704943428936, 47.401314183606388 ], [ 11.75003024916343, 47.401096606346385 ], [ 11.750177695593715, 47.401038575900664 ], [ 11.750307692941593, 47.400947037600623 ], [ 11.750470780422312, 47.40085510523383 ], [ 11.750663381955055, 47.400627920184036 ], [ 11.750793369749323, 47.40053639043596 ], [ 11.750956484205139, 47.4004444552358 ], [ 11.751118958925598, 47.400330037332864 ], [ 11.751311553375754, 47.400102860247287 ], [ 11.751474028930797, 47.399988441820717 ], [ 11.751653963793759, 47.399907537697629 ], [ 11.751946459073027, 47.399701596303302 ], [ 11.75225575714803, 47.399506698933351 ], [ 11.752418268167631, 47.399392264319673 ], [ 11.752744150713012, 47.399197151693023 ], [ 11.753036003299854, 47.39896873044578 ], [ 11.753148813352958, 47.398854932553185 ], [ 11.753441011502867, 47.398637751169467 ], [ 11.75360381932132, 47.398534574354684 ], [ 11.753863152235027, 47.398329025509838 ], [ 11.754235062119513, 47.397998456364128 ], [ 11.754397522329741, 47.397884037516178 ], [ 11.754493818663509, 47.397770437209012 ], [ 11.754623192514819, 47.397656441853762 ], [ 11.754785650692478, 47.397542017073846 ], [ 11.754869762133749, 47.39749753691305 ], [ 11.754916248306431, 47.397472954612248 ], [ 11.755082336921197, 47.397493381771135 ], [ 11.755123490837919, 47.397514916527783 ], [ 11.755250228143753, 47.397581223328821 ], [ 11.755748509171358, 47.397642509640526 ], [ 11.755914018577185, 47.397640459585013 ], [ 11.755977808272245, 47.39754973486577 ], [ 11.755875480109927, 47.397438597295164 ], [ 11.755707564732315, 47.397350765944424 ], [ 11.755557752732011, 47.39734137971621 ], [ 11.755540418884861, 47.397328847069382 ], [ 11.754923601397905, 47.397287871135504 ], [ 11.754392942506577, 47.397255558084915 ], [ 11.752974801990209, 47.397309329592389 ], [ 11.752523232281156, 47.397289808302148 ], [ 11.752043400555312, 47.397269053094711 ], [ 11.751907342867263, 47.397263192607554 ], [ 11.751831725356331, 47.397228635283589 ], [ 11.75085791303896, 47.396783931046002 ], [ 11.750577829290279, 47.396641284855285 ], [ 11.749447599511106, 47.396065591120788 ], [ 11.748729506108823, 47.396184348042979 ], [ 11.748531158218151, 47.396376562831492 ], [ 11.748501347666519, 47.396472714862178 ], [ 11.747966753722354, 47.396829339293113 ], [ 11.747571601710359, 47.396825240056977 ], [ 11.746677738932236, 47.396816036324601 ], [ 11.746440933790561, 47.396811405552647 ], [ 11.745760875566877, 47.396798126375586 ], [ 11.739716028427406, 47.397786225581022 ], [ 11.73795538553891, 47.397807772310607 ], [ 11.735848832648715, 47.397737687130395 ], [ 11.735389767256374, 47.397712733666964 ], [ 11.733520181771857, 47.397404972328282 ], [ 11.733048078797902, 47.397420461120973 ], [ 11.732776634304727, 47.397443208383706 ], [ 11.732071373200267, 47.397305963344841 ], [ 11.730315063280422, 47.396948160923664 ], [ 11.729852901868487, 47.396798221726243 ], [ 11.728906637497998, 47.396751377180415 ], [ 11.727673598533336, 47.3966885890285 ], [ 11.726491400298544, 47.396926554681237 ], [ 11.725760073084061, 47.396886790982158 ], [ 11.72418249890393, 47.396789254151209 ], [ 11.723105882382047, 47.396775488238696 ], [ 11.719825659082572, 47.397216744246315 ], [ 11.718908229369125, 47.397144676037541 ], [ 11.716821610409974, 47.397840680135793 ], [ 11.716165139142419, 47.397926377567217 ], [ 11.715737499172404, 47.397999579499427 ], [ 11.714549135387262, 47.398004142867229 ], [ 11.712847611802486, 47.39864683698648 ], [ 11.710362925072861, 47.398909997959507 ], [ 11.709055581538742, 47.399295112947158 ], [ 11.707835534268311, 47.399712705906047 ], [ 11.705885745423139, 47.399644153107516 ], [ 11.705355554741145, 47.399632903208328 ], [ 11.703744799714686, 47.399598726596238 ], [ 11.703250304936049, 47.399588224742203 ], [ 11.701262277190622, 47.399709031457618 ], [ 11.700284888773769, 47.39956989173124 ], [ 11.699127108288931, 47.399646933811482 ], [ 11.698484175287241, 47.39970343111257 ], [ 11.696552906514329, 47.399774739222082 ], [ 11.695137205371768, 47.399849871012094 ], [ 11.69347666149145, 47.399869547235447 ], [ 11.691439669189487, 47.399729699624302 ], [ 11.690166660194693, 47.399782304943571 ], [ 11.687488556046773, 47.400017216474254 ], [ 11.686816722336468, 47.400053546775204 ], [ 11.685913501257795, 47.399868832847581 ], [ 11.685469390368525, 47.399755587412322 ], [ 11.684855345963676, 47.399690453917984 ], [ 11.68413706947412, 47.399717051147888 ], [ 11.68380078803238, 47.399585317038238 ], [ 11.683481214321283, 47.399555347525528 ], [ 11.682472103898444, 47.399167072695867 ], [ 11.680381467868015, 47.398622140371387 ], [ 11.679870948838897, 47.39832808707974 ], [ 11.679190287009051, 47.397721729257754 ], [ 11.678531242216618, 47.397225020300141 ], [ 11.677767957927044, 47.396697747667652 ], [ 11.677142291948345, 47.396312960274763 ], [ 11.676764280520443, 47.396031361863514 ], [ 11.676530541659055, 47.395861330880301 ], [ 11.677114236760039, 47.395261510489803 ], [ 11.67732616058027, 47.394698596820959 ], [ 11.67726974253762, 47.393524019289252 ], [ 11.677424209118962, 47.393314394779026 ], [ 11.677405405286445, 47.393097684365365 ], [ 11.677532806680517, 47.392870228706556 ], [ 11.677712607035684, 47.392614896670594 ], [ 11.677879223489947, 47.392359875179892 ], [ 11.678136885259562, 47.392022389064067 ], [ 11.678396610273428, 47.391766276597167 ], [ 11.678910441479889, 47.391552363678286 ], [ 11.679011000145245, 47.391325218965292 ], [ 11.679269452247341, 47.391014829187164 ], [ 11.679553241414967, 47.390658963260016 ], [ 11.679735439217064, 47.390494032538221 ], [ 11.679878310997408, 47.390356823709126 ], [ 11.680379620754904, 47.390179116064907 ], [ 11.68053360399192, 47.389951345168271 ], [ 11.681074357959167, 47.389755254352899 ], [ 11.681455258509347, 47.389551848369372 ], [ 11.681936628269272, 47.38917254837839 ], [ 11.682367809375879, 47.388799910850963 ], [ 11.682772307326447, 47.388478759638026 ], [ 11.683266223905193, 47.388011912198962 ], [ 11.683707391169175, 47.387563830492638 ], [ 11.683934695391914, 47.387212121853374 ], [ 11.68408877875933, 47.386863299485555 ], [ 11.684578293523334, 47.38665214015591 ], [ 11.684834566750146, 47.386357340155421 ], [ 11.684892422365801, 47.386013153260187 ], [ 11.6850322680017, 47.385758436016602 ], [ 11.685518723156664, 47.385526744910337 ], [ 11.686194599229484, 47.38541028080521 ], [ 11.686465749974602, 47.385420094755993 ], [ 11.686741168495447, 47.385439984018802 ], [ 11.687255247373859, 47.385244023384644 ], [ 11.687719825373335, 47.385193446411755 ], [ 11.688314852673876, 47.385041705040024 ], [ 11.688879119367794, 47.384727760411579 ], [ 11.689220173523953, 47.384533912047651 ], [ 11.689757248972148, 47.384193100230966 ], [ 11.68972555604738, 47.383994536672631 ], [ 11.689867573179308, 47.383821184500825 ], [ 11.690249671223237, 47.383671947737632 ], [ 11.690367398693116, 47.383589237391625 ], [ 11.690522398325506, 47.383349677417137 ], [ 11.690620194561284, 47.383070991637027 ], [ 11.690598561773452, 47.382745890477807 ], [ 11.690843493046479, 47.382435631940609 ], [ 11.691101255914839, 47.382107150781806 ], [ 11.691360865177334, 47.381850932324618 ], [ 11.691501479994807, 47.381623302519095 ], [ 11.691615726162656, 47.381404943118383 ], [ 11.691851399953892, 47.381257509852418 ], [ 11.691861040500168, 47.381069909931483 ], [ 11.691683667638957, 47.381049028159872 ], [ 11.691285898710408, 47.381002089626733 ], [ 11.690858712114451, 47.38095284938462 ], [ 11.690616093139365, 47.380829218738292 ], [ 11.690633182578367, 47.380668169641595 ], [ 11.690745725448021, 47.380530995943005 ], [ 11.690939416889892, 47.380463820468918 ], [ 11.691255228657413, 47.380324477192055 ], [ 11.691287712831798, 47.380034801379352 ], [ 11.691427628752434, 47.379780073365829 ], [ 11.691647912538722, 47.379551502989692 ], [ 11.691588578466158, 47.379308089808845 ], [ 11.691381806639519, 47.379030356625179 ], [ 11.691472115879236, 47.378920783618845 ], [ 11.691788150652293, 47.378790549632782 ], [ 11.692050059377483, 47.378624656014097 ], [ 11.692152855005958, 47.378478871305688 ], [ 11.692226154352554, 47.378224853018985 ], [ 11.692411978311783, 47.378204583826957 ], [ 11.692700545949869, 47.378148202380295 ], [ 11.692927708097496, 47.378080940350266 ], [ 11.692922607352624, 47.377882140014179 ], [ 11.692759135101101, 47.377633807712201 ], [ 11.692876207056713, 47.377396564096628 ], [ 11.693237104790722, 47.376852339908254 ], [ 11.693495045411243, 47.37656809413339 ], [ 11.693571189844111, 47.376184038634285 ], [ 11.693335392019344, 47.37581621963588 ], [ 11.693309124323218, 47.375574673300484 ], [ 11.692920814222589, 47.375215435908657 ], [ 11.692578531849867, 47.374839917081516 ], [ 11.691953259371074, 47.374536056587914 ], [ 11.691451986578807, 47.374121911802249 ], [ 11.691117300643642, 47.37387217276526 ], [ 11.691032489403005, 47.373784222938951 ], [ 11.690860275920317, 47.373825049313652 ], [ 11.690546162229458, 47.373899253421023 ], [ 11.690278198877786, 47.373872742522515 ], [ 11.690076080533567, 47.373775663080224 ], [ 11.689975947460683, 47.373743117504453 ], [ 11.689753944508904, 47.373670962904619 ], [ 11.689682485331709, 47.37372383954866 ], [ 11.689564884022516, 47.373810676452813 ], [ 11.689333906717126, 47.37385382968727 ], [ 11.689061086221464, 47.373812262148547 ], [ 11.688775283969205, 47.37383238189949 ], [ 11.688429043231682, 47.373856720204117 ], [ 11.688068455451223, 47.373844539004004 ], [ 11.687774188819972, 47.373784760595832 ], [ 11.687593928438524, 47.373726130511777 ], [ 11.687297599961205, 47.37373383024886 ], [ 11.68681168095595, 47.373676621618479 ], [ 11.686577029694835, 47.373562469630841 ], [ 11.686483656368782, 47.373421805690221 ], [ 11.686495558332664, 47.373340112068426 ], [ 11.686561413766213, 47.373193364305116 ], [ 11.686932574872133, 47.373134777436782 ], [ 11.687437742460787, 47.373119788191282 ], [ 11.688006853069558, 47.372995614662742 ], [ 11.688591566443824, 47.372961530676221 ], [ 11.689278379427337, 47.372763601036944 ], [ 11.690032246358516, 47.37258294559328 ], [ 11.690651902528927, 47.372358688173946 ], [ 11.690841526996165, 47.372202172057058 ], [ 11.691006701973517, 47.372085990091172 ], [ 11.691243143076861, 47.372016551013608 ], [ 11.691462650546359, 47.371833087606248 ], [ 11.691685091034733, 47.371763816771036 ], [ 11.691808488692299, 47.37165764596859 ], [ 11.691958194542854, 47.371484525444629 ], [ 11.691934178419963, 47.371094515532825 ], [ 11.691955852065558, 47.370846751086837 ], [ 11.692032589394367, 47.370560258707187 ], [ 11.69208673017104, 47.370400200929112 ], [ 11.692092848663886, 47.370288181887766 ], [ 11.69206082145991, 47.37009111559869 ], [ 11.692089911289472, 47.369940142028895 ], [ 11.692132231632236, 47.369837867712235 ], [ 11.692230908794022, 47.369712536873031 ], [ 11.692306678780479, 47.369630216386547 ], [ 11.692390943462074, 47.369527452833687 ], [ 11.692540544488025, 47.36928549060957 ], [ 11.692655299269537, 47.369086681805712 ], [ 11.692683670649828, 47.369025282539539 ], [ 11.692753370663517, 47.368938967969946 ], [ 11.692817492148619, 47.368869003461391 ], [ 11.692851541084908, 47.368799988561022 ], [ 11.692876558034019, 47.368683081059658 ], [ 11.692927148503305, 47.368606321933662 ], [ 11.692970100557764, 47.368505860336469 ], [ 11.69298105807264, 47.368386741042251 ], [ 11.692995950058972, 47.368284229819302 ], [ 11.693050484960477, 47.368088430759911 ], [ 11.693081534260653, 47.367933373457973 ], [ 11.693106605932821, 47.36781883985082 ], [ 11.693077951990729, 47.367657358380846 ], [ 11.69301419457406, 47.367493896301362 ], [ 11.692900155988337, 47.367281052864648 ], [ 11.692763983555029, 47.367051332733254 ], [ 11.692209452119746, 47.366527718469186 ], [ 11.692073454962317, 47.366418381015166 ], [ 11.691308133691138, 47.366157822826118 ], [ 11.690830121091476, 47.36608017190477 ], [ 11.690819675692028, 47.366071703594997 ], [ 11.69075829298389, 47.36603951197506 ], [ 11.690588108775495, 47.366016838175874 ], [ 11.690393620173063, 47.365990329925197 ], [ 11.690118088101924, 47.365981647547095 ], [ 11.690108725546489, 47.36598134259804 ], [ 11.690102863204944, 47.365980719259611 ], [ 11.689902216873058, 47.365959102302426 ], [ 11.689701777610933, 47.365936775561963 ], [ 11.689604899374087, 47.365937919679062 ], [ 11.68942272028932, 47.365939320802902 ], [ 11.689100349120809, 47.365985008158432 ], [ 11.688625255475838, 47.366084831953572 ], [ 11.68837718032176, 47.366024943529496 ], [ 11.688275409154073, 47.365892464443405 ], [ 11.688249682001336, 47.365858963936873 ], [ 11.68828039699804, 47.365776618120968 ], [ 11.688272652799975, 47.365710859000316 ], [ 11.688197993239394, 47.365648204554645 ], [ 11.688117914116203, 47.365581003288327 ], [ 11.687988557859896, 47.365496114900481 ], [ 11.687883732084098, 47.365423283225518 ], [ 11.687784978749294, 47.365350378039778 ], [ 11.68770382688253, 47.365256694228634 ], [ 11.687561206160561, 47.36512669485375 ], [ 11.687477515319545, 47.365047918118606 ], [ 11.687461912574157, 47.365033221189947 ], [ 11.687374311457051, 47.364923143814522 ], [ 11.686752172920588, 47.364536676611039 ], [ 11.686226403454102, 47.364323527429434 ], [ 11.686110010751184, 47.364271404953421 ], [ 11.68602429800422, 47.364235384981114 ], [ 11.685956850797558, 47.364203258618744 ], [ 11.685810177472579, 47.364151483473655 ], [ 11.685618446373528, 47.364089157170334 ], [ 11.685614737997746, 47.364087954164184 ], [ 11.685356240313322, 47.363926393836472 ], [ 11.685346669343089, 47.363912917254709 ], [ 11.68528086529396, 47.36382028691331 ], [ 11.685229807131686, 47.363718022286733 ], [ 11.685125295296173, 47.36365752516889 ], [ 11.685021316035332, 47.363617596258827 ], [ 11.684869425535849, 47.363598805663472 ], [ 11.684644452945165, 47.363564418010526 ], [ 11.684345906135992, 47.363493860489697 ], [ 11.684234923087379, 47.363416981905679 ], [ 11.684225694158526, 47.363342408922271 ], [ 11.684219663615442, 47.363293708568968 ], [ 11.683860332063025, 47.362976964483138 ], [ 11.683669802532123, 47.362868099982506 ], [ 11.683653053171792, 47.362857487034617 ], [ 11.683491286399157, 47.362754979738433 ], [ 11.683252221303601, 47.362642565532347 ], [ 11.683142192156133, 47.362602709624717 ], [ 11.683070972052883, 47.362585512203282 ], [ 11.682995939620742, 47.362567388107415 ], [ 11.682812205044113, 47.362487252485302 ], [ 11.682696500016689, 47.362425029954984 ], [ 11.682505181815415, 47.362322143491667 ], [ 11.682375842281122, 47.362237239559306 ], [ 11.681542664738316, 47.361798077811308 ], [ 11.681088422530937, 47.361639096081269 ], [ 11.680777315509879, 47.361535884527143 ], [ 11.680636799359098, 47.361488155507658 ], [ 11.680453393399473, 47.361420351234841 ], [ 11.680275928574959, 47.361348357397645 ], [ 11.680034186377492, 47.361231443514896 ], [ 11.680018398249953, 47.361223810415119 ], [ 11.679907653805698, 47.361155158619944 ], [ 11.679777587470141, 47.361041459102779 ], [ 11.679636551308526, 47.360973162175206 ], [ 11.679502411915244, 47.360937694202583 ], [ 11.679314005709616, 47.360911097667909 ], [ 11.679155437328522, 47.360867690795267 ], [ 11.679002405528529, 47.360803638857291 ], [ 11.67886180713802, 47.360751798026882 ], [ 11.678732782672393, 47.36067923966651 ], [ 11.678634243646142, 47.360614554253537 ], [ 11.678529017479363, 47.360525252911444 ], [ 11.678520347293412, 47.360422479776922 ], [ 11.678578400276612, 47.360323042900205 ], [ 11.678569317896702, 47.360203816010504 ], [ 11.678505535654759, 47.360076994228052 ], [ 11.678485182012029, 47.359990811115523 ], [ 11.678458144189815, 47.359880026504534 ], [ 11.678322226853547, 47.35973946178482 ], [ 11.6782653518814, 47.359680647391379 ], [ 11.67806837277754, 47.359555392299193 ], [ 11.677823497194794, 47.359451268575327 ], [ 11.677590788370459, 47.359378497920176 ], [ 11.677446831386577, 47.359343727111671 ], [ 11.677299801989136, 47.359325295952246 ], [ 11.677296120761433, 47.359324829928241 ], [ 11.677144046882292, 47.359322964757403 ], [ 11.676997651000882, 47.359333184855537 ], [ 11.676830475435542, 47.359370383833102 ], [ 11.676745361221323, 47.359399326153486 ], [ 11.676669033724151, 47.359422094181781 ], [ 11.676647831655776, 47.35941745802819 ], [ 11.676568605450699, 47.359400107352045 ], [ 11.676513078429073, 47.359359611212618 ], [ 11.676504832727566, 47.359345758598053 ], [ 11.676481445457199, 47.359306484021083 ], [ 11.676515168936719, 47.35920321311611 ], [ 11.676621947668721, 47.35911555172607 ], [ 11.676704318855061, 47.35901994194338 ], [ 11.676738033787569, 47.358916671066829 ], [ 11.676740960066056, 47.358793183948052 ], [ 11.676768942446943, 47.358702324503675 ], [ 11.676833547195306, 47.358623388226682 ], [ 11.676814509661396, 47.358466551862477 ], [ 11.676773435602682, 47.358362615924776 ], [ 11.676771243496736, 47.358315485707806 ], [ 11.676809281745479, 47.358297612521262 ], [ 11.676843070836632, 47.358281724699474 ], [ 11.677310089511638, 47.358247176810274 ], [ 11.677378529306642, 47.35822966903855 ], [ 11.677428127626511, 47.358188464704007 ], [ 11.677426563547861, 47.358126757455501 ], [ 11.677430106050664, 47.358027959066845 ], [ 11.677415503010952, 47.357929364045937 ], [ 11.677383987731739, 47.357880358905859 ], [ 11.677306568465781, 47.357822243184444 ], [ 11.677012880660412, 47.357783798303323 ], [ 11.676974726925286, 47.357776304124549 ], [ 11.676610346632076, 47.357704757066266 ], [ 11.676437745042662, 47.357581153287626 ], [ 11.676436445882551, 47.357529858841332 ], [ 11.67633159391483, 47.35751996030897 ], [ 11.676315042451327, 47.357518394485524 ], [ 11.676152306181823, 47.357549098543487 ], [ 11.675988752459357, 47.357546896546758 ], [ 11.675830196757319, 47.357503481323661 ], [ 11.675639714273116, 47.357394613676732 ], [ 11.675485858377643, 47.357297640487076 ], [ 11.675289324436356, 47.357188837579642 ], [ 11.67511381288449, 47.357073603937906 ], [ 11.674950629329253, 47.356966470599907 ], [ 11.674801981372729, 47.356845977347078 ], [ 11.674740423120568, 47.356796088310745 ], [ 11.674720285270622, 47.356718139365633 ], [ 11.674742639119312, 47.356643813715095 ], [ 11.674710598481834, 47.356574223192048 ], [ 11.674586914395551, 47.35647279657956 ], [ 11.674589560231642, 47.356445626723151 ], [ 11.674593292611048, 47.356407197142993 ], [ 11.674601326836136, 47.35632448834177 ], [ 11.674648197995843, 47.356262213567604 ], [ 11.67469089599331, 47.356173947714829 ], [ 11.674694236661233, 47.356167029512804 ], [ 11.674582770816281, 47.356069574384129 ], [ 11.674497368013879, 47.355980170909945 ], [ 11.674489465827921, 47.35597190347027 ], [ 11.674484691575541, 47.35595866858101 ], [ 11.674456903425277, 47.355881755166017 ], [ 11.674432623337784, 47.355870386896505 ], [ 11.674371107995992, 47.355841607832957 ], [ 11.674218208676121, 47.355781671132803 ], [ 11.674107776513267, 47.355725349054048 ], [ 11.673959890288845, 47.355624195306582 ], [ 11.673935582894281, 47.355600322748913 ], [ 11.673910213638976, 47.355575390406699 ], [ 11.6738539648206, 47.35550609660082 ], [ 11.67367715528788, 47.355458777260942 ], [ 11.673377088078031, 47.355326483337123 ], [ 11.673344834368825, 47.355248670107819 ], [ 11.673324395474944, 47.355158385415713 ], [ 11.673351227899985, 47.355022271394219 ], [ 11.673361688337872, 47.354956307766408 ], [ 11.673336007317967, 47.354899001427789 ], [ 11.673242608053656, 47.354797214588984 ], [ 11.672853350642633, 47.354250341153936 ], [ 11.67269660834611, 47.354038187679024 ], [ 11.672466815312818, 47.353810428998678 ], [ 11.672206427019697, 47.353570678539079 ], [ 11.672014091631702, 47.353387745648163 ], [ 11.671639394013745, 47.353144724543547 ], [ 11.671064160346358, 47.352970412318911 ], [ 11.67092532883542, 47.352997882068223 ], [ 11.670476226544709, 47.35276721540815 ], [ 11.670445371120302, 47.352891639281019 ], [ 11.670422808097232, 47.352957743563785 ], [ 11.670308412787213, 47.352983762345609 ], [ 11.670197280615618, 47.352898638041864 ], [ 11.67009239553466, 47.352821683708264 ], [ 11.669882955202956, 47.352680091926096 ], [ 11.669741855454062, 47.352607658529884 ], [ 11.669658908127294, 47.352439910926812 ], [ 11.66956306769611, 47.352298243347299 ], [ 11.669433523729527, 47.352146244245702 ], [ 11.669183295952282, 47.351828188075793 ], [ 11.669158068230766, 47.35176929782881 ], [ 11.669125412824597, 47.351693065732363 ], [ 11.669033987681882, 47.351579244473406 ], [ 11.668987882922707, 47.351521838268766 ], [ 11.669048097148865, 47.351475932125595 ], [ 11.66907983312665, 47.351243523524239 ], [ 11.669123395354108, 47.351084984400877 ], [ 11.669119790524498, 47.350989457052741 ], [ 11.669158749383602, 47.350853208286118 ], [ 11.669210521819004, 47.35071493774872 ], [ 11.66922682593583, 47.350671355597434 ], [ 11.669259735153888, 47.350535186152896 ], [ 11.669255722713798, 47.350458691049027 ], [ 11.669252071221102, 47.350389169877467 ], [ 11.669248088066098, 47.350313100782309 ], [ 11.669213668135596, 47.350148904308149 ], [ 11.669137567278801, 47.35001009731446 ], [ 11.668991345651753, 47.349744543949065 ], [ 11.6685799271362, 47.349525202061855 ], [ 11.668410295669196, 47.349337521485744 ], [ 11.668513347747602, 47.349268204359582 ], [ 11.668545516896511, 47.349103222690189 ], [ 11.668621724374871, 47.349003579614191 ], [ 11.668662759404887, 47.348949599876967 ], [ 11.668672378067756, 47.348850741780772 ], [ 11.668603796614274, 47.348827659892251 ], [ 11.668305987228834, 47.348727428669946 ], [ 11.668135777312582, 47.348700600467367 ], [ 11.667934475250393, 47.348641214316231 ], [ 11.667736477730847, 47.34858101406747 ], [ 11.667647702825031, 47.348554012456042 ], [ 11.6675622348417, 47.348526200607012 ], [ 11.667349655665509, 47.348499872454205 ], [ 11.667076444474382, 47.348470121270587 ], [ 11.667031091369621, 47.348467789430138 ], [ 11.66681575094111, 47.348456689897795 ], [ 11.666645545252482, 47.348429859433644 ], [ 11.66640197104125, 47.348375082745967 ], [ 11.666279729644913, 47.348345039730638 ], [ 11.665551962510698, 47.348155216332465 ], [ 11.665319191233307, 47.348050936200224 ], [ 11.665113122714697, 47.34792503196514 ], [ 11.664935729187581, 47.347853013491907 ], [ 11.664837334312418, 47.347792432274076 ], [ 11.664677996425773, 47.347716100656534 ], [ 11.664545699922064, 47.347704435313872 ], [ 11.664324338064274, 47.347578631371192 ], [ 11.664146956700888, 47.347545308788447 ], [ 11.663982798926275, 47.347518402490238 ], [ 11.66377094745766, 47.347520856891904 ], [ 11.663595662955407, 47.347531338827011 ], [ 11.663018169024937, 47.347393437548249 ], [ 11.662838759953202, 47.347230352836917 ], [ 11.662822795404608, 47.34722713583033 ], [ 11.662567471875883, 47.347002858438557 ], [ 11.662494820404332, 47.346562524307821 ], [ 11.661961134996979, 47.346536667507657 ], [ 11.661875613476763, 47.346553183611377 ], [ 11.661241340738693, 47.34671376647141 ], [ 11.660553442368238, 47.347101009235935 ], [ 11.659938990472256, 47.347383988527952 ], [ 11.659699733894296, 47.347455694979928 ], [ 11.659399457841616, 47.347493835474289 ], [ 11.65898282009155, 47.347696747723788 ], [ 11.658550616077591, 47.347658636454931 ], [ 11.658225455851152, 47.347843405701688 ], [ 11.657819889836134, 47.347856718617123 ], [ 11.657410050083305, 47.34769764448221 ], [ 11.657113857727722, 47.347520026830857 ], [ 11.656895923038448, 47.347427726699934 ], [ 11.65652583646256, 47.347337159457787 ], [ 11.656341043610663, 47.347292983356269 ], [ 11.656025922483703, 47.347186855400636 ], [ 11.655791358189328, 47.347117598570051 ], [ 11.655482670143506, 47.347052851881195 ], [ 11.655175677896118, 47.347055390813829 ], [ 11.654981317509446, 47.346898544570685 ], [ 11.654980351611858, 47.346846492230476 ], [ 11.655463722682972, 47.346452839021147 ], [ 11.655552270479495, 47.345934592207648 ], [ 11.655419884528996, 47.345711961476546 ], [ 11.655018552096466, 47.345396401542665 ], [ 11.654985663449436, 47.345323422365027 ], [ 11.654896737261403, 47.345205709460501 ], [ 11.654546912890256, 47.34502631326955 ], [ 11.654417805663916, 47.34468901980734 ], [ 11.654130034198339, 47.344338884155739 ], [ 11.653885506502899, 47.344126796852201 ], [ 11.653871182395035, 47.344095956613039 ], [ 11.653665367415178, 47.343803132858355 ], [ 11.653420892921922, 47.343364294980589 ], [ 11.653125225500697, 47.343043138688067 ], [ 11.652523690854423, 47.3425345311679 ], [ 11.651560311423177, 47.341683952230248 ], [ 11.650477235111129, 47.340749230121766 ], [ 11.649758700241399, 47.340224131133553 ], [ 11.64837354139066, 47.339910683765659 ], [ 11.647884155875138, 47.339841122523453 ], [ 11.647106839518887, 47.339848516832305 ], [ 11.646594358743592, 47.339898026135529 ], [ 11.645227794174481, 47.339686665182647 ], [ 11.644352552173075, 47.339609361897587 ], [ 11.643168970416788, 47.339526829642892 ], [ 11.641999308122909, 47.339487779949991 ], [ 11.641137566760612, 47.339436494629133 ], [ 11.64030216180012, 47.339411086883615 ], [ 11.640190161871848, 47.339482311868778 ], [ 11.639771065134436, 47.339748863613018 ], [ 11.639331135634421, 47.340137984883157 ], [ 11.639000965137381, 47.340290150721053 ], [ 11.638775872953202, 47.340099649486589 ], [ 11.638485724333657, 47.339688389285165 ], [ 11.637821417384213, 47.339224339353358 ], [ 11.637210365016811, 47.338955953922024 ], [ 11.636895738290255, 47.338817758966421 ], [ 11.636725404608967, 47.338743204292058 ], [ 11.636566377384289, 47.338763712658576 ], [ 11.636362263231947, 47.338714305145203 ], [ 11.636163870531577, 47.338545110250266 ], [ 11.635908104136536, 47.338439950044098 ], [ 11.635872951287748, 47.338367591876867 ], [ 11.635818327692411, 47.338254970877003 ], [ 11.635671986047031, 47.338002970853573 ], [ 11.635481120679342, 47.337828868212839 ], [ 11.635091441265125, 47.337573552861699 ], [ 11.634841066791946, 47.337514564047851 ], [ 11.634428176805729, 47.337417308241442 ], [ 11.634043940594472, 47.337236904430114 ], [ 11.633482804375925, 47.337134892815186 ], [ 11.632984139320806, 47.336968101817867 ], [ 11.632714015875566, 47.336665839918361 ], [ 11.632567725770908, 47.336577308000123 ], [ 11.632240665399447, 47.336189720675684 ], [ 11.632056861770518, 47.335868834981007 ], [ 11.631959761790228, 47.335780408036754 ], [ 11.631542149906991, 47.33556203570317 ], [ 11.630863473762405, 47.335293815882395 ], [ 11.630263223747235, 47.335119586853764 ], [ 11.629916285355161, 47.334933851237693 ], [ 11.629308176198656, 47.33458365492627 ], [ 11.629246258099984, 47.33455477340749 ], [ 11.628647738653308, 47.334396458716725 ], [ 11.627972716661297, 47.334235930689779 ], [ 11.62738283606202, 47.334005521480442 ], [ 11.626706352314345, 47.333756839337781 ], [ 11.626205383047648, 47.333561912736997 ], [ 11.625820461285379, 47.33337657789496 ], [ 11.625181771734072, 47.333185493870246 ], [ 11.624915134893035, 47.333171233578291 ], [ 11.624787096807934, 47.333120973269466 ], [ 11.624625702600909, 47.332977544051403 ], [ 11.624488812229115, 47.332848455631769 ], [ 11.623856893453757, 47.332471306840503 ], [ 11.623791786677023, 47.332419883128075 ], [ 11.623432884973303, 47.332238237969868 ], [ 11.622744244611164, 47.332023241062018 ], [ 11.621891126831208, 47.33187763621801 ], [ 11.621467561974185, 47.331666872920607 ], [ 11.62084182037821, 47.331484236473756 ], [ 11.620713162759301, 47.331408100599958 ], [ 11.621124617190095, 47.331119001142213 ], [ 11.621189884647292, 47.330890043148571 ], [ 11.621207013347657, 47.330790277151543 ], [ 11.621227806708262, 47.330669568003998 ], [ 11.621164639122703, 47.330678902319185 ], [ 11.621103486955761, 47.330773063485296 ], [ 11.621017957454102, 47.330904682322981 ], [ 11.620804943135917, 47.331160695997539 ], [ 11.620482695756367, 47.331315850059276 ], [ 11.620227484838191, 47.331249743476022 ], [ 11.61989620998089, 47.331184488426992 ], [ 11.619565594036155, 47.331145083209179 ], [ 11.619183411526802, 47.331071795415681 ], [ 11.618774626804793, 47.330947049978157 ], [ 11.618327212979644, 47.330796891511653 ], [ 11.618097878921693, 47.330746906120041 ], [ 11.61807211550351, 47.33072793111586 ], [ 11.61747662391897, 47.330430056689131 ], [ 11.616770338808681, 47.330130618146633 ], [ 11.616212662064944, 47.329872265740342 ], [ 11.616133487935642, 47.329836721261834 ], [ 11.616053931398458, 47.329801005601524 ], [ 11.615952389406417, 47.329754286553829 ], [ 11.615945520882082, 47.329752335837874 ], [ 11.615513643540384, 47.329629435925384 ], [ 11.615061137503366, 47.32949623712156 ], [ 11.614854362032982, 47.329441787529518 ], [ 11.614647944310217, 47.329396661152202 ], [ 11.614612034119274, 47.329388813567526 ], [ 11.614380055680106, 47.32933158606015 ], [ 11.614313143013566, 47.329310924828206 ], [ 11.614227761090977, 47.329281474768415 ], [ 11.614159083486195, 47.329253457416968 ], [ 11.61410876674789, 47.329229732657858 ], [ 11.614077591197278, 47.329193291693663 ], [ 11.614061515370141, 47.329157581818251 ], [ 11.614072464324437, 47.3291014222903 ], [ 11.61409072024933, 47.329046530493137 ], [ 11.614119342374714, 47.328982618266501 ], [ 11.614127429553385, 47.328955903552483 ], [ 11.614133313673387, 47.328920128685439 ], [ 11.614127254978328, 47.328871894320699 ], [ 11.61410155864638, 47.328826757275642 ], [ 11.614076640948307, 47.328797442342257 ], [ 11.61401934262474, 47.328742043848088 ], [ 11.613944113149989, 47.328683697092409 ], [ 11.613767750668295, 47.328524207261623 ], [ 11.613621449598172, 47.32842626609478 ], [ 11.613594279696033, 47.328406566389035 ], [ 11.613563280565245, 47.328384099393766 ], [ 11.613469864127834, 47.328349131885204 ], [ 11.613467827025222, 47.32834837474411 ], [ 11.612636332304355, 47.32804597074383 ], [ 11.612570402178772, 47.328022450703038 ], [ 11.61233911935212, 47.327939938699352 ], [ 11.612044915224743, 47.327834973344942 ], [ 11.611703199056111, 47.327708712967109 ], [ 11.611617235815585, 47.327676928789643 ], [ 11.611496180841151, 47.327638249318746 ], [ 11.611283933408551, 47.327570362019038 ], [ 11.610935955126207, 47.327480597866952 ], [ 11.610114743450191, 47.327318559551394 ], [ 11.61002366427156, 47.327301007715299 ], [ 11.609772055470579, 47.327252519734735 ], [ 11.609766258014242, 47.327376481782622 ] ] ], [ [ [ 11.465935199676077, 47.471001933674664 ], [ 11.465545197629295, 47.471377237165676 ], [ 11.465299882639261, 47.471744726526417 ], [ 11.465065901044939, 47.471971121876201 ], [ 11.464852459266512, 47.472228548891806 ], [ 11.464592265619896, 47.472459642786944 ], [ 11.464352118202694, 47.472709385930337 ], [ 11.464141997011357, 47.472939906890467 ], [ 11.463999979168971, 47.473121232120015 ], [ 11.463897153477204, 47.47321750269964 ], [ 11.463718578899261, 47.473295671070048 ], [ 11.463977942713679, 47.473455053664537 ], [ 11.464419433605624, 47.473626898046021 ], [ 11.464981852546495, 47.473930899244657 ], [ 11.465416777121321, 47.474171272473555 ], [ 11.465785363256918, 47.474350215745197 ], [ 11.465868703106286, 47.474277501441193 ], [ 11.465879096309724, 47.474140623050666 ], [ 11.466088595287857, 47.47388665997827 ], [ 11.466320637826437, 47.473826890735864 ], [ 11.466652604576595, 47.473765979280806 ], [ 11.46707159273738, 47.473702571520249 ], [ 11.46749218363354, 47.473708314235331 ], [ 11.467900456172782, 47.473691588178013 ], [ 11.468216141357088, 47.473685823576709 ], [ 11.468552759904666, 47.473729312194159 ], [ 11.468662180330586, 47.473640993602999 ], [ 11.468742085595231, 47.473462147046995 ], [ 11.46875667013947, 47.473344232373954 ], [ 11.468871962216541, 47.473154987463786 ], [ 11.469005110892631, 47.472743498560234 ], [ 11.46913482381483, 47.472295201876562 ], [ 11.469356868767708, 47.471824339038228 ], [ 11.469615880783559, 47.471288461258915 ], [ 11.46982612133346, 47.470888751042537 ], [ 11.470013370644367, 47.470466990157796 ], [ 11.470126704581228, 47.470192396239959 ], [ 11.470196709119186, 47.470050408884688 ], [ 11.469802948512708, 47.469870014260749 ], [ 11.469616273018847, 47.469581250523554 ], [ 11.469556013266656, 47.469124003463037 ], [ 11.46953665356129, 47.468896676584961 ], [ 11.469510912856375, 47.468746679329328 ], [ 11.469471783553917, 47.468534892512231 ], [ 11.469252035832838, 47.46830502738397 ], [ 11.468890861984121, 47.468293174329602 ], [ 11.468431048703167, 47.468315007422611 ], [ 11.467983131867648, 47.468334540956157 ], [ 11.467728560828618, 47.468344298001263 ], [ 11.467589849672011, 47.46836817846664 ], [ 11.467661711785913, 47.468622872354871 ], [ 11.467790773055841, 47.468893281712766 ], [ 11.467857806632429, 47.469110323475668 ], [ 11.467785456972075, 47.469448305213319 ], [ 11.467633132473944, 47.469769160892696 ], [ 11.467545726219582, 47.469957037555154 ], [ 11.46744296297169, 47.47010915954953 ], [ 11.467203124581433, 47.470126014226501 ], [ 11.467022455532199, 47.470175465580049 ], [ 11.466463919586623, 47.470538804202072 ], [ 11.46624424389905, 47.470751508037822 ], [ 11.465935199676077, 47.471001933674664 ] ] ], [ [ [ 11.278809614929617, 47.285812388890001 ], [ 11.278868122708642, 47.285845168399376 ], [ 11.278889206242287, 47.285904349563111 ], [ 11.27889342675245, 47.285916310251473 ], [ 11.27892469027724, 47.285955777497158 ], [ 11.278980082394238, 47.286025815484706 ], [ 11.27915196762493, 47.286164530485351 ], [ 11.279200422203395, 47.286224265291871 ], [ 11.279145901626871, 47.286344901915548 ], [ 11.278823737685617, 47.286645804346165 ], [ 11.278877025771722, 47.286707055615842 ], [ 11.278945947183519, 47.286733206624689 ], [ 11.278956549382332, 47.286737247990054 ], [ 11.279163384049228, 47.286781113528413 ], [ 11.279346603775142, 47.286797287519867 ], [ 11.279490745740121, 47.286830450201442 ], [ 11.279617514766452, 47.286890943290722 ], [ 11.279903669386005, 47.287069219681619 ], [ 11.280232843544495, 47.287258902488183 ], [ 11.28036228768929, 47.287373040826857 ], [ 11.280366244030008, 47.287376669093781 ], [ 11.280398966666583, 47.287304892947901 ], [ 11.28100955511065, 47.287065402739586 ], [ 11.281654469192578, 47.286812463118139 ], [ 11.282293837366913, 47.286569846647268 ], [ 11.282331815331691, 47.286555434689966 ], [ 11.282354216586315, 47.286546992535186 ], [ 11.282326263430301, 47.286436693954066 ], [ 11.282276489762886, 47.286194079132279 ], [ 11.282286148943941, 47.28600394192496 ], [ 11.28230862988965, 47.285813774401795 ], [ 11.28231357883967, 47.285725403203259 ], [ 11.282286449577406, 47.285654901405167 ], [ 11.28225288439981, 47.285602132835983 ], [ 11.282252496951743, 47.28558040469548 ], [ 11.282271517044236, 47.28558133782483 ], [ 11.282325480426314, 47.285583930699808 ], [ 11.28290331137484, 47.285608056543275 ], [ 11.283119400129086, 47.285631740599158 ], [ 11.283240748122919, 47.285644992637245 ], [ 11.283622952456813, 47.285714350695585 ], [ 11.283907943696507, 47.28572453627762 ], [ 11.283913097200056, 47.285724727518399 ], [ 11.28391351817652, 47.285722541907887 ], [ 11.28393373418019, 47.285623918063663 ], [ 11.284226979137589, 47.28551945393496 ], [ 11.284231414713151, 47.285517936699833 ], [ 11.284481382034837, 47.285534874253976 ], [ 11.284464846727817, 47.285435852856168 ], [ 11.284398642222929, 47.28536326071945 ], [ 11.284376808727027, 47.285339371409442 ], [ 11.284371127150511, 47.285213621299341 ], [ 11.284251390366993, 47.285168733348065 ], [ 11.284238482374827, 47.285163932602323 ], [ 11.284227598688714, 47.285048119758621 ], [ 11.28421879361205, 47.284952461365691 ], [ 11.284351233762273, 47.284555203887557 ], [ 11.284271206186382, 47.284490434557604 ], [ 11.284005763999748, 47.284254123575913 ], [ 11.284138811166462, 47.284083061563322 ], [ 11.283508977595156, 47.283530400692541 ], [ 11.28313520452814, 47.283066600767029 ], [ 11.2830722233033, 47.282988294713313 ], [ 11.283016502114561, 47.282919196839885 ], [ 11.283284009417844, 47.282688135942905 ], [ 11.283352876876368, 47.282628057351779 ], [ 11.283437367666592, 47.282577585500427 ], [ 11.283473948163666, 47.28255570645608 ], [ 11.283613168678503, 47.28251880305254 ], [ 11.283682669810618, 47.282494392258393 ], [ 11.283717481238451, 47.2824822654961 ], [ 11.283680120670869, 47.282351635836683 ], [ 11.283591946879739, 47.282304773588486 ], [ 11.283499118676181, 47.282298530532948 ], [ 11.283480896464416, 47.282297357148266 ], [ 11.283434253658603, 47.282294159221067 ], [ 11.283294395545211, 47.282295315287577 ], [ 11.283277000506716, 47.282295459062929 ], [ 11.283119633685294, 47.282296759628295 ], [ 11.28294486916859, 47.282298203724416 ], [ 11.282664829301753, 47.28228859910169 ], [ 11.282611775361953, 47.282253362272805 ], [ 11.282628437949354, 47.28220563334704 ], [ 11.28276808171964, 47.282128456109753 ], [ 11.282987934371979, 47.281799255466325 ], [ 11.283049362829422, 47.281707224343428 ], [ 11.283239220803372, 47.281422904869537 ], [ 11.283277677342447, 47.281365024116162 ], [ 11.282512042465466, 47.281173189630195 ], [ 11.281852870917463, 47.280923923153971 ], [ 11.281333116792071, 47.280500968983525 ], [ 11.280545470775257, 47.280306032405456 ], [ 11.280205445637867, 47.28021816694114 ], [ 11.280149191567189, 47.280375974041704 ], [ 11.27957399260851, 47.281043967175322 ], [ 11.279507188463333, 47.281123579345007 ], [ 11.279295531913993, 47.281373877541419 ], [ 11.279234815308572, 47.281448296236299 ], [ 11.279228541257325, 47.281455982628302 ], [ 11.279154034754612, 47.281546717938106 ], [ 11.279121074742584, 47.281456867018285 ], [ 11.279038300453372, 47.281230489671458 ], [ 11.278654817287464, 47.281460702891934 ], [ 11.277345550326707, 47.28224634137954 ], [ 11.277167393077489, 47.282353271731317 ], [ 11.277088528131548, 47.282327591662408 ], [ 11.276962115399803, 47.282286411772304 ], [ 11.276834757396511, 47.282211433582269 ], [ 11.276787207674293, 47.281821346808151 ], [ 11.276491908941189, 47.28177080384701 ], [ 11.275688226312978, 47.281633371899218 ], [ 11.275567605280942, 47.281608889434899 ], [ 11.275603874187293, 47.281123087073304 ], [ 11.275614971832757, 47.280974064364699 ], [ 11.27566844916376, 47.280257712709755 ], [ 11.275542599593651, 47.280215747681815 ], [ 11.275532262898404, 47.280220194881025 ], [ 11.274927547135071, 47.280057446727859 ], [ 11.274943064227934, 47.280041742467432 ], [ 11.274835215274939, 47.280001419148512 ], [ 11.274757900259887, 47.279998391586297 ], [ 11.274563064314588, 47.279990485236368 ], [ 11.274547428261751, 47.279824857718694 ], [ 11.274537743005483, 47.279723675743057 ], [ 11.274308614623447, 47.279627717565745 ], [ 11.274389078447685, 47.279543481199809 ], [ 11.274234241519162, 47.279480330131328 ], [ 11.272865498308372, 47.278933581559059 ], [ 11.272441403392467, 47.279347153146979 ], [ 11.272148208531782, 47.279635648539106 ], [ 11.272081602175103, 47.279701077220444 ], [ 11.27151895187847, 47.279793847023853 ], [ 11.271433240806989, 47.279808020782433 ], [ 11.271293775683423, 47.279830969509391 ], [ 11.271185236939036, 47.279848835529513 ], [ 11.271106945472285, 47.279861780980639 ], [ 11.271116595988445, 47.27974034665236 ], [ 11.271076062864367, 47.279557551109335 ], [ 11.27099162822647, 47.279436180978315 ], [ 11.270980481789245, 47.279427237567297 ], [ 11.270707079173061, 47.279208563369636 ], [ 11.27065273860881, 47.279177693952548 ], [ 11.270560903570944, 47.279103897808007 ], [ 11.270551379531232, 47.279096108646151 ], [ 11.270567207122275, 47.279084919617283 ], [ 11.270588346149212, 47.279069869894606 ], [ 11.270609598816149, 47.279054819241303 ], [ 11.271107726114485, 47.278606687967937 ], [ 11.271280000199702, 47.278451678577873 ], [ 11.27150185138029, 47.278252175500157 ], [ 11.271288140538392, 47.278244572362397 ], [ 11.27117453865851, 47.278332115399628 ], [ 11.270833554631494, 47.278214164034701 ], [ 11.27064178702498, 47.278172186191775 ], [ 11.270631692394437, 47.278170865329578 ], [ 11.27025035469822, 47.278120696672914 ], [ 11.269823856270211, 47.278053757888308 ], [ 11.269765735365361, 47.277957409946524 ], [ 11.269909673961591, 47.277766179458432 ], [ 11.269931591264564, 47.277736789446955 ], [ 11.269983970592355, 47.277669374958165 ], [ 11.270025965462326, 47.277616767713688 ], [ 11.27003974056653, 47.277599518615297 ], [ 11.270007042292818, 47.277588568617503 ], [ 11.269675221069056, 47.277477159276344 ], [ 11.269637571545525, 47.2774645351058 ], [ 11.269440578919347, 47.277496207412284 ], [ 11.26886660834721, 47.27758858691805 ], [ 11.268319178467396, 47.277641413519675 ], [ 11.268189604183647, 47.277653840491162 ], [ 11.26772035251836, 47.277465650320352 ], [ 11.267633325660892, 47.277430603569506 ], [ 11.267432992371168, 47.277350289515397 ], [ 11.267425961680718, 47.277347464729871 ], [ 11.267334671205907, 47.277310896307149 ], [ 11.267325216253663, 47.27730699925042 ], [ 11.266821618468468, 47.277104831378111 ], [ 11.266577797406329, 47.277083365599665 ], [ 11.266449174951163, 47.277273999841746 ], [ 11.266391833826095, 47.277358980201363 ], [ 11.266278381666259, 47.277527214643676 ], [ 11.266143192790711, 47.277571931120399 ], [ 11.26586211748082, 47.27766503570156 ], [ 11.265700225077962, 47.277740424591343 ], [ 11.265099668229468, 47.278380823607385 ], [ 11.263691522200739, 47.279108843369983 ], [ 11.263528899191959, 47.279228167313228 ], [ 11.263486746863288, 47.279259042073264 ], [ 11.263907656764808, 47.279438372717408 ], [ 11.264061787597669, 47.279455351726909 ], [ 11.264178167058887, 47.279480035362582 ], [ 11.264192182368118, 47.279483037644148 ], [ 11.264333153360781, 47.279532915981747 ], [ 11.264783137298132, 47.279692377729504 ], [ 11.265015137893778, 47.279783344956357 ], [ 11.265489251779844, 47.279960991832262 ], [ 11.265748378056397, 47.280058203016729 ], [ 11.266133156704962, 47.280180176527359 ], [ 11.266253957295801, 47.280241432665484 ], [ 11.266318776311344, 47.280295587504369 ], [ 11.266388293760947, 47.280408902308416 ], [ 11.266433639524566, 47.280455736913616 ], [ 11.266506266718128, 47.280530780659952 ], [ 11.266622486690322, 47.280650649300227 ], [ 11.266737035768958, 47.280701284299354 ], [ 11.266856074311379, 47.280746975177401 ], [ 11.266952645139732, 47.280784046158153 ], [ 11.267390928191416, 47.280869205996368 ], [ 11.267504245342179, 47.280908322549841 ], [ 11.267529453980526, 47.280916295700848 ], [ 11.267579867382555, 47.280932321171626 ], [ 11.267840358486803, 47.281048056531965 ], [ 11.268239353570666, 47.281092403093076 ], [ 11.268313852469623, 47.281098028666683 ], [ 11.268630183280088, 47.281121548797316 ], [ 11.268729611849245, 47.281158362960547 ], [ 11.268909062122487, 47.281267431858652 ], [ 11.268926994890689, 47.281278345848648 ], [ 11.269083324537789, 47.281354888717075 ], [ 11.269231508808293, 47.281397848286773 ], [ 11.269342076466414, 47.281410655938259 ], [ 11.269415232712996, 47.281404841396103 ], [ 11.269568057780685, 47.281392847904087 ], [ 11.269666437339422, 47.281428421325629 ], [ 11.269699959376833, 47.281440534024362 ], [ 11.269695635405167, 47.281494080897751 ], [ 11.269694593749316, 47.28150639781812 ], [ 11.269727542165322, 47.281512047946912 ], [ 11.269750849844929, 47.281516065807558 ], [ 11.269848094609074, 47.281532798891853 ], [ 11.27024568810203, 47.281601142520607 ], [ 11.270760895379405, 47.281776950248279 ], [ 11.271297442847347, 47.281994178690653 ], [ 11.271366300329733, 47.282062863828564 ], [ 11.271382962245415, 47.282079474294427 ], [ 11.271394031382938, 47.282090445713422 ], [ 11.271528002659039, 47.282145123353764 ], [ 11.271616318461712, 47.282181167619115 ], [ 11.271714981385701, 47.282239249059039 ], [ 11.271980091599666, 47.282395518058195 ], [ 11.272225460129524, 47.282594009015959 ], [ 11.27223972215133, 47.282604330034147 ], [ 11.272486467308291, 47.282783493830614 ], [ 11.272688333064414, 47.282936149341715 ], [ 11.272858644029752, 47.283064916898276 ], [ 11.273417317356094, 47.28338664095542 ], [ 11.27370598975201, 47.283580102644891 ], [ 11.27382224184203, 47.283681035108451 ], [ 11.273855446199125, 47.283726796790503 ], [ 11.273911960987475, 47.284022873587396 ], [ 11.274001885615741, 47.284253322785766 ], [ 11.274123984328298, 47.284367526524235 ], [ 11.274163692855788, 47.284373355706144 ], [ 11.274301988720323, 47.284393721058819 ], [ 11.274532463376369, 47.284415669180731 ], [ 11.274547379247025, 47.284424116343622 ], [ 11.274835152904929, 47.284365675279389 ], [ 11.275186228620067, 47.284294332588637 ], [ 11.275541194731041, 47.28423253544841 ], [ 11.275601659866801, 47.284534653175669 ], [ 11.275596696963531, 47.284752170964005 ], [ 11.275593682633531, 47.284885782246683 ], [ 11.275593458040776, 47.28498299405026 ], [ 11.275591652032292, 47.285036131904256 ], [ 11.275800711376219, 47.285193162732519 ], [ 11.275852455452988, 47.285232151659045 ], [ 11.276054566610068, 47.285378179042716 ], [ 11.276216910649397, 47.285431060572328 ], [ 11.276570999409884, 47.285426052270495 ], [ 11.276675176976555, 47.285432909382891 ], [ 11.277392240400685, 47.285801295522369 ], [ 11.277733852226824, 47.285757517961542 ], [ 11.27779236440216, 47.285706718687138 ], [ 11.277981682860291, 47.28571848228637 ], [ 11.278060450650218, 47.285712616113123 ], [ 11.278179573061911, 47.28570377009418 ], [ 11.278449640968988, 47.285750387581174 ], [ 11.278560676894196, 47.285769570566906 ], [ 11.278809614929617, 47.285812388890001 ] ] ], [ [ [ 11.369773177130728, 47.282983853217118 ], [ 11.369599234575913, 47.283203833373143 ], [ 11.369709390392293, 47.283241006516668 ], [ 11.369957472488599, 47.283324762344797 ], [ 11.370078228045168, 47.283365502179308 ], [ 11.370811609885438, 47.283757928904869 ], [ 11.370840319641696, 47.283727524564519 ], [ 11.371023916008665, 47.283533158842353 ], [ 11.371047390977409, 47.283486756833398 ], [ 11.371159034667878, 47.283271464007449 ], [ 11.370905767254966, 47.283162521842264 ], [ 11.370814575083621, 47.28312338506138 ], [ 11.36994466219449, 47.282749483517534 ], [ 11.369905106938855, 47.28276978000023 ], [ 11.369866238460277, 47.282754630831541 ], [ 11.369773177130728, 47.282983853217118 ] ] ], [ [ [ 11.24677791674752, 47.283855517111249 ], [ 11.246609027423938, 47.283559231618277 ], [ 11.24698246475657, 47.283141562555429 ], [ 11.247340671121622, 47.282763739594664 ], [ 11.24765081191002, 47.282420258428303 ], [ 11.247306901647809, 47.282250304911543 ], [ 11.246787722068113, 47.281965683949842 ], [ 11.246427142999691, 47.281904754390645 ], [ 11.246189764449566, 47.282012808515113 ], [ 11.245992799454324, 47.282154579238764 ], [ 11.245560406232315, 47.282238162029081 ], [ 11.244952834363103, 47.282265494207053 ], [ 11.244489101965877, 47.282343714156333 ], [ 11.244123386980974, 47.282450910284879 ], [ 11.24359579853817, 47.282429931073828 ], [ 11.243282101367221, 47.282406398339695 ], [ 11.243030872519984, 47.282568455720586 ], [ 11.242718328365527, 47.282612290240571 ], [ 11.242367628063683, 47.282814781940466 ], [ 11.242305720666996, 47.283057282601916 ], [ 11.242411577372309, 47.283451207309199 ], [ 11.242490002004436, 47.283787082641204 ], [ 11.242503819484646, 47.284126897717933 ], [ 11.242521689458219, 47.284395798463436 ], [ 11.24269806197627, 47.284588589253744 ], [ 11.24306361701508, 47.284705339580142 ], [ 11.243425310763563, 47.284763622832095 ], [ 11.243734465737772, 47.284902394156255 ], [ 11.243919166936022, 47.285113266705828 ], [ 11.244043393315149, 47.285348842760534 ], [ 11.244289767502762, 47.28536394819055 ], [ 11.244447182164201, 47.285157609433895 ], [ 11.244628388175466, 47.284843121413722 ], [ 11.244872159351205, 47.28463968090805 ], [ 11.245034338138653, 47.284457682916369 ], [ 11.24528510467869, 47.284208307386741 ], [ 11.245675251774284, 47.283996536743508 ], [ 11.246052143453808, 47.283933256490762 ], [ 11.246346224524915, 47.283880523411952 ], [ 11.246514542718925, 47.283923352408941 ], [ 11.24677791674752, 47.283855517111249 ] ] ] ] } }
]
}
