{
"type": "FeatureCollection",
"name": "NP_Grenze",
"crs": { "type": "name", "properties": { "name": "urn:ogc:def:crs:EPSG::31254" } },
"features": [
{ "type": "Feature", "properties": { "OBJEKT": "NTP", "NAME": "Karwendel", "STAND": "2022-02-02", "RECHTSQUEL": "Verordnung der Tiroler Landesregierung vom 18. Jänner 2022 (LGBl. Nr. 19/2022)", "OBJEKTBEZE": "Naturpark", "ERFASSUNGS": 5000, "CREATETIME": "2009-10-21", "UPDATETIME": "2025-12-12" }, "geometry": { "type": "MultiPolygon", "coordinates": [ [ [ [ 67430.044999999925494, 253533.390000000596046 ], [ 67480.151999999769032, 253500.0 ], [ 67500.0, 253487.514000000432134 ], [ 67541.467000000178814, 253461.428999999538064 ], [ 67732.610000000335276, 253405.231000000610948 ], [ 68113.559999999590218, 253123.300000000745058 ], [ 68111.235999999567866, 253121.869000000879169 ], [ 68108.03000000026077, 253119.007999999448657 ], [ 68102.225999999791384, 253114.281999999657273 ], [ 68097.673000000417233, 253110.924000000581145 ], [ 68093.247999999672174, 253108.125 ], [ 68090.683000000193715, 253106.94400000013411 ], [ 68084.173999999649823, 253104.64299999922514 ], [ 68080.775000000372529, 253103.648000000044703 ], [ 68075.325000000186265, 253101.346999999135733 ], [ 68069.167999999597669, 253099.294999999925494 ], [ 68066.185999999754131, 253098.176000000908971 ], [ 68063.108000000007451, 253096.559000000357628 ], [ 68056.887000000104308, 253093.200999999418855 ], [ 68052.591000000014901, 253090.402000000700355 ], [ 68048.326000000350177, 253086.298000000417233 ], [ 68044.286000000312924, 253080.639000000432134 ], [ 68042.875, 253078.835999999195337 ], [ 68042.234000000171363, 253077.156999999657273 ], [ 68042.234000000171363, 253074.668999999761581 ], [ 68042.00899999961257, 253069.25899999961257 ], [ 68040.983000000007451, 253065.403999999165535 ], [ 68040.277999999932945, 253061.424000000581145 ], [ 68040.150000000372529, 253058.438999999314547 ], [ 68040.020999999716878, 253056.014000000432134 ], [ 68039.091000000014901, 253052.406999999657273 ], [ 68037.359000000171363, 253049.049000000581145 ], [ 68035.756000000052154, 253045.566999999806285 ], [ 68034.986999999731779, 253043.017000000923872 ], [ 68034.474000000394881, 253040.219000000506639 ], [ 68034.953999999910593, 253035.678999999538064 ], [ 68035.209999999962747, 253033.439999999478459 ], [ 68034.825000000186265, 253032.25899999961257 ], [ 68033.928000000305474, 253030.891000000759959 ], [ 68032.901999999769032, 253029.149000000208616 ], [ 68032.067999999970198, 253026.786000000312924 ], [ 68031.554999999701977, 253023.303999999538064 ], [ 68030.303999999538064, 253018.950999999418855 ], [ 68029.791000000201166, 253016.960999999195337 ], [ 68029.020999999716878, 253015.220000000670552 ], [ 68027.995000000111759, 253013.851999999955297 ], [ 68025.942999999970198, 253011.800000000745058 ], [ 68022.865000000223517, 253008.690999999642372 ], [ 68021.326000000350177, 253006.20299999974668 ], [ 68020.684999999590218, 253004.649000000208616 ], [ 68020.459999999962747, 253002.098999999463558 ], [ 68020.946999999694526, 253000.0 ], [ 68021.036999999545515, 252999.610999999567866 ], [ 68022.191999999806285, 252995.941999999806285 ], [ 68023.410000000149012, 252992.210999999195337 ], [ 68023.474000000394881, 252989.662000000476837 ], [ 68023.63399999961257, 252985.121999999508262 ], [ 68023.955000000074506, 252977.907999999821186 ], [ 68025.205000000074506, 252968.207000000402331 ], [ 68025.462000000290573, 252966.466000000014901 ], [ 68025.140999999828637, 252962.921000000089407 ], [ 68024.88399999961257, 252960.93099999986589 ], [ 68024.050999999977648, 252959.812000000849366 ], [ 68022.31900000013411, 252958.071000000461936 ], [ 68018.792000000365078, 252955.893999999389052 ], [ 68016.740000000223517, 252954.587999999523163 ], [ 68015.201000000350177, 252954.402000000700355 ], [ 68013.598000000230968, 252954.526000000536442 ], [ 68011.86699999962002, 252954.153000000864267 ], [ 68010.391999999992549, 252953.406999999657273 ], [ 68008.178999999538064, 252951.106000000610948 ], [ 68004.78000000026077, 252947.686000000685453 ], [ 68002.023000000044703, 252945.447000000625849 ], [ 68000.675999999977648, 252943.643999999389052 ], [ 68000.226999999955297, 252942.46199999935925 ], [ 68000.226999999955297, 252941.529999999329448 ], [ 68000.419999999925494, 252940.286000000312924 ], [ 68001.861999999731779, 252934.315999999642372 ], [ 68001.861999999731779, 252932.823999999091029 ], [ 68001.476999999955297, 252931.393999999389052 ], [ 68000.387000000104308, 252929.342000000178814 ], [ 67998.463999999687076, 252927.475999999791384 ], [ 67996.731999999843538, 252925.299000000581145 ], [ 67995.898000000044703, 252923.619999999180436 ], [ 67995.57799999974668, 252921.567999999970198 ], [ 67994.872000000439584, 252919.205000000074506 ], [ 67993.365000000223517, 252917.463999999687076 ], [ 67990.928000000305474, 252914.479000000283122 ], [ 67985.541000000201166, 252907.824999999254942 ], [ 67984.195000000298023, 252905.337999999523163 ], [ 67982.078999999910593, 252902.849999999627471 ], [ 67977.941999999806285, 252900.114000000059605 ], [ 67976.018000000156462, 252898.620999999344349 ], [ 67972.042000000365078, 252896.630999999120831 ], [ 67970.053999999538064, 252894.641000000759959 ], [ 67966.270999999716878, 252893.46000000089407 ], [ 67963.898000000044703, 252891.843000000342727 ], [ 67960.145999999716878, 252888.484999999403954 ], [ 67959.120000000111759, 252887.427999999374151 ], [ 67955.722000000067055, 252885.313999999314547 ], [ 67954.117999999783933, 252882.57799999974668 ], [ 67953.412999999709427, 252879.405999999493361 ], [ 67952.25899999961257, 252877.105000000447035 ], [ 67951.29700000025332, 252875.924000000581145 ], [ 67949.69400000013411, 252875.052999999374151 ], [ 67947.769999999552965, 252874.803999999538064 ], [ 67944.434999999590218, 252874.99100000038743 ], [ 67941.966000000014901, 252875.675000000745058 ], [ 67941.259999999776483, 252875.985999999567866 ], [ 67939.207999999634922, 252876.669999999925494 ], [ 67937.092000000178814, 252877.042999999597669 ], [ 67935.68099999986589, 252877.975999999791384 ], [ 67933.885999999940395, 252879.032999999821186 ], [ 67932.53899999987334, 252879.468000000342727 ], [ 67931.064000000245869, 252879.593000000342727 ], [ 67929.396999999880791, 252879.157999999821186 ], [ 67927.088000000454485, 252878.16300000064075 ], [ 67924.105999999679625, 252877.975999999791384 ], [ 67917.372999999672174, 252877.042999999597669 ], [ 67913.929999999701977, 252875.259999999776483 ], [ 67910.768000000156462, 252875.426000000908971 ], [ 67909.614000000059605, 252874.86600000038743 ], [ 67908.331000000238419, 252874.119999999180436 ], [ 67905.349000000394881, 252870.762000000104308 ], [ 67903.105000000447035, 252867.777000000700355 ], [ 67898.743999999947846, 252861.061000000685453 ], [ 67896.947999999858439, 252857.330000000074506 ], [ 67893.45299999974668, 252853.598999999463558 ], [ 67891.080000000074506, 252852.540999999269843 ], [ 67888.707999999634922, 252851.42200000025332 ], [ 67886.207000000402331, 252849.619000000879169 ], [ 67882.486999999731779, 252845.141000000759959 ], [ 67879.537999999709427, 252840.601999999955297 ], [ 67875.978000000119209, 252836.684000000357628 ], [ 67874.375, 252835.005000000819564 ], [ 67873.093000000342727, 252832.703999999910593 ], [ 67871.938000000081956, 252829.656999999657273 ], [ 67871.553999999538064, 252825.739000000059605 ], [ 67871.809999999590218, 252823.872999999672174 ], [ 67872.996000000275671, 252819.707000000402331 ], [ 67873.123999999836087, 252818.214999999850988 ], [ 67873.059999999590218, 252815.042999999597669 ], [ 67870.847000000067055, 252802.855000000447035 ], [ 67870.526999999769032, 252795.765000000596046 ], [ 67870.781999999657273, 252788.646999999880791 ], [ 67870.878999999724329, 252785.939999999478459 ], [ 67871.648000000044703, 252781.835999999195337 ], [ 67871.32799999974668, 252779.472999999299645 ], [ 67870.236999999731779, 252776.923000000417233 ], [ 67869.853000000119209, 252774.870999999344349 ], [ 67869.853000000119209, 252773.564999999478459 ], [ 67870.302000000141561, 252772.134999999776483 ], [ 67872.321000000461936, 252768.589999999850988 ], [ 67875.463000000454485, 252764.485999999567866 ], [ 67876.682000000029802, 252761.376000000163913 ], [ 67876.746000000275671, 252758.516000000759959 ], [ 67876.46999999973923, 252755.300000000745058 ], [ 67874.083999999798834, 252751.177999999374151 ], [ 67872.993999999947846, 252749.187999999150634 ], [ 67871.646999999880791, 252745.020999999716878 ], [ 67871.390999999828637, 252742.596000000834465 ], [ 67871.358000000007451, 252734.200999999418855 ], [ 67871.358000000007451, 252733.455000000074506 ], [ 67871.615000000223517, 252731.837999999523163 ], [ 67871.166000000201166, 252731.216000000014901 ], [ 67870.268000000156462, 252730.967000000178814 ], [ 67868.985999999567866, 252730.967000000178814 ], [ 67866.997999999672174, 252730.904999999329448 ], [ 67864.752999999560416, 252729.661000000312924 ], [ 67862.572999999858439, 252728.168999999761581 ], [ 67861.610999999567866, 252726.36600000038743 ], [ 67860.842000000178814, 252724.188999999314547 ], [ 67859.718999999575317, 252716.789000000804663 ], [ 67858.884999999776483, 252714.487999999895692 ], [ 67857.474999999627471, 252711.565999999642372 ], [ 67851.959999999962747, 252706.030999999493361 ], [ 67848.33600000012666, 252699.937000000849366 ], [ 67846.475999999791384, 252697.075999999418855 ], [ 67845.514000000432134, 252694.776000000536442 ], [ 67845.450000000186265, 252693.345000000670552 ], [ 67845.578999999910593, 252691.728000000119209 ], [ 67846.21999999973923, 252689.862999999895692 ], [ 67850.611999999731779, 252682.898000000044703 ], [ 67855.998999999836087, 252674.938999999314547 ], [ 67863.917999999597669, 252666.046000000089407 ], [ 67867.123999999836087, 252661.940999999642372 ], [ 67868.984000000171363, 252657.960999999195337 ], [ 67872.222000000067055, 252649.130999999120831 ], [ 67875.428000000305474, 252639.492000000551343 ], [ 67876.967000000178814, 252634.82799999974668 ], [ 67876.998999999836087, 252631.780999999493361 ], [ 67876.934000000357628, 252630.164000000804663 ], [ 67875.075000000186265, 252625.872999999672174 ], [ 67873.921000000089407, 252621.023000000044703 ], [ 67873.921000000089407, 252619.281999999657273 ], [ 67873.343000000342727, 252617.91300000064075 ], [ 67869.848000000230968, 252614.742000000551343 ], [ 67864.205000000074506, 252610.07799999974668 ], [ 67856.509999999776483, 252605.911000000312924 ], [ 67853.816999999806285, 252603.921000000089407 ], [ 67852.598000000230968, 252602.801999999210238 ], [ 67852.084999999962747, 252600.998999999836087 ], [ 67851.604000000283122, 252598.138000000268221 ], [ 67850.770999999716878, 252594.220000000670552 ], [ 67850.385999999940395, 252588.622999999672174 ], [ 67850.065000000409782, 252585.451999999582767 ], [ 67848.622000000439584, 252581.098999999463558 ], [ 67848.109000000171363, 252578.239000000059605 ], [ 67847.660000000149012, 252574.880999999120831 ], [ 67847.212000000290573, 252569.844000000506639 ], [ 67846.506000000052154, 252567.356000000610948 ], [ 67846.057000000029802, 252565.801000000908971 ], [ 67844.165000000037253, 252564.309000000357628 ], [ 67841.343000000342727, 252561.697000000625849 ], [ 67838.906000000424683, 252559.395999999716878 ], [ 67837.879999999888241, 252555.603000000119209 ], [ 67835.411000000312924, 252547.020999999716878 ], [ 67833.935999999754131, 252542.916999999433756 ], [ 67830.92200000025332, 252537.941999999806285 ], [ 67826.690000000409782, 252533.651000000536442 ], [ 67821.911999999545515, 252529.671000000089407 ], [ 67816.46100000012666, 252526.748999999836087 ], [ 67810.433000000193715, 252524.63399999961257 ], [ 67803.923999999649823, 252523.825999999418855 ], [ 67800.076000000350177, 252523.32799999974668 ], [ 67797.190000000409782, 252522.831000000238419 ], [ 67794.24100000038743, 252521.152000000700355 ], [ 67791.932000000029802, 252518.601999999955297 ], [ 67788.532999999821186, 252514.311000000685453 ], [ 67785.101999999955297, 252509.58500000089407 ], [ 67781.317999999970198, 252504.796000000089407 ], [ 67779.330000000074506, 252502.868000000715256 ], [ 67777.021999999880791, 252501.064999999478459 ], [ 67775.605999999679625, 252500.0 ], [ 67773.879999999888241, 252498.701999999582767 ], [ 67771.314000000245869, 252496.462999999523163 ], [ 67768.781000000424683, 252492.669999999925494 ], [ 67765.446000000461936, 252488.379000000655651 ], [ 67760.50899999961257, 252484.21199999935925 ], [ 67756.532999999821186, 252480.606000000610948 ], [ 67753.589999999850988, 252477.21000000089407 ], [ 67751.24199999962002, 252475.755000000819564 ], [ 67749.894999999552965, 252473.330000000074506 ], [ 67749.639000000432134, 252471.277000000700355 ], [ 67749.639000000432134, 252469.100999999791384 ], [ 67749.894999999552965, 252466.11600000038743 ], [ 67750.407999999821186, 252460.457000000402331 ], [ 67750.054999999701977, 252458.778000000864267 ], [ 67747.939000000245869, 252454.984999999403954 ], [ 67745.822999999858439, 252452.248999999836087 ], [ 67743.641999999992549, 252447.958000000566244 ], [ 67740.146999999880791, 252441.987999999895692 ], [ 67738.736999999731779, 252440.246999999508262 ], [ 67738.351999999955297, 252437.946000000461936 ], [ 67738.416000000201166, 252435.832000000402331 ], [ 67738.480000000447035, 252434.277000000700355 ], [ 67739.506000000052154, 252433.032999999821186 ], [ 67740.531999999657273, 252431.354000000283122 ], [ 67742.264000000432134, 252429.301999999210238 ], [ 67743.93099999986589, 252427.312000000849366 ], [ 67744.731999999843538, 252424.948999999091029 ], [ 67745.309000000357628, 252423.332000000402331 ], [ 67745.501000000163913, 252419.973999999463558 ], [ 67745.532999999821186, 252407.349999999627471 ], [ 67745.78899999987334, 252404.178999999538064 ], [ 67746.110000000335276, 252401.566999999806285 ], [ 67747.520999999716878, 252396.841000000014901 ], [ 67749.026999999769032, 252389.876000000163913 ], [ 67749.733000000007451, 252387.389000000432134 ], [ 67750.246000000275671, 252384.528999999165535 ], [ 67751.527999999932945, 252381.046000000089407 ], [ 67752.298000000417233, 252379.18099999986589 ], [ 67753.388000000268221, 252377.563999999314547 ], [ 67754.349999999627471, 252375.822000000625849 ], [ 67755.214999999850988, 252372.651000000536442 ], [ 67756.368999999947846, 252369.10700000077486 ], [ 67758.934000000357628, 252365.064999999478459 ], [ 67761.242999999783933, 252361.209000000730157 ], [ 67762.588999999687076, 252357.850999999791384 ], [ 67763.13399999961257, 252355.426000000908971 ], [ 67763.13399999961257, 252353.187999999150634 ], [ 67762.492999999783933, 252351.259999999776483 ], [ 67760.760999999940395, 252345.476999999955297 ], [ 67758.228000000119209, 252338.573999999091029 ], [ 67756.432000000029802, 252333.349999999627471 ], [ 67754.893000000156462, 252331.049000000581145 ], [ 67750.468999999575317, 252325.45299999974668 ], [ 67746.84499999973923, 252321.596999999135733 ], [ 67743.70299999974668, 252319.17200000025332 ], [ 67742.548000000417233, 252317.803999999538064 ], [ 67742.099000000394881, 252316.560000000521541 ], [ 67742.16399999987334, 252314.69400000013411 ], [ 67742.292000000365078, 252312.95299999974668 ], [ 67742.74100000038743, 252311.274000000208616 ], [ 67744.087000000290573, 252309.719000000506639 ], [ 67745.30599999986589, 252308.787000000476837 ], [ 67746.588000000454485, 252308.03999999910593 ], [ 67749.152999999932945, 252306.175000000745058 ], [ 67750.115000000223517, 252305.179999999701977 ], [ 67750.275000000372529, 252304.246999999508262 ], [ 67751.75, 252298.775000000372529 ], [ 67753.28899999987334, 252293.800000000745058 ], [ 67753.546000000089407, 252292.743000000715256 ], [ 67753.481999999843538, 252291.995999999344349 ], [ 67752.775999999605119, 252289.94400000013411 ], [ 67751.910000000149012, 252287.145999999716878 ], [ 67751.205000000074506, 252285.591000000014901 ], [ 67750.115000000223517, 252282.543999999761581 ], [ 67749.537999999709427, 252280.926999999210238 ], [ 67749.601999999955297, 252277.755000000819564 ], [ 67749.793999999761581, 252273.651000000536442 ], [ 67750.307000000029802, 252272.221000000834465 ], [ 67751.428999999538064, 252270.231000000610948 ], [ 67753.224999999627471, 252267.682000000029802 ], [ 67754.700000000186265, 252266.376000000163913 ], [ 67755.083999999798834, 252264.945000000298023 ], [ 67755.213000000454485, 252264.137000000104308 ], [ 67755.149000000208616, 252263.391000000759959 ], [ 67753.929999999701977, 252262.395999999716878 ], [ 67752.071000000461936, 252260.903000000864267 ], [ 67750.654000000096858, 252259.130000000819564 ], [ 67750.082999999634922, 252258.415999999269843 ], [ 67748.415000000037253, 252255.99100000038743 ], [ 67746.620000000111759, 252251.580000000074506 ], [ 67742.141999999992549, 252247.507999999448657 ], [ 67740.816999999806285, 252245.187999999150634 ], [ 67739.656000000424683, 252242.868000000715256 ], [ 67738.496000000275671, 252240.54700000025332 ], [ 67737.502000000327826, 252238.226999999955297 ], [ 67736.341000000014901, 252235.905999999493361 ], [ 67735.513000000268221, 252233.585999999195337 ], [ 67734.519000000320375, 252231.266000000759959 ], [ 67733.192999999970198, 252228.945000000298023 ], [ 67731.701000000350177, 252226.625 ], [ 67730.042999999597669, 252224.304999999701977 ], [ 67728.717000000178814, 252221.983999999240041 ], [ 67727.059999999590218, 252219.664000000804663 ], [ 67725.402999999932945, 252217.343000000342727 ], [ 67724.076999999582767, 252215.187999999150634 ], [ 67722.584999999962747, 252213.365000000223517 ], [ 67721.093000000342727, 252211.708000000566244 ], [ 67718.773000000044703, 252209.387000000104308 ], [ 67718.110000000335276, 252208.39299999922514 ], [ 67717.94400000013411, 252208.39299999922514 ], [ 67715.956000000238419, 252207.232999999076128 ], [ 67713.966000000014901, 252206.073000000789762 ], [ 67711.978000000119209, 252204.91300000064075 ], [ 67709.325000000186265, 252203.421000000089407 ], [ 67708.82799999974668, 252203.255000000819564 ], [ 67708.165000000037253, 252202.757999999448657 ], [ 67708.0, 252202.592000000178814 ], [ 67705.679999999701977, 252201.764000000432134 ], [ 67703.359000000171363, 252201.764000000432134 ], [ 67701.03899999987334, 252201.764000000432134 ], [ 67695.735000000335276, 252200.437999999150634 ], [ 67693.415000000037253, 252199.939999999478459 ], [ 67691.093999999575317, 252199.277000000700355 ], [ 67688.774000000208616, 252198.614000000059605 ], [ 67686.453999999910593, 252198.117000000551343 ], [ 67684.298999999649823, 252197.453999999910593 ], [ 67682.144000000320375, 252196.626000000163913 ], [ 67679.824000000022352, 252196.128000000491738 ], [ 67677.503999999724329, 252195.466000000014901 ], [ 67675.183000000193715, 252194.637000000104308 ], [ 67672.862999999895692, 252193.808000000193715 ], [ 67670.872999999672174, 252192.813999999314547 ], [ 67668.884999999776483, 252191.81900000013411 ], [ 67664.906999999657273, 252190.493000000715256 ], [ 67658.940999999642372, 252189.995999999344349 ], [ 67656.620000000111759, 252189.830000000074506 ], [ 67652.808000000193715, 252189.498999999836087 ], [ 67651.813000000081956, 252188.669999999925494 ], [ 67649.658999999985099, 252186.846999999135733 ], [ 67647.83600000012666, 252184.857999999076128 ], [ 67646.178000000305474, 252182.869000000879169 ], [ 67644.355000000447035, 252181.377000000327826 ], [ 67642.035000000149012, 252180.051000000908971 ], [ 67639.714999999850988, 252178.891000000759959 ], [ 67637.394000000320375, 252178.228000000119209 ], [ 67635.074000000022352, 252177.564999999478459 ], [ 67632.753999999724329, 252177.067999999970198 ], [ 67630.433000000193715, 252176.240000000223517 ], [ 67628.112999999895692, 252175.742000000551343 ], [ 67625.792000000365078, 252175.078999999910593 ], [ 67621.980000000447035, 252173.587999999523163 ], [ 67621.483000000007451, 252172.924000000581145 ], [ 67620.820000000298023, 252172.593000000342727 ], [ 67620.841000000014901, 252172.25 ], [ 67616.484000000171363, 252169.251000000163913 ], [ 67615.239000000059605, 252168.043999999761581 ], [ 67613.815999999642372, 252165.630000000819564 ], [ 67612.393000000156462, 252163.301999999210238 ], [ 67610.081000000238419, 252161.49100000038743 ], [ 67605.99100000038743, 252158.664000000804663 ], [ 67601.63399999961257, 252156.182000000029802 ], [ 67600.389000000432134, 252155.148000000044703 ], [ 67598.343999999575317, 252153.07799999974668 ], [ 67596.298000000417233, 252150.923000000417233 ], [ 67595.053000000305474, 252149.457000000402331 ], [ 67594.342000000178814, 252147.061000000685453 ], [ 67594.25899999961257, 252146.256999999284744 ], [ 67594.25899999961257, 252144.648000000044703 ], [ 67593.927000000141561, 252141.673000000417233 ], [ 67593.678000000305474, 252139.823999999091029 ], [ 67592.351999999955297, 252138.698000000789762 ], [ 67590.112999999895692, 252136.76799999922514 ], [ 67584.889000000432134, 252134.276000000536442 ], [ 67578.918999999761581, 252132.024000000208616 ], [ 67575.299999999813735, 252128.259999999776483 ], [ 67574.247000000439584, 252126.28800000064075 ], [ 67573.713000000454485, 252124.323000000789762 ], [ 67573.236999999731779, 252122.421000000089407 ], [ 67573.236999999731779, 252120.756999999284744 ], [ 67572.998999999836087, 252120.280999999493361 ], [ 67572.762000000104308, 252119.330000000074506 ], [ 67572.286000000312924, 252117.665999999269843 ], [ 67571.810999999754131, 252116.951999999582767 ], [ 67571.334999999962747, 252116.001000000163913 ], [ 67570.928999999538064, 252114.298000000417233 ], [ 67567.639000000432134, 252109.03800000064075 ], [ 67564.882000000216067, 252106.278999999165535 ], [ 67561.68099999986589, 252102.915999999269843 ], [ 67560.435999999754131, 252100.674000000581145 ], [ 67560.435999999754131, 252099.035000000149012 ], [ 67560.614000000059605, 252094.895999999716878 ], [ 67560.792000000365078, 252083.255999999120831 ], [ 67560.70299999974668, 252075.839999999850988 ], [ 67561.325000000186265, 252072.822000000625849 ], [ 67561.502999999560416, 252070.925000000745058 ], [ 67561.235999999567866, 252069.372999999672174 ], [ 67560.080000000074506, 252065.752000000327826 ], [ 67559.190999999642372, 252063.251000000163913 ], [ 67559.190999999642372, 252059.198999999091029 ], [ 67558.302000000141561, 252056.698000000789762 ], [ 67555.456000000238419, 252053.938999999314547 ], [ 67553.321999999694526, 252051.093000000342727 ], [ 67552.521999999880791, 252049.109999999403954 ], [ 67552.787999999709427, 252043.418999999761581 ], [ 67552.877000000327826, 252036.003000000491738 ], [ 67552.076999999582767, 252025.415999999269843 ], [ 67551.838999999687076, 252023.039000000804663 ], [ 67551.126000000163913, 252020.661000000312924 ], [ 67550.412999999709427, 252018.283999999985099 ], [ 67548.985999999567866, 252015.905999999493361 ], [ 67547.559000000357628, 252013.528000000864267 ], [ 67546.13300000037998, 252011.388000000268221 ], [ 67544.706000000238419, 252009.248999999836087 ], [ 67543.28000000026077, 252007.108999999240041 ], [ 67541.139999999664724, 252003.779999999329448 ], [ 67539.713999999687076, 252002.11600000038743 ], [ 67539.713999999687076, 252000.926999999210238 ], [ 67539.237999999895692, 252000.926999999210238 ], [ 67539.0, 252000.451999999582767 ], [ 67538.473000000230968, 252000.0 ], [ 67535.67200000025332, 251997.597999999299645 ], [ 67534.720999999903142, 251996.410000000149012 ], [ 67534.007000000216067, 251996.884999999776483 ], [ 67534.007000000216067, 251995.934000000357628 ], [ 67532.581000000238419, 251995.696000000461936 ], [ 67528.53899999987334, 251995.221000000834465 ], [ 67528.300999999977648, 251995.934000000357628 ], [ 67527.111999999731779, 251995.934000000357628 ], [ 67526.875, 251996.646999999880791 ], [ 67525.447999999858439, 251996.646999999880791 ], [ 67521.644000000320375, 251995.459000000730157 ], [ 67520.994900000281632, 251995.296499999240041 ], [ 67520.692999999970198, 251995.221000000834465 ], [ 67516.623300000093877, 251992.846699999645352 ], [ 67514.986999999731779, 251991.892000000923872 ], [ 67514.500799999572337, 251991.822599999606609 ], [ 67511.657999999821186, 251991.416999999433756 ], [ 67509.281000000424683, 251990.228000000119209 ], [ 67506.665000000037253, 251987.849999999627471 ], [ 67505.951999999582767, 251987.612999999895692 ], [ 67505.476999999955297, 251987.137000000104308 ], [ 67500.722000000067055, 251986.662000000476837 ], [ 67500.0, 251986.501000000163913 ], [ 67498.582000000402331, 251986.186000000685453 ], [ 67495.252999999560416, 251984.521999999880791 ], [ 67493.350999999791384, 251984.046000000089407 ], [ 67492.875, 251982.143999999389052 ], [ 67491.923999999649823, 251981.43099999986589 ], [ 67490.021999999880791, 251978.339999999850988 ], [ 67489.309000000357628, 251978.339999999850988 ], [ 67486.932000000029802, 251977.151000000536442 ], [ 67484.553999999538064, 251976.676000000908971 ], [ 67482.177000000141561, 251976.199999999254942 ], [ 67478.848000000230968, 251975.010999999940395 ], [ 67478.610000000335276, 251974.774000000208616 ], [ 67476.46999999973923, 251971.921000000089407 ], [ 67475.995000000111759, 251970.73200000077486 ], [ 67475.519000000320375, 251969.780999999493361 ], [ 67474.80599999986589, 251969.30599999986589 ], [ 67474.330000000074506, 251967.879000000655651 ], [ 67472.190999999642372, 251966.45299999974668 ], [ 67469.813000000081956, 251965.263000000268221 ], [ 67467.435999999754131, 251964.312000000849366 ], [ 67465.296000000089407, 251963.360999999567866 ], [ 67463.156000000424683, 251961.697000000625849 ], [ 67460.540000000037253, 251959.794999999925494 ], [ 67460.540000000037253, 251959.31900000013411 ], [ 67459.350999999791384, 251958.844000000506639 ], [ 67459.351999999955297, 251958.606000000610948 ], [ 67456.974000000394881, 251957.654999999329448 ], [ 67454.597000000067055, 251957.179999999701977 ], [ 67452.218999999575317, 251956.703999999910593 ], [ 67449.842000000178814, 251956.229000000283122 ], [ 67447.463999999687076, 251955.753000000491738 ], [ 67443.896999999880791, 251954.563999999314547 ], [ 67443.184000000357628, 251954.326999999582767 ], [ 67442.233000000007451, 251954.088999999687076 ], [ 67441.519999999552965, 251953.850999999791384 ], [ 67441.043999999761581, 251953.612999999895692 ], [ 67439.617999999783933, 251953.138000000268221 ], [ 67438.428999999538064, 251953.138000000268221 ], [ 67437.953999999910593, 251952.662000000476837 ], [ 67435.814000000245869, 251951.473999999463558 ], [ 67435.099999999627471, 251951.235999999567866 ], [ 67434.862999999895692, 251949.810000000521541 ], [ 67434.862999999895692, 251945.053999999538064 ], [ 67435.314000000245869, 251944.540999999269843 ], [ 67436.46999999973923, 251940.833000000566244 ], [ 67438.781999999657273, 251931.798000000417233 ], [ 67438.871000000275671, 251928.86600000038743 ], [ 67437.803999999538064, 251923.625 ], [ 67436.915000000037253, 251913.03800000064075 ], [ 67436.20299999974668, 251909.157999999821186 ], [ 67434.691999999806285, 251907.606000000610948 ], [ 67432.112999999895692, 251906.226999999955297 ], [ 67429.266999999992549, 251905.018999999389052 ], [ 67426.955000000074506, 251902.174000000581145 ], [ 67424.199000000022352, 251900.104000000283122 ], [ 67418.151999999769032, 251898.207000000402331 ], [ 67411.216000000014901, 251895.966000000014901 ], [ 67403.390999999828637, 251895.103000000119209 ], [ 67397.167000000365078, 251894.585999999195337 ], [ 67392.00899999961257, 251892.516000000759959 ], [ 67375.112999999895692, 251884.237999999895692 ], [ 67366.487999999895692, 251880.098999999463558 ], [ 67361.064000000245869, 251878.201999999582767 ], [ 67347.725999999791384, 251873.114000000059605 ], [ 67340.523000000044703, 251870.096000000834465 ], [ 67334.742999999783933, 251864.664000000804663 ], [ 67319.981999999843538, 251856.213999999687076 ], [ 67314.558000000193715, 251853.041999999433756 ], [ 67312.893000000156462, 251851.378000000491738 ], [ 67311.229000000283122, 251849.713999999687076 ], [ 67309.088999999687076, 251848.287000000476837 ], [ 67306.712000000290573, 251847.335999999195337 ], [ 67304.571999999694526, 251845.908999999985099 ], [ 67302.906999999657273, 251844.482999999076128 ], [ 67301.242999999783933, 251843.293999999761581 ], [ 67299.341000000014901, 251842.105000000447035 ], [ 67297.439000000245869, 251840.678999999538064 ], [ 67295.299999999813735, 251839.015000000596046 ], [ 67293.634999999776483, 251837.349999999627471 ], [ 67292.207999999634922, 251835.686000000685453 ], [ 67290.067999999970198, 251833.783999999985099 ], [ 67288.879999999888241, 251833.071000000461936 ], [ 67288.641999999992549, 251832.595000000670552 ], [ 67288.411000000312924, 251832.400000000372529 ], [ 67279.608000000007451, 251822.846999999135733 ], [ 67278.894000000320375, 251822.371999999508262 ], [ 67278.418999999761581, 251821.895999999716878 ], [ 67277.968999999575317, 251821.495999999344349 ], [ 67275.212000000290573, 251818.995999999344349 ], [ 67269.75, 251812.689999999478459 ], [ 67265.342000000178814, 251808.581000000238419 ], [ 67263.440000000409782, 251806.916999999433756 ], [ 67260.110999999567866, 251804.063999999314547 ], [ 67258.684999999590218, 251802.876000000163913 ], [ 67257.733000000007451, 251800.497999999672174 ], [ 67257.25800000037998, 251798.120999999344349 ], [ 67257.019999999552965, 251795.743000000715256 ], [ 67257.019999999552965, 251793.365000000223517 ], [ 67256.06900000013411, 251788.609999999403954 ], [ 67253.928999999538064, 251786.708000000566244 ], [ 67251.790000000037253, 251783.379000000655651 ], [ 67251.314000000245869, 251782.427999999374151 ], [ 67250.838999999687076, 251781.476999999955297 ], [ 67247.747999999672174, 251778.861999999731779 ], [ 67247.747999999672174, 251778.149000000208616 ], [ 67247.035000000149012, 251778.149000000208616 ], [ 67246.79700000025332, 251777.198000000789762 ], [ 67245.845999999903142, 251774.820000000298023 ], [ 67244.894999999552965, 251771.967000000178814 ], [ 67244.418999999761581, 251769.114000000059605 ], [ 67244.18099999986589, 251766.260999999940395 ], [ 67243.468000000342727, 251763.407999999821186 ], [ 67243.230000000447035, 251760.554999999701977 ], [ 67242.99199999962002, 251757.701999999582767 ], [ 67242.754999999888241, 251754.848999999463558 ], [ 67242.754999999888241, 251751.995999999344349 ], [ 67242.99199999962002, 251749.14299999922514 ], [ 67242.99199999962002, 251746.28999999910593 ], [ 67243.230000000447035, 251743.436000000685453 ], [ 67243.706000000238419, 251740.583000000566244 ], [ 67243.706000000238419, 251737.730000000447035 ], [ 67244.18099999986589, 251734.877000000327826 ], [ 67244.18099999986589, 251729.171000000089407 ], [ 67243.230000000447035, 251726.317999999970198 ], [ 67242.279000000096858, 251723.464999999850988 ], [ 67241.803999999538064, 251720.611999999731779 ], [ 67242.279000000096858, 251717.75899999961257 ], [ 67242.279000000096858, 251714.905999999493361 ], [ 67242.042000000365078, 251712.052999999374151 ], [ 67241.565999999642372, 251709.198999999091029 ], [ 67240.615000000223517, 251706.346000000834465 ], [ 67239.901999999769032, 251703.493000000715256 ], [ 67239.425999999977648, 251701.11600000038743 ], [ 67239.66399999987334, 251698.737999999895692 ], [ 67239.901999999769032, 251696.360999999567866 ], [ 67240.139000000432134, 251693.982999999076128 ], [ 67240.139000000432134, 251691.605000000447035 ], [ 67240.377000000327826, 251689.228000000119209 ], [ 67240.377000000327826, 251686.375 ], [ 67240.377000000327826, 251683.521999999880791 ], [ 67240.139000000432134, 251680.668999999761581 ], [ 67240.139000000432134, 251677.815999999642372 ], [ 67239.901999999769032, 251674.96199999935925 ], [ 67239.66399999987334, 251672.108999999240041 ], [ 67239.188000000081956, 251669.255999999120831 ], [ 67238.951000000350177, 251666.403000000864267 ], [ 67238.474999999627471, 251663.550000000745058 ], [ 67238.0, 251660.697000000625849 ], [ 67237.524000000208616, 251657.844000000506639 ], [ 67236.572999999858439, 251654.99100000038743 ], [ 67235.146999999880791, 251652.138000000268221 ], [ 67233.71999999973923, 251649.285000000149012 ], [ 67232.769000000320375, 251646.432000000029802 ], [ 67232.05599999986589, 251643.578999999910593 ], [ 67231.343000000342727, 251640.724999999627471 ], [ 67230.629999999888241, 251637.871999999508262 ], [ 67229.916000000201166, 251635.018999999389052 ], [ 67229.440999999642372, 251632.165999999269843 ], [ 67228.964999999850988, 251629.312999999150634 ], [ 67228.490000000223517, 251626.46000000089407 ], [ 67228.014000000432134, 251623.60700000077486 ], [ 67227.063000000081956, 251620.754000000655651 ], [ 67225.635999999940395, 251616.949999999254942 ], [ 67225.399000000208616, 251616.473999999463558 ], [ 67224.209999999962747, 251614.810000000521541 ], [ 67223.25899999961257, 251613.858999999240041 ], [ 67222.070000000298023, 251612.669999999925494 ], [ 67220.881000000052154, 251609.816999999806285 ], [ 67219.929999999701977, 251606.963999999687076 ], [ 67218.74199999962002, 251604.110999999567866 ], [ 67217.315000000409782, 251601.257999999448657 ], [ 67215.650999999605119, 251598.404999999329448 ], [ 67213.748999999836087, 251595.789000000804663 ], [ 67211.847000000067055, 251593.412000000476837 ], [ 67209.468999999575317, 251590.79700000025332 ], [ 67207.566999999806285, 251587.942999999970198 ], [ 67206.139999999664724, 251585.089999999850988 ], [ 67205.189000000245869, 251582.236999999731779 ], [ 67204.237999999895692, 251579.38399999961257 ], [ 67202.574000000022352, 251576.530999999493361 ], [ 67201.384999999776483, 251573.677999999374151 ], [ 67199.958999999798834, 251570.824999999254942 ], [ 67199.00800000037998, 251567.971999999135733 ], [ 67198.293999999761581, 251565.119000000879169 ], [ 67197.81900000013411, 251562.266000000759959 ], [ 67197.105999999679625, 251559.41300000064075 ], [ 67196.629999999888241, 251556.559000000357628 ], [ 67196.391999999992549, 251554.182000000029802 ], [ 67196.391999999992549, 251551.328999999910593 ], [ 67196.629999999888241, 251548.475999999791384 ], [ 67196.15500000026077, 251545.622999999672174 ], [ 67195.917000000365078, 251542.769999999552965 ], [ 67195.440999999642372, 251539.916999999433756 ], [ 67194.49100000038743, 251534.448000000789762 ], [ 67193.776999999769032, 251533.733999999240041 ], [ 67192.826000000350177, 251533.25899999961257 ], [ 67193.302000000141561, 251531.595000000670552 ], [ 67193.302000000141561, 251529.93099999986589 ], [ 67193.064000000245869, 251527.07799999974668 ], [ 67192.826000000350177, 251524.224999999627471 ], [ 67191.875, 251518.51799999922514 ], [ 67190.923999999649823, 251515.903000000864267 ], [ 67189.259999999776483, 251513.525000000372529 ], [ 67188.071000000461936, 251510.434000000357628 ], [ 67185.93099999986589, 251505.916999999433756 ], [ 67185.218000000342727, 251504.490000000223517 ], [ 67184.980000000447035, 251504.253000000491738 ], [ 67184.74199999962002, 251503.777000000700355 ], [ 67184.029000000096858, 251503.301000000908971 ], [ 67184.029000000096858, 251502.349999999627471 ], [ 67182.603000000119209, 251501.399000000208616 ], [ 67181.41399999987334, 251500.924000000581145 ], [ 67180.720999999903142, 251500.0 ], [ 67180.701000000350177, 251499.972999999299645 ], [ 67178.798999999649823, 251497.119999999180436 ], [ 67176.896999999880791, 251494.267000000923872 ], [ 67173.330000000074506, 251491.890000000596046 ], [ 67173.330000000074506, 251490.462999999523163 ], [ 67176.183000000193715, 251485.945000000298023 ], [ 67176.895999999716878, 251484.756999999284744 ], [ 67177.372000000439584, 251483.567999999970198 ], [ 67178.322999999858439, 251483.092000000178814 ], [ 67178.322999999858439, 251482.141000000759959 ], [ 67179.036000000312924, 251481.903999999165535 ], [ 67179.274000000208616, 251481.665999999269843 ], [ 67179.986999999731779, 251480.239000000059605 ], [ 67180.701000000350177, 251479.526000000536442 ], [ 67181.41399999987334, 251478.574999999254942 ], [ 67181.651999999769032, 251477.861999999731779 ], [ 67182.365000000223517, 251477.149000000208616 ], [ 67182.603000000119209, 251476.435000000521541 ], [ 67183.553999999538064, 251475.721999999135733 ], [ 67183.553999999538064, 251474.058000000193715 ], [ 67184.029000000096858, 251474.058000000193715 ], [ 67184.029000000096858, 251472.393999999389052 ], [ 67183.315999999642372, 251472.393999999389052 ], [ 67183.07799999974668, 251471.679999999701977 ], [ 67182.839999999850988, 251471.203999999910593 ], [ 67182.127000000327826, 251470.49100000038743 ], [ 67181.650999999605119, 251468.114000000059605 ], [ 67181.41399999987334, 251465.735999999567866 ], [ 67180.938000000081956, 251463.358999999240041 ], [ 67180.463000000454485, 251460.981000000610948 ], [ 67180.224999999627471, 251458.604000000283122 ], [ 67179.274000000208616, 251453.847999999299645 ], [ 67179.036000000312924, 251452.896999999880791 ], [ 67177.848000000230968, 251451.708000000566244 ], [ 67177.13399999961257, 251451.471000000834465 ], [ 67177.610000000335276, 251448.617000000551343 ], [ 67177.372000000439584, 251446.716000000014901 ], [ 67175.231999999843538, 251443.149000000208616 ], [ 67174.042999999597669, 251442.674000000581145 ], [ 67173.567999999970198, 251441.246999999508262 ], [ 67173.092000000178814, 251441.00899999961257 ], [ 67173.092000000178814, 251439.107999999076128 ], [ 67173.566999999806285, 251434.351999999955297 ], [ 67175.46999999973923, 251433.16300000064075 ], [ 67175.945000000298023, 251432.449999999254942 ], [ 67176.658999999985099, 251431.736999999731779 ], [ 67176.896999999880791, 251431.498999999836087 ], [ 67179.274000000208616, 251430.548000000417233 ], [ 67181.651999999769032, 251429.83500000089407 ], [ 67184.029000000096858, 251429.121999999508262 ], [ 67186.406999999657273, 251428.645999999716878 ], [ 67188.783999999985099, 251427.695000000298023 ], [ 67191.161999999545515, 251426.268999999389052 ], [ 67194.252999999560416, 251424.842000000178814 ], [ 67195.917000000365078, 251422.939999999478459 ], [ 67199.483000000007451, 251420.08699999935925 ], [ 67199.720999999903142, 251418.42200000025332 ], [ 67199.720999999903142, 251416.757999999448657 ], [ 67201.384999999776483, 251416.757999999448657 ], [ 67202.574000000022352, 251416.282999999821186 ], [ 67202.574000000022352, 251415.807000000029802 ], [ 67204.001000000163913, 251415.807000000029802 ], [ 67204.001000000163913, 251415.331000000238419 ], [ 67206.61600000038743, 251412.24100000038743 ], [ 67206.61600000038743, 251410.576999999582767 ], [ 67206.377999999560416, 251406.059000000357628 ], [ 67205.189000000245869, 251404.869999999180436 ], [ 67204.951999999582767, 251404.156999999657273 ], [ 67204.713999999687076, 251403.682000000029802 ], [ 67204.001000000163913, 251402.968000000342727 ], [ 67199.958999999798834, 251400.115000000223517 ], [ 67199.00800000037998, 251399.639000000432134 ], [ 67198.057000000029802, 251399.164000000804663 ], [ 67197.581000000238419, 251398.212999999523163 ], [ 67196.391999999992549, 251398.212999999523163 ], [ 67196.15500000026077, 251397.5 ], [ 67195.678999999538064, 251397.262000000104308 ], [ 67194.728000000119209, 251397.262000000104308 ], [ 67194.728000000119209, 251395.835999999195337 ], [ 67194.252999999560416, 251395.835999999195337 ], [ 67193.776999999769032, 251394.884999999776483 ], [ 67193.776999999769032, 251393.696000000461936 ], [ 67193.064000000245869, 251393.458000000566244 ], [ 67193.064000000245869, 251391.793999999761581 ], [ 67192.826000000350177, 251391.793999999761581 ], [ 67190.685999999754131, 251389.653999999165535 ], [ 67187.59499999973923, 251387.276000000536442 ], [ 67186.406999999657273, 251386.08699999935925 ], [ 67181.175999999977648, 251384.661000000312924 ], [ 67181.175999999977648, 251383.947000000625849 ], [ 67179.986999999731779, 251383.471999999135733 ], [ 67179.512000000104308, 251382.282999999821186 ], [ 67179.274000000208616, 251382.282999999821186 ], [ 67176.658999999985099, 251380.619000000879169 ], [ 67174.042999999597669, 251379.191999999806285 ], [ 67171.190000000409782, 251378.24100000038743 ], [ 67168.337000000290573, 251377.052999999374151 ], [ 67166.196999999694526, 251375.864000000059605 ], [ 67163.820000000298023, 251373.96199999935925 ], [ 67160.49100000038743, 251369.682000000029802 ], [ 67160.650000000372529, 251368.654999999329448 ], [ 67157.627000000327826, 251364.707000000402331 ], [ 67155.849000000394881, 251361.861999999731779 ], [ 67154.158999999985099, 251359.619999999180436 ], [ 67153.359000000171363, 251356.792999999597669 ], [ 67152.91399999987334, 251353.448999999091029 ], [ 67152.201999999582767, 251351.551999999210238 ], [ 67151.224000000394881, 251348.035000000149012 ], [ 67149.712000000290573, 251345.535000000149012 ], [ 67148.110999999567866, 251342.861999999731779 ], [ 67142.50899999961257, 251340.101999999955297 ], [ 67133.259999999776483, 251333.980000000447035 ], [ 67311.679999999701977, 251130.730000000447035 ], [ 67335.769999999552965, 251103.199999999254942 ], [ 67500.0, 251094.639000000432134 ], [ 67589.0, 251090.0 ], [ 67736.824300000444055, 251175.805800000205636 ], [ 67737.319099999964237, 251176.093000000342727 ], [ 67762.879999999888241, 251190.929999999701977 ], [ 67924.759999999776483, 251374.269999999552965 ], [ 68125.0, 251410.343000000342727 ], [ 68138.581000000238419, 251412.789000000804663 ], [ 68235.450000000186265, 251430.240000000223517 ], [ 68451.269999999552965, 251431.0 ], [ 68582.809999999590218, 251458.019999999552965 ], [ 68701.779900000430644, 251433.439899999648333 ], [ 68728.904099999926984, 251386.994500000029802 ], [ 68725.964499999769032, 251385.036599999293685 ], [ 68723.275399999693036, 251382.746700000017881 ], [ 68721.057799999602139, 251380.377800000831485 ], [ 68719.10910000000149, 251377.783299999311566 ], [ 68707.384100000374019, 251360.275000000372529 ], [ 68619.562300000339746, 251229.134800000116229 ], [ 68617.51630000025034, 251225.574699999764562 ], [ 68615.975700000301003, 251221.768500000238419 ], [ 68614.969200000166893, 251217.787599999457598 ], [ 68602.117300000041723, 251146.817900000140071 ], [ 68598.062400000169873, 251124.426300000399351 ], [ 68594.697900000028312, 251105.846899999305606 ], [ 68589.019899999722838, 251074.49239999987185 ], [ 68588.489000000059605, 251071.485600000247359 ], [ 68582.072100000455976, 251035.143899999558926 ], [ 68575.86670000012964, 251000.0 ], [ 68570.166899999603629, 250967.719399999827147 ], [ 68569.899600000120699, 250966.20549999922514 ], [ 68550.193599999882281, 250856.457100000232458 ], [ 68540.885499999858439, 250804.617599999532104 ], [ 68512.599600000306964, 250652.189099999144673 ], [ 68504.650000000372529, 250609.352800000458956 ], [ 68504.137699999846518, 250605.72749999910593 ], [ 68504.07079999987036, 250602.066700000315905 ], [ 68504.481900000013411, 250598.2347999997437 ], [ 68504.548100000247359, 250597.864199999719858 ], [ 68507.747800000011921, 250579.926899999380112 ], [ 68511.541899999603629, 250558.659900000318885 ], [ 68514.801500000059605, 250540.388399999588728 ], [ 68516.464300000108778, 250531.067800000309944 ], [ 68517.751000000163913, 250523.855200000107288 ], [ 68521.243900000117719, 250504.276499999687076 ], [ 68525.395700000226498, 250481.003900000825524 ], [ 68529.240399999544024, 250459.4527000002563 ], [ 68533.680900000035763, 250434.562100000679493 ], [ 68537.126400000415742, 250415.248999999836087 ], [ 68539.841099999845028, 250400.031600000336766 ], [ 68543.9527000002563, 250376.984600000083447 ], [ 68547.747000000439584, 250355.718399999663234 ], [ 68547.774400000460446, 250355.562699999660254 ], [ 68547.84389999974519, 250355.183700000867248 ], [ 68550.97759999986738, 250337.681600000709295 ], [ 68556.668100000359118, 250305.90430000051856 ], [ 68561.28000000026077, 250280.15059999935329 ], [ 68565.146599999628961, 250258.558199999853969 ], [ 68569.093100000172853, 250236.520300000905991 ], [ 68572.677400000393391, 250216.504499999806285 ], [ 68576.613900000229478, 250194.52250000089407 ], [ 68577.669300000183284, 250188.628699999302626 ], [ 68583.466099999845028, 250156.258099999278784 ], [ 68588.908499999903142, 250125.866499999538064 ], [ 68586.758100000210106, 250124.558000000193715 ], [ 68331.341599999926984, 249969.140100000426173 ], [ 68331.261300000362098, 249969.091299999505281 ], [ 68331.240100000053644, 249969.078400000929832 ], [ 68163.696100000292063, 249866.940300000831485 ], [ 68163.597299999557436, 249866.880100000649691 ], [ 68049.992300000041723, 249797.624299999326468 ], [ 68004.469200000166893, 249770.073999999091029 ], [ 67967.622999999672174, 249805.174399999901652 ], [ 67931.646800000220537, 249829.158399999141693 ], [ 67877.942800000309944, 249853.142799999564886 ], [ 67831.538800000213087, 249864.092000000178814 ], [ 67797.648199999704957, 249867.219799999147654 ], [ 67750.722799999639392, 249861.4847999997437 ], [ 67722.317400000058115, 249858.687400000169873 ], [ 67681.898199999704957, 249854.706800000742078 ], [ 67661.043100000359118, 249853.361300000920892 ], [ 67649.571999999694526, 249852.621200000867248 ], [ 67612.552799999713898, 249850.535599999129772 ], [ 67560.934600000269711, 249852.621200000867248 ], [ 67520.786799999885261, 249851.057000000029802 ], [ 67473.340599999763072, 249846.364199999719858 ], [ 67457.177199999801815, 249839.586400000378489 ], [ 67390.959800000302494, 249833.85080000013113 ], [ 67327.870600000023842, 249828.637399999424815 ], [ 67292.416000000201166, 249833.3293999992311 ], [ 67267.207700000144541, 249842.014699999243021 ], [ 67235.496899999678135, 249849.979299999773502 ], [ 67203.958499999716878, 249853.789300000295043 ], [ 67151.118200000375509, 249861.4847999997437 ], [ 67125.569600000046194, 249865.656199999153614 ], [ 67089.593399999663234, 249870.870400000363588 ], [ 67061.438000000081956, 249867.742000000551343 ], [ 67047.36019999999553, 249867.742000000551343 ], [ 67032.239599999971688, 249861.4847999997437 ], [ 67008.776800000108778, 249856.792199999094009 ], [ 66992.614000000059605, 249858.35700000077486 ], [ 66975.407599999569356, 249860.442600000649691 ], [ 66938.910000000149012, 249861.4847999997437 ], [ 66913.88300000037998, 249862.528200000524521 ], [ 66890.58600000012666, 249872.313200000673532 ], [ 66887.81319999974221, 249873.476999999955297 ], [ 66872.585900000296533, 249876.371500000357628 ], [ 66864.172100000083447, 249876.688999999314547 ], [ 66851.313400000333786, 249871.450200000777841 ], [ 66842.740899999625981, 249868.434000000357628 ], [ 66834.962100000120699, 249867.481499999761581 ], [ 66827.342100000008941, 249869.386499999091029 ], [ 66810.990799999795854, 249876.053999999538064 ], [ 66798.29079999960959, 249878.11769999936223 ], [ 66786.066999999806285, 249878.435200000181794 ], [ 66777.018199999816716, 249880.022700000554323 ], [ 66767.836600000038743, 249880.286399999633431 ], [ 66762.095700000412762, 249878.752699999138713 ], [ 66748.767799999564886, 249871.776399999856949 ], [ 66741.775700000114739, 249868.116499999538064 ], [ 66730.345599999651313, 249862.084000000730157 ], [ 66718.75690000038594, 249858.274000000208616 ], [ 66710.184299999848008, 249857.32149999961257 ], [ 66700.500599999912083, 249857.480200000107288 ], [ 66691.134300000034273, 249860.178999999538064 ], [ 66675.361299999989569, 249863.684100000187755 ], [ 66673.989299999549985, 249863.989000000059605 ], [ 66664.130800000391901, 249862.560599999502301 ], [ 66652.223000000230968, 249858.772199999541044 ], [ 66634.901999999769032, 249854.442199999466538 ], [ 66617.735100000165403, 249851.532400000840425 ], [ 66608.019899999722838, 249847.779400000348687 ], [ 66602.331399999558926, 249847.051799999549985 ], [ 66594.313500000163913, 249847.5625 ], [ 66591.94649999961257, 249847.713199999183416 ], [ 66589.300599999725819, 249847.580900000408292 ], [ 66581.495400000363588, 249845.39809999987483 ], [ 66572.896399999968708, 249844.935100000351667 ], [ 66564.726300000213087, 249843.11600000038743 ], [ 66555.963100000284612, 249841.164799999445677 ], [ 66545.710400000214577, 249840.834100000560284 ], [ 66535.325500000268221, 249841.892400000244379 ], [ 66522.065200000070035, 249843.8277000002563 ], [ 66501.268899999558926, 249844.145199999213219 ], [ 66484.296000000089407, 249845.0 ], [ 66478.080199999734759, 249847.829700000584126 ], [ 66470.341099999845028, 249849.549399999901652 ], [ 66463.197300000116229, 249850.144799999892712 ], [ 66455.656700000166893, 249849.880200000479817 ], [ 66448.578999999910593, 249849.946299999952316 ], [ 66444.610299999825656, 249851.137000000104308 ], [ 66442.493599999696016, 249852.459899999201298 ], [ 66439.715499999932945, 249853.121300000697374 ], [ 66438.392599999904633, 249852.658299999311566 ], [ 66433.233199999667704, 249850.541600000113249 ], [ 66429.727400000207126, 249847.565099999308586 ], [ 66425.824799999594688, 249845.11769999936223 ], [ 66424.241600000299513, 249844.329600000753999 ], [ 66411.144799999892712, 249837.810699999332428 ], [ 66397.221599999815226, 249837.905999999493361 ], [ 66388.490299999713898, 249839.162799999117851 ], [ 66383.000199999660254, 249840.75029999949038 ], [ 66382.845499999821186, 249840.879699999466538 ], [ 66379.362099999561906, 249843.792999999597669 ], [ 66363.024100000038743, 249855.36849999986589 ], [ 66357.533999999985099, 249858.212799999862909 ], [ 66352.110000000335276, 249859.800300000235438 ], [ 66348.736600000411272, 249860.527899999171495 ], [ 66345.693900000303984, 249861.189400000497699 ], [ 66343.775600000284612, 249862.446100000292063 ], [ 66341.526700000278652, 249867.473200000822544 ], [ 66340.468299999833107, 249867.473200000822544 ], [ 66338.880800000391901, 249867.274800000712276 ], [ 66337.425599999725819, 249867.870100000873208 ], [ 66335.24280000012368, 249871.177400000393391 ], [ 66334.38289999961853, 249874.352399999275804 ], [ 66334.581299999728799, 249876.932099999859929 ], [ 66332.729199999943376, 249878.453500000759959 ], [ 66331.366600000299513, 249881.879799999296665 ], [ 66329.779099999926984, 249885.054800000041723 ], [ 66329.779099999926984, 249886.113199999555945 ], [ 66328.786899999715388, 249888.229800000786781 ], [ 66328.456199999898672, 249890.941800000146031 ], [ 66328.125500000081956, 249892.99239999987185 ], [ 66325.942699999548495, 249896.035099999979138 ], [ 66324.619699999690056, 249895.704299999400973 ], [ 66321.180200000293553, 249892.99239999987185 ], [ 66319.328099999576807, 249889.486600000411272 ], [ 66314.631699999794364, 249885.716299999505281 ], [ 66309.14159999974072, 249881.086100000888109 ], [ 66298.955099999904633, 249874.736099999397993 ], [ 66293.795699999667704, 249871.362600000575185 ], [ 66290.488400000147521, 249868.452199999243021 ], [ 66287.908699999563396, 249865.409499999135733 ], [ 66285.130599999800324, 249861.308399999514222 ], [ 66282.02170000039041, 249857.802699999883771 ], [ 66278.379700000397861, 249855.0 ], [ 66273.025899999774992, 249851.518799999728799 ], [ 66267.006599999964237, 249848.145400000736117 ], [ 66260.730600000359118, 249844.957599999383092 ], [ 66256.576299999840558, 249843.759899999946356 ], [ 66252.525500000454485, 249842.644200000911951 ], [ 66248.66260000038892, 249842.062100000679493 ], [ 66243.370900000445545, 249841.63880000077188 ], [ 66237.39130000025034, 249841.42710000090301 ], [ 66230.988300000317395, 249840.898000000044703 ], [ 66225.802500000223517, 249840.421700000762939 ], [ 66218.817499999888241, 249839.469200000166893 ], [ 66213.102500000037253, 249838.410900000482798 ], [ 66211.620799999684095, 249838.093399999663234 ], [ 66208.022499999962747, 249837.035000000149012 ], [ 66205.482499999925494, 249836.188400000333786 ], [ 66198.497499999590218, 249833.436699999496341 ], [ 66194.316999999806285, 249831.796299999579787 ], [ 66191.724100000225008, 249830.949599999934435 ], [ 66186.961600000038743, 249829.785399999469519 ], [ 66180.082399999722838, 249828.19789999909699 ], [ 66173.044499999843538, 249826.451700000092387 ], [ 66165.794900000095367, 249824.2820999994874 ], [ 66159.074500000104308, 249822.535800000652671 ], [ 66152.565700000151992, 249820.525000000372529 ], [ 66139.918600000441074, 249816.450400000438094 ], [ 66132.192699999548495, 249814.069199999794364 ], [ 66126.054399999789894, 249812.269999999552965 ], [ 66123.620199999772012, 249811.476199999451637 ], [ 66118.804800000041723, 249810.417899999767542 ], [ 66111.184799999929965, 249808.777499999850988 ], [ 66096.315200000070035, 249805.814099999144673 ], [ 66093.457700000144541, 249805.390799999237061 ], [ 66091.129300000146031, 249805.126199999824166 ], [ 66088.113099999725819, 249804.914599999785423 ], [ 66085.149699999950826, 249804.914599999785423 ], [ 66084.250099999830127, 249804.914599999785423 ], [ 66081.075100000016391, 249805.44370000064373 ], [ 66078.429299999959767, 249806.025800000876188 ], [ 66077.159300000406802, 249806.396199999377131 ], [ 66073.984299999661744, 249807.401599999517202 ], [ 66069.380499999970198, 249808.830399999395013 ], [ 66065.252999999560416, 249810.047499999403954 ], [ 66057.950500000268221, 249812.005400000140071 ], [ 66053.441999999806285, 249812.539000000804663 ], [ 66048.216500000096858, 249812.869699999690056 ], [ 66041.810899999924004, 249812.587500000372529 ], [ 66039.853000000119209, 249812.481699999421835 ], [ 66036.791000000201166, 249812.109200000762939 ], [ 66027.735000000335276, 249810.365000000223517 ], [ 66017.998300000093877, 249808.618699999526143 ], [ 66015.934600000269711, 249808.46000000089407 ], [ 66007.573699999600649, 249808.036599999293685 ], [ 66002.652499999850988, 249807.719100000336766 ], [ 65994.873700000345707, 249806.502100000157952 ], [ 65989.529099999926984, 249806.184599999338388 ], [ 65978.04619999974966, 249804.755799999460578 ], [ 65975.135800000280142, 249804.491200000047684 ], [ 65970.267400000244379, 249804.2796 ], [ 65963.282399999909103, 249803.909099999815226 ], [ 65954.70990000013262, 249803.274100000038743 ], [ 65948.624499999918044, 249802.956599999219179 ], [ 65931.109000000171363, 249802.162900000810623 ], [ 65928.621899999678135, 249802.004100000485778 ], [ 65926.187699999660254, 249801.580800000578165 ], [ 65923.489000000059605, 249801.104499999433756 ], [ 65921.689799999818206, 249800.945800000801682 ], [ 65919.131099999882281, 249801.128599999472499 ], [ 65914.866200000047684, 249800.434299999848008 ], [ 65906.026399999856949, 249798.035399999469519 ], [ 65903.962700000032783, 249797.929500000551343 ], [ 65902.957299999892712, 249797.929500000551343 ], [ 65901.158099999651313, 249798.088300000876188 ], [ 65899.200199999846518, 249798.564500000327826 ], [ 65897.771399999968708, 249799.146600000560284 ], [ 65895.443099999800324, 249800.04619999974966 ], [ 65887.547899999655783, 249803.741599999368191 ], [ 65884.884100000374019, 249804.548800000920892 ], [ 65879.213299999944866, 249806.267200000584126 ], [ 65877.557199999690056, 249805.919999999925494 ], [ 65875.440600000321865, 249805.549599999561906 ], [ 65873.006400000303984, 249805.232100000604987 ], [ 65867.979299999773502, 249804.438300000503659 ], [ 65865.015999999828637, 249803.856200000271201 ], [ 65862.581799999810755, 249803.485799999907613 ], [ 65859.512600000016391, 249802.903699999675155 ], [ 65854.855899999849498, 249801.63370000012219 ], [ 65850.093399999663234, 249799.940400000661612 ], [ 65847.976700000464916, 249799.305400000885129 ], [ 65846.812599999830127, 249798.881999999284744 ], [ 65843.267199999652803, 249797.347500000149012 ], [ 65837.128800000064075, 249794.648700000718236 ], [ 65832.260499999858439, 249792.426200000569224 ], [ 65829.985000000335276, 249791.367900000885129 ], [ 65825.222500000149012, 249788.933700000867248 ], [ 65820.936300000175834, 249786.605399999767542 ], [ 65816.808799999766052, 249784.224099999293685 ], [ 65810.934999999590218, 249780.837400000542402 ], [ 65800.722099999897182, 249774.646199999377131 ], [ 65795.112900000065565, 249771.259500000625849 ], [ 65792.943300000391901, 249770.148199999704957 ], [ 65785.958300000056624, 249766.86739999987185 ], [ 65780.137400000356138, 249764.168600000441074 ], [ 65770.665300000458956, 249759.935300000011921 ], [ 65764.783400000073016, 249757.63399999961257 ], [ 65754.13150000013411, 249753.13990000076592 ], [ 65744.07730000000447, 249748.708100000396371 ], [ 65734.816899999976158, 249743.747199999168515 ], [ 65725.159599999897182, 249737.727900000289083 ], [ 65716.89130000025034, 249732.237800000235438 ], [ 65710.739699999801815, 249727.343000000342727 ], [ 65707.498599999584258, 249723.837200000882149 ], [ 65705.844899999909103, 249721.588300000876188 ], [ 65705.768000000156462, 249721.464099999517202 ], [ 65700.875199999660254, 249713.562599999830127 ], [ 65695.054299999959767, 249706.260099999606609 ], [ 65691.244300000369549, 249699.804199999198318 ], [ 65688.281000000424683, 249697.369999999180436 ], [ 65687.357800000347197, 249696.58699999935925 ], [ 65685.560499999672174, 249696.210799999535084 ], [ 65684.025899999774992, 249696.528300000354648 ], [ 65682.173799999989569, 249697.533700000494719 ], [ 65680.903800000436604, 249699.068299999460578 ], [ 65678.681300000287592, 249702.825400000438094 ], [ 65677.570000000298023, 249706.370799999684095 ], [ 65675.24170000012964, 249711.186200000345707 ], [ 65673.654199999757111, 249714.36119999922812 ], [ 65672.490000000223517, 249716.160399999469519 ], [ 65671.590400000102818, 249717.16579999960959 ], [ 65669.20920000039041, 249719.811699999496341 ], [ 65667.145399999804795, 249721.240399999544024 ], [ 65665.1875, 249722.986700000241399 ], [ 65663.123800000175834, 249724.309599999338388 ], [ 65660.742499999701977, 249725.314999999478459 ], [ 65658.255400000140071, 249726.108799999579787 ], [ 65656.667899999767542, 249726.267500000074506 ], [ 65653.598699999973178, 249726.214600000530481 ], [ 65649.153699999675155, 249726.161699999123812 ], [ 65644.285400000400841, 249725.10329999960959 ], [ 65638.411600000225008, 249723.515799999237061 ], [ 65632.432000000029802, 249721.1875 ], [ 65625.97620000038296, 249718.964999999850988 ], [ 65618.779500000178814, 249715.78999999910593 ], [ 65603.433600000105798, 249708.117000000551343 ], [ 65593.855700000189245, 249703.354499999433756 ], [ 65589.516499999910593, 249700.761600000783801 ], [ 65583.325299999676645, 249696.422399999573827 ], [ 65578.615699999965727, 249692.771199999377131 ], [ 65573.747299999929965, 249688.326199999079108 ], [ 65569.566899999976158, 249683.88120000064373 ], [ 65564.963100000284612, 249680.124099999666214 ], [ 65562.105600000359118, 249678.48369999974966 ], [ 65555.543999999761581, 249676.631599999964237 ], [ 65550.411000000312924, 249676.208200000226498 ], [ 65545.278099999763072, 249675.73200000077486 ], [ 65543.902300000190735, 249674.938200000673532 ], [ 65538.345999999903142, 249672.715700000524521 ], [ 65534.112700000405312, 249669.752399999648333 ], [ 65531.466799999587238, 249666.947799999266863 ], [ 65525.645999999716878, 249663.402400000020862 ], [ 65522.153500000014901, 249662.344000000506639 ], [ 65518.131799999624491, 249661.127000000327826 ], [ 65512.575500000268221, 249659.327800000086427 ], [ 65507.601400000043213, 249658.269400000572205 ], [ 65504.426400000229478, 249656.999399999156594 ], [ 65500.245900000445545, 249653.930299999192357 ], [ 65497.070899999700487, 249651.549000000581145 ], [ 65491.46169999986887, 249648.426899999380112 ], [ 65485.270499999634922, 249645.251900000497699 ], [ 65480.666699999943376, 249642.976500000804663 ], [ 65478.126699999906123, 249642.024000000208616 ], [ 65474.951700000092387, 249641.547700000926852 ], [ 65472.200000000186265, 249641.07149999961257 ], [ 65467.596300000324845, 249639.113600000739098 ], [ 65463.627500000409782, 249637.896500000730157 ], [ 65450.980399999767542, 249632.022700000554323 ], [ 65435.740399999544024, 249624.561499999836087 ], [ 65429.443300000391901, 249622.2331000007689 ], [ 65423.781200000084937, 249620.645600000396371 ], [ 65417.060800000093877, 249617.893999999389052 ], [ 65406.054100000299513, 249615.301000000908971 ], [ 65400.286100000143051, 249614.718900000676513 ], [ 65392.083999999798834, 249613.395999999716878 ], [ 65385.151899999938905, 249610.961899999529123 ], [ 65378.484400000423193, 249608.263100000098348 ], [ 65375.309399999678135, 249605.934800000861287 ], [ 65372.399000000208616, 249604.241399999707937 ], [ 65366.207700000144541, 249601.807299999520183 ], [ 65360.386900000274181, 249600.272700000554323 ], [ 65354.989400000311434, 249599.584699999541044 ], [ 65347.792700000107288, 249599.373099999502301 ], [ 65344.141400000080466, 249598.949699999764562 ], [ 65337.632699999958277, 249597.415200000628829 ], [ 65331.176799999549985, 249596.515599999576807 ], [ 65321.28139999974519, 249594.557700000703335 ], [ 65313.13219999987632, 249590.853499999269843 ], [ 65308.052199999801815, 249588.842599999159575 ], [ 65302.019700000062585, 249585.932199999690056 ], [ 65297.680499999783933, 249584.238900000229478 ], [ 65293.288399999961257, 249583.074699999764562 ], [ 65290.272199999541044, 249582.757200000807643 ], [ 65283.340099999681115, 249582.915999999269843 ], [ 65279.688799999654293, 249583.921399999409914 ], [ 65273.656299999915063, 249585.98509999923408 ], [ 65268.576299999840558, 249587.625600000843406 ], [ 65265.824599999934435, 249587.995999999344349 ], [ 65259.368800000287592, 249587.890100000426173 ], [ 65257.463800000026822, 249587.625600000843406 ], [ 65253.495000000111759, 249586.355599999427795 ], [ 65248.415000000037253, 249583.233500000089407 ], [ 65244.393299999646842, 249580.693499999120831 ], [ 65239.260400000028312, 249574.819700000807643 ], [ 65233.70409999974072, 249569.475099999457598 ], [ 65228.412499999627471, 249565.982599999755621 ], [ 65224.285000000149012, 249563.389699999243021 ], [ 65219.94579999987036, 249561.220100000500679 ], [ 65213.91330000013113, 249557.621700000017881 ], [ 65208.886199999600649, 249554.605499999597669 ], [ 65206.399100000038743, 249551.27170000039041 ], [ 65205.76410000026226, 249548.308399999514222 ], [ 65205.393699999898672, 249542.011299999430776 ], [ 65206.293300000019372, 249539.894600000232458 ], [ 65215.077399999834597, 249526.929999999701977 ], [ 65220.527900000102818, 249522.696699999272823 ], [ 65226.560399999842048, 249518.569199999794364 ], [ 65229.78830000013113, 249516.399599999189377 ], [ 65231.217100000008941, 249514.2829 ], [ 65231.111200000159442, 249512.748299999162555 ], [ 65229.470800000242889, 249510.049599999561906 ], [ 65226.295800000429153, 249507.985799999907613 ], [ 65219.151999999769032, 249504.863700000569224 ], [ 65209.627000000327826, 249500.471599999815226 ], [ 65201.689500000327826, 249498.19620000012219 ], [ 65196.450699999928474, 249497.031999999657273 ], [ 65192.640700000338256, 249496.502900000661612 ], [ 65183.803600000217557, 249496.132500000298023 ], [ 65175.495699999853969, 249496.661599999293685 ], [ 65161.896099999547005, 249497.825799999758601 ], [ 65153.376500000245869, 249498.725400000810623 ], [ 65149.46059999987483, 249499.730799999088049 ], [ 65144.790699999779463, 249501.371200000867248 ], [ 65137.527900000102818, 249504.665300000458956 ], [ 65131.693799999542534, 249507.5625 ], [ 65127.209099999628961, 249510.658099999651313 ], [ 65123.438799999654293, 249513.03940000012517 ], [ 65120.779799999669194, 249513.674399999901652 ], [ 65113.596300000324845, 249513.793400000780821 ], [ 65107.762199999764562, 249514.031600000336766 ], [ 65099.586600000038743, 249514.825300000607967 ], [ 65091.291899999603629, 249514.745899999514222 ], [ 65067.122100000269711, 249514.388699999079108 ], [ 65062.200899999588728, 249514.666600000113249 ], [ 65054.580900000408292, 249514.626900000497699 ], [ 65043.54769999999553, 249512.78800000064075 ], [ 65029.895200000144541, 249508.978000000119209 ], [ 65018.676799999549985, 249506.226299999281764 ], [ 65010.315999999642372, 249502.204700000584126 ], [ 64997.192599999718368, 249493.843800000846386 ], [ 64990.207600000314415, 249488.023000000044703 ], [ 64983.421000000089407, 249482.863600000739098 ], [ 64977.203300000168383, 249481.077600000426173 ], [ 64955.110600000247359, 249476.976600000634789 ], [ 64949.620500000193715, 249478.101099999621511 ], [ 64945.321000000461936, 249479.291699999943376 ], [ 64939.764700000174344, 249481.342199999839067 ], [ 64933.679299999959767, 249481.9375 ], [ 64928.916799999773502, 249480.879200000315905 ], [ 64922.302199999801815, 249478.034900000318885 ], [ 64911.388100000098348, 249472.412499999627471 ], [ 64905.567200000397861, 249469.568199999630451 ], [ 64895.314600000157952, 249465.665599999949336 ], [ 64882.349999999627471, 249460.241699999198318 ], [ 64878.579699999652803, 249459.44789999909699 ], [ 64871.832799999974668, 249457.331199999898672 ], [ 64863.564500000327826, 249455.809900000691414 ], [ 64846.697300000116229, 249449.790599999949336 ], [ 64835.121799999848008, 249445.95409999974072 ], [ 64829.433199999853969, 249443.771299999207258 ], [ 64826.853500000201166, 249442.382200000807643 ], [ 64817.526999999769032, 249437.487400000914931 ], [ 64811.24309999961406, 249435.03999999910593 ], [ 64799.86600000038743, 249431.732699999585748 ], [ 64792.854500000365078, 249429.880699999630451 ], [ 64784.123200000263751, 249428.689999999478459 ], [ 64770.232599999755621, 249428.359300000593066 ], [ 64757.664900000207126, 249429.616100000217557 ], [ 64747.809100000187755, 249429.153100000694394 ], [ 64734.844499999657273, 249429.814500000327826 ], [ 64720.557000000029802, 249432.261900000274181 ], [ 64705.872600000351667, 249433.187999999150634 ], [ 64698.067300000227988, 249432.526499999687076 ], [ 64692.378800000064075, 249430.475999999791384 ], [ 64674.320899999700487, 249423.927500000223517 ], [ 64657.982900000177324, 249417.511399999260902 ], [ 64648.788599999621511, 249415.063999999314547 ], [ 64642.967799999751151, 249414.468599999323487 ], [ 64626.497399999760091, 249412.153500000014901 ], [ 64617.898400000296533, 249411.690500000491738 ], [ 64604.603099999949336, 249412.7489 ], [ 64599.179100000299513, 249412.947300000116229 ], [ 64590.910899999551475, 249414.733200000599027 ], [ 64575.300400000065565, 249418.834300000220537 ], [ 64564.518600000068545, 249421.083200000226498 ], [ 64556.514999999664724, 249422.207699999213219 ], [ 64546.262400000356138, 249423.795199999585748 ], [ 64535.216000000014901, 249425.845799999311566 ], [ 64526.74930000025779, 249428.160900000482798 ], [ 64521.722199999727309, 249430.211400000378489 ], [ 64512.197200000286102, 249434.444700000807643 ], [ 64502.407599999569356, 249439.273399999365211 ], [ 64492.551799999549985, 249443.57289999909699 ], [ 64479.454900000244379, 249448.335400000214577 ], [ 64473.435600000433624, 249450.05519999936223 ], [ 64468.739299999549985, 249450.31980000063777 ], [ 64458.222099999897182, 249451.245799999684095 ], [ 64448.36629999987781, 249449.062999999150634 ], [ 64438.378299999982119, 249445.292700000107288 ], [ 64427.927199999801815, 249440.397900000214577 ], [ 64419.72510000038892, 249436.164499999955297 ], [ 64408.281899999827147, 249430.013000000268221 ], [ 64398.227699999697506, 249424.787399999797344 ], [ 64390.025600000284612, 249420.223300000652671 ], [ 64376.134899999946356, 249412.484300000593066 ], [ 64368.660400000400841, 249408.780099999159575 ], [ 64363.037999999709427, 249406.994200000539422 ], [ 64360.921400000341237, 249406.663399999961257 ], [ 64354.439100000075996, 249406.531099999323487 ], [ 64348.684399999678135, 249406.861899999901652 ], [ 64336.844200000166893, 249408.64780000038445 ], [ 64330.891099999658763, 249410.301500000059605 ], [ 64315.082200000062585, 249416.056199999526143 ], [ 64297.024400000460446, 249424.39049999974668 ], [ 64282.869099999777973, 249432.063500000163913 ], [ 64271.359699999913573, 249436.5614 ], [ 64263.951399999670684, 249439.141100000590086 ], [ 64255.550800000317395, 249441.257799999788404 ], [ 64246.42269999999553, 249442.845300000160933 ], [ 64238.088299999944866, 249443.969699999317527 ], [ 64224.263799999840558, 249445.358799999579787 ], [ 64214.07730000000447, 249445.226500000804663 ], [ 64203.030899999663234, 249444.829600000753999 ], [ 64194.929999999701977, 249442.727800000458956 ], [ 64194.769299999810755, 249444.334599999710917 ], [ 64195.858900000341237, 249446.773600000888109 ], [ 64196.097000000067055, 249449.234200000762939 ], [ 64194.985799999907613, 249450.504300000146031 ], [ 64193.318900000303984, 249450.345499999821186 ], [ 64192.128299999982119, 249449.551699999719858 ], [ 64190.778900000266731, 249449.948599999770522 ], [ 64190.302600000053644, 249451.774299999698997 ], [ 64190.113300000317395, 249452.578600000590086 ], [ 64189.49199999962002, 249453.134600000455976 ], [ 64186.41330000013113, 249453.20299999974668 ], [ 64183.793899999931455, 249453.361800000071526 ], [ 64182.682599999941885, 249453.282400000840425 ], [ 64180.142599999904633, 249452.726800000295043 ], [ 64179.190100000239909, 249452.250499999150634 ], [ 64178.396399999968708, 249450.82179999910295 ], [ 64178.300800000317395, 249450.271999999880791 ], [ 64178.078900000080466, 249448.996099999174476 ], [ 64175.935700000263751, 249447.091099999845028 ], [ 64173.633899999782443, 249446.932399999350309 ], [ 64171.09389999974519, 249447.805500000715256 ], [ 64169.585699999704957, 249450.345499999821186 ], [ 64165.713800000026822, 249455.123199999332428 ], [ 64164.505699999630451, 249459.552999999374151 ], [ 64163.235700000077486, 249460.426100000739098 ], [ 64161.092600000090897, 249460.823000000789762 ], [ 64159.425699999555945, 249461.775499999523163 ], [ 64156.806300000287592, 249463.918700000271201 ], [ 64151.091300000436604, 249464.394899999722838 ], [ 64143.471300000324845, 249465.109300000593066 ], [ 64135.295699999667704, 249464.871200000867248 ], [ 64129.34250000026077, 249462.966199999675155 ], [ 64125.882500000298023, 249460.862099999561906 ], [ 64118.751799999736249, 249460.862099999561906 ], [ 64117.635599999688566, 249461.151499999687076 ], [ 64112.094399999827147, 249462.58809999935329 ], [ 64103.697200000286102, 249464.540899999439716 ], [ 64102.646399999968708, 249464.785299999639392 ], [ 64101.491799999959767, 249465.05379999987781 ], [ 64100.637000000104308, 249465.429099999368191 ], [ 64092.677600000053644, 249468.923499999567866 ], [ 64091.382299999706447, 249469.49210000038147 ], [ 64089.696000000461936, 249470.189899999648333 ], [ 64084.231700000353158, 249472.450999999418855 ], [ 64077.574300000444055, 249475.656400000676513 ], [ 64072.149699999950826, 249476.889299999922514 ], [ 64067.711400000378489, 249477.382400000467896 ], [ 64063.372000000439584, 249476.349300000816584 ], [ 64060.375099999830127, 249476.149599999189377 ], [ 64056.369099999777973, 249476.149599999189377 ], [ 64052.423899999819696, 249476.149599999189377 ], [ 64051.541100000031292, 249475.56110000051558 ], [ 64048.725300000049174, 249473.683900000527501 ], [ 64040.341900000348687, 249471.711300000548363 ], [ 64036.994599999859929, 249471.365000000223517 ], [ 64033.191300000064075, 249470.971599999815226 ], [ 64026.533800000324845, 249469.245600000023842 ], [ 64020.800400000065565, 249466.993200000375509 ], [ 64019.629800000227988, 249466.533299999311566 ], [ 64010.506599999964237, 249462.095000000670552 ], [ 64010.380199999548495, 249461.982599999755621 ], [ 64006.068300000391901, 249458.149800000712276 ], [ 63997.684799999929965, 249454.944399999454618 ], [ 63989.054800000041723, 249454.944399999454618 ], [ 63981.904199999757111, 249456.423800000920892 ], [ 63972.041299999691546, 249456.423800000920892 ], [ 63970.532200000248849, 249456.157500000670552 ], [ 63963.657899999991059, 249454.944399999454618 ], [ 63954.781299999915063, 249452.971799999475479 ], [ 63948.370400000363588, 249450.999199999496341 ], [ 63942.450000000186265, 249453.564699999988079 ], [ 63940.973199999891222, 249454.204600000753999 ], [ 63934.315799999982119, 249457.410099999979138 ], [ 63928.309799999929965, 249456.297800000756979 ], [ 63927.658300000242889, 249456.177200000733137 ], [ 63923.76480000000447, 249456.576500000432134 ], [ 63922.446299999952316, 249456.711799999698997 ], [ 63918.042000000365078, 249457.163499999791384 ], [ 63911.992600000463426, 249459.257500000298023 ], [ 63911.631099999882281, 249459.382699999958277 ], [ 63911.469899999909103, 249459.433100000023842 ], [ 63899.795599999837577, 249463.081299999728799 ], [ 63888.206699999980628, 249463.081299999728799 ], [ 63876.617899999953806, 249461.601800000295043 ], [ 63871.441700000315905, 249459.137000000104308 ], [ 63868.595099999569356, 249456.378000000491738 ], [ 63867.960099999792874, 249454.155500000342727 ], [ 63867.483900000341237, 249451.774299999698997 ], [ 63866.293300000019372, 249449.631100000813603 ], [ 63864.388199999928474, 249449.39299999922514 ], [ 63861.213200000114739, 249450.424900000914931 ], [ 63860.163200000301003, 249450.707599999383092 ], [ 63857.085699999704957, 249451.536100000143051 ], [ 63852.085099999792874, 249450.107400000095367 ], [ 63850.338800000026822, 249448.837400000542402 ], [ 63848.433799999766052, 249448.440500000491738 ], [ 63846.132000000216067, 249449.869200000539422 ], [ 63841.686999999918044, 249450.424900000914931 ], [ 63837.638799999840558, 249453.282400000840425 ], [ 63833.82880000025034, 249455.266799999400973 ], [ 63830.25690000038594, 249456.060499999672174 ], [ 63827.081899999640882, 249455.743000000715256 ], [ 63823.827499999664724, 249454.314300000667572 ], [ 63820.153599999845028, 249450.99970000050962 ], [ 63817.380499999970198, 249449.41499999910593 ], [ 63813.508799999952316, 249448.916699999943376 ], [ 63808.190600000321865, 249449.075500000268221 ], [ 63804.936300000175834, 249448.361099999397993 ], [ 63801.761199999600649, 249446.456100000068545 ], [ 63801.205599999986589, 249445.424200000241399 ], [ 63801.112399999983609, 249443.559499999508262 ], [ 63799.933799999766052, 249443.108899999409914 ], [ 63791.552699999883771, 249445.081499999389052 ], [ 63784.880800000391901, 249450.080900000408292 ], [ 63780.779699999839067, 249450.345499999821186 ], [ 63778.592100000008941, 249450.093100000172853 ], [ 63773.239099999889731, 249450.345499999821186 ], [ 63768.476599999703467, 249450.213199999183416 ], [ 63767.153699999675155, 249450.87470000050962 ], [ 63760.40679999999702, 249451.139299999922514 ], [ 63755.512000000104308, 249450.61009999923408 ], [ 63751.807799999602139, 249451.403799999505281 ], [ 63745.590099999681115, 249453.388199999928474 ], [ 63740.430700000375509, 249453.282400000840425 ], [ 63729.503399999812245, 249453.943800000473857 ], [ 63723.470900000073016, 249453.626299999654293 ], [ 63717.279600000008941, 249456.00760000012815 ], [ 63712.040900000371039, 249460.452600000426173 ], [ 63706.484600000083447, 249464.897600000724196 ], [ 63698.705799999646842, 249468.866399999707937 ], [ 63692.922600000165403, 249469.738900000229478 ], [ 63685.788599999621511, 249466.801699999719858 ], [ 63684.537999999709427, 249466.286699999123812 ], [ 63680.91440000012517, 249463.923499999567866 ], [ 63678.866899999789894, 249462.58809999935329 ], [ 63673.442300000227988, 249459.875800000503659 ], [ 63668.024699999950826, 249458.411599999293685 ], [ 63667.988699999637902, 249458.401900000870228 ], [ 63664.319099999964237, 249457.410099999979138 ], [ 63657.908200000412762, 249456.423800000920892 ], [ 63651.004200000315905, 249456.423800000920892 ], [ 63644.593299999833107, 249458.39640000090003 ], [ 63636.456299999728799, 249461.10869999974966 ], [ 63632.268799999728799, 249462.384099999442697 ], [ 63627.400500000454485, 249462.807399999350309 ], [ 63623.802099999971688, 249463.86570000089705 ], [ 63618.211199999786913, 249467.519300000742078 ], [ 63614.018400000408292, 249473.190700000151992 ], [ 63612.59389999974519, 249474.112400000914931 ], [ 63609.82660000026226, 249475.903000000864267 ], [ 63605.634899999946356, 249476.396199999377131 ], [ 63601.689699999988079, 249475.656400000676513 ], [ 63599.316599999554455, 249473.981300000101328 ], [ 63597.497999999672174, 249472.697599999606609 ], [ 63594.830099999904633, 249470.878499999642372 ], [ 63592.073400000110269, 249468.998999999836087 ], [ 63588.067400000058115, 249467.218499999493361 ], [ 63587.11710000038147, 249466.79619999974966 ], [ 63585.416000000201166, 249466.040100000798702 ], [ 63579.005099999718368, 249466.286699999123812 ], [ 63573.08739999961108, 249468.752399999648333 ], [ 63566.400100000202656, 249472.2818 ], [ 63564.210799999535084, 249473.437300000339746 ], [ 63559.967899999581277, 249477.843299999833107 ], [ 63559.944600000046194, 249477.867499999701977 ], [ 63557.799899999983609, 249480.094699999317527 ], [ 63551.142400000244379, 249486.752199999988079 ], [ 63547.096599999815226, 249496.693299999460578 ], [ 63542.512400000356138, 249507.957399999722838 ], [ 63541.39130000025034, 249515.805400000885129 ], [ 63542.310300000011921, 249523.979199999943376 ], [ 63540.828599999658763, 249529.059200000017881 ], [ 63537.865299999713898, 249534.139200000092387 ], [ 63531.663099999539554, 249542.724099999293685 ], [ 63525.005800000391901, 249554.312999999150634 ], [ 63520.567499999888241, 249566.64159999974072 ], [ 63519.555499999783933, 249569.508799999952316 ], [ 63516.129200000315905, 249579.21680000051856 ], [ 63510.704599999822676, 249588.586600000038743 ], [ 63505.77309999987483, 249596.230299999937415 ], [ 63505.52309999987483, 249597.255499999970198 ], [ 63504.866200000047684, 249599.948499999940395 ], [ 63503.307400000281632, 249606.339800000190735 ], [ 63504.396999999880791, 249615.274100000038743 ], [ 63504.540300000458956, 249616.449200000613928 ], [ 63505.853699999861419, 249623.3918999992311 ], [ 63506.034300000406802, 249624.346400000154972 ], [ 63506.26630000025034, 249625.572399999946356 ], [ 63506.759399999864399, 249631.490100000053644 ], [ 63505.77309999987483, 249636.668099999427795 ], [ 63501.581399999558926, 249640.859899999573827 ], [ 63496.64989999961108, 249644.558499999344349 ], [ 63496.02379999961704, 249645.351500000804663 ], [ 63492.951399999670684, 249649.243300000205636 ], [ 63489.006199999712408, 249656.147399999201298 ], [ 63488.588000000454485, 249657.273199999704957 ], [ 63488.570600000210106, 249657.320199999958277 ], [ 63485.800800000317395, 249664.777400000020862 ], [ 63483.828200000338256, 249670.69510000012815 ], [ 63479.143299999646842, 249676.36629999987781 ], [ 63477.887299999594688, 249677.222699999809265 ], [ 63473.71860000025481, 249680.064899999648333 ], [ 63467.406600000336766, 249685.63990000076592 ], [ 63463.755400000140071, 249687.386199999600649 ], [ 63456.690999999642372, 249687.941800000146031 ], [ 63449.467799999751151, 249688.17989999987185 ], [ 63446.769100000150502, 249689.449899999424815 ], [ 63443.884600000455976, 249692.14670000039041 ], [ 63438.951999999582767, 249694.859200000762939 ], [ 63436.453499999828637, 249696.625499999150634 ], [ 63433.280899999663234, 249700.283800000324845 ], [ 63432.99930000025779, 249700.707499999552965 ], [ 63433.341300000436604, 249701.972200000658631 ], [ 63433.343999999575317, 249701.98200000077486 ], [ 63433.340200000442564, 249701.985999999567866 ], [ 63433.333800000138581, 249701.992799999192357 ], [ 63432.598399999551475, 249702.773700000718236 ], [ 63436.830000000074506, 249706.98509999923408 ], [ 63438.338100000284612, 249708.771099999547005 ], [ 63439.489000000059605, 249709.96169999986887 ], [ 63439.72719999961555, 249710.477600000798702 ], [ 63439.568400000222027, 249711.985799999907613 ], [ 63438.93819999974221, 249713.640000000596046 ], [ 63438.615899999625981, 249714.486099999397993 ], [ 63438.29839999973774, 249715.835500000044703 ], [ 63438.377799999900162, 249717.423000000417233 ], [ 63438.893699999898672, 249718.454800000414252 ], [ 63439.968000000342727, 249719.550000000745058 ], [ 63442.07149999961257, 249721.137499999254942 ], [ 63444.93819999974221, 249723.193800000473857 ], [ 63445.815299999900162, 249723.823000000789762 ], [ 63460.632000000216067, 249729.5777000002563 ], [ 63470.686200000345707, 249735.332399999722838 ], [ 63476.903900000266731, 249740.954800000414252 ], [ 63483.584699999541044, 249747.238700000569224 ], [ 63487.090400000102818, 249754.184000000357628 ], [ 63487.685700000263751, 249761.724600000306964 ], [ 63487.024299999698997, 249772.175699999555945 ], [ 63488.242200000211596, 249782.757799999788404 ], [ 63489.736200000159442, 249790.432000000029802 ], [ 63491.786799999885261, 249801.809100000187755 ], [ 63489.642400000244379, 249814.788100000470877 ], [ 63488.519199999980628, 249821.58669999986887 ], [ 63487.998200000263751, 249824.582200000062585 ], [ 63490.666400000452995, 249847.787100000306964 ], [ 63497.522300000302494, 249907.412100000306964 ], [ 63498.553000000305474, 249916.376000000163913 ], [ 63514.572999999858439, 249938.028000000864267 ], [ 63516.954699999652803, 249941.180500000715256 ], [ 63523.558899999596179, 249948.331199999898672 ], [ 63532.025600000284612, 249955.527899999171495 ], [ 63534.994500000029802, 249958.218000000342727 ], [ 63551.181400000117719, 249972.884600000455976 ], [ 63564.622299999929965, 249984.208799999207258 ], [ 63578.380599999800324, 249997.437999999150634 ], [ 63593.303199999965727, 250012.042999999597669 ], [ 63603.56900000013411, 250024.213899999856949 ], [ 63612.882399999536574, 250038.50139999948442 ], [ 63619.65570000000298, 250052.894799999892712 ], [ 63624.44469999987632, 250064.889200000092387 ], [ 63626.826000000350177, 250076.160499999299645 ], [ 63627.778500000014901, 250087.431800000369549 ], [ 63627.619699999690056, 250100.131799999624491 ], [ 63628.01659999974072, 250107.884099999442697 ], [ 63630.239099999889731, 250115.609999999403954 ], [ 63635.424899999983609, 250125.134999999776483 ], [ 63640.293300000019372, 250133.919199999421835 ], [ 63643.362399999983609, 250140.692500000819564 ], [ 63643.67989999987185, 250145.137499999254942 ], [ 63644.632399999536574, 250158.895899999886751 ], [ 63647.70160000026226, 250168.42090000025928 ], [ 63650.241600000299513, 250176.57010000012815 ], [ 63662.412499999627471, 250220.335799999535084 ], [ 63665.058299999684095, 250237.798299999907613 ], [ 63664.740799999795854, 250245.630000000819564 ], [ 63663.047500000335276, 250257.27170000039041 ], [ 63670.03249999973923, 250304.261800000444055 ], [ 63673.419200000353158, 250320.348500000312924 ], [ 63677.229199999943376, 250326.380999999120831 ], [ 63685.90749999973923, 250340.139399999752641 ], [ 63686.949799999594688, 250342.043199999257922 ], [ 63691.587000000290573, 250350.51380000077188 ], [ 63715.019999999552965, 250364.966000000014901 ], [ 63729.868999999947846, 250383.332000000402331 ], [ 63730.294900000095367, 250388.888599999248981 ], [ 63730.596499999985099, 250392.823599999770522 ], [ 63734.850999999791384, 250448.328999999910593 ], [ 63735.395999999716878, 250455.438999999314547 ], [ 63736.651899999938905, 250471.823400000110269 ], [ 63736.770999999716878, 250473.377000000327826 ], [ 63737.940000000409782, 250479.412000000476837 ], [ 63740.674800000153482, 250493.53319999948144 ], [ 63741.329599999822676, 250496.915400000289083 ], [ 63741.420800000429153, 250497.385999999940395 ], [ 63744.170699999667704, 250502.613299999386072 ], [ 63748.222099999897182, 250508.318299999460578 ], [ 63750.0, 250510.821900000795722 ], [ 63750.652999999932945, 250511.741399999707937 ], [ 63757.002999999560416, 250520.605000000447035 ], [ 63763.353000000119209, 250528.807099999859929 ], [ 63768.909300000406802, 250536.083100000396371 ], [ 63774.465499999932945, 250541.903999999165535 ], [ 63776.317599999718368, 250544.946699999272823 ], [ 63779.75719999987632, 250550.767500000074506 ], [ 63783.593700000084937, 250558.572699999436736 ], [ 63785.57799999974668, 250563.335200000554323 ], [ 63788.223899999633431, 250570.082100000232458 ], [ 63789.414499999955297, 250573.653999999165535 ], [ 63790.869699999690056, 250578.813400000333786 ], [ 63792.324900000356138, 250585.295700000599027 ], [ 63795.658699999563396, 250607.600099999457598 ], [ 63797.246199999935925, 250620.61769999936223 ], [ 63797.881199999712408, 250625.909299999475479 ], [ 63799.786199999973178, 250633.106000000610948 ], [ 63801.267900000326335, 250639.032700000330806 ], [ 63802.643699999898672, 250642.10190000012517 ], [ 63805.183699999935925, 250647.287699999287724 ], [ 63808.676199999637902, 250651.838600000366569 ], [ 63810.475399999879301, 250653.84940000064671 ], [ 63813.862099999561906, 250657.447699999436736 ], [ 63816.084599999710917, 250661.046099999919534 ], [ 63818.62459999974817, 250665.91440000012517 ], [ 63822.963700000196695, 250676.180299999192357 ], [ 63827.091199999675155, 250692.690300000831485 ], [ 63827.408699999563396, 250697.664499999955297 ], [ 63826.244599999859929, 250711.528699999675155 ], [ 63826.138700000010431, 250726.557000000029802 ], [ 63827.620400000363588, 250730.896199999377131 ], [ 63830.26630000025034, 250736.293700000271201 ], [ 63837.674599999561906, 250747.829600000753999 ], [ 63840.214599999599159, 250753.544600000604987 ], [ 63852.17949999962002, 250777.189600000157952 ], [ 63876.237999999895692, 250816.63399999961257 ], [ 63886.052000000141561, 250804.061000000685453 ], [ 63907.101999999955297, 250833.255999999120831 ], [ 63939.786000000312924, 250878.58500000089407 ], [ 63967.470999999903142, 250896.084000000730157 ], [ 63948.012000000104308, 250907.217000000178814 ], [ 63955.5, 250935.269999999552965 ], [ 64004.411999999545515, 250943.679999999701977 ], [ 63997.489000000059605, 251000.0 ], [ 63996.019999999552965, 251011.950999999418855 ], [ 63994.809999999590218, 251019.142000000923872 ], [ 64070.012000000104308, 251139.687999999150634 ], [ 64152.775999999605119, 251212.615000000223517 ], [ 64183.83600000012666, 251221.132999999448657 ], [ 64202.808000000193715, 251203.134999999776483 ], [ 64207.45299999974668, 251205.864000000059605 ], [ 64216.639000000432134, 251211.262000000104308 ], [ 64193.804999999701977, 251246.537000000476837 ], [ 64232.332000000402331, 251307.885999999940395 ], [ 64294.377000000327826, 251306.80599999986589 ], [ 64306.384999999776483, 251306.596999999135733 ], [ 64350.423999999649823, 251342.456000000238419 ], [ 64375.0, 251353.459000000730157 ], [ 64390.756000000052154, 251360.513000000268221 ], [ 64428.468999999575317, 251329.612999999895692 ], [ 64459.5, 251341.418999999761581 ], [ 64507.388000000268221, 251385.242000000551343 ], [ 64503.821000000461936, 251411.75 ], [ 64463.358000000007451, 251418.151000000536442 ], [ 64428.728000000119209, 251431.021999999880791 ], [ 64416.968000000342727, 251467.326999999582767 ], [ 64414.736499999649823, 251474.216199999675155 ], [ 64414.930399999953806, 251474.654699999839067 ], [ 64417.311700000427663, 251475.977600000798702 ], [ 64426.638299999758601, 251479.483300000429153 ], [ 64433.781999999657273, 251483.848999999463558 ], [ 64442.843999999575317, 251488.214600000530481 ], [ 64448.532599999569356, 251490.99269999936223 ], [ 64451.575299999676645, 251492.051100000739098 ], [ 64459.248200000263751, 251493.83699999935925 ], [ 64475.387900000438094, 251497.144300000742078 ], [ 64493.181099999696016, 251500.45160000026226 ], [ 64500.25870000012219, 251502.436000000685453 ], [ 64507.667100000195205, 251504.883400000631809 ], [ 64514.877000000327826, 251509.8443 ], [ 64526.121799999848008, 251515.995899999514222 ], [ 64538.689500000327826, 251524.72719999961555 ], [ 64546.031700000166893, 251529.555800000205636 ], [ 64557.474999999627471, 251537.030300000682473 ], [ 64567.595300000160933, 251541.329800000414252 ], [ 64579.633899999782443, 251545.893899999558926 ], [ 64589.9527000002563, 251549.333499999716878 ], [ 64611.317800000309944, 251555.220499999821186 ], [ 64621.768899999558926, 251558.130899999290705 ], [ 64628.581899999640882, 251559.982999999076128 ], [ 64639.892900000326335, 251564.282500000670552 ], [ 64661.013000000268221, 251572.071000000461936 ], [ 64680.308100000023842, 251583.663200000301003 ], [ 64691.949699999764562, 251589.417899999767542 ], [ 64704.252899999730289, 251596.495500000193715 ], [ 64707.824799999594688, 251599.802799999713898 ], [ 64711.529000000096858, 251604.76380000077188 ], [ 64713.645600000396371, 251607.740399999544024 ], [ 64716.159199999645352, 251616.140900000929832 ], [ 64719.466500000096858, 251627.187300000339746 ], [ 64723.104500000365078, 251639.291999999433756 ], [ 64727.139399999752641, 251649.478499999269843 ], [ 64732.166500000283122, 251659.466499999165535 ], [ 64736.466000000014901, 251665.618100000545382 ], [ 64743.808199999853969, 251677.788899999111891 ], [ 64745.395700000226498, 251682.948300000280142 ], [ 64748.91469999961555, 251693.492000000551343 ], [ 64751.560499999672174, 251701.641200000420213 ], [ 64753.677199999801815, 251712.012900000438094 ], [ 64754.52379999961704, 251717.939500000327826 ], [ 64757.434299999848008, 251725.982899999246001 ], [ 64760.450500000268221, 251735.190400000661612 ], [ 64761.910000000149012, 251740.230299999937415 ], [ 64762.928000000305474, 251743.745400000363588 ], [ 64771.533599999733269, 251751.842399999499321 ], [ 64805.184999999590218, 251783.505000000819564 ], [ 64812.326999999582767, 251793.497999999672174 ], [ 64814.96030000038445, 251797.182499999180436 ], [ 64817.967100000008941, 251801.389799999073148 ], [ 64824.462899999693036, 251808.222300000488758 ], [ 64842.894799999892712, 251827.60950000025332 ], [ 64856.785500000230968, 251844.939799999818206 ], [ 64860.066300000064075, 251852.242300000041723 ], [ 64869.908900000154972, 251863.778200000524521 ], [ 64881.100700000301003, 251879.468000000342727 ], [ 64886.577600000426173, 251885.937100000679493 ], [ 64897.54079999960959, 251894.253900000825524 ], [ 64897.757000000216067, 251894.417899999767542 ], [ 64902.679999999701977, 251896.813999999314547 ], [ 64903.029199999757111, 251897.087300000712276 ], [ 64906.018000000156462, 251899.426999999210238 ], [ 64909.270999999716878, 251891.419999999925494 ], [ 64917.071999999694526, 251878.108999999240041 ], [ 64937.381000000052154, 251870.139000000432134 ], [ 64980.264999999664724, 251874.311000000685453 ], [ 64999.442999999970198, 251880.153999999165535 ], [ 65000.0, 251881.03800000064075 ], [ 65022.899000000208616, 251917.390000000596046 ], [ 65025.468999999575317, 251921.470000000670552 ], [ 65025.541000000201166, 251921.900000000372529 ], [ 65054.075000000186265, 251937.360999999567866 ], [ 65057.99100000038743, 251941.274000000208616 ], [ 65069.162999999709427, 251985.637499999254942 ], [ 65069.765999999828637, 251988.031999999657273 ], [ 65069.775500000454485, 251988.033099999651313 ], [ 65087.053000000305474, 251990.023000000044703 ], [ 65088.936900000087917, 251991.477299999445677 ], [ 65089.050400000065565, 251991.453999999910593 ], [ 65090.042600000277162, 251991.387800000607967 ], [ 65092.602500000037253, 251991.211500000208616 ], [ 65094.507500000298023, 251992.005200000479817 ], [ 65098.952499999664724, 251995.418299999088049 ], [ 65104.270600000396371, 252000.180800000205636 ], [ 65107.309399999678135, 252003.607599999755621 ], [ 65108.001299999654293, 252004.387700000777841 ], [ 65112.088299999944866, 252008.071100000292063 ], [ 65114.43059999961406, 252010.182099999859929 ], [ 65115.27309999987483, 252011.024599999189377 ], [ 65127.152999999932945, 252019.58699999935925 ], [ 65151.777099999599159, 252038.673499999567866 ], [ 65185.283800000324845, 252064.644999999552965 ], [ 65185.758500000461936, 252065.012900000438094 ], [ 65188.481599999591708, 252066.38539999909699 ], [ 65214.370600000023842, 252079.433900000527501 ], [ 65225.020100000314415, 252083.534900000318885 ], [ 65231.303899999707937, 252085.849999999627471 ], [ 65234.214399999938905, 252086.379200000315905 ], [ 65246.91440000012517, 252091.869300000369549 ], [ 65258.688400000333786, 252098.351600000634789 ], [ 65269.404000000096858, 252104.172399999573827 ], [ 65282.547199999913573, 252110.935699999332428 ], [ 65291.664200000464916, 252116.562100000679493 ], [ 65294.122800000011921, 252118.0793999992311 ], [ 65301.795699999667704, 252123.43720000050962 ], [ 65310.262400000356138, 252129.853399999439716 ], [ 65322.830099999904633, 252139.775299999862909 ], [ 65328.320199999958277, 252145.331599999219179 ], [ 65337.117600000463426, 252153.864399999380112 ], [ 65342.627799999900162, 252158.035599999129772 ], [ 65344.195299999788404, 252159.222200000658631 ], [ 65347.899400000460446, 252162.13260000012815 ], [ 65348.509300000034273, 252162.578600000590086 ], [ 65356.646099999547005, 252167.087799999862909 ], [ 65356.649600000120699, 252167.090199999511242 ], [ 65357.271999999880791, 252167.555700000375509 ], [ 65357.424499999731779, 252167.622700000181794 ], [ 65362.495500000193715, 252170.054800000041723 ], [ 65363.90679999999702, 252170.731599999591708 ], [ 65369.463000000454485, 252173.178999999538064 ], [ 65373.894799999892712, 252175.75870000012219 ], [ 65381.17090000025928, 252180.058199999853969 ], [ 65386.661000000312924, 252183.365499999374151 ], [ 65392.441200000233948, 252186.280300000682473 ], [ 65397.528800000436604, 252188.177799999713898 ], [ 65426.613099999725819, 252197.322300000116229 ], [ 65431.772499999962747, 252198.909800000488758 ], [ 65437.064199999906123, 252200.431099999696016 ], [ 65440.569899999536574, 252201.820199999958277 ], [ 65446.126199999824166, 252204.267599999904633 ], [ 65453.07149999961257, 252207.574899999424815 ], [ 65454.25650000013411, 252208.364900000393391 ], [ 65458.429399999789894, 252211.146800000220537 ], [ 65464.316300000064075, 252214.850999999791384 ], [ 65470.798600000329316, 252218.885900000110269 ], [ 65474.502799999900162, 252221.730100000277162 ], [ 65479.596099999733269, 252226.360400000587106 ], [ 65485.284599999897182, 252230.263000000268221 ], [ 65487.141499999910593, 252231.806399999186397 ], [ 65494.082000000402331, 252238.994200000539422 ], [ 65496.529400000348687, 252242.169199999421835 ], [ 65499.042999999597669, 252247.923900000751019 ], [ 65505.015999999828637, 252260.210799999535084 ], [ 65510.770700000226498, 252270.794099999591708 ], [ 65513.945700000040233, 252285.14780000038445 ], [ 65517.980600000359118, 252307.769700000062585 ], [ 65517.980600000359118, 252314.119699999690056 ], [ 65519.568099999800324, 252322.850999999791384 ], [ 65523.801400000229478, 252335.154200000688434 ], [ 65529.820700000040233, 252349.640100000426173 ], [ 65537.229000000283122, 252361.546399999409914 ], [ 65551.51659999974072, 252388.467800000682473 ], [ 65561.173899999819696, 252408.642300000414252 ], [ 65563.224399999715388, 252414.595499999821186 ], [ 65568.449900000356138, 252422.863700000569224 ], [ 65573.609299999661744, 252426.832499999552965 ], [ 65580.356200000271201, 252432.124099999666214 ], [ 65585.780199999921024, 252433.843900000676513 ], [ 65596.363499999977648, 252434.637700000777841 ], [ 65604.168800000101328, 252436.622099999338388 ], [ 65618.720900000073016, 252436.423599999397993 ], [ 65630.957899999804795, 252438.80489999987185 ], [ 65643.724000000394881, 252444.427300000563264 ], [ 65654.638100000098348, 252449.851299999281764 ], [ 65669.124099999666214, 252456.135099999606609 ], [ 65676.400200000032783, 252462.286699999123812 ], [ 65677.394799999892712, 252463.080199999734759 ], [ 65679.440299999900162, 252464.71199999935925 ], [ 65682.536199999973178, 252465.939500000327826 ], [ 65682.539800000376999, 252465.939799999818206 ], [ 65684.746899999678135, 252468.10869999974966 ], [ 65690.092400000430644, 252470.55489999987185 ], [ 65696.574699999764562, 252471.679400000721216 ], [ 65704.446000000461936, 252473.200799999758601 ], [ 65712.912700000219047, 252477.103399999439716 ], [ 65720.254900000058115, 252481.733599999919534 ], [ 65727.229600000195205, 252484.937400000169873 ], [ 65739.529900000430644, 252492.971799999475479 ], [ 65742.479299999773502, 252496.151599999517202 ], [ 65746.303199999965727, 252500.274299999698997 ], [ 65753.99280000012368, 252507.024100000038743 ], [ 65767.747700000181794, 252515.798800000920892 ], [ 65778.066499999724329, 252521.884199999272823 ], [ 65788.91440000012517, 252525.853000000119209 ], [ 65795.925900000147521, 252527.9695999994874 ], [ 65803.466599999926984, 252529.292600000277162 ], [ 65819.209300000220537, 252529.424900000914931 ], [ 65823.045800000429153, 252528.498800000175834 ], [ 65830.057199999690056, 252525.191500000655651 ], [ 65844.344800000078976, 252510.903999999165535 ], [ 65854.663499999791384, 252501.114399999380112 ], [ 65861.542700000107288, 252498.071699999272823 ], [ 65863.68680000025779, 252497.876499999314547 ], [ 65866.201299999840558, 252497.64750000089407 ], [ 65867.050599999725819, 252496.931600000709295 ], [ 65872.980100000277162, 252491.930099999532104 ], [ 65904.419999999925494, 252496.356000000610948 ], [ 65912.343999999575317, 252500.0 ], [ 65929.260999999940395, 252507.779999999329448 ], [ 65930.841000000014901, 252508.506599999964237 ], [ 65935.349999999627471, 252510.579900000244379 ], [ 65939.809200000017881, 252509.538799999281764 ], [ 65945.119599999859929, 252508.305099999532104 ], [ 65948.076700000092387, 252507.616599999368191 ], [ 65948.127799999900162, 252507.156600000336766 ], [ 65948.222900000400841, 252505.206199999898672 ], [ 65948.286500000394881, 252503.902200000360608 ], [ 65949.080299999564886, 252502.155999999493361 ], [ 65952.731499999761581, 252499.695299999788404 ], [ 65958.049700000323355, 252497.710999999195337 ], [ 65967.812800000421703, 252493.821599999442697 ], [ 65970.273400000296533, 252492.472200000658631 ], [ 65976.782200000248849, 252487.074699999764562 ], [ 65985.910400000400841, 252478.660900000482798 ], [ 65998.848500000312924, 252469.691500000655651 ], [ 66005.515999999828637, 252464.611500000581145 ], [ 66006.865399999544024, 252462.944599999114871 ], [ 66014.009200000204146, 252454.451500000432134 ], [ 66020.676699999719858, 252445.482100000604987 ], [ 66024.645399999804795, 252440.084599999710917 ], [ 66025.452399999834597, 252438.867499999701977 ], [ 66026.113900000229478, 252437.610700000077486 ], [ 66026.70920000039041, 252436.023199999704957 ], [ 66027.039900000207126, 252435.361800000071526 ], [ 66027.635200000368059, 252433.575799999758601 ], [ 66027.899799999780953, 252432.7820999994874 ], [ 66029.42119999974966, 252422.397199999541044 ], [ 66030.876400000415742, 252414.856499999761581 ], [ 66030.677899999544024, 252409.96169999986887 ], [ 66030.611800000071526, 252398.452299999073148 ], [ 66030.876400000415742, 252389.257999999448657 ], [ 66030.214900000020862, 252381.98200000077486 ], [ 66030.479500000365078, 252375.764299999922514 ], [ 66030.611800000071526, 252371.332499999552965 ], [ 66031.140999999828637, 252370.274100000038743 ], [ 66044.515700000338256, 252369.837600000202656 ], [ 66055.469499999657273, 252369.361300000920892 ], [ 66058.803199999965727, 252369.67879999987781 ], [ 66065.550099999643862, 252373.171299999579787 ], [ 66074.043200000189245, 252377.695699999108911 ], [ 66081.66330000013113, 252380.791300000622869 ], [ 66085.155799999833107, 252381.98200000077486 ], [ 66090.076999999582767, 252382.617000000551343 ], [ 66094.363300000317395, 252383.966399999335408 ], [ 66099.046400000341237, 252386.823899999260902 ], [ 66103.094499999657273, 252390.554500000551343 ], [ 66107.618900000117719, 252395.158299999311566 ], [ 66108.571399999782443, 252398.095100000500679 ], [ 66110.000199999660254, 252402.778300000354648 ], [ 66112.143299999646842, 252406.588300000876188 ], [ 66120.398299999535084, 252425.479599999263883 ], [ 66121.509600000455976, 252434.369599999859929 ], [ 66121.985799999907613, 252443.10080000013113 ], [ 66123.493999999947846, 252447.942700000479817 ], [ 66125.240199999883771, 252456.5945999994874 ], [ 66127.462700000032783, 252463.341499999165535 ], [ 66131.669599999673665, 252475.565300000831485 ], [ 66135.638399999588728, 252485.804700000211596 ], [ 66138.495900000445545, 252493.504100000485778 ], [ 66139.527700000442564, 252495.329700000584126 ], [ 66142.305900000035763, 252500.251000000163913 ], [ 66147.70339999999851, 252513.427200000733137 ], [ 66150.560899999924004, 252519.856599999591708 ], [ 66153.021499999798834, 252523.984099999070168 ], [ 66157.06969999987632, 252529.381599999964237 ], [ 66158.339700000360608, 252530.572300000116229 ], [ 66161.197200000286102, 252532.794800000265241 ], [ 66167.309000000357628, 252537.319199999794364 ], [ 66180.088399999774992, 252547.32039999961853 ], [ 66191.280299999751151, 252554.226099999621511 ], [ 66201.916600000113249, 252558.988600000739098 ], [ 66214.060999999754131, 252565.735500000417233 ], [ 66219.458499999716878, 252567.958000000566244 ], [ 66225.729199999943376, 252568.513599999248981 ], [ 66229.459800000302494, 252568.6722999997437 ], [ 66232.793600000441074, 252567.958000000566244 ], [ 66239.540400000289083, 252566.13230000063777 ], [ 66243.826700000092387, 252565.814799999818206 ], [ 66248.430499999783933, 252566.846699999645352 ], [ 66262.479899999685585, 252571.6886 ], [ 66266.924899999983609, 252572.403000000864267 ], [ 66275.576799999922514, 252573.593599999323487 ], [ 66280.577399999834597, 252573.593599999323487 ], [ 66286.13370000012219, 252574.863600000739098 ], [ 66292.801199999637902, 252576.927400000393391 ], [ 66296.928700000047684, 252578.911699999123812 ], [ 66299.230600000359118, 252579.070499999448657 ], [ 66307.803100000135601, 252582.08669999986887 ], [ 66317.089999999850988, 252585.023600000888109 ], [ 66324.948099999688566, 252586.055500000715256 ], [ 66326.773699999786913, 252586.214299999177456 ], [ 66334.71129999961704, 252584.229900000616908 ], [ 66342.490000000223517, 252582.16609999909997 ], [ 66349.871899999678135, 252580.023000000044703 ], [ 66353.681900000199676, 252579.388000000268221 ], [ 66358.920699999667704, 252578.832399999722838 ], [ 66363.365699999965727, 252578.991100000217557 ], [ 66369.715699999593198, 252579.546700000762939 ], [ 66372.255699999630451, 252580.737400000914931 ], [ 66379.796299999579787, 252584.547399999573827 ], [ 66385.987599999643862, 252588.674900000914931 ], [ 66392.575699999928474, 252594.151799999177456 ], [ 66399.719499999657273, 252599.94620000012219 ], [ 66402.973899999633431, 252601.851199999451637 ], [ 66409.006400000303984, 252605.581800000742078 ], [ 66412.736999999731779, 252606.375499999150634 ], [ 66422.658900000154972, 252608.201199999079108 ], [ 66431.787100000306964, 252610.106200000271201 ], [ 66435.517699999734759, 252611.534900000318885 ], [ 66440.994599999859929, 252614.313100000843406 ], [ 66445.042700000107288, 252618.599300000816584 ], [ 66452.82149999961257, 252625.822499999776483 ], [ 66462.267099999822676, 252634.315600000321865 ], [ 66465.12459999974817, 252637.966900000348687 ], [ 66470.60149999987334, 252646.063100000843406 ], [ 66475.205299999564886, 252652.889399999752641 ], [ 66477.348399999551475, 252656.778799999505281 ], [ 66480.285299999639392, 252660.826899999752641 ], [ 66483.46030000038445, 252664.557499999180436 ], [ 66485.285899999551475, 252666.144999999552965 ], [ 66487.349700000137091, 252667.176899999380112 ], [ 66489.49280000012368, 252670.35190000012517 ], [ 66493.620299999602139, 252677.971899999305606 ], [ 66496.795300000347197, 252682.416899999603629 ], [ 66499.494099999777973, 252688.687599999830127 ], [ 66501.875300000421703, 252694.402599999681115 ], [ 66505.685399999842048, 252702.657600000500679 ], [ 66508.304700000211596, 252708.848899999633431 ], [ 66510.924100000411272, 252715.754499999806285 ], [ 66512.27350000012666, 252722.42200000025332 ], [ 66513.384700000286102, 252726.23200000077486 ], [ 66514.972199999727309, 252728.771999999880791 ], [ 66521.004800000227988, 252735.598300000652671 ], [ 66527.513500000350177, 252741.630799999460578 ], [ 66531.561700000427663, 252744.091399999335408 ], [ 66536.482900000177324, 252745.758300000801682 ], [ 66539.975399999879301, 252746.790200000628829 ], [ 66544.261699999682605, 252747.584000000730157 ], [ 66553.866100000217557, 252752.505200000479817 ], [ 66570.058600000105798, 252761.0777000002563 ], [ 66581.64740000013262, 252769.174000000581145 ], [ 66600.221199999563396, 252780.207100000232458 ], [ 66606.888700000010431, 252783.382200000807643 ], [ 66617.048700000159442, 252787.192199999466538 ], [ 66624.509999999776483, 252791.478399999439716 ], [ 66630.621899999678135, 252796.002800000831485 ], [ 66638.480000000447035, 252803.781600000336766 ], [ 66650.624400000087917, 252816.640300000086427 ], [ 66658.006299999542534, 252822.672900000587106 ], [ 66663.165699999779463, 252826.085999999195337 ], [ 66680.469499999657273, 252838.865399999544024 ], [ 66690.629499999806285, 252845.770999999716878 ], [ 66703.805700000375509, 252853.311699999496341 ], [ 66708.568300000391901, 252855.772299999371171 ], [ 66724.443300000391901, 252862.201700000092387 ], [ 66741.270800000056624, 252869.3454 ], [ 66755.637699999846518, 252875.695499999448657 ], [ 66777.703999999910593, 252886.808000000193715 ], [ 66838.425999999977648, 252922.606200000271201 ], [ 66849.776700000278652, 252929.194299999624491 ], [ 66866.048600000329316, 252937.528699999675155 ], [ 66871.763600000180304, 252940.14809999987483 ], [ 66878.748599999584258, 252943.243699999526143 ], [ 66883.749200000427663, 252945.228099999949336 ], [ 66893.194899999536574, 252948.879399999976158 ], [ 66904.307400000281632, 252952.13370000012219 ], [ 66926.929299999959767, 252956.181900000199676 ], [ 66932.326799999922514, 252956.181900000199676 ], [ 66940.740600000135601, 252957.769400000572205 ], [ 66954.15500000026077, 252963.008099999278784 ], [ 66966.21999999973923, 252968.08809999935329 ], [ 66973.046299999579787, 252972.136299999430776 ], [ 66981.301300000399351, 252977.930700000375509 ], [ 66988.365699999965727, 252986.900100000202656 ], [ 66994.001299999654293, 252996.504499999806285 ], [ 66997.255699999630451, 253001.187599999830127 ], [ 67001.938799999654293, 253006.585100000724196 ], [ 67008.923899999819696, 253014.443199999630451 ], [ 67015.670699999667704, 253020.47580000013113 ], [ 67021.544499999843538, 253025.317600000649691 ], [ 67029.402599999681115, 253031.746999999508262 ], [ 67033.053899999707937, 253034.048900000751019 ], [ 67047.500199999660254, 253043.732699999585748 ], [ 67060.041500000283122, 253051.987700000405312 ], [ 67061.390800000168383, 253053.178300000727177 ], [ 67062.49959999974817, 253054.374299999326468 ], [ 67064.286100000143051, 253056.301300000399351 ], [ 67075.03000000026077, 253063.109999999403954 ], [ 67079.953599999658763, 253071.291899999603629 ], [ 67105.985299999825656, 253114.551000000908971 ], [ 67112.580000000074506, 253125.509999999776483 ], [ 67112.688500000163913, 253125.631599999964237 ], [ 67129.640800000168383, 253144.628399999812245 ], [ 67139.03000000026077, 253155.150000000372529 ], [ 67154.08629999961704, 253165.952500000596046 ], [ 67159.260400000028312, 253167.875399999320507 ], [ 67170.769799999892712, 253175.33669999986887 ], [ 67176.961099999956787, 253180.019799999892712 ], [ 67182.438000000081956, 253184.226700000464916 ], [ 67194.026700000278652, 253193.196100000292063 ], [ 67204.583599999547005, 253200.816099999472499 ], [ 67206.885499999858439, 253202.244899999350309 ], [ 67211.886099999770522, 253203.991100000217557 ], [ 67224.109899999573827, 253207.959899999201298 ], [ 67235.539900000207126, 253213.833599999547005 ], [ 67245.303100000135601, 253218.437400000169873 ], [ 67252.017699999734759, 253222.153200000524521 ], [ 67259.699900000356138, 253226.404899999499321 ], [ 67295.148000000044703, 253239.445800000801682 ], [ 67295.280399999581277, 253239.490399999544024 ], [ 67319.418300000019372, 253287.067800000309944 ], [ 67326.66399999987334, 253301.350099999457598 ], [ 67331.842000000178814, 253306.970100000500679 ], [ 67334.520800000056624, 253309.877599999308586 ], [ 67340.63260000012815, 253318.21199999935925 ], [ 67343.72829999960959, 253323.450699999928474 ], [ 67345.315799999982119, 253329.165699999779463 ], [ 67345.63329999987036, 253334.563300000503659 ], [ 67344.680800000205636, 253340.675100000575185 ], [ 67339.997600000351667, 253356.391400000080466 ], [ 67328.250099999830127, 253398.777799999341369 ], [ 67326.980100000277162, 253402.905300000682473 ], [ 67325.789499999955297, 253405.207100000232458 ], [ 67323.011400000192225, 253411.636499999091029 ], [ 67321.265100000426173, 253416.081499999389052 ], [ 67320.955900000408292, 253417.141799999400973 ], [ 67320.709499999880791, 253417.986500000581145 ], [ 67319.770600000396371, 253422.211300000548363 ], [ 67319.019700000062585, 253445.399800000712276 ], [ 67318.997600000351667, 253446.076999999582767 ], [ 67319.201399999670684, 253447.911000000312924 ], [ 67320.233199999667704, 253452.752900000661612 ], [ 67321.261300000362098, 253455.977299999445677 ], [ 67321.979500000365078, 253458.229800000786781 ], [ 67325.31319999974221, 253467.596000000834465 ], [ 67327.54769999999553, 253475.231599999591708 ], [ 67328.080500000156462, 253480.216900000348687 ], [ 67328.250099999830127, 253481.804199999198318 ], [ 67328.527200000360608, 253483.651499999687076 ], [ 67329.151100000366569, 253485.385900000110269 ], [ 67334.400000000372529, 253499.999600000679493 ], [ 67344.183000000193715, 253527.252399999648333 ], [ 67344.375300000421703, 253527.78800000064075 ], [ 67345.236399999819696, 253528.95299999974668 ], [ 67348.252700000070035, 253531.016799999400973 ], [ 67350.02350000012666, 253532.300699999555945 ], [ 67407.82799999974668, 253509.739000000059605 ], [ 67430.044999999925494, 253533.390000000596046 ] ] ], [ [ [ 96509.683000000193715, 243960.668899999931455 ], [ 96509.36699999962002, 243967.229800000786781 ], [ 96491.155799999833107, 244020.899800000712276 ], [ 96486.364199999719858, 244039.107799999415874 ], [ 96474.862599999643862, 244070.73619999922812 ], [ 96460.48519999999553, 244103.320000000298023 ], [ 96446.113199999555945, 244131.113800000399351 ], [ 96440.360600000247359, 244144.533800000324845 ], [ 96433.649400000460446, 244156.992000000551343 ], [ 96426.942999999970198, 244161.783399999141693 ], [ 96395.314600000157952, 244148.364800000563264 ], [ 96369.438799999654293, 244135.908600000664592 ], [ 96340.68819999974221, 244128.23960000090301 ], [ 96323.435999999754131, 244137.823799999430776 ], [ 96310.018000000156462, 244152.200600000098348 ], [ 96297.560200000181794, 244157.949599999934435 ], [ 96290.849600000306964, 244155.074999999254942 ], [ 96291.402599999681115, 244142.885800000280142 ], [ 96301.391800000332296, 244120.573200000450015 ], [ 96305.225999999791384, 244079.360999999567866 ], [ 96300.432799999602139, 244044.857200000435114 ], [ 96299.475999999791384, 244021.856599999591708 ], [ 96263.220599999651313, 244016.926999999210238 ], [ 96250.000799999572337, 244019.820800000801682 ], [ 96234.305200000293553, 244008.439200000837445 ], [ 96233.09360000025481, 244008.019799999892712 ], [ 96219.239599999971688, 244003.224199999123812 ], [ 96209.386199999600649, 243999.813400000333786 ], [ 96170.491399999707937, 243992.959400000050664 ], [ 96126.259399999864399, 243965.60080000013113 ], [ 96104.099999999627471, 243944.569599999114871 ], [ 96062.748999999836087, 243933.682800000533462 ], [ 96038.32039999961853, 243943.621799999848008 ], [ 95999.494199999608099, 243923.138599999248981 ], [ 95959.240799999795854, 243898.220599999651313 ], [ 95938.296799999661744, 243876.001000000163913 ], [ 95916.114400000311434, 243865.636800000444055 ], [ 95876.81900000013411, 243859.886199999600649 ], [ 95843.27419999986887, 243838.801400000229478 ], [ 95828.653599999845028, 243815.03940000012517 ], [ 95817.96999999973923, 243809.768200000748038 ], [ 95791.759999999776483, 243798.296399999409914 ], [ 95744.730399999767542, 243777.71000000089407 ], [ 95713.870600000023842, 243762.730000000447035 ], [ 95667.860399999655783, 243740.399399999529123 ], [ 95637.980200000107288, 243733.080000000074506 ], [ 95635.1402000002563, 243745.721400000154972 ], [ 95633.480000000447035, 243752.381599999964237 ], [ 95633.379999999888241, 243752.779799999669194 ], [ 95629.248200000263751, 243751.995600000023842 ], [ 95625.000199999660254, 243751.190799999982119 ], [ 95621.709400000050664, 243750.569199999794364 ], [ 95609.798200000077486, 243748.309000000357628 ], [ 95609.429999999701977, 243750.19400000013411 ], [ 95607.270399999804795, 243761.19679999910295 ], [ 95577.740000000223517, 243755.840399999171495 ], [ 95579.36699999962002, 243747.461600000038743 ], [ 95581.572599999606609, 243736.122199999168515 ], [ 95575.040599999949336, 243738.550000000745058 ], [ 95574.259600000455976, 243733.539599999785423 ], [ 95573.8902000002563, 243730.119799999520183 ], [ 95560.889999999664724, 243735.240199999883771 ], [ 95548.257799999788404, 243743.039799999445677 ], [ 95546.32079999987036, 243744.380799999460578 ], [ 95536.160000000149012, 243751.410199999809265 ], [ 95510.459400000050664, 243761.139399999752641 ], [ 95481.960199999623001, 243773.567600000649691 ], [ 95456.879800000227988, 243789.778999999165535 ], [ 95436.969600000418723, 243790.579600000753999 ], [ 95378.230000000447035, 243792.928999999538064 ], [ 95344.93059999961406, 243776.469399999827147 ], [ 95346.170599999837577, 243768.951799999922514 ], [ 95322.868800000287592, 243763.573799999430776 ], [ 95299.053999999538064, 243758.017599999904633 ], [ 95262.541000000201166, 243747.699799999594688 ], [ 95233.96820000000298, 243737.380200000479817 ], [ 95200.630599999800324, 243724.68099999986589 ], [ 95153.006000000052154, 243711.186200000345707 ], [ 95122.048799999989569, 243706.424200000241399 ], [ 94981.555800000205636, 243704.836200000718236 ], [ 94906.974000000394881, 243699.231799999251962 ], [ 94847.797199999913573, 243687.2956000007689 ], [ 94816.093799999915063, 243672.592599999159575 ], [ 94786.297799999825656, 243656.094200000166893 ], [ 94751.202600000426173, 243638.404799999669194 ], [ 94714.298600000329316, 243625.702600000426173 ], [ 94675.593399999663234, 243624.702199999243021 ], [ 94611.99959999974817, 243617.703600000590086 ], [ 94575.094399999827147, 243614.204199999570847 ], [ 94520.702800000086427, 243611.204600000753999 ], [ 94475.204199999570847, 243606.000199999660254 ], [ 94446.905199999921024, 243615.500399999320507 ], [ 94422.593000000342727, 243630.203600000590086 ], [ 94383.593999999575317, 243656.407199999317527 ], [ 94363.498999999836087, 243643.295800000429153 ], [ 94328.297600000165403, 243619.094000000506639 ], [ 94261.203200000338256, 243597.499199999496341 ], [ 94238.59360000025481, 243596.500399999320507 ], [ 94200.59360000025481, 243605.003399999812245 ], [ 94161.204599999822676, 243604.999199999496341 ], [ 94109.405799999833107, 243590.907199999317527 ], [ 94076.70339999999851, 243584.906400000676513 ], [ 94026.203999999910593, 243577.79619999974966 ], [ 93963.703599999658763, 243566.70380000025034 ], [ 93928.998999999836087, 243554.500399999320507 ], [ 93892.094800000078976, 243526.703400000929832 ], [ 93875.093999999575317, 243500.0945999994874 ], [ 93847.093000000342727, 243462.798800000920892 ], [ 93819.204199999570847, 243468.703400000929832 ], [ 93792.407200000248849, 243477.906199999153614 ], [ 93750.404799999669194, 243491.595599999651313 ], [ 93715.594600000418723, 243498.0945999994874 ], [ 93667.09320000000298, 243489.004000000655651 ], [ 93626.907999999821186, 243474.905999999493361 ], [ 93588.593799999915063, 243455.5945999994874 ], [ 93542.703200000338256, 243449.093800000846386 ], [ 93496.79660000000149, 243449.093800000846386 ], [ 93454.906000000424683, 243453.203400000929832 ], [ 93400.796400000341237, 243462.204199999570847 ], [ 93377.09360000025481, 243471.907400000840425 ], [ 93341.092600000090897, 243484.999800000339746 ], [ 93298.703200000338256, 243502.5 ], [ 93226.904799999669194, 243510.5945999994874 ], [ 93188.593799999915063, 243499.095000000670552 ], [ 93160.501600000075996, 243490.905999999493361 ], [ 93098.498800000175834, 243492.906199999153614 ], [ 93043.798600000329316, 243490.502199999988079 ], [ 93003.09320000000298, 243487.298800000920892 ], [ 92962.594399999827147, 243481.797199999913573 ], [ 92920.40639999974519, 243461.704199999570847 ], [ 92888.09360000025481, 243432.908600000664592 ], [ 92847.904600000008941, 243398.594000000506639 ], [ 92805.000199999660254, 243380.501000000163913 ], [ 92758.20380000025034, 243367.79839999973774 ], [ 92696.295599999837577, 243354.296000000089407 ], [ 92655.797399999573827, 243339.5945999994874 ], [ 92630.59360000025481, 243335.0 ], [ 92607.49959999974817, 243343.092000000178814 ], [ 92570.09320000000298, 243352.703199999406934 ], [ 92543.20339999999851, 243360.797800000756979 ], [ 92533.201799999922514, 243343.095200000330806 ], [ 92513.204400000162423, 243316.906400000676513 ], [ 92485.499800000339746, 243295.704600000753999 ], [ 92423.00040000025183, 243263.297399999573827 ], [ 92378.203200000338256, 243240.703199999406934 ], [ 92323.295599999837577, 243215.999399999156594 ], [ 92261.796000000089407, 243192.203400000929832 ], [ 92218.904600000008941, 243176.703400000929832 ], [ 92181.20299999974668, 243167.000800000503659 ], [ 92145.908599999733269, 243153.499399999156594 ], [ 92124.702200000174344, 243133.79700000025332 ], [ 92095.593399999663234, 243111.00139999948442 ], [ 92076.501000000163913, 243103.999199999496341 ], [ 92085.594800000078976, 243077.20380000025034 ], [ 92087.702399999834597, 243042.797199999913573 ], [ 92074.299399999901652, 243011.703199999406934 ], [ 92046.204400000162423, 242997.5945999994874 ], [ 92052.297199999913573, 242955.095599999651313 ], [ 92051.094800000078976, 242904.29759999923408 ], [ 92042.499800000339746, 242861.296599999070168 ], [ 92046.294800000265241, 242830.595000000670552 ], [ 92047.034199999645352, 242805.641000000759959 ], [ 91988.571600000374019, 242773.057800000533462 ], [ 91916.689199999906123, 242748.136600000783801 ], [ 91836.68680000025779, 242734.098799999803305 ], [ 91814.594200000166893, 242728.095200000330806 ], [ 91798.906600000336766, 242726.094000000506639 ], [ 91787.29700000025332, 242736.79759999923408 ], [ 91760.905600000172853, 242737.796399999409914 ], [ 91720.296799999661744, 242719.500800000503659 ], [ 91700.701799999922514, 242696.296800000593066 ], [ 91691.593000000342727, 242667.70299999974668 ], [ 91659.29619999974966, 242647.000600000843406 ], [ 91633.963800000026822, 242620.671599999070168 ], [ 91557.290000000037253, 242602.459400000050664 ], [ 91499.784799999557436, 242581.374600000679493 ], [ 91425.989599999971688, 242542.080399999395013 ], [ 91364.653599999845028, 242504.702800000086427 ], [ 91303.314000000245869, 242478.82660000026226 ], [ 91238.441599999554455, 242466.699599999934435 ], [ 91165.301599999889731, 242442.406999999657273 ], [ 91100.671799999661744, 242421.960200000554323 ], [ 91050.293999999761581, 242403.110600000247359 ], [ 90999.497000000439584, 242367.652000000700355 ], [ 90968.629800000227988, 242342.38880000077188 ], [ 90926.282800000160933, 242306.330399999395013 ], [ 90867.239199999719858, 242278.521199999377131 ], [ 90811.340200000442564, 242240.279400000348687 ], [ 90779.063799999654293, 242198.971599999815226 ], [ 90740.729000000283122, 242173.096599999815226 ], [ 90684.041199999861419, 242154.810799999162555 ], [ 90609.427000000141561, 242139.550400000065565 ], [ 90533.713200000114739, 242131.883600000292063 ], [ 90499.547199999913573, 242118.7796 ], [ 90450.332999999634922, 242086.837600000202656 ], [ 90414.872800000011921, 242078.212799999862909 ], [ 90400.495199999772012, 242094.50760000012815 ], [ 90395.580000000074506, 242123.997199999168515 ], [ 90393.599399999715388, 242135.870799999684095 ], [ 90389.299399999901652, 242161.401799999177456 ], [ 90376.534799999557436, 242161.595200000330806 ], [ 90353.737800000235438, 242150.179199999198318 ], [ 90302.740000000223517, 242115.592000000178814 ], [ 90283.209599999710917, 242095.169999999925494 ], [ 90268.912999999709427, 242107.0636 ], [ 90269.898000000044703, 242119.854399999603629 ], [ 90258.580799999646842, 242137.535199999809265 ], [ 90235.245000000111759, 242160.874199999496341 ], [ 90218.269000000320375, 242178.553600000217557 ], [ 90201.296400000341237, 242187.04079999960959 ], [ 90176.542999999597669, 242195.526399999856949 ], [ 90156.741399999707937, 242206.135800000280142 ], [ 90143.304800000041723, 242218.865800000727177 ], [ 90137.646800000220537, 242224.524399999529123 ], [ 90124.208999999798834, 242237.962600000202656 ], [ 90095.919599999673665, 242263.423599999397993 ], [ 90068.338399999774992, 242290.296599999070168 ], [ 90051.363599999807775, 242312.929400000721216 ], [ 90036.512799999676645, 242331.316999999806285 ], [ 90023.076200000010431, 242336.26799999922514 ], [ 89986.298600000329316, 242354.653799999505281 ], [ 89953.765399999916553, 242370.214999999850988 ], [ 89911.335400000214577, 242385.068399999290705 ], [ 89876.678199999965727, 242396.382400000467896 ], [ 89854.04839999973774, 242412.647399999201298 ], [ 89832.830799999646842, 242430.328199999406934 ], [ 89784.028800000436604, 242462.152599999681115 ], [ 89759.985799999907613, 242481.24860000051558 ], [ 89736.646800000220537, 242489.7347999997437 ], [ 89711.894199999980628, 242491.857200000435114 ], [ 89680.069199999794364, 242490.44400000013411 ], [ 89636.929399999789894, 242498.221400000154972 ], [ 89584.592199999839067, 242530.754599999636412 ], [ 89561.254800000227988, 242554.093599999323487 ], [ 89539.330599999986589, 242580.969000000506639 ], [ 89515.99100000038743, 242599.356399999931455 ], [ 89494.067800000309944, 242612.794399999082088 ], [ 89484.397599999792874, 242616.728399999439716 ], [ 89464.296799999661744, 242638.99860000051558 ], [ 89440.334599999710917, 242659.380999999120831 ], [ 89433.177799999713898, 242669.494999999180436 ], [ 89423.400000000372529, 242679.634800000116229 ], [ 89413.885400000028312, 242680.616599999368191 ], [ 89409.143799999728799, 242677.903999999165535 ], [ 89404.566800000146031, 242675.290599999949336 ], [ 89395.879399999976158, 242675.650200000032783 ], [ 89390.418399999849498, 242685.755200000479817 ], [ 89388.636599999852479, 242689.048599999397993 ], [ 89382.117200000211596, 242703.17259999923408 ], [ 89372.340400000102818, 242720.191999999806285 ], [ 89366.185800000093877, 242728.52140000090003 ], [ 89315.702800000086427, 242712.797800000756979 ], [ 89315.478000000119209, 242712.101199999451637 ], [ 89303.551400000229478, 242708.711600000038743 ], [ 89303.176400000229478, 242708.603800000622869 ], [ 89302.691800000146031, 242701.830000000074506 ], [ 89295.195600000210106, 242681.836400000378489 ], [ 89281.449199999682605, 242663.088800000026822 ], [ 89271.449599999934435, 242655.591399999335408 ], [ 89263.952200000174344, 242645.590199999511242 ], [ 89258.953999999910593, 242635.5945999994874 ], [ 89260.202399999834597, 242624.348600000143051 ], [ 89258.95339999999851, 242615.601199999451637 ], [ 89266.450199999846518, 242605.607200000435114 ], [ 89276.451000000350177, 242605.601399999111891 ], [ 89283.948400000110269, 242600.604800000786781 ], [ 89291.44579999987036, 242590.607799999415874 ], [ 89291.444799999706447, 242580.610200000926852 ], [ 89288.94620000012219, 242570.610999999567866 ], [ 89290.196800000034273, 242540.620999999344349 ], [ 89292.69539999961853, 242520.624800000339746 ], [ 89292.694799999706447, 242500.629000000655651 ], [ 89288.94620000012219, 242490.631999999284744 ], [ 89283.949000000022352, 242483.135199999436736 ], [ 89278.950199999846518, 242473.135999999940395 ], [ 89273.949199999682605, 242453.141400000080466 ], [ 89273.948800000362098, 242433.145800000056624 ], [ 89276.451000000350177, 242423.148600000888109 ], [ 89283.947800000198185, 242404.403200000524521 ], [ 89290.196800000034273, 242395.656199999153614 ], [ 89295.194600000046194, 242385.657999999821186 ], [ 89298.943199999630451, 242375.660599999129772 ], [ 89311.441200000233948, 242355.664799999445677 ], [ 89313.940200000070035, 242345.668600000441074 ], [ 89323.936599999666214, 242325.674000000581145 ], [ 89326.435999999754131, 242315.676599999889731 ], [ 89326.435600000433624, 242305.677999999374151 ], [ 89323.939199999906123, 242285.684200000017881 ], [ 89318.939799999818206, 242275.685399999842048 ], [ 89316.440200000070035, 242265.686799999326468 ], [ 89316.440200000070035, 242255.689200000837445 ], [ 89314.492600000463426, 242240.124399999156594 ], [ 89325.193599999882281, 242232.21680000051856 ], [ 89335.845200000330806, 242218.176799999549985 ], [ 89345.042600000277162, 242208.493599999696016 ], [ 89367.798799999989569, 242201.715600000694394 ], [ 89385.713999999687076, 242196.3902000002563 ], [ 89388.133399999700487, 242188.160199999809265 ], [ 89379.418800000101328, 242179.445000000298023 ], [ 89361.987200000323355, 242166.85700000077486 ], [ 89338.748999999836087, 242149.426599999889731 ], [ 89322.287399999797344, 242131.513199999928474 ], [ 89282.10219999961555, 242112.145999999716878 ], [ 89250.631000000052154, 242106.336600000038743 ], [ 89227.876600000075996, 242099.554800000041723 ], [ 89190.113199999555945, 242068.088400000706315 ], [ 89171.713999999687076, 242059.373199999332428 ], [ 89147.455400000326335, 242049.079800000414252 ], [ 89134.432799999602139, 242041.45920000039041 ], [ 89114.581600000150502, 242033.227600000798702 ], [ 89093.278400000184774, 242032.744000000879169 ], [ 89077.303000000305474, 242043.395199999213219 ], [ 89071.007000000216067, 242055.499199999496341 ], [ 89063.744800000451505, 242064.701400000602007 ], [ 89056.969399999827147, 242076.318399999290705 ], [ 89051.157200000248849, 242081.160399999469519 ], [ 89040.50719999987632, 242079.707399999722838 ], [ 89020.202800000086427, 242073.203400000929832 ], [ 88996.447399999946356, 242059.373999999836087 ], [ 88986.280199999921024, 242052.595200000330806 ], [ 88976.596800000406802, 242035.166799999773502 ], [ 88976.365600000135601, 242033.685799999162555 ], [ 88974.175599999725819, 242019.67200000025332 ], [ 88965.945600000210106, 242009.987400000914931 ], [ 88952.702600000426173, 242012.9068 ], [ 88935.443400000222027, 242011.441999999806285 ], [ 88926.243800000287592, 242010.471400000154972 ], [ 88915.592799999751151, 242005.147399999201298 ], [ 88908.814000000245869, 241995.462799999862909 ], [ 88906.281600000336766, 241985.755799999460578 ], [ 88905.908200000412762, 241984.328199999406934 ], [ 88900.096599999815226, 241961.571000000461936 ], [ 88890.417200000025332, 241945.108799999579787 ], [ 88884.123800000175834, 241934.459000000730157 ], [ 88868.145600000396371, 241931.554400000721216 ], [ 88857.976599999703467, 241940.267799999564886 ], [ 88846.843399999663234, 241947.530999999493361 ], [ 88834.737800000235438, 241951.8902000002563 ], [ 88823.603799999691546, 241960.604199999943376 ], [ 88814.888199999928474, 241959.149399999529123 ], [ 88798.910600000061095, 241949.469000000506639 ], [ 88778.090400000102818, 241933.975400000810623 ], [ 88758.238599999807775, 241919.451999999582767 ], [ 88743.230600000359118, 241912.18779999949038 ], [ 88733.546000000089407, 241912.18779999949038 ], [ 88713.696999999694526, 241904.925200000405312 ], [ 88701.59499999973923, 241890.401399999856949 ], [ 88690.941800000146031, 241882.6546 ], [ 88685.135599999688566, 241872.003000000491738 ], [ 88677.871399999596179, 241863.287399999797344 ], [ 88669.638799999840558, 241865.706800000742078 ], [ 88665.220599999651313, 241867.841600000858307 ], [ 88655.597599999979138, 241872.486600000411272 ], [ 88643.493999999947846, 241873.940600000321865 ], [ 88634.723799999803305, 241872.078999999910593 ], [ 88627.51659999974072, 241870.549399999901652 ], [ 88615.898400000296533, 241866.676400000229478 ], [ 88597.982800000347197, 241872.971000000834465 ], [ 88589.926400000229478, 241877.892200000584126 ], [ 88589.267599999904633, 241878.29759999923408 ], [ 88583.59360000025481, 241876.0954 ], [ 88579.584599999710917, 241861.834400000050664 ], [ 88573.775000000372529, 241853.120400000363588 ], [ 88564.57660000026226, 241844.405799999833107 ], [ 88552.957000000402331, 241835.690799999982119 ], [ 88542.787800000049174, 241829.396199999377131 ], [ 88531.652800000272691, 241829.879599999636412 ], [ 88521.484199999831617, 241840.048800000920892 ], [ 88511.802199999801815, 241847.3114 ], [ 88505.022199999541044, 241850.215399999171495 ], [ 88503.418600000441074, 241850.462999999523163 ], [ 88498.729600000195205, 241851.183399999514222 ], [ 88490.500599999912083, 241843.436200000345707 ], [ 88484.744199999608099, 241834.138399999588728 ], [ 88484.205599999986589, 241833.269200000911951 ], [ 88479.362399999983609, 241822.61879999935627 ], [ 88468.713000000454485, 241813.902599999681115 ], [ 88450.31319999974221, 241814.387599999085069 ], [ 88437.239599999971688, 241818.743599999696016 ], [ 88428.043600000441074, 241810.99860000051558 ], [ 88410.612999999895692, 241810.514200000092387 ], [ 88400.443799999542534, 241808.091399999335408 ], [ 88392.698400000110269, 241796.473999999463558 ], [ 88373.817800000309944, 241788.24239999987185 ], [ 88351.545599999837577, 241787.755200000479817 ], [ 88331.695600000210106, 241789.694399999454618 ], [ 88312.327399999834597, 241783.399800000712276 ], [ 88304.580199999734759, 241779.526599999517202 ], [ 88298.246399999596179, 241777.226399999111891 ], [ 87905.556800000369549, 241779.727600000798702 ], [ 87822.054399999789894, 241780.258400000631809 ], [ 87794.330199999734759, 241794.120999999344349 ], [ 87742.840400000102818, 241805.999800000339746 ], [ 87693.334400000050664, 241819.86460000090301 ], [ 87616.104199999943376, 241851.54839999973774 ], [ 87554.691399999894202, 241867.565799999982119 ], [ 87549.591599999926984, 241866.907600000500679 ], [ 87514.297199999913573, 241869.798200000077486 ], [ 87455.796799999661744, 241876.499800000339746 ], [ 87400.0, 241879.095599999651313 ], [ 87339.407800000160933, 241871.200799999758601 ], [ 87283.406999999657273, 241878.40819999948144 ], [ 87234.593799999915063, 241880.907199999317527 ], [ 87188.203200000338256, 241883.003599999472499 ], [ 87137.702600000426173, 241881.59180000051856 ], [ 87093.99959999974817, 241905.703600000590086 ], [ 87040.798799999989569, 241937.703999999910593 ], [ 86982.906600000336766, 241975.093599999323487 ], [ 86926.092400000430644, 242003.592399999499321 ], [ 86883.498800000175834, 242022.704600000753999 ], [ 86834.59320000000298, 242042.407400000840425 ], [ 86785.297600000165403, 242057.594000000506639 ], [ 86749.59320000000298, 242074.093399999663234 ], [ 86712.796400000341237, 242087.297800000756979 ], [ 86650.530199999921024, 242115.836799999698997 ], [ 86593.558199999853969, 242063.190600000321865 ], [ 86585.75899999961257, 242055.986800000071526 ], [ 86543.12459999974817, 242042.04619999974966 ], [ 86510.32839999999851, 242021.54839999973774 ], [ 86469.333999999798834, 242002.692399999126792 ], [ 86429.158800000324845, 241988.752800000831485 ], [ 86394.723000000230968, 241987.930800000205636 ], [ 86366.028800000436604, 241992.032400000840425 ], [ 86346.000199999660254, 241986.797199999913573 ], [ 86336.705000000074506, 241936.40819999948144 ], [ 86312.29700000025332, 241911.001000000163913 ], [ 86279.406200000084937, 241892.096000000834465 ], [ 86258.0, 241869.000800000503659 ], [ 86231.501000000163913, 241831.594200000166893 ], [ 86212.09499999973923, 241804.997800000011921 ], [ 86169.906200000084937, 241761.500600000843406 ], [ 86126.406999999657273, 241727.203400000929832 ], [ 86075.204800000414252, 241709.500600000843406 ], [ 86027.906000000424683, 241702.000800000503659 ], [ 85984.000199999660254, 241698.00139999948442 ], [ 85941.49959999974817, 241699.407199999317527 ], [ 85896.205199999734759, 241697.296800000593066 ], [ 85851.593799999915063, 241682.092800000682473 ], [ 85815.093999999575317, 241652.297199999913573 ], [ 85791.203599999658763, 241616.20380000025034 ], [ 85777.20339999999851, 241564.501000000163913 ], [ 85761.702800000086427, 241504.000800000503659 ], [ 85760.297799999825656, 241442.99860000051558 ], [ 85756.296000000089407, 241387.000399999320507 ], [ 85751.998999999836087, 241342.092000000178814 ], [ 85717.703999999910593, 241344.907199999317527 ], [ 85684.498800000175834, 241346.798599999397993 ], [ 85620.24199999962002, 241398.277000000700355 ], [ 85605.307199999690056, 241357.206199999898672 ], [ 85592.239199999719858, 241321.735999999567866 ], [ 85588.505400000140071, 241284.399000000208616 ], [ 85588.505400000140071, 241243.328199999406934 ], [ 85589.151600000448525, 241220.045800000429153 ], [ 85571.500799999572337, 241198.206000000238419 ], [ 85556.204599999822676, 241169.001000000163913 ], [ 85551.796400000341237, 241132.203600000590086 ], [ 85548.093799999915063, 241114.594399999827147 ], [ 85505.959400000050664, 241136.884199999272823 ], [ 85436.270200000144541, 241134.425400000065565 ], [ 85358.379200000315905, 241102.449999999254942 ], [ 85317.384800000116229, 241084.411599999293685 ], [ 85279.670400000177324, 241065.554400000721216 ], [ 85250.153199999593198, 241038.497600000351667 ], [ 85242.775399999693036, 240999.142599999904633 ], [ 85233.754800000227988, 240978.646600000560284 ], [ 85208.59360000025481, 240950.008600000292063 ], [ 85204.146800000220537, 240938.134600000455976 ], [ 85200.141400000080466, 240926.991599999368191 ], [ 85206.699000000022352, 240902.395999999716878 ], [ 85223.095200000330806, 240870.417999999597669 ], [ 85233.074799999594688, 240855.793600000441074 ], [ 85206.699599999934435, 240844.182000000029802 ], [ 85169.49959999974817, 240828.998800000175834 ], [ 85143.567999999970198, 240829.52559999935329 ], [ 85134.796799999661744, 240829.70240000076592 ], [ 85094.79660000000149, 240822.595000000670552 ], [ 85061.593399999663234, 240814.999399999156594 ], [ 85029.79700000025332, 240807.298000000417233 ], [ 84982.297799999825656, 240802.201400000602007 ], [ 84952.093000000342727, 240806.502599999308586 ], [ 84904.093799999915063, 240815.2043999992311 ], [ 84869.408800000324845, 240821.093599999323487 ], [ 84822.500799999572337, 240814.096799999475479 ], [ 84774.614599999971688, 240807.28800000064075 ], [ 84741.001400000415742, 240786.79079999960959 ], [ 84700.824000000022352, 240764.653400000184774 ], [ 84656.551199999637902, 240750.718000000342727 ], [ 84623.757000000216067, 240744.976999999955297 ], [ 84601.59360000025481, 240743.406600000336766 ], [ 84560.20299999974668, 240752.410800000652671 ], [ 84527.499400000087917, 240771.906400000676513 ], [ 84503.201799999922514, 240811.498800000175834 ], [ 84504.502799999900162, 240860.596200000494719 ], [ 84502.79700000025332, 240897.001000000163913 ], [ 84492.906200000084937, 240931.29759999923408 ], [ 84473.406600000336766, 240952.797199999913573 ], [ 84454.203599999658763, 240962.498800000175834 ], [ 84439.906999999657273, 240939.999800000339746 ], [ 84424.20299999974668, 240897.296800000593066 ], [ 84396.204199999570847, 240869.296399999409914 ], [ 84373.201999999582767, 240852.906600000336766 ], [ 84359.499400000087917, 240815.297399999573827 ], [ 84338.591400000266731, 240792.205000000074506 ], [ 84300.497800000011921, 240761.794199999421835 ], [ 84285.905799999833107, 240741.703999999910593 ], [ 84273.498800000175834, 240699.50139999948442 ], [ 84276.094600000418723, 240652.59180000051856 ], [ 84275.796000000089407, 240599.500800000503659 ], [ 84268.002799999900162, 240560.297199999913573 ], [ 84241.500599999912083, 240517.593800000846386 ], [ 84184.742600000463426, 240508.925000000745058 ], [ 84124.891200000420213, 240509.816999999806285 ], [ 84081.117600000463426, 240504.455399999395013 ], [ 84051.63980000000447, 240486.590600000694394 ], [ 84018.586799999698997, 240480.336400000378489 ], [ 83994.467400000430644, 240474.976800000295043 ], [ 83967.667600000277162, 240463.363600000739098 ], [ 83933.722199999727309, 240455.323400000110269 ], [ 83884.590400000102818, 240451.752000000327826 ], [ 83854.217199999839067, 240449.070199999958277 ], [ 83821.166400000452995, 240435.670800000429153 ], [ 83790.791199999861419, 240418.698200000450015 ], [ 83756.296400000341237, 240398.704600000753999 ], [ 83714.999200000427663, 240397.594799999147654 ], [ 83685.29619999974966, 240397.501800000667572 ], [ 83683.827200000174344, 240398.496799999848008 ], [ 83661.261199999600649, 240407.085400000214577 ], [ 83652.330000000074506, 240416.911399999633431 ], [ 83645.182000000029802, 240426.737400000914931 ], [ 83638.929399999789894, 240435.670399999246001 ], [ 83632.675800000317395, 240436.565600000321865 ], [ 83629.994400000199676, 240432.989000000059605 ], [ 83619.314199999906123, 240422.308199999853969 ], [ 83615.70299999974668, 240418.698200000450015 ], [ 83606.774400000460446, 240405.299399999901652 ], [ 83602.302600000053644, 240390.113800000399351 ], [ 83588.010200000368059, 240378.499600000679493 ], [ 83573.716799999587238, 240368.672800000756979 ], [ 83558.54619999974966, 240354.162399999797344 ], [ 83540.803600000217557, 240344.308199999853969 ], [ 83463.839599999599159, 240315.073599999770522 ], [ 83400.414800000376999, 240270.40819999948144 ], [ 83336.097400000318885, 240231.994200000539422 ], [ 83290.860399999655783, 240214.175200000405312 ], [ 83278.094200000166893, 240210.20380000025034 ], [ 83200.29660000000149, 240206.499199999496341 ], [ 83171.70380000025034, 240207.796599999070168 ], [ 83092.79700000025332, 240205.095000000670552 ], [ 83009.294999999925494, 240211.204800000414252 ], [ 82993.106599999591708, 240212.14780000038445 ], [ 82876.934399999678135, 240223.065999999642372 ], [ 82851.029799999669194, 240223.955399999395013 ], [ 82821.549800000153482, 240208.769400000572205 ], [ 82786.709599999710917, 240191.7956000007689 ], [ 82756.337600000202656, 240183.757400000467896 ], [ 82732.218799999915063, 240181.076999999582767 ], [ 82617.87459999974817, 240200.731599999591708 ], [ 82573.208599999547005, 240212.3432 ], [ 82554.449199999682605, 240223.061200000345707 ], [ 82550.760599999688566, 240221.324999999254942 ], [ 82539.262199999764562, 240215.91300000064075 ], [ 82513.358199999667704, 240218.594799999147654 ], [ 82484.772199999541044, 240222.169199999421835 ], [ 82461.544200000353158, 240214.130000000819564 ], [ 82450.435800000093877, 240204.607799999415874 ], [ 82424.026999999769032, 240191.79619999974966 ], [ 82407.051799999549985, 240176.610600000247359 ], [ 82365.962199999950826, 240162.319199999794364 ], [ 82334.695000000298023, 240152.491800000891089 ], [ 82304.322399999946356, 240148.918400000780821 ], [ 82246.257799999788404, 240141.770999999716878 ], [ 82207.844200000166893, 240123.905799999833107 ], [ 82183.72580000013113, 240108.7204 ], [ 82166.907399999909103, 240100.011199999600649 ], [ 82146.207000000402331, 240098.892799999564886 ], [ 82122.980000000447035, 240094.426799999549985 ], [ 82109.964399999938905, 240087.2652000002563 ], [ 82105.113800000399351, 240084.600400000810623 ], [ 82089.03139999974519, 240081.027000000700355 ], [ 82083.809000000357628, 240081.576400000602007 ], [ 82079.296799999661744, 240080.595000000670552 ], [ 82016.594600000418723, 240067.202199999243021 ], [ 81978.036600000225008, 240065.648199999704957 ], [ 81975.583599999547005, 240064.05379999987781 ], [ 81925.558000000193715, 240080.13260000012815 ], [ 81863.919400000013411, 240141.770999999716878 ], [ 81833.547199999913573, 240176.610600000247359 ], [ 81818.360799999907613, 240199.835999999195337 ], [ 81796.919400000013411, 240218.596400000154972 ], [ 81785.307799999602139, 240244.502000000327826 ], [ 81781.736600000411272, 240253.435200000181794 ], [ 81763.644000000320375, 240272.281400000676513 ], [ 81739.000799999572337, 240264.593800000846386 ], [ 81736.40639999974519, 240232.9068 ], [ 81744.999800000339746, 240190.799399999901652 ], [ 81751.406600000336766, 240159.296599999070168 ], [ 81753.201799999922514, 240129.500199999660254 ], [ 81735.594600000418723, 240116.595000000670552 ], [ 81713.79700000025332, 240120.000399999320507 ], [ 81685.203200000338256, 240120.297399999573827 ], [ 81681.794999999925494, 240090.99860000051558 ], [ 81698.797399999573827, 240055.000199999660254 ], [ 81705.294999999925494, 240033.593000000342727 ], [ 81680.001400000415742, 240030.9068 ], [ 81652.906200000084937, 240037.406600000336766 ], [ 81632.202800000086427, 240058.70380000025034 ], [ 81608.094600000418723, 240087.202600000426173 ], [ 81589.084999999962747, 240086.018400000408292 ], [ 81578.953999999910593, 240089.958399999886751 ], [ 81558.406999999657273, 240073.879200000315905 ], [ 81532.501799999736249, 240058.693199999630451 ], [ 81508.381400000303984, 240050.653400000184774 ], [ 81473.541799999773502, 240044.400000000372529 ], [ 81449.422799999825656, 240034.576400000602007 ], [ 81430.66399999987334, 240017.600600000470877 ], [ 81415.865399999544024, 240002.21000000089407 ], [ 81398.796000000089407, 239994.704199999570847 ], [ 81362.405600000172853, 239982.406600000336766 ], [ 81350.000199999660254, 239977.529999999329448 ], [ 81327.039599999785423, 239978.294999999925494 ], [ 81305.600999999791384, 239984.548200000077486 ], [ 81288.782200000248849, 239978.507999999448657 ], [ 81263.998200000263751, 239972.9068 ], [ 81238.202600000426173, 239965.705399999395013 ], [ 81208.497800000011921, 239957.796800000593066 ], [ 81179.09320000000298, 239954.79619999974966 ], [ 81169.79700000025332, 239984.500800000503659 ], [ 81141.298200000077486, 240026.405799999833107 ], [ 81138.907399999909103, 240060.203600000590086 ], [ 81124.00040000025183, 240090.20380000025034 ], [ 81100.702800000086427, 240132.798800000920892 ], [ 81079.797600000165403, 240183.499600000679493 ], [ 81040.593000000342727, 240255.093000000342727 ], [ 81003.702200000174344, 240320.093599999323487 ], [ 80972.702800000086427, 240369.498199999332428 ], [ 80932.593999999575317, 240409.298200000077486 ], [ 80892.000799999572337, 240451.700999999418855 ], [ 80865.59360000025481, 240482.797800000756979 ], [ 80835.593999999575317, 240532.70160000026226 ], [ 80788.596800000406802, 240602.406199999153614 ], [ 80766.295800000429153, 240653.094399999827147 ], [ 80732.024799999780953, 240687.956800000742078 ], [ 80693.595800000242889, 240735.431199999526143 ], [ 80667.97620000038296, 240773.106000000610948 ], [ 80656.673200000077486, 240800.231399999931455 ], [ 80641.601999999955297, 240841.677400000393391 ], [ 80624.27280000038445, 240875.585200000554323 ], [ 80586.597199999727309, 240914.013599999248981 ], [ 80553.441800000146031, 240941.14159999974072 ], [ 80532.34320000000298, 240975.048200000077486 ], [ 80518.026399999856949, 240990.119000000879169 ], [ 80505.969600000418723, 241008.205800000578165 ], [ 80503.754999999888241, 241021.496200000867248 ], [ 80502.201200000010431, 241030.810399999842048 ], [ 80493.160000000149012, 241042.865000000223517 ], [ 80478.844800000078976, 241051.907999999821186 ], [ 80477.487599999643862, 241052.83559999987483 ], [ 80464.526800000108778, 241061.704800000414252 ], [ 80456.992200000211596, 241075.267200000584126 ], [ 80456.076799999922514, 241082.874600000679493 ], [ 80454.732200000435114, 241094.104800000786781 ], [ 80450.962199999950826, 241118.970000000670552 ], [ 80438.906000000424683, 241135.548599999397993 ], [ 80427.84320000000298, 241146.130000000819564 ], [ 80421.57660000026226, 241152.126000000163913 ], [ 80404.244400000199676, 241171.719399999827147 ], [ 80398.968799999915063, 241191.308800000697374 ], [ 80397.252199999988079, 241197.32120000012219 ], [ 80391.434799999929965, 241217.682199999690056 ], [ 80385.971599999815226, 241223.349999999627471 ], [ 80371.089599999599159, 241238.779400000348687 ], [ 80333.412399999797344, 241276.458799999207258 ], [ 80328.894399999640882, 241304.338999999687076 ], [ 80324.371199999935925, 241326.189400000497699 ], [ 80311.562599999830127, 241354.069199999794364 ], [ 80299.505800000391901, 241375.165599999949336 ], [ 80285.941200000233948, 241423.393799999728799 ], [ 80270.870600000023842, 241467.851600000634789 ], [ 80255.800800000317395, 241507.033800000324845 ], [ 80241.484000000171363, 241546.217199999839067 ], [ 80239.977800000458956, 241576.357999999076128 ], [ 80248.266200000420213, 241609.510800000280142 ], [ 80252.787999999709427, 241660.752399999648333 ], [ 80242.99100000038743, 241706.716600000858307 ], [ 80228.67339999973774, 241739.870799999684095 ], [ 80224.153800000436604, 241757.955399999395013 ], [ 80212.849200000055134, 241797.137000000104308 ], [ 80220.385400000028312, 241826.524599999189377 ], [ 80218.12540000025183, 241863.448999999091029 ], [ 80208.330799999646842, 241889.069199999794364 ], [ 80208.331199999898672, 241919.207599999383092 ], [ 80205.317400000058115, 241953.116800000891089 ], [ 80197.781200000084937, 241982.504200000315905 ], [ 80190.998800000175834, 242027.716600000858307 ], [ 80219.594399999827147, 242128.796800000593066 ], [ 80227.093799999915063, 242159.297399999573827 ], [ 80227.793700000271201, 242162.097500000149012 ], [ 80197.617999999783933, 242169.76380000077188 ], [ 80153.288599999621511, 242177.349799999967217 ], [ 80126.520999999716878, 242164.559399999678135 ], [ 80102.161000000312924, 242149.785800000652671 ], [ 80088.253399999812245, 242135.644200000911951 ], [ 80079.801400000229478, 242125.815400000661612 ], [ 80070.613400000147521, 242125.018600000068545 ], [ 80063.018799999728799, 242111.838400000706315 ], [ 80053.432400000281632, 242101.455399999395013 ], [ 80034.666600000113249, 242103.057399999350309 ], [ 80022.283200000412762, 242097.853000000119209 ], [ 80003.906999999657273, 242096.268200000748038 ], [ 79980.343799999915063, 242102.650399999693036 ], [ 79952.381199999712408, 242109.439799999818206 ], [ 79927.224600000306964, 242105.049200000241399 ], [ 79909.246799999848008, 242097.064799999818206 ], [ 79901.660799999721348, 242089.07179999910295 ], [ 79740.632000000216067, 242049.765000000596046 ], [ 79640.134999999776483, 242087.331199999898672 ], [ 79637.649799999780953, 242086.681800000369549 ], [ 79572.155799999833107, 242066.703600000590086 ], [ 79540.192400000058115, 242057.515599999576807 ], [ 79407.602400000207126, 242029.163399999961257 ], [ 79382.428199999965727, 242019.568399999290705 ], [ 79310.941599999554455, 242005.998400000855327 ], [ 79269.807599999941885, 242000.41300000064075 ], [ 79229.461600000038743, 241995.606799999251962 ], [ 79173.545400000177324, 241993.208000000566244 ], [ 79099.660000000149012, 242005.193199999630451 ], [ 79082.885999999940395, 242011.185799999162555 ], [ 79051.329800000414252, 242031.96059999987483 ], [ 79027.359400000423193, 242054.32880000025034 ], [ 78990.217600000090897, 242085.87639999948442 ], [ 78953.86600000038743, 242097.064200000837445 ], [ 78923.917399999685585, 242089.073999999091029 ], [ 78884.776200000196695, 242069.503599999472499 ], [ 78824.865199999883771, 242040.346599999815226 ], [ 78796.506599999964237, 242038.749800000339746 ], [ 78764.153599999845028, 242030.35840000025928 ], [ 78728.609000000171363, 242021.575400000438094 ], [ 78695.853799999691546, 242020.382400000467896 ], [ 78657.514200000092387, 242021.174000000581145 ], [ 78605.991200000047684, 242024.374600000679493 ], [ 78562.052799999713898, 242010.795199999585748 ], [ 78498.951200000010431, 242020.775800000876188 ], [ 78462.205199999734759, 242022.373400000855327 ], [ 78434.246600000187755, 242024.770800000056624 ], [ 78399.099200000055134, 242029.56279999949038 ], [ 78366.747999999672174, 242035.152599999681115 ], [ 78345.178999999538064, 242032.757999999448657 ], [ 78318.021399999968708, 242029.96199999935925 ], [ 78289.263000000268221, 242029.563799999654293 ], [ 78266.098199999891222, 242022.77280000038445 ], [ 78246.127999999560416, 242017.979599999263883 ], [ 78222.16440000012517, 242031.161000000312924 ], [ 78200.792100000195205, 242047.096799999475479 ], [ 78216.296000000089407, 241972.201999999582767 ], [ 78231.202600000426173, 241914.906999999657273 ], [ 78253.296799999661744, 241846.093800000846386 ], [ 78269.79660000000149, 241782.702199999243021 ], [ 78290.200600000098348, 241708.741399999707937 ], [ 78318.451200000010431, 241618.814400000497699 ], [ 78328.593399999663234, 241560.907999999821186 ], [ 78343.092799999751151, 241465.595000000670552 ], [ 78352.999800000339746, 241372.000399999320507 ], [ 78361.796799999661744, 241251.594399999827147 ], [ 78372.093399999663234, 241163.500399999320507 ], [ 78381.411799999885261, 241075.496400000527501 ], [ 78384.793999999761581, 241003.592599999159575 ], [ 78390.292999999597669, 240957.505200000479817 ], [ 78393.705000000074506, 240880.597599999979138 ], [ 78394.908599999733269, 240808.401000000536442 ], [ 78388.699599999934435, 240729.492799999192357 ], [ 78385.504200000315905, 240643.90819999948144 ], [ 78390.292999999597669, 240575.599600000306964 ], [ 78399.290599999949336, 240506.79759999923408 ], [ 78416.29839999973774, 240459.801000000908971 ], [ 78452.911999999545515, 240436.584000000730157 ], [ 78474.58739999961108, 240361.20920000039041 ], [ 78494.998599999584258, 240279.001800000667572 ], [ 78507.910400000400841, 240199.097799999639392 ], [ 78518.293399999849498, 240135.301200000569224 ], [ 78509.590400000102818, 240082.407199999317527 ], [ 78496.401399999856949, 240038.493200000375509 ], [ 78501.597400000318885, 240000.597999999299645 ], [ 78498.098799999803305, 239978.411599999293685 ], [ 78480.493400000035763, 239933.502000000327826 ], [ 78467.096800000406802, 239888.003399999812245 ], [ 78449.699199999682605, 239846.297800000756979 ], [ 78420.507000000216067, 239794.408399999141693 ], [ 78401.100399999879301, 239748.589400000870228 ], [ 78376.59320000000298, 239707.412000000476837 ], [ 78358.199799999594688, 239681.302799999713898 ], [ 78344.5, 239656.501199999824166 ], [ 78345.201399999670684, 239623.594000000506639 ], [ 78356.095399999991059, 239589.595599999651313 ], [ 78373.79619999974966, 239531.297800000756979 ], [ 78401.291000000201166, 239490.908600000664592 ], [ 78413.094200000166893, 239445.202199999243021 ], [ 78424.299999999813735, 239403.59180000051856 ], [ 78447.291799999773502, 239360.907800000160933 ], [ 78482.303399999625981, 239317.911800000816584 ], [ 78504.411799999885261, 239294.997999999672174 ], [ 78542.904600000008941, 239268.299799999222159 ], [ 78558.795199999585748, 239238.207000000402331 ], [ 78556.50040000025183, 239195.791400000452995 ], [ 78553.902599999681115, 239163.291200000792742 ], [ 78558.500799999572337, 239107.703999999910593 ], [ 78560.198200000450015, 239074.199200000613928 ], [ 78573.793999999761581, 239004.288799999281764 ], [ 78578.089399999938905, 238966.20299999974668 ], [ 78581.492600000463426, 238928.299000000581145 ], [ 78590.697999999858439, 238892.707200000062585 ], [ 78590.793200000189245, 238840.505999999120831 ], [ 78582.999400000087917, 238808.698599999770522 ], [ 78585.294200000353158, 238777.410800000652671 ], [ 78571.404000000096858, 238741.091600000858307 ], [ 78530.096800000406802, 238742.494599999859929 ], [ 78482.996199999935925, 238719.294999999925494 ], [ 78440.502399999648333, 238690.7956000007689 ], [ 78417.502000000327826, 238659.594200000166893 ], [ 78425.408400000073016, 238626.59180000051856 ], [ 78444.910400000400841, 238601.097400000318885 ], [ 78474.102400000207126, 238576.494999999180436 ], [ 78519.090200000442564, 238534.200400000438094 ], [ 78530.001400000415742, 238514.707200000062585 ], [ 78517.297600000165403, 238483.497400000691414 ], [ 78480.79660000000149, 238463.588600000366569 ], [ 78428.205599999986589, 238458.600400000810623 ], [ 78399.498399999924004, 238451.906400000676513 ], [ 78389.591599999926984, 238429.702800000086427 ], [ 78386.101599999703467, 238412.002199999988079 ], [ 78373.293800000101328, 238388.793800000101328 ], [ 78354.294200000353158, 238399.20299999974668 ], [ 78325.50040000025183, 238405.005000000819564 ], [ 78298.291400000452995, 238403.290400000289083 ], [ 78274.502999999560416, 238406.589800000190735 ], [ 78236.70299999974668, 238399.402200000360608 ], [ 78225.791600000113249, 238375.198000000789762 ], [ 78207.995600000023842, 238362.199599999934435 ], [ 78178.89879999961704, 238372.097799999639392 ], [ 78140.406000000424683, 238357.402200000360608 ], [ 78133.590800000354648, 238321.992200000211596 ], [ 78127.407599999569356, 238284.495400000363588 ], [ 78093.097599999979138, 238298.099799999967217 ], [ 78061.497999999672174, 238312.094000000506639 ], [ 78055.098399999551475, 238283.300200000405312 ], [ 78048.898000000044703, 238251.501599999144673 ], [ 78023.593999999575317, 238245.197200000286102 ], [ 77990.911999999545515, 238255.70160000026226 ], [ 77950.704599999822676, 238264.092800000682473 ], [ 77936.095399999991059, 238221.79839999973774 ], [ 77925.296799999661744, 238185.003000000491738 ], [ 77903.803199999965727, 238153.801799999549985 ], [ 77876.204400000162423, 238154.70240000076592 ], [ 77848.207200000062585, 238178.698599999770522 ], [ 77797.504200000315905, 238176.594200000166893 ], [ 77732.495000000111759, 238163.093599999323487 ], [ 77668.196000000461936, 238140.0932 ], [ 77629.29619999974966, 238126.705199999734759 ], [ 77595.999400000087917, 238126.098999999463558 ], [ 77552.908200000412762, 238105.20299999974668 ], [ 77517.402999999932945, 238089.407400000840425 ], [ 77474.000199999660254, 238064.597200000658631 ], [ 77440.997800000011921, 238040.211200000718236 ], [ 77398.997800000011921, 238027.49860000051558 ], [ 77351.091799999587238, 238019.800000000745058 ], [ 77312.495000000111759, 237987.403799999505281 ], [ 77284.913599999621511, 237957.198400000110269 ], [ 77256.206399999558926, 237938.700999999418855 ], [ 77189.5, 237944.589800000190735 ], [ 77133.999400000087917, 237934.994599999859929 ], [ 77095.59320000000298, 237924.291200000792742 ], [ 77057.706600000150502, 237933.799599999561906 ], [ 77019.404400000348687, 237935.202600000426173 ], [ 76979.993599999696016, 237921.494000000879169 ], [ 76917.097599999979138, 237934.301999999210238 ], [ 76875.29660000000149, 237953.500600000843406 ], [ 76817.700400000438094, 237949.9068 ], [ 76739.900799999944866, 237933.089600000530481 ], [ 76687.794800000265241, 237920.498199999332428 ], [ 76621.703200000338256, 237894.700600000098348 ], [ 76557.404400000348687, 237882.793400000780821 ], [ 76499.998599999584258, 237875.908999999985099 ], [ 76439.908200000412762, 237866.30519999936223 ], [ 76393.803399999625981, 237860.199999999254942 ], [ 76342.797399999573827, 237842.585999999195337 ], [ 76288.197399999946356, 237813.697000000625849 ], [ 76224.798999999649823, 237781.092800000682473 ], [ 76167.505800000391901, 237745.596400000154972 ], [ 76126.08600000012666, 237725.903999999165535 ], [ 76082.501199999824166, 237718.205399999395013 ], [ 76057.006799999624491, 237734.598400000482798 ], [ 76042.40639999974519, 237747.492799999192357 ], [ 76019.501199999824166, 237712.299399999901652 ], [ 75991.599399999715388, 237692.806199999526143 ], [ 75943.996399999596179, 237678.205800000578165 ], [ 75929.906999999657273, 237670.792999999597669 ], [ 75866.101599999703467, 237639.600400000810623 ], [ 75788.804399999789894, 237636.794600000604987 ], [ 75743.496199999935925, 237635.30519999936223 ], [ 75691.502799999900162, 237641.800000000745058 ], [ 75663.999400000087917, 237649.593800000846386 ], [ 75641.994800000451505, 237633.096999999135733 ], [ 75602.999800000339746, 237598.700200000777841 ], [ 75559.796000000089407, 237562.597599999979138 ], [ 75555.873200000263751, 237561.861400000751019 ], [ 75525.86699999962002, 237536.592199999839067 ], [ 75496.077200000174344, 237542.792600000277162 ], [ 75450.145800000056624, 237550.240000000223517 ], [ 75420.338800000026822, 237563.896600000560284 ], [ 75391.796000000089407, 237588.724199999123812 ], [ 75364.474399999715388, 237620.999199999496341 ], [ 75317.304399999789894, 237657.006599999964237 ], [ 75292.442200000397861, 237680.197599999606609 ], [ 75272.620000000111759, 237619.760800000280142 ], [ 75270.134600000455976, 237589.962600000202656 ], [ 75268.887600000016391, 237571.344000000506639 ], [ 75268.52379999961704, 237538.800400000065565 ], [ 75271.372999999672174, 237495.622800000011921 ], [ 75263.925599999725819, 237448.452800000086427 ], [ 75242.830199999734759, 237393.818199999630451 ], [ 75224.20299999974668, 237357.819399999454618 ], [ 75220.540000000037253, 237334.204199999570847 ], [ 75232.89740000013262, 237301.963800000026822 ], [ 75234.222400000318885, 237285.475600000470877 ], [ 75235.28760000038892, 237272.485799999907613 ], [ 75233.841400000266731, 237272.780200000852346 ], [ 75230.871000000275671, 237273.377800000831485 ], [ 75230.33420000039041, 237265.627199999988079 ], [ 75211.247999999672174, 237270.06980000063777 ], [ 75201.367200000211596, 237287.198799999430776 ], [ 75199.332200000062585, 237290.359600000083447 ], [ 75175.560999999754131, 237284.999199999496341 ], [ 75148.17879999987781, 237291.225600000470877 ], [ 75134.366399999707937, 237284.133199999108911 ], [ 75128.538399999961257, 237283.206599999219179 ], [ 75123.507000000216067, 237282.418600000441074 ], [ 75115.592000000178814, 237286.211600000038743 ], [ 75107.971199999563396, 237289.857400000095367 ], [ 75107.720200000330806, 237298.309399999678135 ], [ 75069.833599999547005, 237313.645800000056624 ], [ 75050.487599999643862, 237320.400399999693036 ], [ 75019.80599999986589, 237311.532800000160933 ], [ 75001.828200000338256, 237308.484600000083447 ], [ 75000.001000000163913, 237308.172800000756979 ], [ 74996.000199999660254, 237307.488800000399351 ], [ 74989.280199999921024, 237310.632200000807643 ], [ 74982.248399999924004, 237313.914200000464916 ], [ 74973.779199999757111, 237322.868400000035763 ], [ 74948.275999999605119, 237323.535399999469519 ], [ 74938.793600000441074, 237319.257400000467896 ], [ 74925.015800000168383, 237313.030999999493361 ], [ 74912.892199999652803, 237322.69539999961853 ], [ 74908.562199999578297, 237326.159199999645352 ], [ 74886.064000000245869, 237335.225999999791384 ], [ 74872.528800000436604, 237343.556800000369549 ], [ 74858.170800000429153, 237347.193800000473857 ], [ 74810.585400000214577, 237340.673000000417233 ], [ 74794.149000000208616, 237330.982799999415874 ], [ 74792.174599999561906, 237329.8136 ], [ 74788.416199999861419, 237330.315999999642372 ], [ 74763.354799999855459, 237333.701999999582767 ], [ 74739.600999999791384, 237325.951400000602007 ], [ 74736.595999999903142, 237324.340600000694394 ], [ 74732.395999999716878, 237322.115000000223517 ], [ 74727.537800000049174, 237323.301400000229478 ], [ 74725.580799999646842, 237323.786399999633431 ], [ 74698.129200000315905, 237319.915599999949336 ], [ 74666.997200000099838, 237316.849999999627471 ], [ 74634.808799999766052, 237309.307199999690056 ], [ 74626.495400000363588, 237318.408800000324845 ], [ 74604.352400000207126, 237321.656199999153614 ], [ 74595.398000000044703, 237315.18720000050962 ], [ 74579.186999999918044, 237320.296599999070168 ], [ 74542.166400000452995, 237324.453199999406934 ], [ 74530.01659999974072, 237316.538200000301003 ], [ 74522.395999999716878, 237316.469000000506639 ], [ 74473.208399999886751, 237331.874600000679493 ], [ 74458.62540000025183, 237328.91300000064075 ], [ 74446.787399999797344, 237323.596000000834465 ], [ 74428.844200000166893, 237318.330800000578165 ], [ 74411.178199999965727, 237320.868000000715256 ], [ 74391.537800000049174, 237317.127000000327826 ], [ 74388.688799999654293, 237317.092399999499321 ], [ 74374.997600000351667, 237316.902000000700355 ], [ 74305.762600000016391, 237315.983999999240041 ], [ 74282.450400000438094, 237308.978199999779463 ], [ 74265.823599999770522, 237300.404999999329448 ], [ 74237.332999999634922, 237308.285399999469519 ], [ 74209.699599999934435, 237296.5945999994874 ], [ 74198.052199999801815, 237304.821399999782443 ], [ 74173.267799999564886, 237304.942800000309944 ], [ 74139.078999999910593, 237318.582000000402331 ], [ 74110.120600000023842, 237286.947599999606609 ], [ 74093.104000000283122, 237288.740199999883771 ], [ 74068.553600000217557, 237291.364199999719858 ], [ 74037.057799999602139, 237276.209599999710917 ], [ 74032.970399999991059, 237260.310200000181794 ], [ 74032.347000000067055, 237257.902799999341369 ], [ 73997.335400000214577, 237245.293999999761581 ], [ 73978.543600000441074, 237242.124600000679493 ], [ 73963.865199999883771, 237239.64780000038445 ], [ 73920.176599999889731, 237223.159600000828505 ], [ 73915.881400000303984, 237234.105599999427795 ], [ 73900.319799999706447, 237238.487400000914931 ], [ 73876.029000000096858, 237235.179400000721216 ], [ 73864.996399999596179, 237220.890799999237061 ], [ 73866.944799999706447, 237211.858599999919534 ], [ 73825.490399999544024, 237197.838400000706315 ], [ 73794.756799999624491, 237174.179800000041723 ], [ 73777.696999999694526, 237171.183599999174476 ], [ 73772.760999999940395, 237167.858200000599027 ], [ 73762.89740000013262, 237161.23340000025928 ], [ 73750.002999999560416, 237159.88260000012815 ], [ 73739.611200000159442, 237158.791400000452995 ], [ 73722.681400000117719, 237154.158399999141693 ], [ 73718.377399999648333, 237152.331199999898672 ], [ 73717.46820000000298, 237152.720799999311566 ], [ 73689.851999999955297, 237149.43019999936223 ], [ 73685.05460000038147, 237138.215800000354648 ], [ 73684.630199999548495, 237137.245799999684095 ], [ 73655.36019999999553, 237121.727399999275804 ], [ 73615.455799999646842, 237106.849999999627471 ], [ 73612.260400000028312, 237105.654799999669194 ], [ 73599.651600000448525, 237107.014399999752641 ], [ 73586.523400000296533, 237106.48619999922812 ], [ 73572.390599999576807, 237097.83500000089407 ], [ 73564.900000000372529, 237091.677999999374151 ], [ 73561.254200000315905, 237083.225999999791384 ], [ 73535.456600000150502, 237064.512199999764562 ], [ 73528.979199999943376, 237055.964999999850988 ], [ 73527.879399999976158, 237054.925799999386072 ], [ 73497.890399999916553, 237026.478399999439716 ], [ 73488.572599999606609, 237022.849999999627471 ], [ 73478.553199999965727, 237016.94400000013411 ], [ 73465.46820000000298, 237008.786399999633431 ], [ 73451.378600000403821, 236999.996799999848008 ], [ 73444.502799999900162, 236995.701400000602007 ], [ 73443.948599999770522, 236995.355000000447035 ], [ 73442.96999999973923, 236994.982799999415874 ], [ 73379.623599999584258, 236970.951799999922514 ], [ 73355.618599999696016, 236967.098200000822544 ], [ 73344.456199999898672, 236965.305600000545382 ], [ 73307.175800000317395, 236965.868400000035763 ], [ 73278.953599999658763, 236969.159199999645352 ], [ 73245.855800000019372, 236967.003000000491738 ], [ 73236.633200000040233, 236968.709000000730157 ], [ 73160.279799999669194, 236958.940600000321865 ], [ 73124.999800000339746, 236958.204600000753999 ], [ 73088.515999999828637, 236957.442600000649691 ], [ 73076.626199999824166, 236961.209599999710917 ], [ 73067.715200000442564, 236954.229800000786781 ], [ 73047.044200000353158, 236956.013599999248981 ], [ 73035.474799999967217, 236946.860200000926852 ], [ 73030.668600000441074, 236944.712600000202656 ], [ 73000.52379999961704, 236931.21199999935925 ], [ 72999.346199999563396, 236930.675000000745058 ], [ 72994.401399999856949, 236929.44539999961853 ], [ 72984.581199999898672, 236926.985999999567866 ], [ 72952.314799999818206, 236918.91499999910593 ], [ 72951.639200000092387, 236921.175200000405312 ], [ 72946.252999999560416, 236939.014399999752641 ], [ 72922.984000000171363, 236921.781400000676513 ], [ 72909.847199999727309, 236928.587999999523163 ], [ 72902.468999999575317, 236916.18720000050962 ], [ 72896.355200000107288, 236913.528599999845028 ], [ 72886.292399999685585, 236909.181399999186397 ], [ 72864.227400000207126, 236908.679199999198318 ], [ 72863.66440000012517, 236918.135800000280142 ], [ 72862.763799999840558, 236933.463600000366569 ], [ 72845.989799999631941, 236941.352600000798702 ], [ 72832.177400000393391, 236936.529200000688434 ], [ 72828.012000000104308, 236927.825999999418855 ], [ 72824.409599999897182, 236924.223600000143051 ], [ 72819.508200000040233, 236919.313400000333786 ], [ 72796.880199999548495, 236926.431800000369549 ], [ 72790.402599999681115, 236930.700999999418855 ], [ 72782.756000000052154, 236935.74100000038743 ], [ 72762.059000000357628, 236944.591399999335408 ], [ 72737.898199999704957, 236947.466399999335408 ], [ 72706.870199999772012, 236956.507200000807643 ], [ 72677.227800000458956, 236970.986400000751019 ], [ 72665.190600000321865, 236958.438400000333786 ], [ 72664.28139999974519, 236957.47719999961555 ], [ 72658.721800000406802, 236957.927400000393391 ], [ 72650.027400000020862, 236958.629000000655651 ], [ 72581.848799999803305, 236952.740199999883771 ], [ 72577.293800000101328, 236952.350600000470877 ], [ 72573.180399999953806, 236952.324599999934435 ], [ 72518.234000000171363, 236951.9695999994874 ], [ 72499.996399999596179, 236953.476399999111891 ], [ 72462.958399999886751, 236956.541799999773502 ], [ 72420.490799999795854, 236963.902799999341369 ], [ 72388.354399999603629, 236972.709799999371171 ], [ 72351.740799999795854, 236986.721200000494719 ], [ 72327.709800000302494, 236993.060200000181794 ], [ 72320.045800000429153, 236999.996799999848008 ], [ 72308.112599999643862, 237010.821399999782443 ], [ 72273.187800000421703, 237022.659399999305606 ], [ 72263.964999999850988, 237022.087799999862909 ], [ 72249.537800000049174, 237028.288200000301003 ], [ 72176.475200000219047, 237059.628000000491738 ], [ 72160.549800000153482, 237060.121600000187755 ], [ 72148.252799999900162, 237065.949799999594688 ], [ 72139.766200000420213, 237065.664000000804663 ], [ 71967.748200000263751, 237059.853199999779463 ], [ 71922.076399999670684, 237070.028400000184774 ], [ 71875.001799999736249, 237093.401200000196695 ], [ 71855.525799999944866, 237103.074200000613928 ], [ 71857.751400000415742, 237109.049599999561906 ], [ 71833.122999999672174, 237129.400000000372529 ], [ 71827.286199999973178, 237117.423599999397993 ], [ 71818.77379999961704, 237118.809200000017881 ], [ 71807.550599999725819, 237137.254399999976158 ], [ 71790.378200000151992, 237140.995600000023842 ], [ 71779.198400000110269, 237140.094799999147654 ], [ 71759.064399999566376, 237150.677200000733137 ], [ 71749.711799999698997, 237152.279200000688434 ], [ 71743.442200000397861, 237145.316800000146031 ], [ 71734.089599999599159, 237148.971200000494719 ], [ 71729.474000000394881, 237145.931600000709295 ], [ 71726.676799999549985, 237144.08699999935925 ], [ 71724.471800000406802, 237142.627000000327826 ], [ 71772.520600000396371, 237133.230200000107288 ], [ 71823.68859999999404, 237106.339400000870228 ], [ 71849.300599999725819, 237085.880400000140071 ], [ 71874.999400000087917, 237076.738600000739098 ], [ 71916.790000000037253, 237061.859999999403954 ], [ 71953.25, 237052.960799999535084 ], [ 71961.509800000116229, 237047.880200000479817 ], [ 71971.559999999590218, 237046.930600000545382 ], [ 72155.980000000447035, 237046.630400000140071 ], [ 72160.579599999822676, 237049.579199999570847 ], [ 72179.719800000078976, 237046.161000000312924 ], [ 72265.949400000274181, 237010.469399999827147 ], [ 72294.230200000107288, 236999.999600000679493 ], [ 72301.171400000341237, 236997.430400000885129 ], [ 72349.53940000012517, 236972.809800000861287 ], [ 72359.041199999861419, 236970.98960000090301 ], [ 72364.079800000414252, 236965.140000000596046 ], [ 72390.899799999780953, 236959.900800000876188 ], [ 72413.820000000298023, 236949.979800000786781 ], [ 72428.060800000093877, 236953.059000000357628 ], [ 72460.739799999631941, 236945.989199999719858 ], [ 72500.0, 236944.560200000181794 ], [ 72509.190399999730289, 236944.229000000283122 ], [ 72543.260800000280142, 236938.779799999669194 ], [ 72593.520200000144541, 236942.28999999910593 ], [ 72600.929999999701977, 236939.369000000879169 ], [ 72616.009800000116229, 236940.500600000843406 ], [ 72619.706600000150502, 236932.824400000274181 ], [ 72621.760200000368059, 236928.560200000181794 ], [ 72630.970200000330806, 236929.670199999585748 ], [ 72635.985000000335276, 236932.396600000560284 ], [ 72652.870400000363588, 236941.5793999992311 ], [ 72661.089999999850988, 236948.230200000107288 ], [ 72682.190399999730289, 236943.830600000917912 ], [ 72705.649799999780953, 236943.029799999669194 ], [ 72721.829800000414252, 236937.860200000926852 ], [ 72754.28000000026077, 236927.510199999436736 ], [ 72763.395800000056624, 236923.087999999523163 ], [ 72789.949599999934435, 236910.210200000554323 ], [ 72833.650799999944866, 236895.76039999909699 ], [ 72884.869800000451505, 236890.739800000563264 ], [ 72891.22719999961555, 236888.213600000366569 ], [ 72892.749400000087917, 236887.609400000423193 ], [ 72894.951000000350177, 236887.847999999299645 ], [ 72904.940200000070035, 236888.930400000885129 ], [ 72919.160400000400841, 236892.250199999660254 ], [ 72936.809600000269711, 236895.950400000438094 ], [ 72945.239199999719858, 236894.009999999776483 ], [ 72967.429800000041723, 236904.080000000074506 ], [ 72970.509999999776483, 236902.449799999594688 ], [ 73025.190000000409782, 236927.380000000819564 ], [ 73045.140599999576807, 236935.699999999254942 ], [ 73057.420400000177324, 236939.320000000298023 ], [ 73065.099999999627471, 236937.708599999547005 ], [ 73072.620199999772012, 236944.470599999651313 ], [ 73102.370000000111759, 236945.200200000777841 ], [ 73121.220200000330806, 236942.859999999403954 ], [ 73121.209599999710917, 236947.32039999961853 ], [ 73125.00040000025183, 236947.010199999436736 ], [ 73159.059600000269711, 236944.269999999552965 ], [ 73181.399799999780953, 236946.069599999114871 ], [ 73235.839599999599159, 236954.259999999776483 ], [ 73255.24959999974817, 236954.749600000679493 ], [ 73299.126000000163913, 236952.714800000190735 ], [ 73332.899400000460446, 236951.150200000032783 ], [ 73381.110000000335276, 236957.669399999082088 ], [ 73397.609600000083447, 236962.050200000405312 ], [ 73434.789599999785423, 236981.179999999701977 ], [ 73459.830400000326335, 236994.31900000013411 ], [ 73462.159599999897182, 236995.539599999785423 ], [ 73468.620400000363588, 236999.999600000679493 ], [ 73471.520399999804795, 237001.998999999836087 ], [ 73486.07039999961853, 237007.908999999985099 ], [ 73492.660799999721348, 236999.999600000679493 ], [ 73562.739400000311434, 236915.909199999645352 ], [ 73563.807400000281632, 236873.585400000214577 ], [ 73564.821600000374019, 236833.354399999603629 ], [ 73567.509600000455976, 236726.769799999892712 ], [ 73569.129599999636412, 236714.730599999427795 ], [ 73537.278599999845028, 236717.530200000852346 ], [ 73498.049599999561906, 236720.538799999281764 ], [ 73472.99959999974817, 236724.719799999147654 ], [ 73455.270200000144541, 236728.319599999114871 ], [ 73431.529600000008941, 236734.92960000038147 ], [ 73418.54079999960959, 236736.5793999992311 ], [ 73411.379800000227988, 236736.759999999776483 ], [ 73392.740199999883771, 236735.029400000348687 ], [ 73376.989799999631941, 236730.599600000306964 ], [ 73368.129599999636412, 236727.809599999338388 ], [ 73291.379800000227988, 236694.209599999710917 ], [ 73260.829800000414252, 236680.870400000363588 ], [ 73259.689600000157952, 236684.399800000712276 ], [ 73250.939600000157952, 236680.299599999561906 ], [ 73251.450000000186265, 236676.739199999719858 ], [ 73241.079400000162423, 236672.284600000828505 ], [ 73184.830199999734759, 236648.119400000199676 ], [ 73173.609600000083447, 236642.369200000539422 ], [ 73147.790400000289083, 236632.248999999836087 ], [ 73125.00040000025183, 236627.820599999278784 ], [ 73109.049999999813735, 236624.720000000670552 ], [ 73083.759800000116229, 236621.289599999785423 ], [ 73076.050599999725819, 236625.629200000315905 ], [ 73071.150799999944866, 236626.189400000497699 ], [ 73064.900000000372529, 236619.410000000149012 ], [ 73023.809399999678135, 236616.710200000554323 ], [ 73022.950000000186265, 236628.240399999544024 ], [ 73011.730000000447035, 236626.660000000149012 ], [ 73012.110399999655783, 236621.349999999627471 ], [ 72998.300800000317395, 236619.630200000479817 ], [ 72998.610000000335276, 236614.7195999994874 ], [ 72943.870400000363588, 236610.499600000679493 ], [ 72921.948800000362098, 236789.386800000444055 ], [ 72868.536399999633431, 236788.83699999935925 ], [ 72648.82799999974668, 236819.673200000077486 ], [ 72544.204400000162423, 236710.644799999892712 ], [ 72397.016800000332296, 236741.520400000736117 ], [ 72352.579199999570847, 236750.841399999335408 ], [ 72344.549599999561906, 236754.010199999436736 ], [ 72341.340400000102818, 236754.769999999552965 ], [ 72309.910199999809265, 236767.920399999246001 ], [ 72296.770200000144541, 236765.749800000339746 ], [ 72252.032200000248849, 236758.342000000178814 ], [ 72214.917200000025332, 236753.595000000670552 ], [ 72203.702399999834597, 236733.970000000670552 ], [ 72174.169800000265241, 236684.7652000002563 ], [ 72145.535600000061095, 236696.328199999406934 ], [ 72058.009200000204146, 236774.31980000063777 ], [ 72042.780399999581277, 236789.169800000265241 ], [ 72010.320000000298023, 236803.198999999091029 ], [ 71997.689600000157952, 236806.499399999156594 ], [ 71916.559999999590218, 236826.859400000423193 ], [ 71911.260400000028312, 236830.179999999701977 ], [ 71899.729600000195205, 236834.639399999752641 ], [ 71899.17960000038147, 236830.859400000423193 ], [ 71874.999400000087917, 236836.149800000712276 ], [ 71869.209800000302494, 236837.419600000604987 ], [ 71858.279600000008941, 236839.819399999454618 ], [ 71855.440600000321865, 236840.429199999198318 ], [ 71805.92960000038147, 236855.179400000721216 ], [ 71776.810200000181794, 236851.270199999213219 ], [ 71747.190999999642372, 236857.309000000357628 ], [ 71726.389399999752641, 236857.329800000414252 ], [ 71693.840599999763072, 236853.949999999254942 ], [ 71672.490199999883771, 236858.058800000697374 ], [ 71655.719600000418723, 236865.989800000563264 ], [ 71578.109600000083447, 236889.859200000762939 ], [ 71575.709400000050664, 236889.060399999842048 ], [ 71566.659799999557436, 236899.939999999478459 ], [ 71494.339200000278652, 236907.1402000002563 ], [ 71462.610000000335276, 236897.259600000455976 ], [ 71451.160199999809265, 236897.89919999986887 ], [ 71401.710400000214577, 236898.429999999701977 ], [ 71362.350200000219047, 236898.679199999198318 ], [ 71326.569600000046194, 236898.169999999925494 ], [ 71291.089999999850988, 236898.5304000005126 ], [ 71259.589800000190735, 236903.35080000013113 ], [ 71249.99959999974817, 236903.098999999463558 ], [ 71232.001199999824166, 236902.639799999073148 ], [ 71136.129399999976158, 236911.659199999645352 ], [ 71127.340200000442564, 236915.479800000786781 ], [ 71099.57880000025034, 236920.159800000488758 ], [ 71091.490000000223517, 236918.869599999859929 ], [ 70996.829800000414252, 236935.009400000795722 ], [ 70980.291000000201166, 236940.329600000753999 ], [ 70965.330000000074506, 236947.449999999254942 ], [ 70958.680200000293553, 236945.999399999156594 ], [ 70944.729799999855459, 236957.759999999776483 ], [ 70934.789800000376999, 236961.649800000712276 ], [ 70914.649799999780953, 236962.799200000241399 ], [ 70893.280399999581277, 236978.659399999305606 ], [ 70865.990799999795854, 236995.539000000804663 ], [ 70858.780399999581277, 236999.999600000679493 ], [ 70852.509800000116229, 237003.980200000107288 ], [ 70811.739799999631941, 237013.309599999338388 ], [ 70727.409400000236928, 237033.019999999552965 ], [ 70647.189600000157952, 237057.999399999156594 ], [ 70625.0, 237070.019200000911951 ], [ 70614.650000000372529, 237075.619400000199676 ], [ 70625.0, 237089.499199999496341 ], [ 70634.853900000452995, 237102.692999999970198 ], [ 70630.788599999621511, 237103.074200000613928 ], [ 70621.011599999852479, 237105.724199999123812 ], [ 70615.192200000397861, 237107.568800000473857 ], [ 70606.185999999754131, 237108.893600000068545 ], [ 70601.154799999669194, 237109.421800000593066 ], [ 70593.759200000204146, 237109.950200000777841 ], [ 70581.315200000070035, 237109.421800000593066 ], [ 70564.385200000368059, 237108.365399999544024 ], [ 70548.780199999921024, 237108.893600000068545 ], [ 70546.251600000075996, 237109.274599999189377 ], [ 70549.27379999961704, 237130.716399999335408 ], [ 70552.28760000038892, 237159.007799999788404 ], [ 70560.167999999597669, 237150.018999999389052 ], [ 70562.003800000064075, 237152.002199999988079 ], [ 70570.247999999672174, 237145.896999999880791 ], [ 70583.159599999897182, 237153.283800000324845 ], [ 70596.244599999859929, 237165.519999999552965 ], [ 70597.569600000046194, 237166.758400000631809 ], [ 70605.89159999974072, 237187.85359999909997 ], [ 70610.81900000013411, 237206.610799999907613 ], [ 70613.286999999545515, 237222.665999999269843 ], [ 70631.100200000219047, 237236.971999999135733 ], [ 70616.673000000417233, 237252.551000000908971 ], [ 70605.06900000013411, 237277.9847999997437 ], [ 70589.957600000314415, 237297.911000000312924 ], [ 70575.409199999645352, 237315.256599999964237 ], [ 70553.370000000111759, 237342.569599999114871 ], [ 70532.274799999780953, 237369.648800000548363 ], [ 70512.842199999839067, 237388.397199999541044 ], [ 70506.08739999961108, 237400.702800000086427 ], [ 70472.998399999924004, 237435.004200000315905 ], [ 70429.794800000265241, 237448.790599999949336 ], [ 70409.989799999631941, 237431.843399999663234 ], [ 70383.230999999679625, 237422.005799999460578 ], [ 70324.439600000157952, 237412.731200000271201 ], [ 70324.517599999904633, 237386.561200000345707 ], [ 70324.543600000441074, 237384.041200000792742 ], [ 70277.321800000034273, 237411.328199999406934 ], [ 70257.733199999667704, 237421.650800000876188 ], [ 70251.290400000289083, 237425.036800000816584 ], [ 70241.366200000047684, 237430.258600000292063 ], [ 70227.839599999599159, 237435.463199999183416 ], [ 70205.826399999670684, 237452.289200000464916 ], [ 70192.230600000359118, 237462.594200000166893 ], [ 70167.948599999770522, 237489.820599999278784 ], [ 70155.045400000177324, 237500.004599999636412 ], [ 70142.090400000102818, 237510.231799999251962 ], [ 70126.736600000411272, 237521.099799999967217 ], [ 70110.438799999654293, 237538.376199999824166 ], [ 70106.81900000013411, 237547.312999999150634 ], [ 70101.735799999907613, 237552.127800000831485 ], [ 70094.426799999549985, 237555.236800000071526 ], [ 70081.965400000102818, 237556.535800000652671 ], [ 70073.825199999846518, 237557.384400000795722 ], [ 70016.142400000244379, 237574.270999999716878 ], [ 70006.729199999943376, 237577.709000000730157 ], [ 70000.00040000025183, 237580.168199999257922 ], [ 69981.442599999718368, 237586.957599999383092 ], [ 69957.697399999946356, 237589.027200000360608 ], [ 69948.751799999736249, 237589.503599999472499 ], [ 69932.722599999979138, 237598.119999999180436 ], [ 69925.933199999853969, 237601.635999999940395 ], [ 69922.226800000295043, 237603.419800000265241 ], [ 69917.60259999986738, 237605.273000000044703 ], [ 69913.030199999921024, 237606.901000000536442 ], [ 69907.739000000059605, 237608.225999999791384 ], [ 69898.317200000397861, 237609.819399999454618 ], [ 69877.932000000029802, 237617.067600000649691 ], [ 69873.809999999590218, 237620.375800000503659 ], [ 69858.577399999834597, 237625.424399999901652 ], [ 69846.401800000108778, 237626.151799999177456 ], [ 69832.909799999557436, 237629.858200000599027 ], [ 69831.394199999980628, 237631.027200000360608 ], [ 69827.558000000193715, 237633.962999999523163 ], [ 69820.699400000274181, 237635.868000000715256 ], [ 69819.452399999834597, 237636.101999999955297 ], [ 69816.759200000204146, 237636.612800000235438 ], [ 69812.888399999588728, 237636.725400000810623 ], [ 69808.636400000192225, 237636.257799999788404 ], [ 69794.910600000061095, 237633.166200000792742 ], [ 69772.793399999849498, 237628.17820000089705 ], [ 69770.446600000374019, 237627.823200000450015 ], [ 69768.039200000464916, 237627.805800000205636 ], [ 69730.784799999557436, 237629.39919999986887 ], [ 69725.94400000013411, 237629.433800000697374 ], [ 69720.93859999999404, 237629.1568 ], [ 69716.530799999833107, 237628.567800000309944 ], [ 69711.533999999985099, 237627.511399999260902 ], [ 69699.418999999761581, 237624.428600000217557 ], [ 69689.633399999700487, 237622.350199999287724 ], [ 69681.657800000160933, 237621.276399999856949 ], [ 69679.293600000441074, 237621.328199999406934 ], [ 69676.487800000235438, 237626.740599999204278 ], [ 69682.593000000342727, 237626.749399999156594 ], [ 69684.879200000315905, 237638.621999999508262 ], [ 69679.423600000329316, 237642.250399999320507 ], [ 69672.651600000448525, 237646.822799999266863 ], [ 69647.495000000111759, 237643.081800000742078 ], [ 69647.044599999673665, 237640.665599999949336 ], [ 69643.035199999809265, 237641.843399999663234 ], [ 69640.887400000356138, 237642.475600000470877 ], [ 69638.246199999935925, 237643.531999999657273 ], [ 69622.961799999698997, 237653.1097999997437 ], [ 69621.290400000289083, 237653.507999999448657 ], [ 69618.657800000160933, 237654.313400000333786 ], [ 69614.683000000193715, 237656.504399999976158 ], [ 69602.074199999682605, 237663.120400000363588 ], [ 69604.421000000089407, 237668.76659999974072 ], [ 69589.266400000080466, 237674.248400000855327 ], [ 69573.427600000053644, 237680.119599999859929 ], [ 69547.266400000080466, 237690.63260000012815 ], [ 69552.098600000143051, 237697.777000000700355 ], [ 69522.690000000409782, 237717.166200000792742 ], [ 69523.400000000372529, 237736.971200000494719 ], [ 69495.593399999663234, 237736.512199999764562 ], [ 69492.545199999585748, 237751.606200000271201 ], [ 69491.765800000168383, 237758.317600000649691 ], [ 69488.431800000369549, 237757.69400000013411 ], [ 69484.09320000000298, 237755.910199999809265 ], [ 69481.867600000463426, 237755.312599999830127 ], [ 69481.019000000320375, 237741.985200000926852 ], [ 69482.188000000081956, 237734.312599999830127 ], [ 69478.100599999539554, 237733.567800000309944 ], [ 69467.388600000180304, 237731.619400000199676 ], [ 69465.102400000207126, 237731.151799999177456 ], [ 69450.293999999761581, 237727.982400000095367 ], [ 69448.57079999987036, 237730.588999999687076 ], [ 69442.09320000000298, 237740.313799999654293 ], [ 69439.174999999813735, 237743.526599999517202 ], [ 69435.208800000138581, 237746.2804000005126 ], [ 69435.08739999961108, 237746.35840000025928 ], [ 69427.501400000415742, 237748.6706000007689 ], [ 69417.447399999946356, 237753.736600000411272 ], [ 69414.303999999538064, 237755.260600000619888 ], [ 69405.064000000245869, 237744.790999999269843 ], [ 69398.932799999602139, 237737.845799999311566 ], [ 69374.997200000099838, 237743.907600000500679 ], [ 69373.784799999557436, 237744.219399999827147 ], [ 69367.636400000192225, 237747.172399999573827 ], [ 69350.221400000154972, 237755.529200000688434 ], [ 69341.241200000047684, 237759.278799999505281 ], [ 69334.348000000230968, 237760.811599999666214 ], [ 69326.545599999837577, 237757.849999999627471 ], [ 69318.431400000117719, 237754.429400000721216 ], [ 69315.764200000092387, 237753.303600000217557 ], [ 69299.977400000207126, 237756.551000000908971 ], [ 69294.894000000320375, 237757.581399999558926 ], [ 69292.382799999788404, 237758.092399999499321 ], [ 69291.516800000332296, 237756.932000000029802 ], [ 69290.529600000008941, 237752.97440000064671 ], [ 69281.020999999716878, 237753.424799999222159 ], [ 69271.304800000041723, 237756.958000000566244 ], [ 69257.163399999961257, 237762.95920000039041 ], [ 69256.920800000429153, 237762.690799999982119 ], [ 69229.616600000299513, 237770.129599999636412 ], [ 69197.60120000038296, 237782.88539999909699 ], [ 69185.226400000043213, 237782.036800000816584 ], [ 69181.745199999772012, 237781.794199999421835 ], [ 69175.605399999767542, 237782.166600000113249 ], [ 69155.653199999593198, 237789.674599999561906 ], [ 69120.277999999932945, 237807.83420000039041 ], [ 69081.568799999542534, 237830.756799999624491 ], [ 69063.053999999538064, 237841.062000000849366 ], [ 69050.514600000344217, 237848.050400000065565 ], [ 69004.912200000137091, 237875.276799999177456 ], [ 68999.309399999678135, 237879.580600000917912 ], [ 68995.949400000274181, 237881.745600000023842 ], [ 68945.410799999721348, 237912.297399999573827 ], [ 68918.279600000008941, 237930.050000000745058 ], [ 68899.756400000303984, 237947.421599999070168 ], [ 68892.360799999907613, 237953.27559999935329 ], [ 68887.07839999999851, 237957.449599999934435 ], [ 68877.829800000414252, 237964.758400000631809 ], [ 68857.886199999600649, 237979.644600000232458 ], [ 68838.644199999980628, 237994.011199999600649 ], [ 68836.029000000096858, 237994.643400000408292 ], [ 68821.800800000317395, 237998.098600000143051 ], [ 68818.674599999561906, 238000.003799999132752 ], [ 68802.688799999654293, 238009.745999999344349 ], [ 68790.764200000092387, 238017.020199999213219 ], [ 68791.283800000324845, 238018.752199999988079 ], [ 68791.283800000324845, 238022.441199999302626 ], [ 68792.019799999892712, 238026.121799999848008 ], [ 68792.019799999892712, 238027.593800000846386 ], [ 68797.18099999986589, 238032.018999999389052 ], [ 68806.014000000432134, 238032.755200000479817 ], [ 68811.911399999633431, 238032.018999999389052 ], [ 68799.389399999752641, 238058.535399999469519 ], [ 68789.066800000146031, 238074.746400000527501 ], [ 68736.779000000096858, 238127.770400000736117 ], [ 68727.937400000169873, 238143.245400000363588 ], [ 68719.087000000290573, 238152.08699999935925 ], [ 68711.72620000038296, 238157.23960000090301 ], [ 68692.57079999987036, 238167.553400000557303 ], [ 68679.312599999830127, 238178.603399999439716 ], [ 68662.373999999836087, 238186.709000000730157 ], [ 68650.588000000454485, 238190.389399999752641 ], [ 68635.112999999895692, 238205.128399999812245 ], [ 68580.946000000461936, 238233.930800000205636 ], [ 68562.032999999821186, 238252.350199999287724 ], [ 68553.962199999950826, 238255.580199999734759 ], [ 68534.938900000415742, 238263.580700000748038 ], [ 68533.178199999965727, 238256.456800000742078 ], [ 68532.549800000153482, 238253.919800000265241 ], [ 68533.230200000107288, 238243.8293999992311 ], [ 68539.739799999631941, 238208.879799999296665 ], [ 68541.960400000214577, 238203.7796 ], [ 68677.250799999572337, 238109.550599999725819 ], [ 68681.871600000187755, 238100.508799999952316 ], [ 68682.139200000092387, 238083.000399999320507 ], [ 68682.558600000105798, 238079.730200000107288 ], [ 68748.979399999603629, 238030.018600000068545 ], [ 68750.001799999736249, 238026.759800000116229 ], [ 68754.050200000405312, 238013.830199999734759 ], [ 68752.409799999557436, 238000.300599999725819 ], [ 68752.369800000451505, 238000.000600000843406 ], [ 68751.928999999538064, 237996.390799999237061 ], [ 68750.001400000415742, 237997.019799999892712 ], [ 68748.129999999888241, 237997.630000000819564 ], [ 68746.770600000396371, 238000.0 ], [ 68745.539200000464916, 238002.159800000488758 ], [ 68744.279799999669194, 238002.461200000718236 ], [ 68694.690999999642372, 238013.939799999818206 ], [ 68686.009999999776483, 238024.919600000604987 ], [ 68681.619199999608099, 238030.470799999311566 ], [ 68673.438799999654293, 238032.949799999594688 ], [ 68652.219600000418723, 238034.729399999603629 ], [ 68622.100200000219047, 238039.67960000038147 ], [ 68498.229399999603629, 238051.570199999958277 ], [ 68486.020800000056624, 238054.650399999693036 ], [ 68466.869400000199676, 238057.750600000843406 ], [ 68443.939399999566376, 238060.6706000007689 ], [ 68423.700600000098348, 238061.050400000065565 ], [ 68420.050599999725819, 238061.120600000023842 ], [ 68413.704800000414252, 238060.733599999919534 ], [ 68393.799399999901652, 238059.520600000396371 ], [ 68376.411799999885261, 238056.533600000664592 ], [ 68369.760999999940395, 238055.390799999237061 ], [ 68337.279799999669194, 238047.539799999445677 ], [ 68314.43059999961406, 238043.230399999767542 ], [ 68292.060399999842048, 238042.520199999213219 ], [ 68264.830199999734759, 238042.709599999710917 ], [ 68249.800400000065565, 238043.17960000038147 ], [ 68229.329599999822676, 238043.820599999278784 ], [ 68207.359600000083447, 238049.409600000828505 ], [ 68193.54079999960959, 238056.090199999511242 ], [ 68194.747299999929965, 238073.11009999923408 ], [ 68188.908400000073016, 238079.206199999898672 ], [ 68172.20380000025034, 238095.997600000351667 ], [ 68143.410000000149012, 238125.899800000712276 ], [ 68083.406200000084937, 238192.796800000593066 ], [ 68047.00040000025183, 238234.502399999648333 ], [ 68002.090800000354648, 238263.29619999974966 ], [ 67949.292000000365078, 238287.404999999329448 ], [ 67898.199199999682605, 238311.297399999573827 ], [ 67839.589800000190735, 238346.906400000676513 ], [ 67784.504800000227988, 238358.597200000658631 ], [ 67724.197999999858439, 238376.505599999800324 ], [ 67678.09320000000298, 238396.994799999520183 ], [ 67616.703999999910593, 238421.908999999985099 ], [ 67554.509200000204146, 238445.004599999636412 ], [ 67524.295199999585748, 238459.596400000154972 ], [ 67568.200400000438094, 238458.496600000187755 ], [ 67609.498999999836087, 238452.79839999973774 ], [ 67686.804999999701977, 238462.601399999111891 ], [ 67786.998800000175834, 238471.399599999189377 ], [ 67865.707600000314415, 238468.593800000846386 ], [ 67948.495199999772012, 238482.406199999153614 ], [ 68014.586799999698997, 238491.005400000140071 ], [ 68069.60259999986738, 238520.006999999284744 ], [ 68113.906000000424683, 238547.095000000670552 ], [ 68157.300200000405312, 238569.298599999397993 ], [ 68197.594200000166893, 238610.095000000670552 ], [ 68206.704400000162423, 238665.586799999698997 ], [ 68204.496199999935925, 238711.206599999219179 ], [ 68188.406200000084937, 238759.208000000566244 ], [ 68167.709400000050664, 238798.090399999171495 ], [ 68139.409199999645352, 238833.595599999651313 ], [ 68103.098600000143051, 238874.097400000318885 ], [ 68066.710199999623001, 238913.906400000676513 ], [ 68017.799599999561906, 238959.99379999935627 ], [ 68013.417799999937415, 238963.388599999248981 ], [ 67949.127399999648333, 239008.713800000026822 ], [ 67908.357200000435114, 239037.065999999642372 ], [ 67863.152999999932945, 239061.451999999582767 ], [ 67819.369099999777973, 239078.087500000372529 ], [ 67819.014000000432134, 239078.148199999704957 ], [ 67815.52419999986887, 239078.676400000229478 ], [ 67797.364599999971688, 239081.447599999606609 ], [ 67776.468399999663234, 239082.625199999660254 ], [ 67711.381400000303984, 239086.703999999910593 ], [ 67666.835400000214577, 239092.471400000154972 ], [ 67653.958399999886751, 239093.735799999907613 ], [ 67625.095200000330806, 239096.567600000649691 ], [ 67622.254800000227988, 239110.977399999275804 ], [ 67615.067200000397861, 239139.061200000345707 ], [ 67611.308799999766052, 239158.822799999266863 ], [ 67610.009999999776483, 239213.855799999088049 ], [ 67612.590599999763072, 239220.601800000295043 ], [ 67639.158800000324845, 239224.663200000301003 ], [ 67640.397199999541044, 239224.81900000013411 ], [ 67660.028800000436604, 239227.37360000051558 ], [ 67672.966599999926984, 239234.024399999529123 ], [ 67677.712199999950826, 239236.475199999287724 ], [ 67684.01659999974072, 239258.133199999108911 ], [ 67685.072999999858439, 239277.894999999552965 ], [ 67685.228799999691546, 239280.709400000050664 ], [ 67686.094800000078976, 239296.825200000777841 ], [ 67682.362399999983609, 239308.221599999815226 ], [ 67680.440000000409782, 239314.075600000098348 ], [ 67641.60080000013113, 239340.479199999943376 ], [ 67610.95380000025034, 239358.145199999213219 ], [ 67600.830599999986589, 239362.068199999630451 ], [ 67571.854799999855459, 239366.701199999079108 ], [ 67521.472199999727309, 239386.774599999189377 ], [ 67506.490799999795854, 239390.905200000852346 ], [ 67499.995799999684095, 239392.697799999266863 ], [ 67486.425999999977648, 239396.456199999898672 ], [ 67464.326200000010431, 239398.274800000712276 ], [ 67448.357599999755621, 239404.362600000575185 ], [ 67416.463600000366569, 239411.757999999448657 ], [ 67404.027999999932945, 239424.661199999973178 ], [ 67386.924999999813735, 239443.401000000536442 ], [ 67357.576999999582767, 239475.996400000527501 ], [ 67328.237599999643862, 239488.215399999171495 ], [ 67277.716400000266731, 239502.071000000461936 ], [ 67256.525799999944866, 239514.298599999397993 ], [ 67215.790199999697506, 239538.745200000703335 ], [ 67201.120400000363588, 239547.708200000226498 ], [ 67184.0, 239561.936200000345707 ], [ 67163.796799999661744, 239562.455800000578165 ], [ 67144.892400000244379, 239555.85700000077486 ], [ 67124.524600000120699, 239556.671000000089407 ], [ 67113.933600000105798, 239562.369200000539422 ], [ 67082.143600000068545, 239574.596799999475479 ], [ 67069.725399999879301, 239577.818199999630451 ], [ 67060.147599999792874, 239580.303600000217557 ], [ 67036.514999999664724, 239580.303600000217557 ], [ 67031.388399999588728, 239580.303600000217557 ], [ 67014.510599999688566, 239580.303600000217557 ], [ 66987.621799999848008, 239578.675599999725819 ], [ 66960.733199999667704, 239586.815799999982119 ], [ 66925.686999999918044, 239603.122199999168515 ], [ 66911.017400000244379, 239609.634400000795722 ], [ 66893.091599999926984, 239616.155200000852346 ], [ 66893.039599999785423, 239634.028999999165535 ], [ 66892.32079999987036, 239858.733200000599027 ], [ 66893.091599999926984, 239859.807199999690056 ], [ 66324.983000000007451, 240348.375399999320507 ], [ 66283.736399999819696, 240383.845799999311566 ], [ 66264.832200000062585, 240400.100400000810623 ], [ 66249.997999999672174, 240416.095000000670552 ], [ 66249.331199999898672, 240416.813799999654293 ], [ 66244.568199999630451, 240421.940400000661612 ], [ 66235.882399999536574, 240443.044199999421835 ], [ 66222.148000000044703, 240435.0945999994874 ], [ 66220.598000000230968, 240439.208000000566244 ], [ 66198.870600000023842, 240433.223999999463558 ], [ 66164.993400000035763, 240426.547399999573827 ], [ 66153.103400000371039, 240424.20920000039041 ], [ 66148.903400000184774, 240425.205000000074506 ], [ 66155.398400000296533, 240452.907800000160933 ], [ 66144.348399999551475, 240457.107799999415874 ], [ 66140.208999999798834, 240459.904799999669194 ], [ 66136.56319999974221, 240462.381599999964237 ], [ 66132.33739999961108, 240466.598799999803305 ], [ 66122.265999999828637, 240476.635600000619888 ], [ 66113.32039999961853, 240482.757999999448657 ], [ 66110.280799999833107, 240485.468599999323487 ], [ 66090.129399999976158, 240499.999600000679493 ], [ 66088.466799999587238, 240501.203400000929832 ], [ 66086.855999999679625, 240502.38120000064373 ], [ 66085.340599999763072, 240499.999600000679493 ], [ 66084.41399999987334, 240498.536199999973178 ], [ 66082.292399999685585, 240496.544399999082088 ], [ 66076.576799999922514, 240493.05460000038147 ], [ 66073.606599999591708, 240492.058599999174476 ], [ 66058.832999999634922, 240499.999600000679493 ], [ 66041.478799999691546, 240509.317600000649691 ], [ 66040.205799999646842, 240510.001800000667572 ], [ 66038.465200000442564, 240511.092800000682473 ], [ 66034.204599999822676, 240505.394799999892712 ], [ 65987.961199999786913, 240527.581199999898672 ], [ 65980.366600000299513, 240520.436799999326468 ], [ 65971.628800000064075, 240526.264799999073148 ], [ 65960.050800000317395, 240512.157999999821186 ], [ 65944.800800000317395, 240504.650000000372529 ], [ 65943.89159999974072, 240503.757999999448657 ], [ 65940.037999999709427, 240499.999600000679493 ], [ 65935.595399999991059, 240495.661199999973178 ], [ 65927.169400000013411, 240487.434399999678135 ], [ 65915.288200000301003, 240495.332000000402331 ], [ 65908.27379999961704, 240499.999600000679493 ], [ 65895.275399999693036, 240508.642200000584126 ], [ 65887.836600000038743, 240513.58699999935925 ], [ 65869.729000000283122, 240534.526200000196695 ], [ 65852.725599999539554, 240544.441800000146031 ], [ 65826.811200000345707, 240580.934200000017881 ], [ 65824.065999999642372, 240595.335400000214577 ], [ 65819.207799999974668, 240605.146999999880791 ], [ 65822.637000000104308, 240607.5456000007689 ], [ 65820.472199999727309, 240610.671800000593066 ], [ 65817.016800000332296, 240608.273000000044703 ], [ 65793.445000000298023, 240639.361800000071526 ], [ 65784.334800000302494, 240664.630999999120831 ], [ 65781.806200000457466, 240669.393999999389052 ], [ 65797.705599999986589, 240683.318800000473857 ], [ 65801.082799999974668, 240685.466600000858307 ], [ 65804.806599999777973, 240688.662000000476837 ], [ 65831.30559999961406, 240711.307399999350309 ], [ 65818.289800000376999, 240721.465199999511242 ], [ 65797.376400000415742, 240710.822399999946356 ], [ 65790.682400000281632, 240712.034800000488758 ], [ 65763.603199999779463, 240717.057399999350309 ], [ 65754.415199999697506, 240730.168400000780821 ], [ 65743.988800000399351, 240726.730399999767542 ], [ 65740.914599999785423, 240725.717199999839067 ], [ 65740.940600000321865, 240728.176599999889731 ], [ 65741.200400000438094, 240751.255000000819564 ], [ 65741.338999999687076, 240762.63399999961257 ], [ 65741.546799999661744, 240780.282600000500679 ], [ 65703.824799999594688, 240836.89159999974072 ], [ 65671.385200000368059, 240885.568399999290705 ], [ 65657.148400000296533, 240895.994799999520183 ], [ 65633.98340000025928, 240897.752599999308586 ], [ 65633.498599999584258, 240897.510199999436736 ], [ 65625.176400000229478, 240893.474799999967217 ], [ 65624.994599999859929, 240893.82120000012219 ], [ 65606.782999999821186, 240928.832599999383092 ], [ 65605.362800000235438, 240931.577800000086427 ], [ 65598.105999999679625, 240945.502800000831485 ], [ 65592.30379999987781, 240957.92960000038147 ], [ 65588.060600000433624, 240968.442600000649691 ], [ 65575.019000000320375, 240957.176200000569224 ], [ 65568.541400000452995, 240952.257400000467896 ], [ 65564.748399999924004, 240952.205399999395013 ], [ 65563.657399999909103, 240957.288799999281764 ], [ 65560.634999999776483, 240981.614199999719858 ], [ 65560.643600000068545, 240999.998800000175834 ], [ 65560.652400000020862, 241008.909800000488758 ], [ 65563.42339999973774, 241033.036000000312924 ], [ 65568.44620000012219, 241053.871400000527501 ], [ 65582.197999999858439, 241098.05379999987781 ], [ 65595.464800000190735, 241128.146600000560284 ], [ 65605.605399999767542, 241142.824799999594688 ], [ 65624.994599999859929, 241168.527200000360608 ], [ 65636.252399999648333, 241183.430600000545382 ], [ 65665.816800000146031, 241214.917600000277162 ], [ 65676.165400000289083, 241225.326799999922514 ], [ 65688.098600000143051, 241229.267000000923872 ], [ 65695.433400000445545, 241234.869799999520183 ], [ 65690.272199999541044, 241251.574599999934435 ], [ 65727.457399999722838, 241320.775000000372529 ], [ 65731.397599999792874, 241328.101199999451637 ], [ 65739.07880000025034, 241335.505200000479817 ], [ 65741.460199999623001, 241358.410399999469519 ], [ 65744.768199999816716, 241373.738199999555945 ], [ 65743.339399999938905, 241381.523399999365211 ], [ 65746.560800000093877, 241391.178999999538064 ], [ 65756.640800000168383, 241398.557199999690056 ], [ 65766.408999999985099, 241404.688400000333786 ], [ 65772.064000000245869, 241422.6402000002563 ], [ 65768.487399999983609, 241460.214999999850988 ], [ 65766.452399999834597, 241490.455000000074506 ], [ 65769.206199999898672, 241499.997999999672174 ], [ 65770.816800000146031, 241505.540400000289083 ], [ 65773.345599999651313, 241524.68720000050962 ], [ 65771.189199999906123, 241530.004200000315905 ], [ 65770.080799999646842, 241542.084599999710917 ], [ 65773.241600000299513, 241559.0318 ], [ 65778.52419999986887, 241563.812000000849366 ], [ 65793.877999999560416, 241569.233200000599027 ], [ 65794.388799999840558, 241569.406400000676513 ], [ 65793.35840000025928, 241576.057000000029802 ], [ 65792.033400000073016, 241576.645999999716878 ], [ 65780.056800000369549, 241581.911000000312924 ], [ 65775.259399999864399, 241594.147399999201298 ], [ 65781.433799999766052, 241612.350199999287724 ], [ 65780.039599999785423, 241622.525399999693036 ], [ 65778.853199999779463, 241631.289200000464916 ], [ 65773.111800000071526, 241646.738199999555945 ], [ 65768.747200000099838, 241658.463600000366569 ], [ 65769.457399999722838, 241675.168400000780821 ], [ 65770.791000000201166, 241679.541600000113249 ], [ 65773.371600000187755, 241688.010800000280142 ], [ 65774.202800000086427, 241689.500399999320507 ], [ 65775.398000000044703, 241691.648000000044703 ], [ 65791.946800000034273, 241721.2818 ], [ 65790.794999999925494, 241763.506999999284744 ], [ 65785.997600000351667, 241819.094200000166893 ], [ 65793.799999999813735, 241830.880200000479817 ], [ 65792.232599999755621, 241840.674399999901652 ], [ 65790.985600000247359, 241863.042600000277162 ], [ 65806.521200000308454, 241878.569599999114871 ], [ 65839.44579999987036, 241891.619999999180436 ], [ 65863.277599999681115, 241907.986999999731779 ], [ 65884.277599999681115, 241925.834799999371171 ], [ 65910.715800000354648, 241968.6402000002563 ], [ 65934.634200000204146, 242007.652599999681115 ], [ 65998.820600000210106, 242064.29619999974966 ], [ 66059.240000000223517, 242114.644200000911951 ], [ 66110.860999999567866, 242136.042600000277162 ], [ 66164.975999999791384, 242159.960999999195337 ], [ 66216.588399999774992, 242172.552400000393391 ], [ 66255.60080000013113, 242176.32799999974668 ], [ 66297.150600000284612, 242175.0636 ], [ 66332.387199999764562, 242171.28800000064075 ], [ 66372.672600000165403, 242167.512399999424815 ], [ 66404.133600000292063, 242166.256599999964237 ], [ 66445.674599999561906, 242159.960999999195337 ], [ 66518.685399999842048, 242147.369599999859929 ], [ 66592.951799999922514, 242151.153999999165535 ], [ 66667.21820000000298, 242144.858200000599027 ], [ 66703.71059999987483, 242162.481000000610948 ], [ 66737.700199999846518, 242177.583599999547005 ], [ 66771.681200000457466, 242182.62360000051558 ], [ 66791.824000000022352, 242210.309000000357628 ], [ 66817.361600000411272, 242254.127599999308586 ], [ 66852.702200000174344, 242306.4068 ], [ 66878.837600000202656, 242336.0318 ], [ 66903.847000000067055, 242343.730399999767542 ], [ 66944.132399999536574, 242348.770400000736117 ], [ 66976.857800000347197, 242363.873199999332428 ], [ 67008.327399999834597, 242385.280200000852346 ], [ 67039.805800000205636, 242404.149800000712276 ], [ 67066.226800000295043, 242406.669800000265241 ], [ 67135.461799999698997, 242412.965600000694394 ], [ 67198.392599999904633, 242429.323799999430776 ], [ 67247.493599999696016, 242446.955199999734759 ], [ 67285.25040000025183, 242475.896199999377131 ], [ 67304.059399999678135, 242494.964999999850988 ], [ 67335.286600000225008, 242506.941600000485778 ], [ 67372.497800000011921, 242521.204199999570847 ], [ 67408.410000000149012, 242559.090800000354648 ], [ 67453.908400000073016, 242567.404200000688434 ], [ 67484.590200000442564, 242551.504799999296665 ], [ 67521.402999999932945, 242549.807600000873208 ], [ 67646.268400000408292, 242601.090800000354648 ], [ 67667.909400000236928, 242615.613399999216199 ], [ 67688.052000000141561, 242628.204600000753999 ], [ 67713.217400000430644, 242634.500399999320507 ], [ 67729.800800000317395, 242636.344799999147654 ], [ 67735.879999999888241, 242637.020400000736117 ], [ 67767.349799999967217, 242637.020400000736117 ], [ 67786.228000000119209, 242648.347400000318885 ], [ 67813.92200000025332, 242662.194399999454618 ], [ 67841.607400000095367, 242669.745799999684095 ], [ 67869.301400000229478, 242671.009999999776483 ], [ 67889.444199999794364, 242674.785800000652671 ], [ 67907.08420000039041, 242684.606000000610948 ], [ 67930.98519999999553, 242684.85700000077486 ], [ 67934.838800000026822, 242686.208000000566244 ], [ 67952.383600000292063, 242692.399800000712276 ], [ 67961.199199999682605, 242689.879799999296665 ], [ 67975.03760000038892, 242693.664000000804663 ], [ 68007.763000000268221, 242706.246799999848008 ], [ 68039.232599999755621, 242715.062400000169873 ], [ 68066.926599999889731, 242727.653799999505281 ], [ 68104.691999999806285, 242725.133799999952316 ], [ 68158.763799999840558, 242726.753200000151992 ], [ 68229.167799999937415, 242737.361400000751019 ], [ 68231.488599999807775, 242737.759800000116229 ], [ 68319.931200000457466, 242752.827800000086427 ], [ 68324.971199999563396, 242759.123400000855327 ], [ 68315.661799999885261, 242855.861999999731779 ], [ 68316.293999999761581, 242858.503200000151992 ], [ 68315.401999999769032, 242896.502399999648333 ], [ 68315.592600000090897, 242942.901599999517202 ], [ 68309.097799999639392, 242982.502800000831485 ], [ 68295.094800000078976, 243028.902000000700355 ], [ 68267.097799999639392, 243078.202199999243021 ], [ 68256.17989999987185, 243094.687000000849366 ], [ 68252.499200000427663, 243133.79700000025332 ], [ 68274.203999999910593, 243147.796599999070168 ], [ 68278.263000000268221, 243150.94400000013411 ], [ 68279.552400000393391, 243155.456599999219179 ], [ 68306.010999999940395, 243201.758400000631809 ], [ 68370.145200000144541, 243237.3902000002563 ], [ 68377.449599999934435, 243241.448000000789762 ], [ 68376.156600000336766, 243248.171399999409914 ], [ 68370.83420000039041, 243275.842800000682473 ], [ 68408.559600000269711, 243369.649399999529123 ], [ 68419.78139999974519, 243397.551999999210238 ], [ 68425.072200000286102, 243462.374199999496341 ], [ 68417.134999999776483, 243521.906400000676513 ], [ 68401.261599999852479, 243582.761600000783801 ], [ 68395.968999999575317, 243687.270600000396371 ], [ 68370.204199999570847, 243730.203600000590086 ], [ 68361.571999999694526, 243815.594799999147654 ], [ 68365.542600000277162, 243904.230599999427795 ], [ 68365.612200000323355, 243905.118200000375509 ], [ 68370.833800000138581, 243971.699799999594688 ], [ 68374.876199999824166, 244057.393200000748038 ], [ 68377.449599999934435, 244111.928400000557303 ], [ 68370.830000000074506, 244167.070599999278784 ], [ 68465.279799999669194, 244254.063200000673532 ], [ 68466.594200000166893, 244258.907600000500679 ], [ 68473.70380000025034, 244308.999600000679493 ], [ 68470.905600000172853, 244388.797399999573827 ], [ 68469.00040000025183, 244432.7956000007689 ], [ 68476.702800000086427, 244463.99860000051558 ], [ 68495.499400000087917, 244508.906999999657273 ], [ 68511.297399999573827, 244556.000399999320507 ], [ 68522.5, 244594.298000000417233 ], [ 68535.093799999915063, 244637.203400000929832 ], [ 68546.000199999660254, 244679.0 ], [ 68562.29700000025332, 244757.906400000676513 ], [ 68536.199000000022352, 244848.7956000007689 ], [ 68517.67920000012964, 244896.419800000265241 ], [ 68522.968999999575317, 245007.543800000101328 ], [ 68521.646200000308454, 245023.419999999925494 ], [ 68524.232400000095367, 245033.020400000736117 ], [ 68530.907399999909103, 245057.815400000661612 ], [ 68570.593799999915063, 245084.274800000712276 ], [ 68614.251400000415742, 245121.316199999302626 ], [ 68663.199599999934435, 245147.774599999189377 ], [ 68687.012000000104308, 245186.137800000607967 ], [ 68701.564199999906123, 245221.857799999415874 ], [ 68677.885800000280142, 245232.695199999958277 ], [ 68620.865399999544024, 245257.575600000098348 ], [ 68575.887000000104308, 245299.909199999645352 ], [ 68527.128399999812245, 245364.065799999982119 ], [ 68484.605000000447035, 245401.776599999517202 ], [ 68447.562800000421703, 245458.660199999809265 ], [ 68406.552400000393391, 245502.314600000157952 ], [ 68354.95920000039041, 245563.171399999409914 ], [ 68311.415599999949336, 245606.712200000882149 ], [ 68290.135999999940395, 245627.994999999180436 ], [ 68253.094600000418723, 245658.420800000429153 ], [ 68198.826999999582767, 245721.141200000420213 ], [ 68181.658200000412762, 245721.921599999070168 ], [ 68151.229199999943376, 245725.889799999073148 ], [ 68120.800800000317395, 245748.379799999296665 ], [ 68069.209599999710917, 245794.682199999690056 ], [ 68040.103600000031292, 245813.203600000590086 ], [ 68012.323800000362098, 245823.785599999129772 ], [ 67995.124800000339746, 245840.983999999240041 ], [ 67983.218799999915063, 245856.858599999919534 ], [ 67946.176599999889731, 245883.317800000309944 ], [ 67897.227400000207126, 245896.54759999923408 ], [ 67864.156999999657273, 245919.036000000312924 ], [ 67824.468399999663234, 245950.786199999973178 ], [ 67809.916199999861419, 245981.213999999687076 ], [ 67774.197399999946356, 246032.806800000369549 ], [ 67729.217400000430644, 246060.587799999862909 ], [ 67693.499200000427663, 246118.797199999913573 ], [ 67647.197800000198185, 246170.391200000420213 ], [ 67590.310800000093877, 246228.59940000064671 ], [ 67523.218999999575317, 246310.328400000929832 ], [ 67493.999800000339746, 246335.70380000025034 ], [ 67457.796000000089407, 246355.204600000753999 ], [ 67417.905600000172853, 246368.906600000336766 ], [ 67364.091400000266731, 246388.796399999409914 ], [ 67320.593799999915063, 246402.20380000025034 ], [ 67294.09360000025481, 246427.594000000506639 ], [ 67262.796000000089407, 246452.000399999320507 ], [ 67239.202600000426173, 246470.795800000429153 ], [ 67256.0, 246502.203400000929832 ], [ 67279.703999999910593, 246531.906600000336766 ], [ 67329.592400000430644, 246573.500199999660254 ], [ 67371.297199999913573, 246607.7043999992311 ], [ 67425.20380000025034, 246650.405799999833107 ], [ 67462.202399999834597, 246660.79700000025332 ], [ 67502.906200000084937, 246660.593399999663234 ], [ 67533.598600000143051, 246668.919600000604987 ], [ 67550.624400000087917, 246682.360400000587106 ], [ 67649.970599999651313, 246755.519400000572205 ], [ 67673.656000000424683, 246782.903000000864267 ], [ 67691.480200000107288, 246813.880200000479817 ], [ 67689.531000000424683, 246843.756599999964237 ], [ 67697.467799999751151, 246868.892799999564886 ], [ 67708.110399999655783, 246906.740000000223517 ], [ 67709.374800000339746, 246933.715600000694394 ], [ 67693.499200000427663, 246980.016400000080466 ], [ 67698.791199999861419, 247043.51659999974072 ], [ 67719.957799999974668, 247093.788799999281764 ], [ 67782.135800000280142, 247157.288599999621511 ], [ 67850.927799999713898, 247218.144200000911951 ], [ 67867.529799999669194, 247247.66300000064075 ], [ 67874.739000000059605, 247260.47580000013113 ], [ 67875.478000000119209, 247283.357999999076128 ], [ 67876.06180000025779, 247301.487199999392033 ], [ 67883.99959999974817, 247346.466199999675155 ], [ 67899.849799999967217, 247389.889599999412894 ], [ 67917.95299999974668, 247399.465199999511242 ], [ 67930.302000000141561, 247405.996200000867248 ], [ 67921.275000000372529, 247415.02419999986887 ], [ 67918.395600000396371, 247417.904799999669194 ], [ 67905.166600000113249, 247436.425200000405312 ], [ 67915.749800000339746, 247473.465800000354648 ], [ 67940.838000000454485, 247500.415400000289083 ], [ 67950.406600000336766, 247528.907199999317527 ], [ 67957.99959999974817, 247558.297399999573827 ], [ 67971.297399999573827, 247602.202800000086427 ], [ 67982.905799999833107, 247635.407199999317527 ], [ 67997.918200000189245, 247657.175400000065565 ], [ 68004.385999999940395, 247678.518999999389052 ], [ 68026.875, 247767.155200000852346 ], [ 68041.427600000053644, 247829.333200000226498 ], [ 68063.290199999697506, 247898.589800000190735 ], [ 68089.052400000393391, 248021.154400000348687 ], [ 68107.574000000022352, 248083.331399999558926 ], [ 68126.09360000025481, 248144.186000000685453 ], [ 68153.87459999974817, 248214.302200000733137 ], [ 68175.042200000025332, 248283.093599999323487 ], [ 68212.740600000135601, 248339.701199999079108 ], [ 68222.088399999774992, 248378.201199999079108 ], [ 68237.21860000025481, 248440.520600000396371 ], [ 68268.970399999991059, 248541.062599999830127 ], [ 68282.197999999858439, 248587.365000000223517 ], [ 68291.458200000226498, 248666.739399999380112 ], [ 68291.458200000226498, 248723.625199999660254 ], [ 68294.160799999721348, 248795.160599999129772 ], [ 68305.578999999910593, 248879.670199999585748 ], [ 68324.53139999974519, 248935.293400000780821 ], [ 68321.999800000339746, 248977.797800000756979 ], [ 68361.99959999974817, 248999.297399999573827 ], [ 68419.59320000000298, 248996.594000000506639 ], [ 68506.406000000424683, 248979.5 ], [ 68538.50040000025183, 248959.594000000506639 ], [ 68568.20299999974668, 248914.5 ], [ 68579.203200000338256, 248877.095200000330806 ], [ 68594.20160000026226, 248836.999800000339746 ], [ 68608.202399999834597, 248811.29759999923408 ], [ 68624.202800000086427, 248797.499800000339746 ], [ 68671.202200000174344, 248757.29700000025332 ], [ 68691.701000000350177, 248703.594000000506639 ], [ 68702.702800000086427, 248666.79619999974966 ], [ 68730.203200000338256, 248613.907600000500679 ], [ 68736.296400000341237, 248593.798200000077486 ], [ 68765.296799999661744, 248528.001599999144673 ], [ 68790.999400000087917, 248479.7043999992311 ], [ 68837.20299999974668, 248430.501199999824166 ], [ 68859.297199999913573, 248404.20299999974668 ], [ 68910.701999999582767, 248366.9068 ], [ 68934.498800000175834, 248356.79759999923408 ], [ 68975.79660000000149, 248352.501199999824166 ], [ 69010.500199999660254, 248348.906600000336766 ], [ 69051.40679999999702, 248320.297800000756979 ], [ 69082.093999999575317, 248303.000399999320507 ], [ 69115.79660000000149, 248276.999800000339746 ], [ 69139.502199999988079, 248245.703400000929832 ], [ 69173.59360000025481, 248191.406199999153614 ], [ 69211.797199999913573, 248138.094399999827147 ], [ 69251.500199999660254, 248079.407600000500679 ], [ 69276.593399999663234, 248031.70240000076592 ], [ 69298.200799999758601, 248009.249600000679493 ], [ 69340.533599999733269, 248048.936000000685453 ], [ 69374.92960000038147, 248091.269200000911951 ], [ 69447.690600000321865, 248123.019799999892712 ], [ 69538.971400000154972, 248126.98960000090301 ], [ 69668.61780000012368, 248128.309800000861287 ], [ 69751.96100000012666, 248128.312400000169873 ], [ 69848.535799999721348, 248125.666200000792742 ], [ 69949.076399999670684, 248125.666200000792742 ], [ 70074.753200000151992, 248134.926400000229478 ], [ 70139.577399999834597, 248133.603000000119209 ], [ 70220.275600000284612, 248133.603000000119209 ], [ 70258.63980000000447, 248126.989000000059605 ], [ 70294.358599999919534, 248132.2796 ], [ 70369.76480000000447, 248152.123800000175834 ], [ 70445.173200000077486, 248161.38399999961257 ], [ 70479.549399999901652, 248159.167999999597669 ], [ 70484.859000000171363, 248136.24860000051558 ], [ 70517.931599999777973, 248052.905600000172853 ], [ 70561.588200000114739, 247964.269999999552965 ], [ 70586.723000000230968, 247891.510600000619888 ], [ 70605.245400000363588, 247851.822599999606609 ], [ 70666.099399999715388, 247757.894400000572205 ], [ 70710.618800000287592, 247696.038200000301003 ], [ 70717.542399999685585, 247718.188400000333786 ], [ 70736.461199999786913, 247750.027400000020862 ], [ 70741.945000000298023, 247755.28319999948144 ], [ 70777.06940000038594, 247758.796000000089407 ], [ 70819.983799999579787, 247756.026200000196695 ], [ 70885.510999999940395, 247737.107200000435114 ], [ 70942.732200000435114, 247721.879799999296665 ], [ 70990.722400000318885, 247714.035000000149012 ], [ 71040.098799999803305, 247693.731200000271201 ], [ 71063.631599999964237, 247677.580800000578165 ], [ 71104.24199999962002, 247671.580000000074506 ], [ 71149.002000000327826, 247666.504799999296665 ], [ 71202.529600000008941, 247663.275200000032783 ], [ 71255.136199999600649, 247671.580000000074506 ], [ 71280.51480000000447, 247666.043600000441074 ], [ 71337.275399999693036, 247660.505599999800324 ], [ 71372.806599999777973, 247666.506400000303984 ], [ 71380.078200000338256, 247679.177799999713898 ], [ 71388.957399999722838, 247694.653999999165535 ], [ 71400.494599999859929, 247750.48960000090301 ], [ 71407.876799999736249, 247780.945000000298023 ], [ 71406.954400000162423, 247840.934599999338388 ], [ 71400.494599999859929, 247891.695199999958277 ], [ 71410.185800000093877, 247941.071000000461936 ], [ 71411.108000000007451, 248006.135199999436736 ], [ 71420.79839999973774, 248065.662599999457598 ], [ 71430.488400000147521, 248165.798800000920892 ], [ 71413.877600000239909, 248198.5614 ], [ 71409.722400000318885, 248248.398600000888109 ], [ 71436.947800000198185, 248305.619200000539422 ], [ 71471.097199999727309, 248399.755200000479817 ], [ 71502.014200000092387, 248460.667199999094009 ], [ 71526.536999999545515, 248486.645999999716878 ], [ 71583.691800000146031, 248526.654999999329448 ], [ 71664.905799999833107, 248581.107599999755621 ], [ 71718.897599999792874, 248635.558599999174476 ], [ 71730.433600000105798, 248648.941600000485778 ], [ 71735.048200000077486, 248678.473600000143051 ], [ 71718.435200000181794, 248693.24100000038743 ], [ 71715.912800000049174, 248695.590800000354648 ], [ 71698.132000000216067, 248712.158800000324845 ], [ 71666.291000000201166, 248736.617200000211596 ], [ 71648.295599999837577, 248761.996799999848008 ], [ 71650.141800000332296, 248798.45240000076592 ], [ 71661.29700000025332, 248857.094200000166893 ], [ 71671.203200000338256, 248920.705199999734759 ], [ 71679.202600000426173, 248959.092599999159575 ], [ 71681.295199999585748, 249007.094000000506639 ], [ 71682.000199999660254, 249061.594399999827147 ], [ 71684.74959999974817, 249082.246200000867248 ], [ 71691.21100000012666, 249107.165999999269843 ], [ 71703.207799999974668, 249132.083200000226498 ], [ 71727.665199999697506, 249178.230000000447035 ], [ 71743.354199999943376, 249207.300799999386072 ], [ 71742.894199999980628, 249253.447000000625849 ], [ 71734.587199999950826, 249278.365599999204278 ], [ 71738.278400000184774, 249348.044199999421835 ], [ 71747.969399999827147, 249391.881999999284744 ], [ 71767.811599999666214, 249417.724199999123812 ], [ 71786.269799999892712, 249429.259800000116229 ], [ 71814.109199999831617, 249442.102399999275804 ], [ 71831.952600000426173, 249449.563799999654293 ], [ 71846.869400000199676, 249459.508199999108911 ], [ 71858.25719999987632, 249467.098999999463558 ], [ 71878.059999999590218, 249473.939200000837445 ], [ 71895.172399999573827, 249470.330399999395013 ], [ 71926.552400000393391, 249466.639000000432134 ], [ 71929.106800000183284, 249466.850400000810623 ], [ 71964.039800000376999, 249469.749600000679493 ], [ 71985.717000000178814, 249472.004399999976158 ], [ 71996.231999999843538, 249473.098799999803305 ], [ 71999.864400000311434, 249475.17339999973774 ], [ 72018.84320000000298, 249486.019400000572205 ], [ 72031.302199999801815, 249484.173200000077486 ], [ 72035.588999999687076, 249483.176599999889731 ], [ 72051.144799999892712, 249479.558599999174476 ], [ 72064.601599999703467, 249478.751000000163913 ], [ 72074.217600000090897, 249478.175000000745058 ], [ 72090.830199999734759, 249482.788799999281764 ], [ 72103.750199999660254, 249486.481000000610948 ], [ 72116.670800000429153, 249486.481000000610948 ], [ 72125.439000000245869, 249493.864800000563264 ], [ 72142.973399999551475, 249501.246400000527501 ], [ 72155.887600000016391, 249488.979199999943376 ], [ 72161.433600000105798, 249483.71199999935925 ], [ 72188.657800000160933, 249474.482799999415874 ], [ 72214.499200000427663, 249474.022199999541044 ], [ 72248.186999999918044, 249472.637599999085069 ], [ 72286.026600000448525, 249472.174799999222159 ], [ 72298.41440000012517, 249473.099600000306964 ], [ 72316.942400000058115, 249474.482799999415874 ], [ 72337.706600000150502, 249476.328400000929832 ], [ 72359.396999999880791, 249471.252599999308586 ], [ 72385.699400000274181, 249476.791200000792742 ], [ 72400.002000000327826, 249491.900200000032783 ], [ 72407.848399999551475, 249501.708000000566244 ], [ 72427.692400000058115, 249524.780799999833107 ], [ 72446.618200000375509, 249531.755000000819564 ], [ 72453.994800000451505, 249534.471799999475479 ], [ 72472.913399999961257, 249526.627000000327826 ], [ 72489.525799999944866, 249505.399399999529123 ], [ 72496.447800000198185, 249494.786800000816584 ], [ 72499.03940000012517, 249483.268400000408292 ], [ 72500.599799999967217, 249476.327800000086427 ], [ 72501.986399999819696, 249453.7182 ], [ 72515.367600000463426, 249441.718399999663234 ], [ 72536.132399999536574, 249432.951799999922514 ], [ 72565.205199999734759, 249434.798800000920892 ], [ 72586.893000000156462, 249439.412000000476837 ], [ 72621.502399999648333, 249444.026799999177456 ], [ 72655.64919999986887, 249451.409800000488758 ], [ 72674.569600000046194, 249464.3293999992311 ], [ 72676.43059999961406, 249467.518200000748038 ], [ 72688.434799999929965, 249488.07660000026226 ], [ 72689.797600000165403, 249501.709000000730157 ], [ 72703.179399999789894, 249515.552999999374151 ], [ 72718.50040000025183, 249515.5945999994874 ], [ 72731.153199999593198, 249533.230000000447035 ], [ 72747.940000000409782, 249556.622400000691414 ], [ 72764.091400000266731, 249580.616399999707937 ], [ 72788.549800000153482, 249624.455199999734759 ], [ 72810.237999999895692, 249642.45240000076592 ], [ 72847.614000000059605, 249675.214999999850988 ], [ 72871.14780000038445, 249699.211200000718236 ], [ 72866.706000000238419, 249701.945800000801682 ], [ 72865.150399999693036, 249702.902599999681115 ], [ 72849.420800000429153, 249703.928400000557303 ], [ 72842.214599999599159, 249697.643400000408292 ], [ 72836.07880000025034, 249692.288799999281764 ], [ 72817.619599999859929, 249680.753599999472499 ], [ 72794.08559999987483, 249671.984400000423193 ], [ 72774.571399999782443, 249666.810200000181794 ], [ 72766.860600000247359, 249653.064600000157952 ], [ 72752.556200000457466, 249647.067600000649691 ], [ 72732.252399999648333, 249651.2195999994874 ], [ 72716.099999999627471, 249659.064999999478459 ], [ 72692.179399999789894, 249675.379799999296665 ], [ 72663.494599999859929, 249688.135800000280142 ], [ 72646.881599999964237, 249689.059200000017881 ], [ 72615.503800000064075, 249687.673800000920892 ], [ 72595.199400000274181, 249682.59940000064671 ], [ 72557.799800000153482, 249680.718599999323487 ], [ 72527.365600000135601, 249677.521800000220537 ], [ 72508.445199999958277, 249676.138000000268221 ], [ 72493.680399999953806, 249673.369200000539422 ], [ 72468.300800000317395, 249670.139599999412894 ], [ 72437.382000000216067, 249674.292199999094009 ], [ 72398.158999999985099, 249677.521800000220537 ], [ 72370.471400000154972, 249675.676799999549985 ], [ 72352.012199999764562, 249665.98619999922812 ], [ 72329.862800000235438, 249651.681199999526143 ], [ 72300.789800000376999, 249635.529799999669194 ], [ 72268.951399999670684, 249628.147199999541044 ], [ 72232.958999999798834, 249625.378599999472499 ], [ 72208.501000000163913, 249617.072599999606609 ], [ 72189.120000000111759, 249604.612199999392033 ], [ 72156.356200000271201, 249591.691400000825524 ], [ 72123.829400000162423, 249582.699599999934435 ], [ 72108.82660000026226, 249576.463999999687076 ], [ 72092.09499999973923, 249561.906999999657273 ], [ 72071.449199999682605, 249550.161000000312924 ], [ 72041.454199999570847, 249538.162599999457598 ], [ 72009.152599999681115, 249526.16579999960959 ], [ 71989.310999999754131, 249515.091399999335408 ], [ 71960.237200000323355, 249503.554999999701977 ], [ 71943.16440000012517, 249504.015799999237061 ], [ 71918.244800000451505, 249505.860999999567866 ], [ 71886.86699999962002, 249507.708200000226498 ], [ 71879.452600000426173, 249506.904400000348687 ], [ 71869.792799999937415, 249505.861800000071526 ], [ 71867.485000000335276, 249523.397399999201298 ], [ 71862.409799999557436, 249540.470599999651313 ], [ 71859.098000000230968, 249556.756799999624491 ], [ 71856.873800000175834, 249567.696399999782443 ], [ 71847.999400000087917, 249595.907199999317527 ], [ 71836.593399999663234, 249621.593399999663234 ], [ 71817.998599999584258, 249637.093800000846386 ], [ 71796.406999999657273, 249649.406199999153614 ], [ 71789.907399999909103, 249673.093599999323487 ], [ 71821.093799999915063, 249693.593000000342727 ], [ 71859.0, 249711.094399999827147 ], [ 71875.79839999973774, 249735.7043999992311 ], [ 71869.702600000426173, 249756.594000000506639 ], [ 71878.906200000084937, 249783.906999999657273 ], [ 71873.406600000336766, 249809.593599999323487 ], [ 71860.702800000086427, 249833.001199999824166 ], [ 71877.000199999660254, 249835.905600000172853 ], [ 71885.59360000025481, 249848.5 ], [ 71868.998599999584258, 249863.665999999269843 ], [ 71866.0, 249866.406199999153614 ], [ 71865.30460000038147, 249871.906600000336766 ], [ 71887.06940000038594, 249885.054800000041723 ], [ 71904.408800000324845, 249906.335999999195337 ], [ 71914.898199999704957, 249919.209799999371171 ], [ 71918.59499999973923, 249970.796800000593066 ], [ 71917.904799999669194, 249974.736800000071526 ], [ 71913.121600000187755, 250002.02419999986887 ], [ 71900.239799999631941, 250037.499199999496341 ], [ 71896.639399999752641, 250069.547399999573827 ], [ 71880.689799999818206, 250094.536000000312924 ], [ 71866.297600000165403, 250107.797199999913573 ], [ 71851.977400000207126, 250136.537799999117851 ], [ 71843.470999999903142, 250178.53999999910593 ], [ 71836.900399999693036, 250222.050000000745058 ], [ 71837.339800000190735, 250246.390399999916553 ], [ 71829.848799999803305, 250280.720000000670552 ], [ 71820.062599999830127, 250324.141799999400973 ], [ 71821.840800000354648, 250333.829600000753999 ], [ 71824.20339999999851, 250346.70299999974668 ], [ 71834.309999999590218, 250370.944599999114871 ], [ 71837.951799999922514, 250379.676999999210238 ], [ 71843.297600000165403, 250392.502199999988079 ], [ 71862.000599999912083, 250434.501199999824166 ], [ 71886.29700000025332, 250459.705000000074506 ], [ 71898.349999999627471, 250468.949799999594688 ], [ 71922.691599999554455, 250473.088400000706315 ], [ 71955.654600000008941, 250470.962200000882149 ], [ 71987.024000000208616, 250472.023800000548363 ], [ 72006.164800000376999, 250476.810599999502301 ], [ 72029.557400000281632, 250490.102600000798702 ], [ 72046.903599999845028, 250500.01380000077188 ], [ 72057.093399999663234, 250540.905999999493361 ], [ 72061.798000000417233, 250582.79700000025332 ], [ 72061.948400000110269, 250583.659399999305606 ], [ 72070.594399999827147, 250633.000199999660254 ], [ 72066.64740000013262, 250635.042799999937415 ], [ 72066.244800000451505, 250635.250600000843406 ], [ 72058.799999999813735, 250636.3136 ], [ 72050.825000000186265, 250627.804800000041723 ], [ 72047.331199999898672, 250626.181800000369549 ], [ 72027.962799999862909, 250617.171800000593066 ], [ 71991.759800000116229, 250611.259199999272823 ], [ 71951.402400000020862, 250603.348799999803305 ], [ 71930.356800000183284, 250602.802799999713898 ], [ 71916.752399999648333, 250602.449200000613928 ], [ 71910.463200000114739, 250602.285800000652671 ], [ 71866.333800000138581, 250593.247800000011921 ], [ 71863.130199999548495, 250592.70160000026226 ], [ 71819.546799999661744, 250585.271199999377131 ], [ 71797.747399999760091, 250573.575799999758601 ], [ 71783.822200000286102, 250565.040200000628829 ], [ 71781.2652000002563, 250563.471799999475479 ], [ 71779.717000000178814, 250560.589199999347329 ], [ 71759.906200000084937, 250553.999800000339746 ], [ 71722.497999999672174, 250530.907800000160933 ], [ 71656.70299999974668, 250506.906400000676513 ], [ 71653.606200000271201, 250505.780999999493361 ], [ 71641.262600000016391, 250501.300400000065565 ], [ 71598.0, 250485.594200000166893 ], [ 71565.806800000369549, 250468.723999999463558 ], [ 71539.797600000165403, 250455.0945999994874 ], [ 71496.093799999915063, 250445.093800000846386 ], [ 71459.703999999910593, 250451.703999999910593 ], [ 71414.09320000000298, 250431.500600000843406 ], [ 71370.90679999999702, 250423.9054000005126 ], [ 71353.420599999837577, 250421.434399999678135 ], [ 71336.99280000012368, 250419.112800000235438 ], [ 71290.20380000025034, 250412.500600000843406 ], [ 71255.29660000000149, 250395.406199999153614 ], [ 71216.000199999660254, 250377.298599999397993 ], [ 71170.795599999837577, 250373.796000000089407 ], [ 71109.999800000339746, 250365.001199999824166 ], [ 71076.79660000000149, 250354.095200000330806 ], [ 71008.50040000025183, 250337.296599999070168 ], [ 70982.594200000166893, 250339.594000000506639 ], [ 70947.593399999663234, 250359.905200000852346 ], [ 70921.094200000166893, 250340.297399999573827 ], [ 70884.90639999974519, 250323.79700000025332 ], [ 70844.592000000178814, 250297.500399999320507 ], [ 70798.40639999974519, 250280.499399999156594 ], [ 70749.905199999921024, 250280.000600000843406 ], [ 70715.407200000248849, 250290.594799999147654 ], [ 70681.095200000330806, 250303.001199999824166 ], [ 70646.906000000424683, 250321.797199999913573 ], [ 70616.202399999834597, 250331.204600000753999 ], [ 70607.829400000162423, 250331.973200000822544 ], [ 70577.202399999834597, 250334.796399999409914 ], [ 70571.387600000016391, 250344.293600000441074 ], [ 70561.185999999754131, 250351.249600000679493 ], [ 70549.592400000430644, 250356.812599999830127 ], [ 70546.81180000025779, 250361.914000000804663 ], [ 70541.247200000099838, 250373.970200000330806 ], [ 70525.237200000323355, 250384.23340000025928 ], [ 70519.90639999974519, 250391.905600000172853 ], [ 70500.90679999999702, 250416.406999999657273 ], [ 70482.356999999843538, 250437.497600000351667 ], [ 70473.083200000226498, 250439.815600000321865 ], [ 70463.809399999678135, 250449.551799999549985 ], [ 70457.315999999642372, 250466.247600000351667 ], [ 70445.724600000306964, 250479.231599999591708 ], [ 70456.000599999912083, 250490.79700000025332 ], [ 70471.119599999859929, 250503.117799999192357 ], [ 70490.000199999660254, 250518.499800000339746 ], [ 70511.20299999974668, 250551.20380000025034 ], [ 70523.229600000195205, 250570.642000000923872 ], [ 70531.0, 250583.20299999974668 ], [ 70538.65500000026077, 250598.506999999284744 ], [ 70547.70339999999851, 250616.594799999147654 ], [ 70560.594200000166893, 250630.500399999320507 ], [ 70579.797199999913573, 250665.205000000074506 ], [ 70598.45299999974668, 250686.278200000524521 ], [ 70606.797799999825656, 250695.703600000590086 ], [ 70618.99959999974817, 250716.595000000670552 ], [ 70622.786600000225008, 250736.080600000917912 ], [ 70625.702800000086427, 250751.094000000506639 ], [ 70624.701799999922514, 250777.406999999657273 ], [ 70620.29700000025332, 250811.203199999406934 ], [ 70621.906200000084937, 250838.499600000679493 ], [ 70625.99959999974817, 250874.501000000163913 ], [ 70637.59320000000298, 250914.500399999320507 ], [ 70649.79660000000149, 250936.5 ], [ 70661.203599999658763, 250964.908399999141693 ], [ 70664.794599999673665, 250993.20380000025034 ], [ 70661.670199999585748, 251000.847200000658631 ], [ 70652.202800000086427, 251024.00139999948442 ], [ 70641.79660000000149, 251043.593800000846386 ], [ 70645.406600000336766, 251086.000800000503659 ], [ 70644.17200000025332, 251101.307399999350309 ], [ 70642.29660000000149, 251124.593800000846386 ], [ 70641.157399999909103, 251153.515000000596046 ], [ 70640.905199999921024, 251159.907199999317527 ], [ 70644.0, 251192.79700000025332 ], [ 70643.771399999968708, 251213.182800000533462 ], [ 70640.190600000321865, 251220.830399999395013 ], [ 70636.3902000002563, 251260.010600000619888 ], [ 70637.410400000400841, 251267.969200000166893 ], [ 70643.330400000326335, 251314.239000000059605 ], [ 70638.160600000061095, 251327.660199999809265 ], [ 70633.670800000429153, 251339.31900000013411 ], [ 70629.412200000137091, 251357.698799999430776 ], [ 70626.739199999719858, 251363.959599999710917 ], [ 70625.00040000025183, 251366.409800000488758 ], [ 70620.838800000026822, 251371.809800000861287 ], [ 70619.079800000414252, 251372.96000000089407 ], [ 70618.42160000000149, 251373.393600000068545 ], [ 70603.135200000368059, 251383.441999999806285 ], [ 70600.549999999813735, 251385.14159999974072 ], [ 70598.987399999983609, 251385.140599999576807 ], [ 70578.020600000396371, 251385.141200000420213 ], [ 70562.549800000153482, 251384.269799999892712 ], [ 70558.019000000320375, 251382.650000000372529 ], [ 70557.070199999958277, 251382.249399999156594 ], [ 70557.428199999965727, 251387.580199999734759 ], [ 70553.760400000028312, 251414.599799999967217 ], [ 70552.779600000008941, 251416.627800000831485 ], [ 70551.910400000400841, 251419.538399999961257 ], [ 70575.71860000025481, 251416.960799999535084 ], [ 70578.466799999587238, 251416.661399999633431 ], [ 70614.140599999576807, 251412.801000000908971 ], [ 70700.610000000335276, 251403.425400000065565 ], [ 70727.330199999734759, 251400.529999999329448 ], [ 70728.979199999943376, 251403.379799999296665 ], [ 70729.539800000376999, 251404.965800000354648 ], [ 70734.759600000455976, 251419.769200000911951 ], [ 70738.589999999850988, 251428.130400000140071 ], [ 70743.120199999772012, 251435.629399999976158 ], [ 70745.880199999548495, 251438.128599999472499 ], [ 70748.550999999977648, 251439.43019999936223 ], [ 70750.949599999934435, 251440.118599999696016 ], [ 70753.169400000013411, 251440.119200000539422 ], [ 70755.840599999763072, 251438.73960000090301 ], [ 70758.689199999906123, 251436.410399999469519 ], [ 70761.800400000065565, 251434.510600000619888 ], [ 70764.291000000201166, 251433.990000000223517 ], [ 70768.819600000046194, 251435.199999999254942 ], [ 70775.940399999730289, 251437.099999999627471 ], [ 70789.720200000330806, 251436.840199999511242 ], [ 70798.461799999698997, 251435.510999999940395 ], [ 70805.009800000116229, 251434.510600000619888 ], [ 70815.680399999953806, 251432.529400000348687 ], [ 70829.82039999961853, 251431.320199999958277 ], [ 70835.419200000353158, 251432.010800000280142 ], [ 70841.740600000135601, 251433.649800000712276 ], [ 70858.369599999859929, 251439.419600000604987 ], [ 70866.990000000223517, 251443.300000000745058 ], [ 70872.769399999640882, 251445.630200000479817 ], [ 70878.998999999836087, 251447.6097999997437 ], [ 70888.161000000312924, 251448.909800000488758 ], [ 70892.96059999987483, 251449.339999999850988 ], [ 70896.510400000028312, 251449.769600000232458 ], [ 70900.070000000298023, 251449.850199999287724 ], [ 70905.669200000353158, 251449.678600000217557 ], [ 70918.300800000317395, 251447.780200000852346 ], [ 70923.810200000181794, 251447.869999999180436 ], [ 70928.96999999973923, 251449.339999999850988 ], [ 70934.92920000012964, 251452.18019999936223 ], [ 70943.730399999767542, 251457.269999999552965 ], [ 70945.78179999999702, 251458.729399999603629 ], [ 70948.450799999758601, 251461.31980000063777 ], [ 70952.270200000144541, 251465.369799999520183 ], [ 70956.000199999660254, 251469.769799999892712 ], [ 70959.560800000093877, 251472.791200000792742 ], [ 70969.429800000041723, 251476.239199999719858 ], [ 70973.879800000227988, 251478.389799999073148 ], [ 70984.010800000280142, 251483.480399999767542 ], [ 70994.86019999999553, 251489.338800000026822 ], [ 71011.309799999929965, 251495.808800000697374 ], [ 71018.969800000078976, 251499.999399999156594 ], [ 71020.299599999561906, 251500.7182 ], [ 71027.589200000278652, 251505.808599999174476 ], [ 71035.411199999973178, 251511.850199999287724 ], [ 71045.990000000223517, 251518.399800000712276 ], [ 71057.200000000186265, 251524.34940000064671 ], [ 71065.740199999883771, 251530.129200000315905 ], [ 71072.580400000326335, 251536.159800000488758 ], [ 71073.332799999974668, 251536.687400000169873 ], [ 71076.760599999688566, 251539.089199999347329 ], [ 71081.120199999772012, 251542.199400000274181 ], [ 71087.61019999999553, 251545.219200000166893 ], [ 71098.370199999772012, 251551.679400000721216 ], [ 71106.999800000339746, 251556.940400000661612 ], [ 71117.671000000089407, 251563.93019999936223 ], [ 71124.069199999794364, 251569.268999999389052 ], [ 71131.010200000368059, 251573.579800000414252 ], [ 71134.830199999734759, 251576.769999999552965 ], [ 71139.010200000368059, 251579.358999999240041 ], [ 71143.718399999663234, 251581.519200000911951 ], [ 71149.319600000046194, 251583.500199999660254 ], [ 71155.009600000455976, 251585.309800000861287 ], [ 71157.950799999758601, 251587.899800000712276 ], [ 71162.040000000037253, 251591.431199999526143 ], [ 71166.221800000406802, 251594.449799999594688 ], [ 71171.469200000166893, 251597.040999999269843 ], [ 71175.110000000335276, 251598.070000000298023 ], [ 71179.821399999782443, 251598.498800000175834 ], [ 71185.691399999894202, 251600.049200000241399 ], [ 71190.940000000409782, 251602.119400000199676 ], [ 71198.939799999818206, 251605.918999999761581 ], [ 71200.989000000059605, 251607.89919999986887 ], [ 71203.739400000311434, 251610.48960000090301 ], [ 71206.499400000087917, 251614.199599999934435 ], [ 71209.169200000353158, 251617.729000000283122 ], [ 71212.369599999859929, 251620.399599999189377 ], [ 71216.279799999669194, 251623.160199999809265 ], [ 71221.170199999585748, 251625.059399999678135 ], [ 71226.239599999971688, 251626.699999999254942 ], [ 71229.262000000104308, 251628.769400000572205 ], [ 71231.309000000357628, 251631.959599999710917 ], [ 71234.240000000223517, 251636.17960000038147 ], [ 71237.621199999935925, 251639.459599999710917 ], [ 71242.960400000214577, 251643.250399999320507 ], [ 71249.999800000339746, 251647.098999999463558 ], [ 71251.32120000012219, 251647.81980000063777 ], [ 71258.24959999974817, 251651.359200000762939 ], [ 71265.720399999991059, 251654.809800000861287 ], [ 71276.750199999660254, 251658.259400000795722 ], [ 71291.160600000061095, 251663.080199999734759 ], [ 71302.359000000171363, 251665.499600000679493 ], [ 71312.050800000317395, 251666.100999999791384 ], [ 71327.790400000289083, 251666.5304000005126 ], [ 71351.040199999697506, 251666.399599999189377 ], [ 71357.539800000376999, 251666.231200000271201 ], [ 71360.560200000181794, 251666.768799999728799 ], [ 71361.499400000087917, 251667.240199999883771 ], [ 71361.730600000359118, 251667.710200000554323 ], [ 71363.139999999664724, 251667.709799999371171 ], [ 71363.379200000315905, 251667.709799999371171 ], [ 71364.791199999861419, 251668.649000000208616 ], [ 71366.189000000245869, 251669.819399999454618 ], [ 71367.369800000451505, 251671.230599999427795 ], [ 71368.53940000012517, 251672.639000000432134 ], [ 71369.71999999973923, 251674.049000000581145 ], [ 71370.890399999916553, 251675.459400000050664 ], [ 71371.829599999822676, 251676.859999999403954 ], [ 71373.240799999795854, 251678.510199999436736 ], [ 71373.709599999710917, 251678.739199999719858 ], [ 71373.940399999730289, 251678.979800000786781 ], [ 71375.589999999850988, 251679.919600000604987 ], [ 71377.469600000418723, 251680.390000000596046 ], [ 71381.220399999991059, 251680.620400000363588 ], [ 71382.629999999888241, 251681.799799999222159 ], [ 71384.980399999767542, 251683.908999999985099 ], [ 71386.390399999916553, 251684.139599999412894 ], [ 71387.800400000065565, 251684.139000000432134 ], [ 71387.799800000153482, 251684.379200000315905 ], [ 71389.680200000293553, 251685.319399999454618 ], [ 71391.549800000153482, 251685.790200000628829 ], [ 71393.430200000293553, 251686.26039999909699 ], [ 71395.310999999754131, 251686.96000000089407 ], [ 71398.360999999567866, 251688.839800000190735 ], [ 71399.540000000037253, 251690.010600000619888 ], [ 71400.709800000302494, 251690.949999999254942 ], [ 71401.651200000196695, 251692.359400000423193 ], [ 71402.590599999763072, 251693.540400000289083 ], [ 71403.529799999669194, 251694.949400000274181 ], [ 71404.700799999758601, 251696.349799999967217 ], [ 71406.110799999907613, 251697.758799999952316 ], [ 71407.990000000223517, 251698.700200000777841 ], [ 71409.870600000023842, 251699.880200000479817 ], [ 71411.749800000339746, 251700.34940000064671 ], [ 71413.630599999800324, 251701.280200000852346 ], [ 71415.510599999688566, 251701.990000000223517 ], [ 71416.68059999961406, 251702.459599999710917 ], [ 71417.850399999879301, 251703.869599999859929 ], [ 71419.259999999776483, 251704.810000000521541 ], [ 71420.670400000177324, 251706.218800000846386 ], [ 71421.850999999791384, 251707.630000000819564 ], [ 71423.020200000144541, 251708.798200000077486 ], [ 71424.430399999953806, 251709.970200000330806 ], [ 71425.839800000190735, 251711.379599999636412 ], [ 71427.719399999827147, 251712.320000000298023 ], [ 71429.121000000275671, 251713.499399999156594 ], [ 71430.529799999669194, 251714.670399999246001 ], [ 71432.410000000149012, 251715.609200000762939 ], [ 71434.761599999852479, 251717.250399999320507 ], [ 71435.230600000359118, 251718.189600000157952 ], [ 71436.170400000177324, 251718.189600000157952 ], [ 71437.11019999999553, 251718.65819999948144 ], [ 71438.989400000311434, 251719.600199999287724 ], [ 71440.870000000111759, 251720.53940000012517 ], [ 71442.740199999883771, 251721.239199999719858 ], [ 71444.620400000363588, 251721.949999999254942 ], [ 71446.5, 251722.651399999856949 ], [ 71448.380199999548495, 251723.590600000694394 ], [ 71450.260400000028312, 251724.298200000077486 ], [ 71452.140399999916553, 251725.240000000223517 ], [ 71454.020399999804795, 251726.179999999701977 ], [ 71455.419599999673665, 251726.880200000479817 ], [ 71456.829800000414252, 251728.290200000628829 ], [ 71458.009200000204146, 251729.230599999427795 ], [ 71459.18059999961406, 251730.639000000432134 ], [ 71460.360000000335276, 251731.809800000861287 ], [ 71461.53000000026077, 251733.2195999994874 ], [ 71462.470200000330806, 251734.159199999645352 ], [ 71463.409599999897182, 251735.329199999570847 ], [ 71464.579400000162423, 251736.740399999544024 ], [ 71465.760999999940395, 251738.150200000032783 ], [ 71466.929800000041723, 251739.328999999910593 ], [ 71468.100200000219047, 251740.729599999263883 ], [ 71469.510200000368059, 251742.379200000315905 ], [ 71470.919599999673665, 251743.548800000920892 ], [ 71471.860600000247359, 251744.489399999380112 ], [ 71472.799399999901652, 251745.899399999529123 ], [ 71474.209400000050664, 251747.53999999910593 ], [ 71476.089999999850988, 251749.418600000441074 ], [ 71477.029400000348687, 251750.829199999570847 ], [ 71477.970200000330806, 251752.00899999961257 ], [ 71478.910600000061095, 251753.180600000545382 ], [ 71479.849999999627471, 251754.34940000064671 ], [ 71481.249800000339746, 251756.4695999994874 ], [ 71482.660400000400841, 251758.820599999278784 ], [ 71483.600200000219047, 251760.219399999827147 ], [ 71485.010200000368059, 251762.339800000190735 ], [ 71485.479799999855459, 251762.809399999678135 ], [ 71485.71999999973923, 251763.278999999165535 ], [ 71485.950000000186265, 251763.749800000339746 ], [ 71486.64919999986887, 251763.979800000786781 ], [ 71487.360600000247359, 251764.688999999314547 ], [ 71487.590599999763072, 251765.859400000423193 ], [ 71488.99959999974817, 251765.859400000423193 ], [ 71489.469800000078976, 251763.509600000455976 ], [ 71489.940000000409782, 251761.158600000664592 ], [ 71490.410199999809265, 251758.820599999278784 ], [ 71491.350399999879301, 251756.4695999994874 ], [ 71492.289800000376999, 251754.120400000363588 ], [ 71493.930399999953806, 251749.888599999248981 ], [ 71494.639600000344217, 251749.659800000488758 ], [ 71494.869599999859929, 251748.719399999827147 ], [ 71495.339800000190735, 251748.010199999436736 ], [ 71495.809399999678135, 251747.540599999949336 ], [ 71497.689600000157952, 251746.368599999696016 ], [ 71499.569799999706447, 251745.199999999254942 ], [ 71501.448800000362098, 251744.489399999380112 ], [ 71503.331399999558926, 251743.548800000920892 ], [ 71505.210400000214577, 251742.84940000064671 ], [ 71507.080000000074506, 251742.379200000315905 ], [ 71508.960199999623001, 251741.670399999246001 ], [ 71510.839399999938905, 251741.199799999594688 ], [ 71512.719600000418723, 251740.729800000786781 ], [ 71514.600200000219047, 251740.029400000348687 ], [ 71516.479799999855459, 251739.089999999850988 ], [ 71518.349999999627471, 251738.14919999986887 ], [ 71520.700400000438094, 251737.209400000050664 ], [ 71523.050800000317395, 251736.509600000455976 ], [ 71525.399000000208616, 251736.509600000455976 ], [ 71527.749400000087917, 251736.269999999552965 ], [ 71530.100200000219047, 251736.509600000455976 ], [ 71532.440999999642372, 251737.449999999254942 ], [ 71534.789800000376999, 251737.678999999538064 ], [ 71537.139600000344217, 251738.620999999344349 ], [ 71539.249800000339746, 251739.79079999960959 ], [ 71541.369199999608099, 251741.199799999594688 ], [ 71543.25040000025183, 251742.609200000762939 ], [ 71545.121600000187755, 251744.020199999213219 ], [ 71547.469200000166893, 251744.96059999987483 ], [ 71549.820199999958277, 251745.669999999925494 ], [ 71552.169999999925494, 251745.898800000548363 ], [ 71554.520399999804795, 251746.369599999859929 ], [ 71556.859000000171363, 251746.599199999123812 ], [ 71559.209400000050664, 251746.840399999171495 ], [ 71560.098199999891222, 251746.927200000733137 ], [ 71561.560399999842048, 251747.070800000801682 ], [ 71563.911199999973178, 251747.310399999842048 ], [ 71566.259399999864399, 251748.249800000339746 ], [ 71569.779199999757111, 251750.129399999976158 ], [ 71570.251000000163913, 251750.359999999403954 ], [ 71570.71999999973923, 251750.829199999570847 ], [ 71572.830400000326335, 251752.240199999883771 ], [ 71574.480000000447035, 251754.589999999850988 ], [ 71576.349999999627471, 251756.938200000673532 ], [ 71577.760599999688566, 251759.278999999165535 ], [ 71579.169999999925494, 251760.930800000205636 ], [ 71580.580599999986589, 251762.809399999678135 ], [ 71584.101400000043213, 251766.329199999570847 ], [ 71585.280799999833107, 251768.910599999129772 ], [ 71586.221199999563396, 251771.729000000283122 ], [ 71587.160000000149012, 251774.309000000357628 ], [ 71588.329800000414252, 251776.660399999469519 ], [ 71589.969800000078976, 251778.770600000396371 ], [ 71591.620600000023842, 251780.890399999916553 ], [ 71593.030600000172853, 251783.000199999660254 ], [ 71593.11600000038743, 251783.172199999913573 ], [ 71594.199799999594688, 251785.34940000064671 ], [ 71595.609400000423193, 251787.459599999710917 ], [ 71597.019799999892712, 251789.581000000238419 ], [ 71598.659799999557436, 251790.980399999767542 ], [ 71600.540599999949336, 251792.630000000819564 ], [ 71601.650999999605119, 251793.463600000366569 ], [ 71602.420400000177324, 251794.039000000804663 ], [ 71604.529400000348687, 251795.209799999371171 ], [ 71606.650399999693036, 251796.389399999752641 ], [ 71608.990600000135601, 251797.560200000181794 ], [ 71611.339999999850988, 251798.499600000679493 ], [ 71613.690799999982119, 251798.970200000330806 ], [ 71618.14919999986887, 251800.139599999412894 ], [ 71618.14919999986887, 251800.380000000819564 ], [ 71619.790400000289083, 251802.261199999600649 ], [ 71620.970999999903142, 251804.368599999696016 ], [ 71622.379800000227988, 251806.480399999767542 ], [ 71624.019999999552965, 251808.601199999451637 ], [ 71625.429399999789894, 251810.938799999654293 ], [ 71627.070000000298023, 251813.059200000017881 ], [ 71628.718999999575317, 251814.940400000661612 ], [ 71630.599799999967217, 251816.339800000190735 ], [ 71632.239799999631941, 251817.749399999156594 ], [ 71634.120600000023842, 251819.399399999529123 ], [ 71635.289800000376999, 251821.03999999910593 ], [ 71636.940999999642372, 251822.67960000038147 ], [ 71638.349999999627471, 251824.800400000065565 ], [ 71639.989599999971688, 251826.910599999129772 ], [ 71641.629599999636412, 251828.789799999445677 ], [ 71643.280799999833107, 251830.669399999082088 ], [ 71644.920400000177324, 251832.779200000688434 ], [ 71646.800599999725819, 251834.659800000488758 ], [ 71648.209400000050664, 251837.009199999272823 ], [ 71649.850200000219047, 251838.64919999986887 ], [ 71651.490199999883771, 251840.298200000077486 ], [ 71652.900200000032783, 251841.940999999642372 ], [ 71655.489000000059605, 251844.990000000223517 ], [ 71655.720599999651313, 251845.699200000613928 ], [ 71656.660400000400841, 251847.581000000238419 ], [ 71657.130199999548495, 251849.448400000110269 ], [ 71658.06940000038594, 251851.329800000414252 ], [ 71659.480399999767542, 251855.088999999687076 ], [ 71660.890599999576807, 251855.559200000017881 ], [ 71660.650399999693036, 251856.259400000795722 ], [ 71662.300599999725819, 251858.139599999412894 ], [ 71664.411000000312924, 251859.319599999114871 ], [ 71666.519399999640882, 251860.489399999380112 ], [ 71668.6402000002563, 251861.900000000372529 ], [ 71670.280799999833107, 251862.839800000190735 ], [ 71671.919800000265241, 251864.010800000280142 ], [ 71675.209999999962747, 251867.059800000861287 ], [ 71676.149600000120699, 251867.769600000232458 ], [ 71676.149600000120699, 251868.238600000739098 ], [ 71676.860799999907613, 251868.708799999207258 ], [ 71677.320199999958277, 251869.180600000545382 ], [ 71677.559799999929965, 251869.411800000816584 ], [ 71679.670400000177324, 251870.820199999958277 ], [ 71681.78940000012517, 251871.999600000679493 ], [ 71684.130199999548495, 251873.400000000372529 ], [ 71686.010800000280142, 251874.339800000190735 ], [ 71687.889399999752641, 251875.99100000038743 ], [ 71690.000199999660254, 251877.399000000208616 ], [ 71692.120600000023842, 251878.810000000521541 ], [ 71693.999200000427663, 251879.980399999767542 ], [ 71695.879800000227988, 251881.389399999752641 ], [ 71698.460799999535084, 251883.269600000232458 ], [ 71699.159400000236928, 251883.739199999719858 ], [ 71699.870400000363588, 251884.210400000214577 ], [ 71700.100399999879301, 251884.438999999314547 ], [ 71705.739799999631941, 251885.149800000712276 ], [ 71708.090800000354648, 251885.610999999567866 ], [ 71710.43059999961406, 251886.319599999114871 ], [ 71712.779199999757111, 251886.789799999445677 ], [ 71715.130199999548495, 251887.259400000795722 ], [ 71717.480600000359118, 251887.959599999710917 ], [ 71720.770200000144541, 251889.369599999859929 ], [ 71721.469399999827147, 251889.6097999997437 ], [ 71722.652800000272691, 251890.55379999987781 ], [ 71724.049800000153482, 251891.019400000572205 ], [ 71724.989799999631941, 251891.95920000039041 ], [ 71726.870400000363588, 251892.189799999818206 ], [ 71729.219600000418723, 251892.660399999469519 ], [ 71731.570600000210106, 251893.359600000083447 ], [ 71733.921000000089407, 251894.300400000065565 ], [ 71736.259600000455976, 251895.479599999263883 ], [ 71738.610000000335276, 251896.649800000712276 ], [ 71740.960400000214577, 251897.830199999734759 ], [ 71743.309600000269711, 251899.000600000843406 ], [ 71745.420400000177324, 251900.6402000002563 ], [ 71747.300599999725819, 251902.050200000405312 ], [ 71749.17920000012964, 251903.699799999594688 ], [ 71752.229799999855459, 251905.808800000697374 ], [ 71753.170599999837577, 251906.280600000172853 ], [ 71753.871399999596179, 251906.749399999156594 ], [ 71755.280399999581277, 251906.980000000447035 ], [ 71755.749400000087917, 251907.448999999091029 ], [ 71757.869199999608099, 251909.330199999734759 ], [ 71759.739400000311434, 251910.979399999603629 ], [ 71761.389000000432134, 251913.089600000530481 ], [ 71763.269999999552965, 251914.970799999311566 ], [ 71765.150999999605119, 251916.848799999803305 ], [ 71766.790400000289083, 251918.720000000670552 ], [ 71768.670599999837577, 251920.129599999636412 ], [ 71771.020600000396371, 251921.540200000628829 ], [ 71773.129200000315905, 251922.479399999603629 ], [ 71775.240399999544024, 251924.118400000035763 ], [ 71776.889000000432134, 251925.999600000679493 ], [ 71778.059999999590218, 251928.119400000199676 ], [ 71779.230399999767542, 251930.228000000119209 ], [ 71780.410799999721348, 251932.1097999997437 ], [ 71781.819799999706447, 251933.750399999320507 ], [ 71783.699400000274181, 251935.399599999189377 ], [ 71785.570000000298023, 251937.270600000396371 ], [ 71787.450000000186265, 251939.149800000712276 ], [ 71789.799800000153482, 251940.800000000745058 ], [ 71791.909799999557436, 251942.68019999936223 ], [ 71794.030600000172853, 251944.319599999114871 ], [ 71796.140399999916553, 251945.959799999371171 ], [ 71798.25, 251947.839400000870228 ], [ 71800.370400000363588, 251949.019799999892712 ], [ 71802.24959999974817, 251950.420800000429153 ], [ 71804.36019999999553, 251951.829199999570847 ], [ 71806.469399999827147, 251953.240399999544024 ], [ 71808.350200000219047, 251954.648199999704957 ], [ 71810.469399999827147, 251956.060799999162555 ], [ 71812.579599999822676, 251957.469399999827147 ], [ 71814.690399999730289, 251959.110999999567866 ], [ 71816.810800000093877, 251960.990000000223517 ], [ 71818.67920000012964, 251962.629599999636412 ], [ 71820.800200000405312, 251964.279799999669194 ], [ 71823.610000000335276, 251966.158399999141693 ], [ 71826.431200000457466, 251967.799399999901652 ], [ 71828.549399999901652, 251968.739800000563264 ], [ 71830.419999999925494, 251970.619999999180436 ], [ 71832.540199999697506, 251972.259999999776483 ], [ 71834.650399999693036, 251974.1402000002563 ], [ 71836.530199999921024, 251976.489000000059605 ], [ 71838.640999999828637, 251978.598799999803305 ], [ 71840.519999999552965, 251980.25 ], [ 71842.400799999944866, 251982.36119999922812 ], [ 71844.749400000087917, 251984.239800000563264 ], [ 71846.629800000227988, 251986.349999999627471 ], [ 71848.040199999697506, 251988.700999999418855 ], [ 71848.611999999731779, 251989.560599999502301 ], [ 71849.440799999982119, 251990.809599999338388 ], [ 71850.849600000306964, 251993.159199999645352 ], [ 71852.259600000455976, 251995.270199999213219 ], [ 71853.669400000013411, 251997.620600000023842 ], [ 71853.980399999767542, 251998.130000000819564 ], [ 71855.089399999938905, 251999.9847999997437 ], [ 71856.489599999971688, 252002.080000000074506 ], [ 71857.660600000061095, 252004.42879999987781 ], [ 71858.600399999879301, 252006.7804000005126 ], [ 71859.779799999669194, 252010.540599999949336 ], [ 71860.009999999776483, 252011.479399999603629 ], [ 71861.190399999730289, 252013.820199999958277 ], [ 71862.589200000278652, 252016.168199999257922 ], [ 71863.300599999725819, 252018.519400000572205 ], [ 71864.24100000038743, 252020.870400000363588 ], [ 71865.17920000012964, 252023.2195999994874 ], [ 71866.120600000023842, 252025.570599999278784 ], [ 71866.590400000102818, 252027.909800000488758 ], [ 71868.230200000107288, 252030.259999999776483 ], [ 71869.169599999673665, 252032.609999999403954 ], [ 71870.339599999599159, 252034.95920000039041 ], [ 71871.280399999581277, 252037.309599999338388 ], [ 71872.220200000330806, 252039.649399999529123 ], [ 71873.160199999809265, 252042.000199999660254 ], [ 71874.099999999627471, 252044.349600000306964 ], [ 71875.001000000163913, 252046.150000000372529 ], [ 71875.270399999804795, 252046.700999999418855 ], [ 71876.449799999594688, 252049.048200000077486 ], [ 71877.389600000344217, 252051.389599999412894 ], [ 71878.559999999590218, 252053.739800000563264 ], [ 71880.21059999987483, 252056.799399999901652 ], [ 71882.080199999734759, 252059.379399999976158 ], [ 71883.728799999691546, 252061.259600000455976 ], [ 71886.549800000153482, 252064.779799999669194 ], [ 71887.010400000028312, 252066.189799999818206 ], [ 71887.480200000107288, 252067.829800000414252 ], [ 71887.720800000242889, 252068.300599999725819 ], [ 71889.129800000227988, 252070.648800000548363 ], [ 71890.540199999697506, 252073.000199999660254 ], [ 71892.418999999761581, 252075.81980000063777 ], [ 71894.291199999861419, 252078.400200000032783 ], [ 71895.939799999818206, 252080.51039999909699 ], [ 71897.580199999734759, 252083.090199999511242 ], [ 71899.229799999855459, 252085.4386 ], [ 71900.631400000303984, 252087.78999999910593 ], [ 71902.040400000289083, 252090.139799999073148 ], [ 71903.449799999594688, 252092.7195999994874 ], [ 71905.099399999715388, 252095.309200000017881 ], [ 71906.74100000038743, 252097.419399999082088 ], [ 71908.619599999859929, 252101.878799999132752 ], [ 71909.030799999833107, 252102.310799999162555 ], [ 71911.879599999636412, 252108.080000000074506 ], [ 71919.879999999888241, 252122.589600000530481 ], [ 71920.689199999906123, 252124.049399999901652 ], [ 71921.999800000339746, 252126.329600000753999 ], [ 71923.131400000303984, 252128.6097999997437 ], [ 71923.950199999846518, 252130.889799999073148 ], [ 71924.929800000041723, 252133.168999999761581 ], [ 71925.900399999693036, 252135.449200000613928 ], [ 71926.549200000241399, 252137.718800000846386 ], [ 71927.53000000026077, 252140.980399999767542 ], [ 71928.021399999968708, 252141.300200000405312 ], [ 71928.020800000056624, 252142.279400000348687 ], [ 71928.510599999688566, 252142.6097999997437 ], [ 71928.510200000368059, 252143.579800000414252 ], [ 71929.319799999706447, 252144.399599999189377 ], [ 71929.480800000019372, 252145.369799999520183 ], [ 71930.130599999800324, 252145.699599999934435 ], [ 71930.950199999846518, 252147.160199999809265 ], [ 71930.949799999594688, 252148.299000000581145 ], [ 71931.599999999627471, 252148.790200000628829 ], [ 71932.090400000102818, 252150.419600000604987 ], [ 71932.899600000120699, 252151.390799999237061 ], [ 71936.969600000418723, 252157.580600000917912 ], [ 71938.43059999961406, 252160.18019999936223 ], [ 71940.549399999901652, 252162.788799999281764 ], [ 71941.689600000157952, 252165.719799999147654 ], [ 71942.830199999734759, 252168.159399999305606 ], [ 71947.710400000214577, 252172.230000000447035 ], [ 71949.659799999557436, 252174.339199999347329 ], [ 71951.449599999934435, 252176.461200000718236 ], [ 71953.24100000038743, 252178.56980000063777 ], [ 71955.029799999669194, 252180.687999999150634 ], [ 71957.14919999986887, 252182.639200000092387 ], [ 71958.940000000409782, 252184.60080000013113 ], [ 71960.408999999985099, 252186.869999999180436 ], [ 71962.200000000186265, 252188.829800000414252 ], [ 71964.149799999780953, 252190.939200000837445 ], [ 71966.099600000306964, 252193.059800000861287 ], [ 71967.890599999576807, 252195.17960000038147 ], [ 71969.840200000442564, 252197.28940000012517 ], [ 71971.800200000405312, 252199.409199999645352 ], [ 71975.539200000464916, 252203.310200000181794 ], [ 71976.030199999921024, 252203.479800000786781 ], [ 71976.170400000177324, 252203.560000000521541 ], [ 71978.570199999958277, 252205.628799999132752 ], [ 71978.841799999587238, 252207.269400000572205 ], [ 71978.660600000061095, 252210.049000000581145 ], [ 71978.93059999961406, 252212.809599999338388 ], [ 71981.24100000038743, 252215.838400000706315 ], [ 71982.380599999800324, 252218.451199999079108 ], [ 71983.520600000396371, 252221.048599999397993 ], [ 71984.980000000447035, 252223.661399999633431 ], [ 71986.279600000008941, 252226.259800000116229 ], [ 71987.580599999986589, 252229.189400000497699 ], [ 71989.211199999786913, 252231.469000000506639 ], [ 71991.330599999986589, 252233.418600000441074 ], [ 71992.959800000302494, 252234.88880000077188 ], [ 71994.909199999645352, 252237.329600000753999 ], [ 71996.859000000171363, 252239.92960000038147 ], [ 71998.650399999693036, 252242.54079999960959 ], [ 72000.440799999982119, 252245.140799999237061 ], [ 72002.399000000208616, 252247.5793999992311 ], [ 72004.190000000409782, 252249.860200000926852 ], [ 72005.979799999855459, 252252.299799999222159 ], [ 72007.930200000293553, 252254.419600000604987 ], [ 72009.3902000002563, 252256.699400000274181 ], [ 72010.860799999907613, 252259.140000000596046 ], [ 72012.810399999842048, 252261.579600000753999 ], [ 72015.420199999585748, 252265.319399999454618 ], [ 72015.899799999780953, 252265.809599999338388 ], [ 72016.3902000002563, 252266.788799999281764 ], [ 72016.729799999855459, 252266.919999999925494 ], [ 72020.100200000219047, 252271.75 ], [ 72026.958999999798834, 252282.14919999986887 ], [ 72025.169599999673665, 252288.570199999958277 ], [ 72024.190000000409782, 252293.479399999603629 ], [ 72024.008799999952316, 252301.001199999824166 ], [ 72023.939199999906123, 252303.89159999974072 ], [ 72023.92960000038147, 252304.26039999909699 ], [ 72024.549999999813735, 252307.099799999967217 ], [ 72026.581299999728799, 252310.241900000721216 ], [ 72030.055399999953806, 252317.726199999451637 ], [ 72032.177000000141561, 252319.362800000235438 ], [ 72033.804999999701977, 252321.47580000013113 ], [ 72035.268600000068545, 252323.597400000318885 ], [ 72037.217000000178814, 252325.537200000137091 ], [ 72039.494599999859929, 252327.494400000199676 ], [ 72041.780799999833107, 252329.451400000602007 ], [ 72044.058199999853969, 252331.391200000420213 ], [ 72047.314399999566376, 252334.162399999797344 ], [ 72047.799200000241399, 252334.647399999201298 ], [ 72049.427400000393391, 252336.119599999859929 ], [ 72050.57039999961853, 252338.552999999374151 ], [ 72052.848000000230968, 252340.354199999943376 ], [ 72055.12540000025183, 252341.653200000524521 ], [ 72056.519600000232458, 252342.544999999925494 ], [ 72057.411600000225008, 252343.116599999368191 ], [ 72059.853799999691546, 252344.909199999645352 ], [ 72060.658999999985099, 252345.879000000655651 ], [ 72061.802199999801815, 252346.208200000226498 ], [ 72061.802199999801815, 252346.701799999922514 ], [ 72063.265599999576807, 252349.135199999436736 ], [ 72064.729199999943376, 252351.412799999117851 ], [ 72066.85080000013113, 252353.863399999216199 ], [ 72069.448800000362098, 252357.595799999311566 ], [ 72069.942400000058115, 252357.76039999909699 ], [ 72070.435999999754131, 252359.067999999970198 ], [ 72071.128800000064075, 252361.310799999162555 ], [ 72071.241399999707937, 252361.674599999561906 ], [ 72071.735000000335276, 252364.281199999153614 ], [ 72072.21999999973923, 252366.879000000655651 ], [ 72073.518799999728799, 252369.485600000247359 ], [ 72075.146999999880791, 252372.092199999839067 ], [ 72076.290000000037253, 252374.690199999138713 ], [ 72077.753600000403821, 252377.305400000885129 ], [ 72079.208399999886751, 252379.894799999892712 ], [ 72080.836400000378489, 252382.50139999948442 ], [ 72082.135400000028312, 252385.116599999368191 ], [ 72083.607599999755621, 252387.394200000911951 ], [ 72085.564600000157952, 252389.66300000064075 ], [ 72087.348600000143051, 252392.269600000232458 ], [ 72088.881400000303984, 252394.296000000089407 ], [ 72090.353600000031292, 252397.275000000372529 ], [ 72090.440200000070035, 252397.482799999415874 ], [ 72091.574599999934435, 252401.708799999207258 ], [ 72091.894999999552965, 252403.103000000119209 ], [ 72092.856200000271201, 252410.697599999606609 ], [ 72093.834800000302494, 252417.850600000470877 ], [ 72094.934600000269711, 252422.41440000012517 ], [ 72099.091199999675155, 252426.051400000229478 ], [ 72107.08420000039041, 252430.441999999806285 ], [ 72116.783200000412762, 252435.360799999907613 ], [ 72126.482200000435114, 252438.755400000140071 ], [ 72129.591000000014901, 252439.846599999815226 ], [ 72130.916000000201166, 252440.877000000327826 ], [ 72133.77379999961704, 252444.236999999731779 ], [ 72138.138199999928474, 252446.826400000602007 ], [ 72143.109000000171363, 252449.233799999579787 ], [ 72155.639600000344217, 252455.702600000426173 ], [ 72160.887600000016391, 252460.448200000450015 ], [ 72168.97580000013113, 252466.137599999085069 ], [ 72176.72620000038296, 252470.623400000855327 ], [ 72182.41579999960959, 252473.039599999785423 ], [ 72189.257000000216067, 252476.667999999597669 ], [ 72194.773400000296533, 252480.642799999564886 ], [ 72197.050800000317395, 252481.941800000146031 ], [ 72199.32839999999851, 252483.076199999079108 ], [ 72201.605800000019372, 252484.228000000119209 ], [ 72203.874800000339746, 252485.197799999266863 ], [ 72206.983599999919534, 252486.825999999418855 ], [ 72207.303999999538064, 252486.981799999251962 ], [ 72208.109400000423193, 252487.475400000810623 ], [ 72210.395600000396371, 252487.475400000810623 ], [ 72214.457000000402331, 252487.969000000506639 ], [ 72214.786000000312924, 252488.782999999821186 ], [ 72215.123800000175834, 252488.713800000026822 ], [ 72219.557599999941885, 252491.138399999588728 ], [ 72221.428199999965727, 252491.926599999889731 ], [ 72226.139000000432134, 252493.398600000888109 ], [ 72233.5, 252496.758600000292063 ], [ 72233.543200000189245, 252500.00620000064373 ], [ 72233.776999999769032, 252516.918600000441074 ], [ 72233.785600000061095, 252518.061799999326468 ], [ 72235.864000000059605, 252663.416400000452995 ], [ 72237.414200000464916, 252771.975600000470877 ], [ 72238.981599999591708, 252892.312000000849366 ], [ 72239.985999999567866, 252961.06220000050962 ], [ 72240.055399999953806, 252965.7818 ], [ 72240.730800000019372, 252967.62639999948442 ], [ 72242.237599999643862, 252971.731000000610948 ], [ 72243.701200000010431, 252973.523600000888109 ], [ 72245.329199999570847, 252975.316199999302626 ], [ 72246.965800000354648, 252977.273399999365211 ], [ 72248.585199999623001, 252979.230399999767542 ], [ 72250.187300000339746, 252980.988399999216199 ], [ 72251.849999999627471, 252982.815600000321865 ], [ 72253.149000000208616, 252984.77280000038445 ], [ 72254.785600000061095, 252986.721200000494719 ], [ 72256.413800000213087, 252988.349199999123812 ], [ 72258.033200000412762, 252989.97719999961555 ], [ 72259.505199999548495, 252991.449400000274181 ], [ 72260.977400000207126, 252993.23340000025928 ], [ 72262.614199999719858, 252995.043199999257922 ], [ 72264.242200000211596, 252996.835799999535084 ], [ 72265.696999999694526, 252998.77559999935329 ], [ 72266.207999999634922, 252999.996600000187755 ], [ 72266.519600000232458, 253000.741399999707937 ], [ 72267.662800000049174, 253002.689799999818206 ], [ 72268.805800000205636, 253004.646999999880791 ], [ 72269.784400000236928, 253006.604000000283122 ], [ 72270.927600000053644, 253008.561200000345707 ], [ 72272.061999999918044, 253010.518200000748038 ], [ 72273.854600000195205, 253012.960400000214577 ], [ 72274.174999999813735, 253013.6097999997437 ], [ 72274.503999999724329, 253014.103399999439716 ], [ 72274.668600000441074, 253014.588400000706315 ], [ 72275.144799999892712, 253014.917400000616908 ], [ 72275.326799999922514, 253015.887399999424815 ], [ 72275.803000000305474, 253016.380999999120831 ], [ 72276.287999999709427, 253018.337999999523163 ], [ 72276.77280000038445, 253021.273800000548363 ], [ 72276.946000000461936, 253021.767400000244379 ], [ 72277.110600000247359, 253022.416799999773502 ], [ 72277.275200000032783, 253023.871600000187755 ], [ 72277.760200000368059, 253024.521199999377131 ], [ 72277.760200000368059, 253026.815999999642372 ], [ 72277.760200000368059, 253029.093599999323487 ], [ 72277.604199999943376, 253031.041999999433756 ], [ 72277.760200000368059, 253033.007799999788404 ], [ 72277.760200000368059, 253034.956199999898672 ], [ 72278.089200000278652, 253036.92200000025332 ], [ 72278.409599999897182, 253038.870400000363588 ], [ 72278.747399999760091, 253040.836200000718236 ], [ 72279.067800000309944, 253042.776000000536442 ], [ 72279.223600000143051, 253044.741800000891089 ], [ 72279.396800000220537, 253046.690199999138713 ], [ 72279.552600000053644, 253048.647399999201298 ], [ 72280.531200000084937, 253050.604399999603629 ], [ 72281.180800000205636, 253052.561599999666214 ], [ 72282.488400000147521, 253054.518799999728799 ], [ 72283.951799999922514, 253056.47580000013113 ], [ 72284.930399999953806, 253058.424200000241399 ], [ 72286.567200000397861, 253060.381400000303984 ], [ 72288.021999999880791, 253062.338400000706315 ], [ 72289.814600000157952, 253064.2956000007689 ], [ 72290.966199999675155, 253066.244000000879169 ], [ 72292.429800000041723, 253068.209799999371171 ], [ 72294.057799999602139, 253070.15819999948144 ], [ 72295.521399999968708, 253072.115399999544024 ], [ 72296.828999999910593, 253074.063799999654293 ], [ 72298.292399999685585, 253076.0296 ], [ 72299.756000000052154, 253077.978000000119209 ], [ 72301.392599999904633, 253079.943800000473857 ], [ 72303.020800000056624, 253081.883600000292063 ], [ 72303.999200000427663, 253083.84940000064671 ], [ 72305.462799999862909, 253086.958200000226498 ], [ 72305.635999999940395, 253088.092800000682473 ], [ 72305.635999999940395, 253090.041200000792742 ], [ 72305.635999999940395, 253092.318800000473857 ], [ 72305.635999999940395, 253094.604800000786781 ], [ 72305.635999999940395, 253096.562000000849366 ], [ 72305.947800000198185, 253098.519200000911951 ], [ 72306.276800000108778, 253101.775200000032783 ], [ 72306.614599999971688, 253101.775200000032783 ], [ 72306.614599999971688, 253102.424599999561906 ], [ 72307.264000000432134, 253104.381799999624491 ], [ 72308.06940000038594, 253106.338999999687076 ], [ 72308.718799999915063, 253108.296000000089407 ], [ 72309.697399999946356, 253110.244400000199676 ], [ 72310.675999999977648, 253112.210200000554323 ], [ 72311.81900000013411, 253114.158800000324845 ], [ 72312.46860000025481, 253116.124399999156594 ], [ 72313.117999999783933, 253118.064200000837445 ], [ 72313.784799999557436, 253120.029999999329448 ], [ 72314.590200000442564, 253121.978399999439716 ], [ 72315.239599999971688, 253123.944199999794364 ], [ 72315.889200000092387, 253125.88399999961257 ], [ 72316.374200000427663, 253127.849799999967217 ], [ 72317.032200000248849, 253129.807000000029802 ], [ 72317.361399999819696, 253131.764000000432134 ], [ 72317.855000000447035, 253133.712600000202656 ], [ 72318.339999999850988, 253135.669600000604987 ], [ 72318.339999999850988, 253137.626800000667572 ], [ 72318.660400000400841, 253139.904200000688434 ], [ 72318.660400000400841, 253141.861400000751019 ], [ 72318.660400000400841, 253143.827199999243021 ], [ 72318.989400000311434, 253145.77559999935329 ], [ 72318.989400000311434, 253147.732799999415874 ], [ 72319.318400000222027, 253149.689799999818206 ], [ 72319.483000000007451, 253153.5954 ], [ 72319.318400000222027, 253153.924399999901652 ], [ 72317.855000000447035, 253158.808599999174476 ], [ 72316.062400000169873, 253161.908800000324845 ], [ 72314.590200000442564, 253164.0304000005126 ], [ 72312.962199999950826, 253167.60700000077486 ], [ 72312.806200000457466, 253168.256400000303984 ], [ 72312.312599999830127, 253168.75 ], [ 72312.312599999830127, 253170.542600000277162 ], [ 72312.633200000040233, 253174.465600000694394 ], [ 72312.312599999830127, 253174.465600000694394 ], [ 72312.15679999999702, 253176.743000000715256 ], [ 72311.81900000013411, 253176.743000000715256 ], [ 72309.21239999961108, 253178.206599999219179 ], [ 72306.770399999804795, 253179.999199999496341 ], [ 72304.155199999921024, 253181.791600000113249 ], [ 72300.899000000208616, 253184.56279999949038 ], [ 72300.899000000208616, 253185.212400000542402 ], [ 72302.856200000271201, 253188.30379999987781 ], [ 72303.176599999889731, 253188.953400000929832 ], [ 72303.505599999800324, 253188.953400000929832 ], [ 72303.670199999585748, 253190.105000000447035 ], [ 72304.155199999921024, 253190.425599999725819 ], [ 72304.155199999921024, 253191.412799999117851 ], [ 72304.155199999921024, 253193.690199999138713 ], [ 72303.670199999585748, 253196.7818 ], [ 72303.670199999585748, 253197.924799999222159 ], [ 72304.310999999754131, 253200.367000000551343 ], [ 72304.49280000012368, 253200.860600000247359 ], [ 72304.64879999961704, 253202.159600000828505 ], [ 72304.80460000038147, 253204.437000000849366 ], [ 72304.49280000012368, 253206.714600000530481 ], [ 72303.999200000427663, 253209.01799999922514 ], [ 72303.349799999967217, 253214.222599999979138 ], [ 72303.505599999800324, 253218.128200000151992 ], [ 72303.280600000172853, 253218.690999999642372 ], [ 72304.709400000050664, 253223.090199999511242 ], [ 72306.839599999599159, 253228.346799999475479 ], [ 72308.710199999623001, 253231.022600000724196 ], [ 72311.29079999960959, 253233.51659999974072 ], [ 72313.239199999719858, 253237.924399999901652 ], [ 72315.464800000190735, 253241.86460000090301 ], [ 72316.711799999698997, 253248.125800000503659 ], [ 72318.175400000065565, 253250.221400000154972 ], [ 72320.946600000374019, 253253.659399999305606 ], [ 72321.760599999688566, 253254.473400000482798 ], [ 72321.916400000452995, 253254.802400000393391 ], [ 72322.089599999599159, 253255.607799999415874 ], [ 72322.739000000059605, 253256.915400000289083 ], [ 72323.059399999678135, 253259.20160000026226 ], [ 72323.388600000180304, 253261.479199999943376 ], [ 72323.88219999987632, 253263.765399999916553 ], [ 72324.851999999955297, 253266.042799999937415 ], [ 72325.674800000153482, 253268.32039999961853 ], [ 72326.809200000017881, 253270.606599999591708 ], [ 72328.766200000420213, 253274.841199999675155 ], [ 72329.086799999698997, 253274.841199999675155 ], [ 72329.086799999698997, 253276.148800000548363 ], [ 72329.580400000326335, 253277.291999999433756 ], [ 72331.208399999886751, 253278.426400000229478 ], [ 72332.195600000210106, 253278.590800000354648 ], [ 72332.351400000043213, 253279.075799999758601 ], [ 72333.658999999985099, 253279.725400000810623 ], [ 72335.780799999833107, 253283.319199999794364 ], [ 72336.092400000430644, 253283.319199999794364 ], [ 72336.092400000430644, 253284.462200000882149 ], [ 72338.058199999853969, 253286.246200000867248 ], [ 72338.707799999974668, 253287.389200000092387 ], [ 72340.50040000025183, 253289.510800000280142 ], [ 72341.808000000193715, 253291.788399999961257 ], [ 72342.951000000350177, 253294.065999999642372 ], [ 72343.912200000137091, 253296.35219999961555 ], [ 72344.578999999910593, 253298.629599999636412 ], [ 72345.722199999727309, 253302.543800000101328 ], [ 72345.91260000038892, 253303.782199999317527 ], [ 72347.159799999557436, 253305.67879999987781 ], [ 72351.60219999961555, 253307.306800000369549 ], [ 72355.429800000041723, 253310.753399999812245 ], [ 72358.460799999535084, 253314.987999999895692 ], [ 72361.292399999685585, 253317.940999999642372 ], [ 72363.266999999992549, 253319.993400000035763 ], [ 72368.497399999760091, 253325.509600000455976 ], [ 72370.185999999754131, 253328.263399999588728 ], [ 72370.359199999831617, 253329.666400000452995 ], [ 72370.731599999591708, 253332.844399999827147 ], [ 72371.07799999974668, 253335.338400000706315 ], [ 72376.144000000320375, 253345.245400000363588 ], [ 72384.067800000309944, 253358.096400000154972 ], [ 72388.32839999999851, 253365.526599999517202 ], [ 72392.779400000348687, 253369.328199999406934 ], [ 72393.948599999770522, 253370.497199999168515 ], [ 72396.2347999997437, 253372.619000000879169 ], [ 72400.469399999827147, 253377.174000000581145 ], [ 72402.097400000318885, 253378.975199999287724 ], [ 72404.05460000038147, 253380.932399999350309 ], [ 72406.176199999637902, 253382.716199999675155 ], [ 72408.133399999700487, 253385.002399999648333 ], [ 72413.346599999815226, 253390.224199999123812 ], [ 72413.675599999725819, 253391.36739999987185 ], [ 72413.996000000275671, 253391.523199999704957 ], [ 72415.303600000217557, 253393.315799999982119 ], [ 72416.273599999956787, 253395.593399999663234 ], [ 72417.096199999563396, 253397.879599999636412 ], [ 72418.239199999719858, 253400.156999999657273 ], [ 72419.382399999536574, 253402.599199999123812 ], [ 72420.516800000332296, 253404.556199999526143 ], [ 72421.660000000149012, 253406.357400000095367 ], [ 72423.123399999924004, 253407.976800000295043 ], [ 72426.388199999928474, 253409.942600000649691 ], [ 72427.522599999792874, 253410.427600000053644 ], [ 72428.985999999567866, 253411.726600000634789 ], [ 72431.263600000180304, 253414.653599999845028 ], [ 72431.168399999849498, 253416.039200000464916 ], [ 72431.973799999803305, 253418.030799999833107 ], [ 72433.212000000290573, 253420.438200000673532 ], [ 72435.44620000012219, 253424.586400000378489 ], [ 72432.40679999999702, 253432.103000000119209 ], [ 72432.40679999999702, 253433.566600000485778 ], [ 72433.385200000368059, 253436.657999999821186 ], [ 72435.177799999713898, 253438.779799999669194 ], [ 72436.987800000235438, 253441.057199999690056 ], [ 72440.23519999999553, 253444.322000000625849 ], [ 72440.893400000408292, 253445.300599999725819 ], [ 72441.542799999937415, 253445.949999999254942 ], [ 72442.850399999879301, 253449.699799999594688 ], [ 72443.66440000012517, 253450.193399999290705 ], [ 72443.66440000012517, 253450.83420000039041 ], [ 72444.149400000460446, 253451.17200000025332 ], [ 72445.119199999608099, 253455.726999999955297 ], [ 72445.612800000235438, 253456.220599999651313 ], [ 72446.097799999639392, 253456.714199999347329 ], [ 72447.405399999581277, 253458.1864 ], [ 72447.56140000000596, 253458.991599999368191 ], [ 72448.054999999701977, 253461.598200000822544 ], [ 72448.37540000025183, 253464.19620000012219 ], [ 72448.548600000329316, 253466.8114 ], [ 72448.713200000114739, 253469.417999999597669 ], [ 72449.042200000025332, 253472.024599999189377 ], [ 72448.868999999947846, 253474.63120000064373 ], [ 72449.033599999733269, 253477.237800000235438 ], [ 72449.197999999858439, 253479.844399999827147 ], [ 72449.197999999858439, 253482.459799999371171 ], [ 72449.197999999858439, 253488.322399999946356 ], [ 72449.033599999733269, 253490.928999999538064 ], [ 72448.219399999827147, 253495.483999999240041 ], [ 72447.56140000000596, 253495.82179999910295 ], [ 72447.24100000038743, 253496.800400000065565 ], [ 72446.747399999760091, 253497.943399999290705 ], [ 72445.941999999806285, 253499.077800000086427 ], [ 72445.941999999806285, 253499.995799999684095 ], [ 72445.941999999806285, 253500.870400000363588 ], [ 72446.435600000433624, 253501.519999999552965 ], [ 72446.920599999837577, 253502.342599999159575 ], [ 72446.591400000266731, 253504.290999999269843 ], [ 72444.807599999941885, 253507.884800000116229 ], [ 72444.807599999941885, 253509.513000000268221 ], [ 72445.119199999608099, 253512.119599999859929 ], [ 72446.262400000356138, 253515.367000000551343 ], [ 72446.747399999760091, 253516.025200000032783 ], [ 72446.920599999837577, 253517.488600000739098 ], [ 72447.405399999581277, 253517.826400000602007 ], [ 72447.24100000038743, 253520.580199999734759 ], [ 72446.262400000356138, 253523.203999999910593 ], [ 72445.777400000020862, 253525.801999999210238 ], [ 72445.119199999608099, 253528.417199999094009 ], [ 72444.469800000078976, 253531.0152000002563 ], [ 72444.149400000460446, 253533.630400000140071 ], [ 72443.82039999961853, 253536.236999999731779 ], [ 72443.491200000047684, 253538.83500000089407 ], [ 72443.170800000429153, 253541.450200000777841 ], [ 72442.841799999587238, 253544.065600000321865 ], [ 72442.512600000016391, 253546.654799999669194 ], [ 72442.036399999633431, 253549.269999999552965 ], [ 72441.378200000151992, 253551.88539999909699 ], [ 72440.720200000330806, 253554.483200000599027 ], [ 72440.23519999999553, 253557.089800000190735 ], [ 72440.23519999999553, 253559.705199999734759 ], [ 72440.23519999999553, 253562.302999999374151 ], [ 72440.070600000210106, 253567.524800000712276 ], [ 72439.2652000002563, 253570.122800000011921 ], [ 72437.793200000189245, 253572.737999999895692 ], [ 72436.321000000461936, 253575.353399999439716 ], [ 72436.035199999809265, 253575.855599999427795 ], [ 72434.86600000038743, 253577.942600000649691 ], [ 72433.549800000153482, 253580.557800000533462 ], [ 72432.580000000074506, 253583.173200000077486 ], [ 72431.601400000043213, 253585.770999999716878 ], [ 72430.622800000011921, 253588.377599999308586 ], [ 72429.635599999688566, 253590.993000000715256 ], [ 72429.141999999992549, 253593.608200000599027 ], [ 72428.830199999734759, 253596.197399999946356 ], [ 72428.985999999567866, 253598.81279999949038 ], [ 72429.141999999992549, 253601.419399999082088 ], [ 72429.635599999688566, 253604.026000000536442 ], [ 72429.808799999766052, 253609.074599999934435 ], [ 72428.985999999567866, 253609.247800000011921 ], [ 72428.665599999949336, 253609.897199999541044 ], [ 72428.336600000038743, 253610.217599999159575 ], [ 72427.687199999578297, 253610.711200000718236 ], [ 72427.358000000007451, 253611.689799999818206 ], [ 72426.708599999547005, 253612.183399999514222 ], [ 72426.059000000357628, 253614.77280000038445 ], [ 72425.565399999730289, 253617.388000000268221 ], [ 72425.236399999819696, 253620.003200000151992 ], [ 72424.587000000290573, 253622.601199999451637 ], [ 72423.287999999709427, 253625.207800000905991 ], [ 72422.153599999845028, 253627.823000000789762 ], [ 72421.166199999861419, 253630.42960000038147 ], [ 72419.858599999919534, 253634.499800000339746 ], [ 72419.538200000301003, 253634.499800000339746 ], [ 72419.217799999751151, 253635.642799999564886 ], [ 72418.074799999594688, 253635.798800000920892 ], [ 72417.910199999809265, 253635.971999999135733 ], [ 72417.745600000023842, 253636.456800000742078 ], [ 72417.096199999563396, 253636.456800000742078 ], [ 72416.611200000159442, 253637.270800000056624 ], [ 72415.953200000338256, 253637.270800000056624 ], [ 72415.459400000050664, 253638.56980000063777 ], [ 72414.645399999804795, 253638.899000000208616 ], [ 72414.325000000186265, 253640.197799999266863 ], [ 72413.502399999648333, 253642.813200000673532 ], [ 72413.025999999605119, 253645.411000000312924 ], [ 72412.688400000333786, 253648.026399999856949 ], [ 72412.532399999909103, 253650.632999999448657 ], [ 72412.688400000333786, 253654.06220000050962 ], [ 72412.861600000411272, 253654.867599999532104 ], [ 72413.025999999605119, 253655.525800000876188 ], [ 72413.182000000029802, 253655.846200000494719 ], [ 72413.182000000029802, 253658.461400000378489 ], [ 72413.346599999815226, 253661.059399999678135 ], [ 72413.675599999725819, 253665.787599999457598 ], [ 72413.182000000029802, 253666.281199999153614 ], [ 72412.532399999909103, 253667.086600000038743 ], [ 72412.532399999909103, 253667.909199999645352 ], [ 72411.874400000087917, 253668.402799999341369 ], [ 72411.389399999752641, 253669.208200000226498 ], [ 72408.45380000025034, 253671.485799999907613 ], [ 72407.63980000000447, 253671.979399999603629 ], [ 72407.319199999794364, 253672.316999999806285 ], [ 72406.011599999852479, 253672.957800000905991 ], [ 72405.855800000019372, 253673.2956000007689 ], [ 72402.435200000181794, 253676.551799999549985 ], [ 72402.435200000181794, 253677.201199999079108 ], [ 72401.612399999983609, 253678.0152000002563 ], [ 72400.963000000454485, 253680.621799999848008 ], [ 72400.63399999961257, 253683.228399999439716 ], [ 72400.149000000208616, 253688.441600000485778 ], [ 72399.005800000391901, 253691.862199999392033 ], [ 72397.542399999685585, 253694.304199999198318 ], [ 72396.39919999986887, 253696.919600000604987 ], [ 72395.26480000000447, 253699.526200000196695 ], [ 72393.143199999816716, 253702.955399999395013 ], [ 72392.987399999983609, 253704.739399999380112 ], [ 72391.350599999539554, 253707.51039999909699 ], [ 72389.064399999566376, 253709.952600000426173 ], [ 72386.778199999593198, 253712.714999999850988 ], [ 72386.778199999593198, 253713.364399999380112 ], [ 72385.972799999639392, 253714.031199999153614 ], [ 72385.635200000368059, 253714.8454 ], [ 72385.14159999974072, 253717.451999999582767 ], [ 72384.829800000414252, 253720.049799999222159 ], [ 72385.081000000238419, 253722.76039999909699 ], [ 72385.14159999974072, 253723.487800000235438 ], [ 72385.323400000110269, 253724.457599999383092 ], [ 72385.635200000368059, 253725.271800000220537 ], [ 72387.91260000038892, 253729.670800000429153 ], [ 72388.579400000162423, 253729.670800000429153 ], [ 72388.735399999655783, 253730.0 ], [ 72391.350599999539554, 253730.969799999147654 ], [ 72393.948599999770522, 253731.628000000491738 ], [ 72396.563799999654293, 253732.597799999639392 ], [ 72399.170400000177324, 253733.905600000172853 ], [ 72401.776999999769032, 253735.369000000879169 ], [ 72403.734199999831617, 253736.849799999967217 ], [ 72405.682599999941885, 253738.954199999570847 ], [ 72407.483799999579787, 253742.054400000721216 ], [ 72407.63980000000447, 253742.374800000339746 ], [ 72407.80420000012964, 253742.868400000035763 ], [ 72407.977400000207126, 253743.197399999946356 ], [ 72408.133399999700487, 253744.176000000908971 ], [ 72408.627000000327826, 253746.774000000208616 ], [ 72408.627000000327826, 253749.389200000092387 ], [ 72408.627000000327826, 253752.004399999976158 ], [ 72408.627000000327826, 253754.593800000846386 ], [ 72408.627000000327826, 253757.209000000730157 ], [ 72408.782800000160933, 253759.824200000613928 ], [ 72409.276399999856949, 253762.422199999913573 ], [ 72410.410799999721348, 253766.821399999782443 ], [ 72410.904400000348687, 253767.150399999693036 ], [ 72410.921799999661744, 253767.704600000753999 ], [ 72412.696999999694526, 253770.042799999937415 ], [ 72419.815399999730289, 253777.628799999132752 ], [ 72424.058600000105798, 253781.309200000017881 ], [ 72429.141999999992549, 253785.4054000005126 ], [ 72430.778599999845028, 253786.375199999660254 ], [ 72433.056200000457466, 253788.990399999544024 ], [ 72433.878800000064075, 253789.483999999240041 ], [ 72434.034799999557436, 253789.969000000506639 ], [ 72437.628600000403821, 253789.969000000506639 ], [ 72439.507799999788404, 253791.449799999594688 ], [ 72439.914800000376999, 253791.761600000783801 ], [ 72442.192200000397861, 253793.718800000846386 ], [ 72444.807599999941885, 253795.017599999904633 ], [ 72447.24100000038743, 253796.654400000348687 ], [ 72451.155199999921024, 253799.745999999344349 ], [ 72451.969200000166893, 253800.066400000825524 ], [ 72452.627399999648333, 253800.403999999165535 ], [ 72452.627399999648333, 253801.209400000050664 ], [ 72453.917600000277162, 253802.517000000923872 ], [ 72454.740399999544024, 253805.115000000223517 ], [ 72455.718799999915063, 253810.336799999698997 ], [ 72457.347000000067055, 253814.086600000038743 ], [ 72458.152200000360608, 253814.735999999567866 ], [ 72458.490000000223517, 253815.879200000315905 ], [ 72458.325400000438094, 253818.156600000336766 ], [ 72457.511400000192225, 253820.771999999880791 ], [ 72456.532800000160933, 253823.369799999520183 ], [ 72455.588999999687076, 253825.517400000244379 ], [ 72455.38980000000447, 253825.976399999111891 ], [ 72454.575799999758601, 253828.59180000051856 ], [ 72453.917600000277162, 253831.198400000110269 ], [ 72453.441399999894202, 253833.79619999974966 ], [ 72453.276800000108778, 253836.411399999633431 ], [ 72452.947800000198185, 253839.01799999922514 ], [ 72452.783200000412762, 253841.633400000631809 ], [ 72452.627399999648333, 253844.231200000271201 ], [ 72451.484199999831617, 253848.318800000473857 ], [ 72451.484199999831617, 253849.453199999406934 ], [ 72450.990600000135601, 253849.937999999150634 ], [ 72450.332399999722838, 253852.70920000039041 ], [ 72450.990600000135601, 253856.614800000563264 ], [ 72451.319799999706447, 253856.943800000473857 ], [ 72451.6402000002563, 253860.528999999165535 ], [ 72450.826000000350177, 253863.135600000619888 ], [ 72449.856200000271201, 253865.750800000503659 ], [ 72449.033599999733269, 253868.357400000095367 ], [ 72448.054999999701977, 253870.955399999395013 ], [ 72447.24100000038743, 253873.570599999278784 ], [ 72445.941999999806285, 253876.177200000733137 ], [ 72444.963399999774992, 253878.775200000032783 ], [ 72443.006199999712408, 253881.88399999961257 ], [ 72439.741600000299513, 253886.28319999948144 ], [ 72439.576999999582767, 253886.595000000670552 ], [ 72439.092000000178814, 253887.737999999895692 ], [ 72438.277999999932945, 253888.222999999299645 ], [ 72438.277999999932945, 253889.548000000417233 ], [ 72437.949000000022352, 253889.548000000417233 ], [ 72437.949000000022352, 253890.517799999564886 ], [ 72437.637199999764562, 253890.838400000706315 ], [ 72436.805800000205636, 253892.474999999627471 ], [ 72436.321000000461936, 253896.380599999800324 ], [ 72436.15639999974519, 253897.367799999192357 ], [ 72436.000599999912083, 253897.688200000673532 ], [ 72435.177799999713898, 253900.294800000265241 ], [ 72433.549800000153482, 253902.892799999564886 ], [ 72431.44539999961853, 253906.651000000536442 ], [ 72431.107800000347197, 253907.135999999940395 ], [ 72430.778599999845028, 253907.785599999129772 ], [ 72429.479799999855459, 253909.57799999974668 ], [ 72429.323800000362098, 253909.907199999317527 ], [ 72428.665599999949336, 253910.894400000572205 ], [ 72427.93819999974221, 253911.318800000473857 ], [ 72425.279799999669194, 253915.458000000566244 ], [ 72424.032599999569356, 253917.008199999108911 ], [ 72421.63399999961257, 253917.882799999788404 ], [ 72418.784799999557436, 253922.255999999120831 ], [ 72414.160600000061095, 253929.460999999195337 ], [ 72412.861600000411272, 253931.582599999383092 ], [ 72411.553999999538064, 253933.704199999570847 ], [ 72410.410799999721348, 253935.488199999555945 ], [ 72409.267799999564886, 253937.44539999961853 ], [ 72408.289200000464916, 253939.887399999424815 ], [ 72406.990199999883771, 253941.844399999827147 ], [ 72405.682599999941885, 253943.801599999889731 ], [ 72404.548200000077486, 253945.602800000458956 ], [ 72403.240600000135601, 253947.551200000569224 ], [ 72401.776999999769032, 253949.187999999150634 ], [ 72400.79839999973774, 253950.807399999350309 ], [ 72399.820000000298023, 253953.093599999323487 ], [ 72398.347799999639392, 253954.886199999600649 ], [ 72396.892799999564886, 253956.67879999987781 ], [ 72395.749800000339746, 253958.315400000661612 ], [ 72394.771200000308454, 253960.255200000479817 ], [ 72393.792600000277162, 253962.221000000834465 ], [ 72392.805399999953806, 253964.169399999082088 ], [ 72391.844200000166893, 253966.126599999144673 ], [ 72390.865600000135601, 253968.083599999547005 ], [ 72390.034400000236928, 253970.369799999520183 ], [ 72388.735399999655783, 253972.318399999290705 ], [ 72387.600999999791384, 253974.439999999478459 ], [ 72386.457799999974668, 253976.232599999755621 ], [ 72385.479199999943376, 253978.198400000110269 ], [ 72384.500799999572337, 253980.138000000268221 ], [ 72383.522199999541044, 253982.103800000622869 ], [ 72382.864000000059605, 253984.061000000685453 ], [ 72382.223199999891222, 253986.009400000795722 ], [ 72381.235999999567866, 253987.966600000858307 ], [ 72380.586600000038743, 253989.923599999397993 ], [ 72379.616600000299513, 253992.69480000063777 ], [ 72379.122999999672174, 253993.0152000002563 ], [ 72379.122999999672174, 253993.829199999570847 ], [ 72378.802600000053644, 253995.786399999633431 ], [ 72378.958399999886751, 253997.743400000035763 ], [ 72378.638000000268221, 253999.700600000098348 ], [ 72378.611999999731779, 254000.003599999472499 ], [ 72378.473600000143051, 254001.657600000500679 ], [ 72377.495000000111759, 254004.437400000169873 ], [ 72377.009999999776483, 254004.593399999663234 ], [ 72377.009999999776483, 254005.572000000625849 ], [ 72376.845399999991059, 254007.520400000736117 ], [ 72377.009999999776483, 254009.477399999275804 ], [ 72376.68099999986589, 254011.426000000908971 ], [ 72376.187400000169873, 254013.391799999400973 ], [ 72375.382000000216067, 254015.513399999588728 ], [ 72374.394799999892712, 254017.461799999698997 ], [ 72373.416199999861419, 254019.089800000190735 ], [ 72372.44620000012219, 254020.232999999076128 ], [ 72371.303199999965727, 254021.860999999567866 ], [ 72370.168800000101328, 254023.333200000226498 ], [ 72369.181599999777973, 254024.796599999070168 ], [ 72368.038399999961257, 254026.260199999436736 ], [ 72367.059999999590218, 254027.723600000143051 ], [ 72366.575000000186265, 254029.360400000587106 ], [ 72366.089999999850988, 254030.988399999216199 ], [ 72365.596400000154972, 254032.616399999707937 ], [ 72365.440600000321865, 254034.244400000199676 ], [ 72365.111399999819696, 254035.88120000064373 ], [ 72364.946999999694526, 254037.509199999272823 ], [ 72364.626600000075996, 254039.137199999764562 ], [ 72364.288800000213087, 254040.774000000208616 ], [ 72363.812400000169873, 254042.402000000700355 ], [ 72363.48340000025928, 254044.038799999281764 ], [ 72363.145600000396371, 254045.666799999773502 ], [ 72363.145600000396371, 254047.294800000265241 ], [ 72362.496199999935925, 254048.914200000464916 ], [ 72362.011199999600649, 254052.005799999460578 ], [ 72361.855399999767542, 254052.170199999585748 ], [ 72360.37459999974817, 254053.642400000244379 ], [ 72358.261599999852479, 254055.11460000090301 ], [ 72357.941200000233948, 254055.764000000432134 ], [ 72357.776600000448525, 254056.084400000050664 ], [ 72356.31319999974221, 254057.227600000798702 ], [ 72354.841000000014901, 254058.041600000113249 ], [ 72352.892400000244379, 254058.855599999427795 ], [ 72350.926799999549985, 254059.505200000479817 ], [ 72348.978199999779463, 254059.825600000098348 ], [ 72347.021200000308454, 254060.163200000301003 ], [ 72344.094200000166893, 254060.319199999794364 ], [ 72343.756400000303984, 254060.968599999323487 ], [ 72343.106999999843538, 254060.968599999323487 ], [ 72342.951000000350177, 254061.462200000882149 ], [ 72342.622000000439584, 254061.955800000578165 ], [ 72341.972400000318885, 254062.934399999678135 ], [ 72341.808000000193715, 254063.254799999296665 ], [ 72341.149799999780953, 254063.904200000688434 ], [ 72337.079599999822676, 254065.047399999573827 ], [ 72337.244199999608099, 254065.21199999935925 ], [ 72335.936599999666214, 254066.839999999850988 ], [ 72335.45160000026226, 254067.818600000813603 ], [ 72335.45160000026226, 254069.446599999442697 ], [ 72335.45160000026226, 254072.538200000301003 ], [ 72334.802199999801815, 254073.205000000074506 ], [ 72334.152599999681115, 254073.845799999311566 ], [ 72333.979399999603629, 254074.339400000870228 ], [ 72331.537399999797344, 254075.638399999588728 ], [ 72329.580400000326335, 254075.802799999713898 ], [ 72329.086799999698997, 254076.296399999409914 ], [ 72328.437199999578297, 254076.123199999332428 ], [ 72325.995199999772012, 254076.946000000461936 ], [ 72324.211199999786913, 254078.088999999687076 ], [ 72322.574599999934435, 254079.067600000649691 ], [ 72321.110999999567866, 254080.037399999797344 ], [ 72319.803399999625981, 254081.180600000545382 ], [ 72318.504399999976158, 254082.314999999478459 ], [ 72317.041000000201166, 254083.302200000733137 ], [ 72315.73340000025928, 254084.436599999666214 ], [ 72314.434399999678135, 254085.579800000414252 ], [ 72312.633200000040233, 254087.857200000435114 ], [ 72312.312599999830127, 254088.524000000208616 ], [ 72312.15679999999702, 254089.000399999320507 ], [ 72312.15679999999702, 254089.667199999094009 ], [ 72311.663200000301003, 254089.823000000789762 ], [ 72311.663200000301003, 254090.472599999979138 ], [ 72311.490000000223517, 254089.667199999094009 ], [ 72307.264000000432134, 254090.308000000193715 ], [ 72307.264000000432134, 254090.628399999812245 ], [ 72306.770399999804795, 254091.295199999585748 ], [ 72305.298200000077486, 254092.905999999493361 ], [ 72303.349799999967217, 254094.066400000825524 ], [ 72300.093799999915063, 254095.850199999287724 ], [ 72299.270999999716878, 254096.162000000476837 ], [ 72296.84360000025481, 254099.145400000736117 ], [ 72296.335400000214577, 254099.426799999549985 ], [ 72296.335400000214577, 254100.414000000804663 ], [ 72296.335400000214577, 254102.041999999433756 ], [ 72295.521399999968708, 254103.999199999496341 ], [ 72293.737399999983609, 254106.276599999517202 ], [ 72293.079199999570847, 254106.605799999088049 ], [ 72292.750199999660254, 254107.255200000479817 ], [ 72292.58559999987483, 254108.554199999198318 ], [ 72292.429800000041723, 254108.554199999198318 ], [ 72292.10080000013113, 254110.519999999552965 ], [ 72292.2652000002563, 254112.476999999955297 ], [ 72292.429800000041723, 254114.434200000017881 ], [ 72292.58559999987483, 254116.373999999836087 ], [ 72292.92339999973774, 254118.339800000190735 ], [ 72293.737399999983609, 254120.296800000593066 ], [ 72294.378200000151992, 254122.245400000363588 ], [ 72295.044999999925494, 254125.18099999986589 ], [ 72295.201000000350177, 254125.830399999395013 ], [ 72295.356800000183284, 254126.315400000661612 ], [ 72295.841799999587238, 254127.293999999761581 ], [ 72296.179399999789894, 254128.281199999153614 ], [ 72296.179399999789894, 254129.735999999567866 ], [ 72295.521399999968708, 254130.229599999263883 ], [ 72295.201000000350177, 254130.558800000697374 ], [ 72294.551400000229478, 254130.89640000090003 ], [ 72292.58559999987483, 254131.701799999922514 ], [ 72290.637199999764562, 254132.039599999785423 ], [ 72288.671400000341237, 254132.186799999326468 ], [ 72286.723000000230968, 254132.351199999451637 ], [ 72282.973399999551475, 254132.507200000807643 ], [ 72282.817400000058115, 254132.186799999326468 ], [ 72282.548999999649823, 254132.100199999287724 ], [ 72281.838800000026822, 254131.857599999755621 ], [ 72281.345200000330806, 254130.89640000090003 ], [ 72280.687199999578297, 254129.909199999645352 ], [ 72280.03760000038892, 254128.593000000342727 ], [ 72279.067800000309944, 254127.458599999547005 ], [ 72277.604199999943376, 254126.315400000661612 ], [ 72275.144799999892712, 254125.016400000080466 ], [ 72273.854600000195205, 254125.345599999651313 ], [ 72273.516800000332296, 254125.18099999986589 ], [ 72272.061999999918044, 254126.159600000828505 ], [ 72270.434000000357628, 254126.964999999850988 ], [ 72268.805800000205636, 254127.952199999243021 ], [ 72266.840200000442564, 254128.281199999153614 ], [ 72264.89159999974072, 254128.593000000342727 ], [ 72260.985999999567866, 254129.086600000038743 ], [ 72258.691200000233948, 254129.580199999734759 ], [ 72256.898599999956787, 254130.229599999263883 ], [ 72254.950199999846518, 254130.89640000090003 ], [ 72252.334999999962747, 254132.507200000807643 ], [ 72251.200600000098348, 254132.507200000807643 ], [ 72249.563799999654293, 254133.667600000277162 ], [ 72246.965800000354648, 254136.256799999624491 ], [ 72246.472199999727309, 254136.906400000676513 ], [ 72246.472199999727309, 254137.235400000587106 ], [ 72245.822800000198185, 254137.244000000879169 ], [ 72245.822800000198185, 254137.573200000450015 ], [ 72245.164599999785423, 254137.573200000450015 ], [ 72245.008799999952316, 254137.893600000068545 ], [ 72243.051599999889731, 254138.716199999675155 ], [ 72241.094600000418723, 254139.028000000864267 ], [ 72239.145999999716878, 254139.365800000727177 ], [ 72237.344800000078976, 254140.006599999964237 ], [ 72235.716799999587238, 254141.149599999189377 ], [ 72233.274799999780953, 254143.271199999377131 ], [ 72232.460799999535084, 254143.765000000596046 ], [ 72232.278800000436604, 254143.75620000064373 ], [ 72230.243800000287592, 254145.046599999070168 ], [ 72227.134999999776483, 254147.809000000357628 ], [ 72225.792600000277162, 254151.506799999624491 ], [ 72225.792600000277162, 254153.316600000485778 ], [ 72226.416199999861419, 254157.127000000327826 ], [ 72226.95299999974668, 254160.123199999332428 ], [ 72226.589399999938905, 254162.833799999207258 ], [ 72226.589399999938905, 254163.318800000473857 ], [ 72227.238800000399351, 254165.916600000113249 ], [ 72229.204599999822676, 254170.653599999845028 ], [ 72229.516400000080466, 254170.809399999678135 ], [ 72230.174599999561906, 254171.78800000064075 ], [ 72230.174599999561906, 254172.437400000169873 ], [ 72230.832600000314415, 254173.260199999436736 ], [ 72231.152999999932945, 254173.736400000751019 ], [ 72232.131599999964237, 254176.351800000295043 ], [ 72232.625199999660254, 254178.958399999886751 ], [ 72232.945600000210106, 254181.573599999770522 ], [ 72233.439199999906123, 254184.162799999117851 ], [ 72233.724999999627471, 254185.063400000333786 ], [ 72234.253399999812245, 254186.778200000524521 ], [ 72234.902800000272691, 254189.393400000408292 ], [ 72235.231800000183284, 254192.0 ], [ 72235.881400000303984, 254194.597799999639392 ], [ 72236.68680000025779, 254199.81980000063777 ], [ 72237.024400000460446, 254199.81980000063777 ], [ 72237.024400000460446, 254200.313400000333786 ], [ 72239.795599999837577, 254203.88120000064373 ], [ 72241.085799999535084, 254205.197399999946356 ], [ 72241.917200000025332, 254206.176000000908971 ], [ 72243.380800000391901, 254208.618200000375509 ], [ 72243.536600000225008, 254209.596599999815226 ], [ 72243.536600000225008, 254212.532400000840425 ], [ 72243.216199999675155, 254212.532400000840425 ], [ 72242.887199999764562, 254213.337600000202656 ], [ 72243.051599999889731, 254214.809800000861287 ], [ 72243.865600000135601, 254217.416400000452995 ], [ 72244.194799999706447, 254218.230399999767542 ], [ 72244.350599999539554, 254218.723999999463558 ], [ 72244.5152000002563, 254220.35219999961555 ], [ 72244.194799999706447, 254223.608200000599027 ], [ 72243.536600000225008, 254225.23619999922812 ], [ 72242.566800000146031, 254226.717000000178814 ], [ 72242.150999999605119, 254227.245400000363588 ], [ 72241.579400000162423, 254228.007400000467896 ], [ 72240.609600000083447, 254229.306399999186397 ], [ 72239.795599999837577, 254231.272199999541044 ], [ 72238.981599999591708, 254232.735600000247359 ], [ 72238.487999999895692, 254234.363600000739098 ], [ 72237.673999999649823, 254236.814400000497699 ], [ 72237.093799999915063, 254237.827600000426173 ], [ 72236.478799999691546, 254240.659399999305606 ], [ 72236.340400000102818, 254244.530200000852346 ], [ 72237.985600000247359, 254249.197799999266863 ], [ 72242.43680000025779, 254256.775200000032783 ], [ 72246.082600000314415, 254261.962400000542402 ], [ 72247.061200000345707, 254264.889399999752641 ], [ 72247.14780000038445, 254267.045800000429153 ], [ 72247.771200000308454, 254271.176400000229478 ], [ 72248.394799999892712, 254274.89159999974072 ], [ 72251.503600000403821, 254281.706800000742078 ], [ 72253.989000000059605, 254286.443600000813603 ], [ 72256.604199999943376, 254291.605000000447035 ], [ 72264.839599999599159, 254307.833399999886751 ], [ 72266.710199999623001, 254312.838800000026822 ], [ 72266.710199999623001, 254315.246200000867248 ], [ 72266.710199999623001, 254318.606200000271201 ], [ 72266.441800000146031, 254323.611600000411272 ], [ 72266.346599999815226, 254331.821000000461936 ], [ 72267.818599999882281, 254338.653599999845028 ], [ 72267.662800000049174, 254338.653599999845028 ], [ 72267.489599999971688, 254340.619400000199676 ], [ 72267.229799999855459, 254343.996600000187755 ], [ 72267.013399999588728, 254346.967000000178814 ], [ 72267.333800000138581, 254346.967000000178814 ], [ 72267.489599999971688, 254348.28319999948144 ], [ 72267.818599999882281, 254348.439200000837445 ], [ 72269.29079999960959, 254351.548000000417233 ], [ 72269.611200000159442, 254352.197399999946356 ], [ 72270.104799999855459, 254353.825600000098348 ], [ 72270.260800000280142, 254355.9386 ], [ 72270.252000000327826, 254358.216000000014901 ], [ 72270.252000000327826, 254360.173200000077486 ], [ 72270.260800000280142, 254362.121600000187755 ], [ 72270.434000000357628, 254364.087400000542402 ], [ 72270.434000000357628, 254366.035800000652671 ], [ 72270.745600000023842, 254368.001599999144673 ], [ 72270.927600000053644, 254370.279200000688434 ], [ 72270.745600000023842, 254372.23619999922812 ], [ 72270.745600000023842, 254374.193399999290705 ], [ 72271.239199999719858, 254376.141799999400973 ], [ 72272.86739999987185, 254379.07740000076592 ], [ 72273.516800000332296, 254380.064799999818206 ], [ 72273.854600000195205, 254382.342199999839067 ], [ 72273.516800000332296, 254384.619799999520183 ], [ 72273.040599999949336, 254386.905999999493361 ], [ 72272.217799999751151, 254389.339400000870228 ], [ 72272.217799999751151, 254390.482400000095367 ], [ 72271.888799999840558, 254391.131999999284744 ], [ 72272.061999999918044, 254393.088999999687076 ], [ 72273.040599999949336, 254395.054800000041723 ], [ 72274.010400000028312, 254396.838800000026822 ], [ 72275.638399999588728, 254398.310799999162555 ], [ 72276.504399999976158, 254399.272199999541044 ], [ 72277.110600000247359, 254399.938999999314547 ], [ 72278.409599999897182, 254401.895999999716878 ], [ 72279.388199999928474, 254403.844399999827147 ], [ 72279.717199999839067, 254405.801599999889731 ], [ 72279.881799999624491, 254407.758799999952316 ], [ 72280.531200000084937, 254409.715800000354648 ], [ 72281.024799999780953, 254411.664200000464916 ], [ 72281.180800000205636, 254413.630000000819564 ], [ 72281.345200000330806, 254415.907600000500679 ], [ 72281.345200000330806, 254418.193800000473857 ], [ 72281.345200000330806, 254420.471400000154972 ], [ 72281.180800000205636, 254422.748800000175834 ], [ 72281.085400000214577, 254427.390399999916553 ], [ 72281.631000000052154, 254431.174799999222159 ], [ 72283.146599999628961, 254436.110799999907613 ], [ 72283.146599999628961, 254437.739000000059605 ], [ 72282.817400000058115, 254439.367000000551343 ], [ 72282.488400000147521, 254441.003599999472499 ], [ 72281.024799999780953, 254446.875 ], [ 72280.37540000025183, 254449.152599999681115 ], [ 72279.717199999839067, 254452.893600000068545 ], [ 72279.223600000143051, 254453.707599999383092 ], [ 72279.223600000143051, 254456.002399999648333 ], [ 72279.881799999624491, 254461.051000000908971 ], [ 72279.881799999624491, 254463.172800000756979 ], [ 72280.687199999578297, 254463.666400000452995 ], [ 72280.860399999655783, 254464.315799999982119 ], [ 72281.180800000205636, 254465.121200000867248 ], [ 72281.674399999901652, 254465.762000000104308 ], [ 72281.674399999901652, 254468.065600000321865 ], [ 72281.674399999901652, 254470.343000000342727 ], [ 72282.488400000147521, 254472.620600000023842 ], [ 72283.302400000393391, 254474.898199999704957 ], [ 72284.281000000424683, 254477.184200000017881 ], [ 72285.423999999649823, 254480.440400000661612 ], [ 72285.580000000074506, 254481.739399999380112 ], [ 72285.423999999649823, 254484.02559999935329 ], [ 72284.765800000168383, 254486.311799999326468 ], [ 72283.631400000303984, 254488.589199999347329 ], [ 72282.652800000272691, 254490.866800000891089 ], [ 72282.315200000070035, 254493.153000000864267 ], [ 72282.159199999645352, 254495.430400000885129 ], [ 72281.994800000451505, 254497.708000000566244 ], [ 72281.674399999901652, 254499.985600000247359 ], [ 72281.509800000116229, 254502.2804000005126 ], [ 72280.851599999703467, 254504.558000000193715 ], [ 72280.37540000025183, 254506.835400000214577 ], [ 72279.881799999624491, 254509.121600000187755 ], [ 72279.059000000357628, 254511.39919999986887 ], [ 72277.760200000368059, 254514.343399999663234 ], [ 72277.604199999943376, 254514.828400000929832 ], [ 72277.439600000157952, 254515.486600000411272 ], [ 72276.77280000038445, 254515.962799999862909 ], [ 72275.638399999588728, 254518.248999999836087 ], [ 72275.144799999892712, 254520.535199999809265 ], [ 72274.140399999916553, 254521.903400000184774 ], [ 72272.86739999987185, 254523.626800000667572 ], [ 72272.55559999961406, 254524.276200000196695 ], [ 72272.711400000378489, 254526.068800000473857 ], [ 72272.86739999987185, 254528.026000000536442 ], [ 72272.711400000378489, 254530.303400000557303 ], [ 72272.55559999961406, 254532.589600000530481 ], [ 72272.217799999751151, 254534.867200000211596 ], [ 72271.888799999840558, 254537.144799999892712 ], [ 72271.447200000286102, 254541.881599999964237 ], [ 72271.005400000140071, 254544.643999999389052 ], [ 72269.84499999973923, 254546.722400000318885 ], [ 72268.693400000222027, 254548.800799999386072 ], [ 72268.052400000393391, 254551.719200000166893 ], [ 72268.442200000397861, 254555.321599999442697 ], [ 72267.974600000306964, 254561.920399999246001 ], [ 72268.15639999974519, 254563.877399999648333 ], [ 72268.63260000012815, 254565.825999999418855 ], [ 72269.29079999960959, 254567.782999999821186 ], [ 72269.940399999730289, 254569.740199999883771 ], [ 72271.083399999886751, 254571.697200000286102 ], [ 72271.919099999591708, 254573.701999999582767 ], [ 72273.205000000074506, 254575.602800000458956 ], [ 72275.638399999588728, 254578.711799999698997 ], [ 72275.803000000305474, 254579.196599999442697 ], [ 72277.275200000032783, 254581.967800000682473 ], [ 72277.604199999943376, 254582.937599999830127 ], [ 72278.089200000278652, 254584.254000000655651 ], [ 72278.253800000064075, 254585.881999999284744 ], [ 72278.253800000064075, 254587.18099999986589 ], [ 72278.089200000278652, 254587.345599999651313 ], [ 72277.110600000247359, 254589.631799999624491 ], [ 72275.97620000038296, 254591.909199999645352 ], [ 72274.833200000226498, 254594.19539999961853 ], [ 72273.516800000332296, 254596.472999999299645 ], [ 72272.55559999961406, 254598.750399999320507 ], [ 72271.732800000347197, 254601.028000000864267 ], [ 72270.745600000023842, 254603.305600000545382 ], [ 72270.104799999855459, 254605.59180000051856 ], [ 72269.117600000463426, 254609.83500000089407 ], [ 72269.611200000159442, 254611.783399999141693 ], [ 72270.096199999563396, 254613.740599999204278 ], [ 72270.589800000190735, 254615.697599999606609 ], [ 72270.927600000053644, 254617.975199999287724 ], [ 72270.927600000053644, 254620.261399999260902 ], [ 72270.252000000327826, 254624.495999999344349 ], [ 72270.252000000327826, 254626.461799999698997 ], [ 72270.589800000190735, 254628.410199999809265 ], [ 72270.927600000053644, 254630.36739999987185 ], [ 72271.888799999840558, 254632.315799999982119 ], [ 72272.711400000378489, 254634.281600000336766 ], [ 72273.205000000074506, 254636.230000000447035 ], [ 72273.690000000409782, 254638.195800000801682 ], [ 72274.174999999813735, 254640.135600000619888 ], [ 72274.833200000226498, 254642.101399999111891 ], [ 72275.803000000305474, 254644.058599999174476 ], [ 72276.77280000038445, 254646.015599999576807 ], [ 72277.26659999974072, 254647.963999999687076 ], [ 72277.760200000368059, 254649.92119999974966 ], [ 72278.089200000278652, 254651.878399999812245 ], [ 72278.747399999760091, 254653.826799999922514 ], [ 72279.059000000357628, 254655.783800000324845 ], [ 72280.03760000038892, 254657.74100000038743 ], [ 72281.509800000116229, 254661.170199999585748 ], [ 72281.838800000026822, 254662.469200000166893 ], [ 72282.488400000147521, 254662.633799999952316 ], [ 72282.652800000272691, 254663.941400000825524 ], [ 72282.652800000272691, 254666.219000000506639 ], [ 72282.323800000362098, 254668.496400000527501 ], [ 72282.159199999645352, 254670.782600000500679 ], [ 72281.838800000026822, 254673.051599999889731 ], [ 72281.180800000205636, 254675.337799999862909 ], [ 72280.687199999578297, 254677.63260000012815 ], [ 72280.210799999535084, 254679.910000000149012 ], [ 72279.82120000012219, 254682.213600000366569 ], [ 72279.275600000284612, 254688.240800000727177 ], [ 72278.92920000012964, 254690.137199999764562 ], [ 72278.132399999536574, 254692.977800000458956 ], [ 72278.132399999536574, 254695.480399999767542 ], [ 72278.660799999721348, 254698.589199999347329 ], [ 72279.82120000012219, 254699.714999999850988 ], [ 72281.154799999669194, 254700.736800000071526 ], [ 72284.531999999657273, 254703.248199999332428 ], [ 72285.856999999843538, 254705.058199999853969 ], [ 72286.315999999642372, 254706.348400000482798 ], [ 72286.489199999719858, 254707.560799999162555 ], [ 72288.44620000012219, 254708.591399999335408 ], [ 72293.070600000210106, 254713.007799999788404 ], [ 72295.105600000359118, 254714.298200000077486 ], [ 72298.846800000406802, 254718.541400000452995 ], [ 72300.362200000323355, 254719.918400000780821 ], [ 72302.49239999987185, 254720.697799999266863 ], [ 72304.986600000411272, 254721.130599999800324 ], [ 72309.28179999999702, 254722.351800000295043 ], [ 72313.048799999989569, 254724.0318 ], [ 72315.620799999684095, 254725.92820000089705 ], [ 72320.149799999780953, 254727.911399999633431 ], [ 72325.120600000023842, 254729.374800000339746 ], [ 72328.506599999964237, 254730.587200000882149 ], [ 72331.442200000397861, 254733.592199999839067 ], [ 72333.927600000053644, 254736.441199999302626 ], [ 72338.023599999956787, 254737.913399999961257 ], [ 72341.314399999566376, 254739.982999999076128 ], [ 72343.358000000007451, 254743.689400000497699 ], [ 72345.323800000362098, 254748.261800000444055 ], [ 72346.830599999986589, 254750.582599999383092 ], [ 72351.013399999588728, 254754.808599999174476 ], [ 72352.199799999594688, 254756.246200000867248 ], [ 72355.542399999685585, 254760.264399999752641 ], [ 72356.798000000417233, 254761.468000000342727 ], [ 72359.456600000150502, 254763.88399999961257 ], [ 72365.059399999678135, 254765.191800000146031 ], [ 72367.432199999690056, 254765.901799999177456 ], [ 72369.804999999701977, 254766.620600000023842 ], [ 72372.177799999713898, 254767.564600000157952 ], [ 72374.533400000073016, 254768.750800000503659 ], [ 72376.906000000424683, 254769.93720000050962 ], [ 72379.036399999633431, 254771.591399999335408 ], [ 72380.924200000241399, 254773.011600000783801 ], [ 72383.071800000034273, 254774.431800000369549 ], [ 72384.72580000013113, 254775.860600000247359 ], [ 72386.379999999888241, 254777.523199999704957 ], [ 72388.033999999985099, 254778.934800000861287 ], [ 72389.705199999734759, 254780.597400000318885 ], [ 72391.359199999831617, 254782.260199999436736 ], [ 72393.489599999971688, 254784.390399999916553 ], [ 72393.965800000354648, 254784.632999999448657 ], [ 72394.918399999849498, 254785.801999999210238 ], [ 72395.853799999691546, 254785.801999999210238 ], [ 72395.853799999691546, 254786.763199999928474 ], [ 72396.806200000457466, 254786.996999999508262 ], [ 72399.178999999538064, 254787.940999999642372 ], [ 72401.551799999549985, 254787.940999999642372 ], [ 72403.916000000201166, 254788.417199999094009 ], [ 72406.288800000213087, 254788.893600000068545 ], [ 72410.081799999810755, 254790.071399999782443 ], [ 72411.034400000236928, 254790.30519999936223 ], [ 72413.164599999785423, 254791.500199999660254 ], [ 72416.957600000314415, 254794.340600000694394 ], [ 72418.377799999900162, 254794.340600000694394 ], [ 72419.330400000326335, 254795.535599999129772 ], [ 72420.508200000040233, 254795.994599999859929 ], [ 72422.170800000429153, 254795.994599999859929 ], [ 72422.647199999541044, 254796.713400000706315 ], [ 72422.66440000012517, 254796.964600000530481 ], [ 72426.206199999898672, 254798.254799999296665 ], [ 72430.137799999676645, 254799.649000000208616 ], [ 72433.766200000420213, 254796.964600000530481 ], [ 72437.161000000312924, 254794.75620000064373 ], [ 72437.810399999842048, 254794.340600000694394 ], [ 72440.893400000408292, 254792.452800000086427 ], [ 72447.292799999937415, 254791.023800000548363 ], [ 72448.245400000363588, 254789.837400000542402 ], [ 72448.713200000114739, 254789.60359999909997 ], [ 72450.375799999572337, 254788.417199999094009 ], [ 72450.947399999946356, 254786.901799999177456 ], [ 72453.536600000225008, 254782.675799999386072 ], [ 72455.848799999803305, 254780.337799999862909 ], [ 72460.568400000222027, 254778.189999999478459 ], [ 72463.400200000032783, 254777.523199999704957 ], [ 72465.53899999987334, 254777.280799999833107 ], [ 72466.015399999916553, 254776.80460000038147 ], [ 72468.379399999976158, 254775.860600000247359 ], [ 72471.704800000414252, 254773.963999999687076 ], [ 72472.415000000037253, 254773.487800000235438 ], [ 72473.116399999707937, 254773.011600000783801 ], [ 72476.909400000236928, 254771.833799999207258 ], [ 72477.861999999731779, 254771.833799999207258 ], [ 72480.2347999997437, 254772.076199999079108 ], [ 72482.598799999803305, 254772.535199999809265 ], [ 72484.971599999815226, 254773.487800000235438 ], [ 72489.708599999547005, 254774.198000000789762 ], [ 72492.081399999558926, 254774.198000000789762 ], [ 72494.44539999961853, 254773.721599999815226 ], [ 72496.818199999630451, 254773.496400000527501 ], [ 72499.190999999642372, 254773.254000000655651 ], [ 72499.996399999596179, 254773.254000000655651 ], [ 72501.563799999654293, 254773.254000000655651 ], [ 72502.083399999886751, 254773.254000000655651 ], [ 72503.936599999666214, 254773.254000000655651 ], [ 72506.300800000317395, 254773.721599999815226 ], [ 72508.664800000376999, 254774.431800000369549 ], [ 72511.046400000341237, 254775.384400000795722 ], [ 72513.410400000400841, 254776.570599999278784 ], [ 72515.774600000120699, 254777.748400000855327 ], [ 72518.14740000013262, 254778.700999999418855 ], [ 72520.520200000144541, 254779.895999999716878 ], [ 72523.594399999827147, 254781.073799999430776 ], [ 72525.499400000087917, 254781.783800000324845 ], [ 72526.911000000312924, 254782.017799999564886 ], [ 72526.911000000312924, 254782.485400000587106 ], [ 72527.855000000447035, 254782.485400000587106 ], [ 72527.97620000038296, 254783.230000000447035 ], [ 72532.072200000286102, 254784.087400000542402 ], [ 72539.000199999660254, 254784.632999999448657 ], [ 72541.364199999719858, 254784.632999999448657 ], [ 72543.736999999731779, 254784.632999999448657 ], [ 72547.53000000026077, 254784.148000000044703 ], [ 72548.482599999755621, 254783.905600000172853 ], [ 72551.097799999639392, 254782.727800000458956 ], [ 72553.219399999827147, 254780.831399999558926 ], [ 72555.349799999967217, 254778.700999999418855 ], [ 72557.488800000399351, 254776.570599999278784 ], [ 72560.086799999698997, 254774.665599999949336 ], [ 72562.234400000423193, 254772.777799999341369 ], [ 72564.598399999551475, 254771.591399999335408 ], [ 72566.953999999910593, 254770.63880000077188 ], [ 72569.326799999922514, 254770.404999999329448 ], [ 72571.699400000274181, 254769.703400000929832 ], [ 72574.072200000286102, 254770.162399999797344 ], [ 72576.445000000298023, 254770.162399999797344 ], [ 72578.809200000017881, 254770.404999999329448 ], [ 72581.182000000029802, 254770.63880000077188 ], [ 72583.546000000089407, 254770.88120000064373 ], [ 72588.066599999554455, 254771.348799999803305 ], [ 72589.244199999608099, 254771.833799999207258 ], [ 72591.331199999898672, 254771.652000000700355 ], [ 72599.073200000450015, 254772.682399999350309 ], [ 72603.342400000430644, 254773.643600000068545 ], [ 72607.611600000411272, 254774.760800000280142 ], [ 72610.105600000359118, 254776.215600000694394 ], [ 72612.582399999722838, 254778.978199999779463 ], [ 72618.280600000172853, 254783.810200000181794 ], [ 72624.316399999894202, 254787.187599999830127 ], [ 72633.322599999606609, 254791.266400000080466 ], [ 72634.26659999974072, 254791.742599999532104 ], [ 72638.527200000360608, 254793.388000000268221 ], [ 72640.432199999690056, 254794.098200000822544 ], [ 72642.086400000378489, 254794.816800000146031 ], [ 72643.982800000347197, 254796.236999999731779 ], [ 72644.216599999926984, 254795.994599999859929 ], [ 72645.177799999713898, 254795.994599999859929 ], [ 72650.858599999919534, 254798.36739999987185 ], [ 72653.456600000150502, 254799.320000000298023 ], [ 72653.941599999554455, 254799.562400000169873 ], [ 72654.651600000448525, 254799.787599999457598 ], [ 72654.894199999980628, 254800.497800000011921 ], [ 72656.314399999566376, 254800.497800000011921 ], [ 72657.48340000025928, 254800.740199999883771 ], [ 72657.968399999663234, 254800.740199999883771 ], [ 72660.808799999766052, 254801.926599999889731 ], [ 72665.857400000095367, 254803.814400000497699 ], [ 72668.17200000025332, 254804.738700000569224 ], [ 72668.390100000426173, 254804.790100000798702 ], [ 72669.338600000366569, 254805.009400000795722 ], [ 72671.711400000378489, 254805.94480000063777 ], [ 72680.241399999707937, 254809.746400000527501 ], [ 72683.558000000193715, 254811.175200000405312 ], [ 72686.874800000339746, 254812.586799999698997 ], [ 72692.572999999858439, 254815.669600000604987 ], [ 72694.694600000046194, 254817.089800000190735 ], [ 72696.824799999594688, 254818.509999999776483 ], [ 72699.197599999606609, 254819.453999999910593 ], [ 72702.280600000172853, 254821.584400000050664 ], [ 72703.233199999667704, 254821.826799999922514 ], [ 72703.943199999630451, 254822.311799999326468 ], [ 72704.107800000347197, 254822.233799999579787 ], [ 72706.506599999964237, 254824.390000000596046 ], [ 72707.485000000335276, 254826.554999999701977 ], [ 72709.693400000222027, 254830.945599999278784 ], [ 72714.594800000078976, 254833.205800000578165 ], [ 72715.79839999973774, 254834.149599999189377 ], [ 72716.733799999579787, 254834.634600000455976 ], [ 72717.695000000298023, 254835.335999999195337 ], [ 72718.872600000351667, 254836.054800000041723 ], [ 72719.825199999846518, 254836.998800000175834 ], [ 72720.769199999980628, 254837.708799999207258 ], [ 72721.713200000114739, 254838.418999999761581 ], [ 72722.656999999657273, 254839.362800000235438 ], [ 72723.609600000083447, 254840.323999999091029 ], [ 72724.553600000217557, 254841.259400000795722 ], [ 72725.51480000000447, 254842.21199999935925 ], [ 72726.450000000186265, 254843.398399999365211 ], [ 72727.644999999552965, 254844.584799999371171 ], [ 72729.056599999777973, 254845.528599999845028 ], [ 72729.775399999693036, 254846.481200000271201 ], [ 72730.961799999698997, 254847.191400000825524 ], [ 72731.896999999880791, 254848.143799999728799 ], [ 72733.092000000178814, 254848.8454 ], [ 72734.036000000312924, 254849.555400000885129 ], [ 72734.980000000447035, 254850.27419999986887 ], [ 72735.923799999989569, 254851.2182 ], [ 72737.118800000287592, 254852.1706000007689 ], [ 72739.491600000299513, 254853.348400000482798 ], [ 72740.201799999922514, 254854.058599999174476 ], [ 72742.089599999599159, 254854.543400000780821 ], [ 72743.743599999696016, 254854.543400000780821 ], [ 72745.657399999909103, 254854.301000000908971 ], [ 72749.441800000146031, 254853.590800000354648 ], [ 72751.104399999603629, 254854.301000000908971 ], [ 72752.515999999828637, 254855.244999999180436 ], [ 72754.178600000217557, 254855.963600000366569 ], [ 72756.075199999846518, 254856.665200000628829 ], [ 72757.495400000363588, 254856.665200000628829 ], [ 72758.681800000369549, 254857.375199999660254 ], [ 72760.344399999827147, 254858.094000000506639 ], [ 72761.756000000052154, 254858.552999999374151 ], [ 72763.193599999882281, 254859.271800000220537 ], [ 72765.081399999558926, 254859.990399999544024 ], [ 72766.977800000458956, 254860.691999999806285 ], [ 72768.874400000087917, 254860.925799999386072 ], [ 72770.14740000013262, 254861.566600000485778 ], [ 72770.770800000056624, 254861.878399999812245 ], [ 72772.675999999977648, 254862.363199999555945 ], [ 72774.563799999654293, 254862.830800000578165 ], [ 72776.217799999751151, 254863.064799999818206 ], [ 72779.058199999853969, 254864.017200000584126 ], [ 72779.768400000408292, 254864.251199999824166 ], [ 72782.383600000292063, 254865.913799999281764 ], [ 72782.626199999824166, 254867.810200000181794 ], [ 72782.868599999696016, 254869.706800000742078 ], [ 72782.868599999696016, 254871.603199999779463 ], [ 72783.327600000426173, 254873.491200000047684 ], [ 72783.80379999987781, 254875.387599999085069 ], [ 72784.756400000303984, 254877.292799999937415 ], [ 72785.457799999974668, 254879.180600000545382 ], [ 72785.631000000052154, 254879.448999999091029 ], [ 72786.652999999932945, 254881.076999999582767 ], [ 72787.354399999603629, 254882.254799999296665 ], [ 72788.315600000321865, 254883.207399999722838 ], [ 72788.783200000412762, 254884.627599999308586 ], [ 72789.484600000083447, 254885.822599999606609 ], [ 72790.20339999999851, 254886.757999999448657 ], [ 72790.904799999669194, 254887.710400000214577 ], [ 72791.623599999584258, 254888.896800000220537 ], [ 72792.576200000010431, 254889.858200000599027 ], [ 72793.762600000016391, 254890.793400000780821 ], [ 72794.940399999730289, 254891.745999999344349 ], [ 72796.135400000028312, 254892.447399999946356 ], [ 72797.31319999974221, 254893.157400000840425 ], [ 72798.724600000306964, 254894.343800000846386 ], [ 72799.443400000222027, 254895.530200000852346 ], [ 72800.638399999588728, 254896.716600000858307 ], [ 72801.097400000318885, 254897.426799999549985 ], [ 72801.573800000362098, 254897.894400000572205 ], [ 72802.292399999685585, 254899.565799999982119 ], [ 72802.526399999856949, 254901.462200000882149 ], [ 72802.292399999685585, 254903.349999999627471 ], [ 72801.807599999941885, 254905.255200000479817 ], [ 72801.573800000362098, 254907.151799999177456 ], [ 72801.339999999850988, 254909.039599999785423 ], [ 72801.807599999941885, 254910.94480000063777 ], [ 72802.526399999856949, 254912.832599999383092 ], [ 72803.712600000202656, 254914.729000000283122 ], [ 72804.180399999953806, 254915.9068 ], [ 72804.890399999916553, 254916.859400000423193 ], [ 72805.843000000342727, 254918.521999999880791 ], [ 72807.029400000348687, 254920.418600000441074 ], [ 72807.739599999971688, 254922.306399999186397 ], [ 72808.683400000445545, 254924.211600000038743 ], [ 72809.627399999648333, 254926.09940000064671 ], [ 72810.580000000074506, 254927.995799999684095 ], [ 72811.290000000037253, 254929.901000000536442 ], [ 72812.242600000463426, 254931.788799999281764 ], [ 72813.186599999666214, 254933.69400000013411 ], [ 72813.662800000049174, 254935.581800000742078 ], [ 72814.606800000183284, 254937.478399999439716 ], [ 72815.325400000438094, 254939.366200000047684 ], [ 72816.035600000061095, 254941.262599999085069 ], [ 72816.503200000151992, 254943.167799999937415 ], [ 72817.447200000286102, 254945.055600000545382 ], [ 72818.174599999561906, 254946.969399999827147 ], [ 72818.876000000163913, 254948.857200000435114 ], [ 72819.594800000078976, 254950.753799999132752 ], [ 72821.006400000303984, 254954.07039999961853 ], [ 72820.763799999840558, 254954.304400000721216 ], [ 72821.248800000175834, 254955.248199999332428 ], [ 72821.724999999627471, 254956.200799999758601 ], [ 72822.426599999889731, 254957.144799999892712 ], [ 72823.136599999852479, 254958.573599999770522 ], [ 72824.322999999858439, 254959.759999999776483 ], [ 72825.266999999992549, 254960.470000000670552 ], [ 72826.219600000418723, 254961.4054000005126 ], [ 72827.17200000025332, 254962.132799999788404 ], [ 72827.88219999987632, 254962.83420000039041 ], [ 72828.592199999839067, 254963.778200000524521 ], [ 72829.302400000393391, 254964.721999999135733 ], [ 72830.003800000064075, 254965.683199999853969 ], [ 72830.731200000271201, 254966.852399999275804 ], [ 72831.675200000405312, 254968.047399999573827 ], [ 72832.618999999947846, 254969.467599999159575 ], [ 72833.814199999906123, 254970.420199999585748 ], [ 72834.749400000087917, 254971.364000000059605 ], [ 72835.701999999582767, 254972.325400000438094 ], [ 72836.888399999588728, 254973.260600000619888 ], [ 72837.832200000062585, 254974.455600000917912 ], [ 72838.776200000196695, 254975.399599999189377 ], [ 72839.737399999983609, 254976.343399999663234 ], [ 72840.923799999989569, 254977.287399999797344 ], [ 72841.86780000012368, 254978.00620000064373 ], [ 72842.569199999794364, 254978.949999999254942 ], [ 72843.764200000092387, 254980.145199999213219 ], [ 72843.997999999672174, 254980.846599999815226 ], [ 72844.708200000226498, 254981.080399999395013 ], [ 72846.362200000323355, 254981.790400000289083 ], [ 72848.024799999780953, 254982.509199999272823 ], [ 72849.211199999786913, 254982.976800000295043 ], [ 72849.91260000038892, 254983.938200000673532 ], [ 72850.631400000303984, 254984.639599999412894 ], [ 72851.583999999798834, 254985.349600000306964 ], [ 72852.527999999932945, 254986.293600000441074 ], [ 72853.948200000450015, 254987.480000000447035 ], [ 72854.658200000412762, 254987.964999999850988 ], [ 72855.619599999859929, 254989.610200000926852 ], [ 72856.07839999999851, 254991.749199999496341 ], [ 72856.563400000333786, 254992.701799999922514 ], [ 72857.031000000424683, 254993.645800000056624 ], [ 72858.693799999542534, 254996.001199999824166 ], [ 72858.927600000053644, 254996.720000000670552 ], [ 72859.161399999633431, 254997.205000000074506 ], [ 72860.105200000107288, 254999.092800000682473 ], [ 72860.217799999751151, 255000.002000000327826 ], [ 72860.347799999639392, 255000.989199999719858 ], [ 72861.057799999602139, 255002.885800000280142 ], [ 72861.300400000065565, 255004.782199999317527 ], [ 72861.300400000065565, 255006.67879999987781 ], [ 72861.196399999782443, 255010.852800000458956 ], [ 72862.443400000222027, 255016.542199999094009 ], [ 72862.616600000299513, 255018.620600000023842 ], [ 72863.872200000099838, 255021.460999999195337 ], [ 72866.002600000239909, 255027.159199999645352 ], [ 72867.440200000070035, 255031.982599999755621 ], [ 72871.068599999882281, 255036.208599999547005 ], [ 72874.800999999977648, 255040.79839999973774 ], [ 72877.650000000372529, 255042.703400000929832 ], [ 72878.36019999999553, 255042.946000000461936 ], [ 72878.836400000378489, 255043.647399999201298 ], [ 72879.780399999581277, 255044.12360000051558 ], [ 72880.490399999544024, 255044.12360000051558 ], [ 72880.490399999544024, 255045.076199999079108 ], [ 72880.975399999879301, 255045.076199999079108 ], [ 72881.642199999652803, 255045.864399999380112 ], [ 72882.387000000104308, 255046.730200000107288 ], [ 72883.564600000157952, 255048.860600000247359 ], [ 72885.712199999950826, 255053.138599999248981 ], [ 72886.422399999573827, 255054.307600000873208 ], [ 72886.647599999792874, 255054.783800000324845 ], [ 72886.889999999664724, 255055.260199999436736 ], [ 72889.730399999767542, 255058.100600000470877 ], [ 72890.440600000321865, 255058.810599999502301 ], [ 72890.683000000193715, 255062.369799999520183 ], [ 72890.206799999810755, 255062.369799999520183 ], [ 72890.206799999810755, 255063.313799999654293 ], [ 72889.964200000278652, 255064.742599999532104 ], [ 72889.531200000084937, 255065.755799999460578 ], [ 72889.176199999637902, 255069.739399999380112 ], [ 72889.254200000315905, 255072.934800000861287 ], [ 72890.232800000347197, 255074.744799999520183 ], [ 72891.748200000263751, 255076.745200000703335 ], [ 72891.843399999663234, 255078.121999999508262 ], [ 72891.748200000263751, 255079.421000000089407 ], [ 72890.951399999670684, 255080.356200000271201 ], [ 72886.049999999813735, 255084.625600000843406 ], [ 72882.525399999693036, 255088.712999999523163 ], [ 72886.309799999929965, 255090.782600000500679 ], [ 72888.994400000199676, 255096.14299999922514 ], [ 72892.207200000062585, 255100.533600000664592 ], [ 72897.082600000314415, 255103.469200000166893 ], [ 72905.361399999819696, 255108.466000000014901 ], [ 72908.651999999769032, 255112.345599999651313 ], [ 72911.726400000043213, 255115.385199999436736 ], [ 72917.718799999915063, 255117.350999999791384 ], [ 72923.139999999664724, 255118.996200000867248 ], [ 72932.743599999696016, 255121.057199999690056 ], [ 72942.624400000087917, 255123.057800000533462 ], [ 72948.314000000245869, 255124.096799999475479 ], [ 72950.349000000394881, 255124.183399999514222 ], [ 72952.747800000011921, 255124.443199999630451 ], [ 72955.873999999836087, 255124.443199999630451 ], [ 72962.26480000000447, 255124.010199999436736 ], [ 72973.297399999573827, 255123.48200000077486 ], [ 72974.717600000090897, 255123.057800000533462 ], [ 72984.520600000396371, 255122.044600000604987 ], [ 72987.412999999709427, 255115.350400000810623 ], [ 72995.527200000360608, 255107.019799999892712 ], [ 72998.705199999734759, 255103.38260000012815 ], [ 72998.99100000038743, 255103.053600000217557 ], [ 73004.065600000321865, 255099.347200000658631 ], [ 73009.131599999964237, 255096.238399999216199 ], [ 73012.067400000058115, 255095.207800000905991 ], [ 73015.531200000084937, 255094.619000000879169 ], [ 73020.96100000012666, 255094.34180000051856 ], [ 73025.230200000107288, 255095.753399999812245 ], [ 73035.448800000362098, 255097.727800000458956 ], [ 73047.191399999894202, 255099.970599999651313 ], [ 73054.43099999986589, 255102.300200000405312 ], [ 73093.815799999982119, 255114.960799999535084 ], [ 73099.029000000096858, 255116.017200000584126 ], [ 73106.060800000093877, 255116.796599999070168 ], [ 73113.97580000013113, 255116.536800000816584 ], [ 73118.678000000305474, 255116.71000000089407 ], [ 73121.622399999760091, 255117.229599999263883 ], [ 73124.999800000339746, 255118.537200000137091 ], [ 73127.398400000296533, 255119.472599999979138 ], [ 73139.132399999536574, 255123.958399999886751 ], [ 73148.831399999558926, 255127.318399999290705 ], [ 73157.274799999780953, 255129.561200000345707 ], [ 73161.518000000156462, 255130.661000000312924 ], [ 73164.211199999786913, 255131.371200000867248 ], [ 73174.429800000041723, 255134.202800000086427 ], [ 73179.738199999555945, 255133.752599999308586 ], [ 73184.63980000000447, 255131.17200000025332 ], [ 73186.163800000213087, 255130.418600000441074 ], [ 73188.978199999779463, 255128.764599999412894 ], [ 73191.801400000229478, 255127.361600000411272 ], [ 73194.615799999795854, 255125.949999999254942 ], [ 73198.625199999660254, 255123.828400000929832 ], [ 73204.046400000341237, 255120.537799999117851 ], [ 73206.860799999907613, 255120.070000000298023 ], [ 73209.683799999766052, 255119.602399999275804 ], [ 73215.555200000293553, 255118.892400000244379 ], [ 73216.733000000007451, 255117.957000000402331 ], [ 73218.153199999593198, 255117.957000000402331 ], [ 73218.811200000345707, 255118.225600000470877 ], [ 73220.967600000090897, 255119.134800000116229 ], [ 73223.808000000193715, 255119.602399999275804 ], [ 73228.743999999947846, 255121.014000000432134 ], [ 73230.146999999880791, 255120.537799999117851 ], [ 73231.800999999977648, 255120.537799999117851 ], [ 73232.277200000360608, 255120.070000000298023 ], [ 73235.091599999926984, 255120.070000000298023 ], [ 73237.906200000084937, 255120.070000000298023 ], [ 73241.906999999657273, 255119.359999999403954 ], [ 73242.625599999912083, 255118.892400000244379 ], [ 73243.552199999801815, 255118.658600000664592 ], [ 73244.504800000227988, 255117.480799999088049 ], [ 73245.206399999558926, 255116.536800000816584 ], [ 73246.150200000032783, 255116.294399999082088 ], [ 73246.851599999703467, 255115.835400000214577 ], [ 73249.683400000445545, 255115.359200000762939 ], [ 73254.151800000108778, 255114.657800000160933 ], [ 73254.377000000327826, 255113.947599999606609 ], [ 73255.312199999578297, 255113.722400000318885 ], [ 73259.55559999961406, 255111.124600000679493 ], [ 73259.78940000012517, 255109.245400000363588 ], [ 73259.78940000012517, 255108.067600000649691 ], [ 73260.473600000143051, 255107.573999999091029 ], [ 73261.443400000222027, 255106.889799999073148 ], [ 73264.257799999788404, 255106.188400000333786 ], [ 73267.089599999599159, 255106.413599999621511 ], [ 73269.912800000049174, 255106.422199999913573 ], [ 73274.242600000463426, 255106.058599999174476 ], [ 73275.589200000278652, 255105.924300000071526 ], [ 73280.728799999691546, 255102.889000000432134 ], [ 73281.66399999987334, 255101.95380000025034 ], [ 73282.850399999879301, 255101.252399999648333 ], [ 73283.543200000189245, 255100.776000000536442 ], [ 73286.383600000292063, 255101.252399999648333 ], [ 73290.384399999864399, 255103.365399999544024 ], [ 73292.021200000308454, 255103.365399999544024 ], [ 73296.255800000391901, 255103.607799999415874 ], [ 73296.489599999971688, 255102.889000000432134 ], [ 73297.424800000153482, 255102.889000000432134 ], [ 73297.901200000196695, 255102.19620000012219 ], [ 73298.143600000068545, 255101.477600000798702 ], [ 73298.611200000159442, 255100.299799999222159 ], [ 73299.070199999958277, 255100.299799999222159 ], [ 73301.901999999769032, 255099.355799999088049 ], [ 73306.370400000363588, 255098.66300000064075 ], [ 73306.370400000363588, 255098.186799999326468 ], [ 73308.015800000168383, 255097.719200000166893 ], [ 73308.258200000040233, 255097.95299999974668 ], [ 73311.77419999986887, 255096.065199999138713 ], [ 73312.492999999783933, 255095.839999999850988 ], [ 73312.96059999987483, 255094.895999999716878 ], [ 73314.112200000323355, 255094.497800000011921 ], [ 73316.060800000093877, 255093.042799999937415 ], [ 73319.143600000068545, 255087.379399999976158 ], [ 73329.656600000336766, 255082.192199999466538 ], [ 73331.197999999858439, 255081.291600000113249 ], [ 73332.497000000439584, 255080.538200000301003 ], [ 73334.835199999623001, 255078.901399999856949 ], [ 73337.667000000365078, 255076.779799999669194 ], [ 73340.247600000351667, 255074.65819999948144 ], [ 73342.845399999991059, 255072.536399999633431 ], [ 73345.426199999637902, 255070.432199999690056 ], [ 73348.024000000208616, 255068.544399999082088 ], [ 73350.370799999684095, 255066.431399999186397 ], [ 73353.43640000000596, 255064.777200000360608 ], [ 73356.72719999961555, 255062.898199999704957 ], [ 73358.129999999888241, 255062.898199999704957 ], [ 73358.831399999558926, 255062.430400000885129 ], [ 73361.663200000301003, 255062.655600000172853 ], [ 73365.66399999987334, 255062.430400000885129 ], [ 73367.317999999970198, 255061.962799999862909 ], [ 73370.13260000012815, 255062.187999999150634 ], [ 73372.946999999694526, 255061.7204 ], [ 73376.947800000198185, 255061.252800000831485 ], [ 73377.89159999974072, 255061.018999999389052 ], [ 73378.601800000295043, 255060.776399999856949 ], [ 73381.424800000153482, 255059.37360000051558 ], [ 73383.771599999628961, 255057.018200000748038 ], [ 73387.071000000461936, 255054.662599999457598 ], [ 73388.950199999846518, 255054.662599999457598 ], [ 73394.128800000064075, 255055.130200000479817 ], [ 73396.00800000037998, 255055.372800000011921 ], [ 73396.951799999922514, 255053.718800000846386 ], [ 73397.419599999673665, 255052.549599999561906 ], [ 73398.363400000147521, 255051.146800000220537 ], [ 73399.064799999818206, 255050.427999999374151 ], [ 73400.718799999915063, 255050.194199999794364 ], [ 73406.356399999931455, 255050.427999999374151 ], [ 73408.954400000162423, 255051.605799999088049 ], [ 73411.535000000149012, 255053.026000000536442 ], [ 73413.648000000044703, 255054.195000000298023 ], [ 73415.778199999593198, 255055.615199999883771 ], [ 73417.181200000457466, 255056.550400000065565 ], [ 73417.891200000420213, 255057.018200000748038 ], [ 73418.367600000463426, 255057.485799999907613 ], [ 73419.302799999713898, 255057.485799999907613 ], [ 73420.480600000359118, 255058.654799999669194 ], [ 73423.303600000217557, 255059.13120000064373 ], [ 73426.117999999783933, 255059.13120000064373 ], [ 73428.958399999886751, 255058.897199999541044 ], [ 73431.773000000044703, 255058.654799999669194 ], [ 73436.708999999798834, 255057.7195999994874 ], [ 73437.410400000400841, 255057.018200000748038 ], [ 73438.362999999895692, 255055.840399999171495 ], [ 73439.999800000339746, 255053.718800000846386 ], [ 73443.299200000241399, 255054.195000000298023 ], [ 73444.935800000093877, 255054.195000000298023 ], [ 73447.767599999904633, 255053.718800000846386 ], [ 73452.235999999567866, 255052.549599999561906 ], [ 73453.40500000026077, 255052.307199999690056 ], [ 73456.236800000071526, 255052.549599999561906 ], [ 73459.059999999590218, 255053.24239999987185 ], [ 73461.88300000037998, 255053.484999999403954 ], [ 73464.697399999946356, 255053.484999999403954 ], [ 73467.529199999757111, 255054.42879999987781 ], [ 73470.35219999961555, 255055.130200000479817 ], [ 73472.699199999682605, 255055.840399999171495 ], [ 73475.05460000038147, 255056.550400000065565 ], [ 73477.410000000149012, 255057.018200000748038 ], [ 73479.756799999624491, 255057.485799999907613 ], [ 73482.112200000323355, 255057.96199999935925 ], [ 73484.467799999751151, 255058.438400000333786 ], [ 73488.47719999961555, 255058.897199999541044 ], [ 73489.646399999968708, 255059.37360000051558 ], [ 73491.984400000423193, 255059.37360000051558 ], [ 73492.469399999827147, 255058.438400000333786 ], [ 73493.413399999961257, 255057.7195999994874 ], [ 73493.872200000099838, 255057.252000000327826 ], [ 73494.582399999722838, 255056.77559999935329 ], [ 73495.760200000368059, 255056.316600000485778 ], [ 73496.946600000374019, 255055.840399999171495 ], [ 73497.976999999955297, 255055.424799999222159 ], [ 73498.106999999843538, 255055.364000000059605 ], [ 73502.817800000309944, 255055.130200000479817 ], [ 73504.038800000213087, 255055.494000000879169 ], [ 73505.17339999973774, 255055.840399999171495 ], [ 73507.520200000144541, 255057.252000000327826 ], [ 73509.875599999912083, 255058.654799999669194 ], [ 73510.351800000295043, 255059.13120000064373 ], [ 73510.819600000046194, 255059.37360000051558 ], [ 73513.166400000452995, 255060.551400000229478 ], [ 73517.400999999605119, 255061.962799999862909 ], [ 73518.336199999786913, 255062.655600000172853 ], [ 73519.522599999792874, 255062.655600000172853 ], [ 73519.522599999792874, 255063.131999999284744 ], [ 73522.579599999822676, 255063.131999999284744 ], [ 73523.055800000205636, 255062.430400000885129 ], [ 73523.055800000205636, 255062.187999999150634 ], [ 73523.289599999785423, 255061.962799999862909 ], [ 73523.99100000038743, 255061.495200000703335 ], [ 73524.458599999547005, 255060.308800000697374 ], [ 73526.337799999862909, 255059.13120000064373 ], [ 73528.701999999582767, 255058.438400000333786 ], [ 73531.048799999989569, 255057.7195999994874 ], [ 73533.404199999757111, 255057.252000000327826 ], [ 73535.74239999987185, 255056.550400000065565 ], [ 73538.106599999591708, 255057.018200000748038 ], [ 73540.462000000290573, 255057.018200000748038 ], [ 73542.808799999766052, 255057.485799999907613 ], [ 73545.164200000464916, 255057.485799999907613 ], [ 73549.866600000299513, 255057.485799999907613 ], [ 73552.222000000067055, 255058.195800000801682 ], [ 73554.34360000025481, 255059.841199999675155 ], [ 73557.400600000284612, 255061.962799999862909 ], [ 73558.344399999827147, 255062.187999999150634 ], [ 73559.279799999669194, 255062.898199999704957 ], [ 73561.868999999947846, 255063.833399999886751 ], [ 73563.756799999624491, 255063.833399999886751 ], [ 73563.756799999624491, 255064.067199999466538 ], [ 73564.458200000226498, 255064.552200000733137 ], [ 73564.934600000269711, 255065.019799999892712 ], [ 73565.159799999557436, 255065.253599999472499 ], [ 73567.506599999964237, 255068.544399999082088 ], [ 73568.216599999926984, 255069.964600000530481 ], [ 73570.571999999694526, 255071.36739999987185 ], [ 73575.984400000423193, 255072.077600000426173 ], [ 73576.451999999582767, 255072.778999999165535 ], [ 73577.629800000227988, 255072.778999999165535 ], [ 73582.340800000354648, 255072.536399999633431 ], [ 73584.69620000012219, 255072.068800000473857 ], [ 73587.753200000151992, 255071.125 ], [ 73588.220800000242889, 255070.432199999690056 ], [ 73589.38980000000447, 255070.432199999690056 ], [ 73593.165400000289083, 255071.125 ], [ 73594.10080000013113, 255071.843599999323487 ], [ 73596.447599999606609, 255071.601199999451637 ], [ 73598.794400000013411, 255071.36739999987185 ], [ 73601.158400000073016, 255070.665999999269843 ], [ 73603.514000000432134, 255070.189600000157952 ], [ 73605.869400000199676, 255070.189600000157952 ], [ 73608.207600000314415, 255070.189600000157952 ], [ 73610.571600000374019, 255070.189600000157952 ], [ 73612.918399999849498, 255070.665999999269843 ], [ 73615.2652000002563, 255071.125 ], [ 73619.283400000073016, 255071.254799999296665 ], [ 73622.574199999682605, 255071.36739999987185 ], [ 73623.275600000284612, 255071.843599999323487 ], [ 73624.921000000089407, 255073.004000000655651 ], [ 73626.11600000038743, 255074.043199999257922 ], [ 73626.557599999941885, 255074.424399999901652 ], [ 73628.211600000038743, 255075.601999999955297 ], [ 73629.865799999795854, 255077.247400000691414 ], [ 73631.978600000031292, 255078.658999999985099 ], [ 73636.213399999774992, 255082.192199999466538 ], [ 73635.979600000195205, 255082.434599999338388 ], [ 73637.390999999828637, 255082.902200000360608 ], [ 73638.326399999670684, 255083.595000000670552 ], [ 73639.737800000235438, 255083.595000000670552 ], [ 73640.214200000278652, 255084.071399999782443 ], [ 73643.738599999807775, 255083.595000000670552 ], [ 73644.916400000452995, 255083.369799999520183 ], [ 73647.271800000220537, 255083.127399999648333 ], [ 73649.627399999648333, 255083.595000000670552 ], [ 73654.329599999822676, 255083.127399999648333 ], [ 73656.113599999807775, 255082.599199999123812 ], [ 73656.684999999590218, 255082.434599999338388 ], [ 73659.03179999999702, 255081.949599999934435 ], [ 73661.378600000403821, 255081.014399999752641 ], [ 73663.734199999831617, 255080.780600000172853 ], [ 73666.089599999599159, 255080.07039999961853 ], [ 73668.445000000298023, 255079.369000000879169 ], [ 73670.783200000412762, 255078.658999999985099 ], [ 73673.14740000013262, 255078.191400000825524 ], [ 73675.502799999900162, 255077.723600000143051 ], [ 73677.849600000306964, 255077.723600000143051 ], [ 73680.205000000074506, 255077.723600000143051 ], [ 73682.560600000433624, 255077.481200000271201 ], [ 73684.907399999909103, 255077.723600000143051 ], [ 73687.262799999676645, 255078.425200000405312 ], [ 73691.263600000180304, 255079.836600000038743 ], [ 73692.372000000439584, 255080.269600000232458 ], [ 73696.459599999710917, 255082.503799999132752 ], [ 73704.279400000348687, 255086.729800000786781 ], [ 73711.129200000315905, 255090.35840000025928 ], [ 73715.926799999549985, 255091.908399999141693 ], [ 73719.399400000460446, 255092.168199999257922 ], [ 73723.140399999916553, 255091.74379999935627 ], [ 73726.16260000038892, 255091.38880000077188 ], [ 73729.45339999999851, 255089.752199999988079 ], [ 73739.411999999545515, 255083.196599999442697 ], [ 73746.60840000025928, 255078.113399999216199 ], [ 73750.002999999560416, 255076.035000000149012 ], [ 73754.791799999773502, 255073.107999999076128 ], [ 73763.503600000403821, 255068.544399999082088 ], [ 73770.353600000031292, 255064.829199999570847 ], [ 73777.116799999959767, 255062.240000000223517 ], [ 73779.957200000062585, 255061.495200000703335 ], [ 73782.312800000421703, 255061.7204 ], [ 73784.659599999897182, 255062.187999999150634 ], [ 73786.538599999621511, 255063.131999999284744 ], [ 73788.417799999937415, 255064.552200000733137 ], [ 73790.305800000205636, 255066.188799999654293 ], [ 73790.626199999824166, 255066.552600000053644 ], [ 73791.951000000350177, 255068.067999999970198 ], [ 73793.596400000154972, 255069.721999999135733 ], [ 73795.475599999539554, 255071.36739999987185 ], [ 73797.129599999636412, 255073.246600000187755 ], [ 73798.775000000372529, 255075.125800000503659 ], [ 73800.420400000177324, 255077.247400000691414 ], [ 73801.831799999810755, 255079.369000000879169 ], [ 73803.252000000327826, 255081.473400000482798 ], [ 73804.65500000026077, 255083.837600000202656 ], [ 73806.300400000065565, 255085.716600000858307 ], [ 73807.94579999987036, 255087.370600000023842 ], [ 73810.067400000058115, 255089.007400000467896 ], [ 73812.422799999825656, 255089.942600000649691 ], [ 73814.769600000232458, 255090.886600000783801 ], [ 73817.133799999952316, 255091.371600000187755 ], [ 73819.480600000359118, 255092.064400000497699 ], [ 73821.827399999834597, 255093.008199999108911 ], [ 73824.182799999602139, 255093.718399999663234 ], [ 73826.54700000025332, 255094.662200000137091 ], [ 73828.884999999776483, 255095.597599999979138 ], [ 73831.240600000135601, 255096.541400000452995 ], [ 73833.595999999903142, 255097.476600000634789 ], [ 73835.951399999670684, 255098.4206000007689 ], [ 73838.298200000077486, 255099.598400000482798 ], [ 73840.644999999552965, 255100.533600000664592 ], [ 73843.476800000295043, 255101.477600000798702 ], [ 73846.299999999813735, 255102.412799999117851 ], [ 73849.122999999672174, 255102.889000000432134 ], [ 73851.94620000012219, 255103.607799999415874 ], [ 73854.777800000272691, 255104.300599999725819 ], [ 73857.592400000430644, 255105.010600000619888 ], [ 73860.40679999999702, 255105.253200000151992 ], [ 73863.247200000099838, 255105.946000000461936 ], [ 73866.061599999666214, 255106.422199999913573 ], [ 73868.876000000163913, 255106.889799999073148 ], [ 73871.707799999974668, 255107.132400000467896 ], [ 73874.530799999833107, 255107.366200000047684 ], [ 73875.00719999987632, 255107.400800000876188 ], [ 73877.354000000283122, 255107.608599999919534 ], [ 73880.177000000141561, 255107.608599999919534 ], [ 73883.94400000013411, 255107.132400000467896 ], [ 73885.347000000067055, 255106.889799999073148 ], [ 73886.065799999982119, 255106.889799999073148 ], [ 73889.590200000442564, 255104.534399999305606 ], [ 73891.460799999535084, 255105.010600000619888 ], [ 73894.292600000277162, 255106.188400000333786 ], [ 73897.115600000135601, 255107.132400000467896 ], [ 73899.93859999999404, 255107.366200000047684 ], [ 73902.761800000444055, 255108.067600000649691 ], [ 73907.940399999730289, 255108.543800000101328 ], [ 73908.174200000241399, 255108.768999999389052 ], [ 73910.529600000008941, 255110.665599999949336 ], [ 73913.11019999999553, 255112.302200000733137 ], [ 73916.167200000025332, 255114.189999999478459 ], [ 73916.877199999988079, 255115.125399999320507 ], [ 73918.288800000213087, 255115.601600000634789 ], [ 73921.111800000071526, 255116.294399999082088 ], [ 73923.934999999590218, 255116.294399999082088 ], [ 73926.75800000037998, 255116.770600000396371 ], [ 73932.395600000396371, 255117.957000000402331 ], [ 73935.235999999567866, 255119.134800000116229 ], [ 73937.582799999974668, 255119.602399999275804 ], [ 73939.92960000038147, 255120.537799999117851 ], [ 73942.293800000101328, 255121.014000000432134 ], [ 73944.640599999576807, 255121.481599999591708 ], [ 73946.987399999983609, 255122.425599999725819 ], [ 73949.109000000171363, 255123.35219999961555 ], [ 73951.222000000067055, 255124.772399999201298 ], [ 73953.577399999834597, 255126.183800000697374 ], [ 73956.868200000375509, 255128.764599999412894 ], [ 73958.05460000038147, 255129.240800000727177 ], [ 73958.427000000141561, 255129.595799999311566 ], [ 73962.323800000362098, 255131.587600000202656 ], [ 73967.840200000442564, 255134.722400000318885 ], [ 73975.21820000000298, 255138.420199999585748 ], [ 73975.685999999754131, 255138.653999999165535 ], [ 73976.724999999627471, 255139.16499999910593 ], [ 73978.049999999813735, 255139.831800000742078 ], [ 73980.405600000172853, 255140.77559999935329 ], [ 73982.752399999648333, 255141.476999999955297 ], [ 73985.099200000055134, 255142.178600000217557 ], [ 73987.463200000114739, 255142.646199999377131 ], [ 73988.31180000025779, 255142.646199999377131 ], [ 73989.809999999590218, 255142.646199999377131 ], [ 73992.15679999999702, 255143.113800000399351 ], [ 73994.512400000356138, 255143.356200000271201 ], [ 73996.86780000012368, 255143.589999999850988 ], [ 74001.57880000025034, 255144.300200000405312 ], [ 74003.916799999773502, 255144.767799999564886 ], [ 74006.281000000424683, 255145.954199999570847 ], [ 74009.095399999991059, 255147.591000000014901 ], [ 74010.03940000012517, 255147.591000000014901 ], [ 74010.515599999576807, 255148.526200000196695 ], [ 74013.330000000074506, 255148.768600000068545 ], [ 74016.629399999976158, 255147.35700000077486 ], [ 74017.097000000067055, 255147.123199999332428 ], [ 74018.041000000201166, 255146.889399999752641 ], [ 74018.9847999997437, 255146.179400000721216 ], [ 74022.743200000375509, 255146.413200000301003 ], [ 74025.098799999803305, 255147.591000000014901 ], [ 74027.454199999570847, 255149.002399999648333 ], [ 74028.631799999624491, 255149.70380000025034 ], [ 74028.856999999843538, 255150.42259999923408 ], [ 74030.034799999557436, 255152.769400000572205 ], [ 74031.212600000202656, 255155.116200000047684 ], [ 74032.857800000347197, 255157.471799999475479 ], [ 74034.269399999640882, 255159.827199999243021 ], [ 74035.447200000286102, 255162.884199999272823 ], [ 74036.633600000292063, 255165.707200000062585 ], [ 74038.980399999767542, 255169.708000000566244 ], [ 74039.924200000241399, 255170.409399999305606 ], [ 74042.046000000089407, 255172.063400000333786 ], [ 74044.38399999961257, 255173.241200000047684 ], [ 74046.739599999971688, 255174.410199999809265 ], [ 74049.09499999973923, 255175.120400000363588 ], [ 74051.450400000438094, 255175.813200000673532 ], [ 74053.329599999822676, 255176.999600000679493 ], [ 74054.515999999828637, 255178.177200000733137 ], [ 74054.741200000047684, 255178.653599999845028 ], [ 74055.451200000010431, 255181.000399999320507 ], [ 74056.152800000272691, 255183.347200000658631 ], [ 74056.386599999852479, 255185.711400000378489 ], [ 74057.088000000454485, 255188.759600000455976 ], [ 74057.269799999892712, 255189.175200000405312 ], [ 74058.49959999974817, 255192.059000000357628 ], [ 74058.984400000423193, 255193.938200000673532 ], [ 74059.452200000174344, 255194.17200000025332 ], [ 74061.331199999898672, 255196.059800000861287 ], [ 74063.435600000433624, 255198.172800000756979 ], [ 74065.557199999690056, 255199.826799999922514 ], [ 74067.678999999538064, 255201.472200000658631 ], [ 74069.800599999725819, 255203.108799999579787 ], [ 74071.437199999578297, 255204.286599999293685 ], [ 74073.091199999675155, 255206.40819999948144 ], [ 74075.213000000454485, 255208.529799999669194 ], [ 74077.334599999710917, 255210.408999999985099 ], [ 74079.681400000117719, 255211.578199999406934 ], [ 74082.028199999593198, 255212.755799999460578 ], [ 74085.80379999987781, 255213.942199999466538 ], [ 74086.973000000230968, 255214.409800000488758 ], [ 74087.908200000412762, 255214.877599999308586 ], [ 74088.375799999572337, 255215.353800000622869 ], [ 74089.319799999706447, 255215.821399999782443 ], [ 74089.544800000265241, 255215.890799999237061 ], [ 74090.740000000223517, 255216.289000000804663 ], [ 74090.921799999661744, 255217.033800000324845 ], [ 74090.973799999803305, 255217.232999999076128 ], [ 74091.155600000172853, 255217.232999999076128 ], [ 74091.432799999602139, 255217.232999999076128 ], [ 74093.554399999789894, 255218.878399999812245 ], [ 74095.675999999977648, 255220.523600000888109 ], [ 74097.78899999987334, 255222.411599999293685 ], [ 74099.659599999897182, 255224.269099999219179 ], [ 74101.564600000157952, 255226.412399999797344 ], [ 74103.668999999761581, 255228.049000000581145 ], [ 74105.556800000369549, 255229.70299999974668 ], [ 74107.435999999754131, 255231.348400000482798 ], [ 74109.791400000452995, 255232.99379999935627 ], [ 74112.146999999880791, 255234.396600000560284 ], [ 74114.259999999776483, 255235.816800000146031 ], [ 74116.139200000092387, 255237.929800000041723 ], [ 74117.784400000236928, 255240.293999999761581 ], [ 74119.663599999621511, 255241.930800000205636 ], [ 74122.737800000235438, 255243.584799999371171 ], [ 74123.196800000034273, 255244.519999999552965 ], [ 74124.383200000040233, 255244.753799999132752 ], [ 74127.440200000070035, 255245.463800000026822 ], [ 74128.37540000025183, 255245.931600000709295 ], [ 74130.730800000019372, 255245.931600000709295 ], [ 74130.956000000238419, 255246.165400000289083 ], [ 74132.85259999986738, 255247.58559999987483 ], [ 74134.731599999591708, 255249.464800000190735 ], [ 74138.02240000013262, 255252.755400000140071 ], [ 74138.957600000314415, 255253.214400000870228 ], [ 74141.321800000034273, 255254.643200000748038 ], [ 74143.677199999801815, 255255.10219999961555 ], [ 74146.015399999916553, 255255.578600000590086 ], [ 74148.370799999684095, 255255.578600000590086 ], [ 74148.769199999980628, 255255.578600000590086 ], [ 74150.735000000335276, 255255.578600000590086 ], [ 74153.073200000450015, 255255.578600000590086 ], [ 74155.428600000217557, 255255.578600000590086 ], [ 74159.896999999880791, 255256.990000000223517 ], [ 74159.67200000025332, 255257.215199999511242 ], [ 74161.317200000397861, 255259.5793999992311 ], [ 74162.962600000202656, 255261.926200000569224 ], [ 74164.608000000007451, 255264.281600000336766 ], [ 74164.919800000265241, 255264.636600000783801 ], [ 74166.487200000323355, 255266.403200000524521 ], [ 74168.375, 255268.525000000372529 ], [ 74170.020399999804795, 255270.620600000023842 ], [ 74171.908200000412762, 255272.274599999189377 ], [ 74174.254999999888241, 255273.93720000050962 ], [ 74176.367999999783933, 255276.050200000405312 ], [ 74178.489599999971688, 255277.461799999698997 ], [ 74180.836400000378489, 255278.873400000855327 ], [ 74183.191999999806285, 255280.518799999728799 ], [ 74185.55599999986589, 255281.68779999949038 ], [ 74187.894199999980628, 255282.865599999204278 ], [ 74190.24959999974817, 255284.285800000652671 ], [ 74193.064000000245869, 255285.6886 ], [ 74193.540400000289083, 255285.931199999526143 ], [ 74194.00800000037998, 255286.407400000840425 ], [ 74194.96059999987483, 255286.866399999707937 ], [ 74197.064799999818206, 255288.278000000864267 ], [ 74198.961400000378489, 255290.399599999189377 ], [ 74201.074400000274181, 255292.278799999505281 ], [ 74203.429800000041723, 255294.157999999821186 ], [ 74205.785400000400841, 255295.33559999987483 ], [ 74207.898199999704957, 255296.972400000318885 ], [ 74211.422799999825656, 255299.570199999958277 ], [ 74212.834400000050664, 255300.2804000005126 ], [ 74214.246000000275671, 255300.2804000005126 ], [ 74214.722199999727309, 255300.747999999672174 ], [ 74219.41579999960959, 255300.046599999070168 ], [ 74221.78000000026077, 255300.2804000005126 ], [ 74224.135400000028312, 255301.22440000064671 ], [ 74226.473600000143051, 255302.151000000536442 ], [ 74228.828999999910593, 255303.346000000834465 ], [ 74230.950600000098348, 255304.038799999281764 ], [ 74233.072399999946356, 255305.684200000017881 ], [ 74234.951399999670684, 255306.861800000071526 ], [ 74236.605600000359118, 255308.507200000807643 ], [ 74238.484600000083447, 255309.918800000101328 ], [ 74240.355200000107288, 255311.572799999266863 ], [ 74243.420800000429153, 255313.694399999454618 ], [ 74244.832399999722838, 255314.387199999764562 ], [ 74247.646800000220537, 255313.451999999582767 ], [ 74247.889200000092387, 255312.975600000470877 ], [ 74250.010800000280142, 255312.975600000470877 ], [ 74250.010800000280142, 255313.451999999582767 ], [ 74251.179999999701977, 255313.451999999582767 ], [ 74252.123800000175834, 255315.097400000318885 ], [ 74252.123800000175834, 255315.573599999770522 ], [ 74253.067800000309944, 255316.041200000792742 ], [ 74253.067800000309944, 255317.452800000086427 ], [ 74254.011599999852479, 255318.154200000688434 ], [ 74254.011599999852479, 255319.332000000402331 ], [ 74254.704400000162423, 255319.332000000402331 ], [ 74254.704400000162423, 255320.743400000035763 ], [ 74255.656999999657273, 255320.743400000035763 ], [ 74258.480200000107288, 255320.509600000455976 ], [ 74262.238599999807775, 255321.92119999974966 ], [ 74264.117600000463426, 255321.92119999974966 ], [ 74264.940399999730289, 255321.92119999974966 ], [ 74266.949400000274181, 255321.92119999974966 ], [ 74272.587000000290573, 255320.509600000455976 ], [ 74272.829400000162423, 255319.790999999269843 ], [ 74273.764600000344217, 255319.098200000822544 ], [ 74274.708599999547005, 255319.098200000822544 ], [ 74274.708599999547005, 255318.630400000140071 ], [ 74278.241799999959767, 255318.630400000140071 ], [ 74278.475599999539554, 255319.799599999561906 ], [ 74278.934600000269711, 255320.509600000455976 ], [ 74279.653400000184774, 255321.445000000298023 ], [ 74280.121000000275671, 255322.631400000303984 ], [ 74281.532599999569356, 255323.566600000485778 ], [ 74281.532599999569356, 255324.51039999909699 ], [ 74282.935399999842048, 255324.978199999779463 ], [ 74284.113199999555945, 255325.445800000801682 ], [ 74284.355600000359118, 255327.324999999254942 ], [ 74284.832000000402331, 255330.165400000289083 ], [ 74285.533400000073016, 255332.979800000786781 ], [ 74287.17879999987781, 255336.738199999555945 ], [ 74287.646399999968708, 255337.205800000578165 ], [ 74288.347799999639392, 255338.392200000584126 ], [ 74288.347799999639392, 255338.626000000163913 ], [ 74289.768000000156462, 255341.448999999091029 ], [ 74290.469399999827147, 255344.263399999588728 ], [ 74291.881000000052154, 255348.0304000005126 ], [ 74292.348600000143051, 255348.982999999076128 ], [ 74292.591000000014901, 255349.918400000780821 ], [ 74294.245000000111759, 255352.516200000420213 ], [ 74296.583200000226498, 255354.153000000864267 ], [ 74298.470999999903142, 255356.274599999189377 ], [ 74300.817800000309944, 255359.799200000241399 ], [ 74301.536600000225008, 255361.210799999535084 ], [ 74301.536600000225008, 255361.687000000849366 ], [ 74303.182000000029802, 255364.025200000032783 ], [ 74305.061200000345707, 255366.389200000092387 ], [ 74308.351999999955297, 255370.156199999153614 ], [ 74308.810800000093877, 255370.857799999415874 ], [ 74309.053399999625981, 255371.334000000730157 ], [ 74310.006000000052154, 255372.278000000864267 ], [ 74310.006000000052154, 255373.438400000333786 ], [ 74310.941200000233948, 255374.382200000807643 ], [ 74312.127600000239909, 255377.213999999687076 ], [ 74313.062800000421703, 255379.552200000733137 ], [ 74315.418200000189245, 255383.319199999794364 ], [ 74315.652200000360608, 255384.739399999380112 ], [ 74316.58739999961108, 255385.207000000402331 ], [ 74316.58739999961108, 255386.151000000536442 ], [ 74315.418200000189245, 255389.909199999645352 ], [ 74314.855399999767542, 255391.190999999642372 ], [ 74314.595599999651313, 255394.983799999579787 ], [ 74315.747399999760091, 255396.092399999499321 ], [ 74317.799800000153482, 255396.187599999830127 ], [ 74318.423200000077486, 255397.053600000217557 ], [ 74320.285000000149012, 255399.028000000864267 ], [ 74321.887199999764562, 255400.067199999466538 ], [ 74322.865799999795854, 255400.491599999368191 ], [ 74325.082600000314415, 255400.933199999853969 ], [ 74326.598000000230968, 255401.530799999833107 ], [ 74328.104799999855459, 255403.340600000694394 ], [ 74328.996799999848008, 255405.496799999848008 ], [ 74329.620400000363588, 255409.289799999445677 ], [ 74332.737800000235438, 255419.733599999919534 ], [ 74334.339999999850988, 255426.375600000843406 ], [ 74335.396399999968708, 255427.994999999180436 ], [ 74336.652200000360608, 255429.042799999937415 ], [ 74336.920599999837577, 255430.67960000038147 ], [ 74336.738800000399351, 255433.08699999935925 ], [ 74335.760200000368059, 255435.156600000336766 ], [ 74335.760200000368059, 255438.776399999856949 ], [ 74337.266999999992549, 255441.634199999272823 ], [ 74339.674399999901652, 255444.561200000345707 ], [ 74343.146999999880791, 255447.583399999886751 ], [ 74349.191399999894202, 255454.294800000265241 ], [ 74352.482200000435114, 255457.576799999922514 ], [ 74355.591000000014901, 255463.708000000566244 ], [ 74357.366399999707937, 255469.735200000926852 ], [ 74358.440200000070035, 255472.151399999856949 ], [ 74360.934200000017881, 255475.173599999397993 ], [ 74364.753200000151992, 255487.332000000402331 ], [ 74367.151999999769032, 255492.328600000590086 ], [ 74369.282200000248849, 255493.895999999716878 ], [ 74368.80599999986589, 255496.00899999961257 ], [ 74368.338200000114739, 255496.961600000038743 ], [ 74367.870600000023842, 255497.66300000064075 ], [ 74368.017799999564886, 255499.992599999532104 ], [ 74368.113199999555945, 255501.429999999701977 ], [ 74369.524600000120699, 255501.664000000804663 ], [ 74369.524600000120699, 255502.365399999544024 ], [ 74369.983599999919534, 255502.365399999544024 ], [ 74370.927600000053644, 255503.309200000017881 ], [ 74370.927600000053644, 255505.655999999493361 ], [ 74370.693799999542534, 255508.011600000783801 ], [ 74370.693799999542534, 255510.375600000843406 ], [ 74370.693799999542534, 255512.341399999335408 ], [ 74370.693799999542534, 255512.713800000026822 ], [ 74370.693799999542534, 255517.424799999222159 ], [ 74372.105399999767542, 255521.183000000193715 ], [ 74372.806800000369549, 255522.360799999907613 ], [ 74374.226999999955297, 255522.603199999779463 ], [ 74374.226999999955297, 255522.83699999935925 ], [ 74374.997600000351667, 255523.027599999681115 ], [ 74376.816200000233948, 255523.486600000411272 ], [ 74377.041400000452995, 255523.538599999621511 ], [ 74379.873200000263751, 255524.482400000095367 ], [ 74382.687599999830127, 255525.184000000357628 ], [ 74385.519399999640882, 255525.184000000357628 ], [ 74389.987800000235438, 255523.780999999493361 ], [ 74392.10080000013113, 255524.00620000064373 ], [ 74393.988599999807775, 255524.482400000095367 ], [ 74393.746199999935925, 255524.949999999254942 ], [ 74395.157599999569356, 255527.296800000593066 ], [ 74396.335400000214577, 255529.661000000312924 ], [ 74397.755599999800324, 255532.007799999788404 ], [ 74398.933400000445545, 255534.354599999263883 ], [ 74400.336199999786913, 255536.718800000846386 ], [ 74402.215400000102818, 255539.065600000321865 ], [ 74403.627000000327826, 255541.421000000089407 ], [ 74404.813400000333786, 255543.300200000405312 ], [ 74406.467400000430644, 255545.421800000593066 ], [ 74408.104000000283122, 255547.534800000488758 ], [ 74409.983199999667704, 255549.8902000002563 ], [ 74411.871000000275671, 255551.769400000572205 ], [ 74413.750199999660254, 255553.648600000888109 ], [ 74417.283400000073016, 255556.948000000789762 ], [ 74417.74239999987185, 255557.649399999529123 ], [ 74418.452600000426173, 255558.359600000083447 ], [ 74418.920199999585748, 255559.061000000685453 ], [ 74419.396399999968708, 255559.762399999424815 ], [ 74420.574199999682605, 255562.594200000166893 ], [ 74421.509399999864399, 255564.949599999934435 ], [ 74422.687199999578297, 255567.296399999409914 ], [ 74423.873599999584258, 255569.652000000700355 ], [ 74425.042600000277162, 255571.990000000223517 ], [ 74426.220399999991059, 255574.362800000235438 ], [ 74427.164200000464916, 255579.056399999186397 ], [ 74428.342000000178814, 255581.888199999928474 ], [ 74429.043399999849498, 255581.888199999928474 ], [ 74429.043399999849498, 255582.823400000110269 ], [ 74430.446399999782443, 255584.243599999696016 ], [ 74430.688799999654293, 255584.702600000426173 ], [ 74431.165199999697506, 255585.880400000140071 ], [ 74431.3902000002563, 255586.590600000694394 ], [ 74431.623999999836087, 255589.413599999621511 ], [ 74431.165199999697506, 255592.245400000363588 ], [ 74430.922600000165403, 255595.059800000861287 ], [ 74430.922600000165403, 255597.882799999788404 ], [ 74430.922600000165403, 255600.238399999216199 ], [ 74431.165199999697506, 255603.0614 ], [ 74431.623999999836087, 255605.875800000503659 ], [ 74432.567999999970198, 255608.716199999675155 ], [ 74433.277999999932945, 255611.530799999833107 ], [ 74433.745799999684095, 255614.345200000330806 ], [ 74434.455799999646842, 255619.064799999818206 ], [ 74435.157200000248849, 255620.0 ], [ 74437.512799999676645, 255623.758400000631809 ], [ 74437.755199999548495, 255624.234600000083447 ], [ 74437.980399999767542, 255624.693600000813603 ], [ 74438.447999999858439, 255625.646199999377131 ], [ 74439.157999999821186, 255628.469200000166893 ], [ 74439.859600000083447, 255631.292400000616908 ], [ 74440.569600000046194, 255635.518400000408292 ], [ 74440.803399999625981, 255636.704800000414252 ], [ 74441.270999999716878, 255637.163599999621511 ], [ 74441.513600000180304, 255638.575200000777841 ], [ 74441.756000000052154, 255639.519200000911951 ], [ 74441.972599999979138, 255639.995400000363588 ], [ 74442.448800000362098, 255640.939400000497699 ], [ 74442.691200000233948, 255642.575999999418855 ], [ 74442.691200000233948, 255645.416400000452995 ], [ 74441.270999999716878, 255648.231000000610948 ], [ 74439.391999999992549, 255651.045399999246001 ], [ 74437.036399999633431, 255655.04619999974966 ], [ 74435.157200000248849, 255656.457800000905991 ], [ 74434.914800000376999, 255658.103000000119209 ], [ 74434.455799999646842, 255658.111800000071526 ], [ 74443.799800000153482, 255669.793800000101328 ], [ 74473.589399999938905, 255701.904400000348687 ], [ 74498.599000000394881, 255731.589999999850988 ], [ 74500.798600000329316, 255732.689799999818206 ], [ 74503.154000000096858, 255734.101399999111891 ], [ 74506.210799999535084, 255735.513000000268221 ], [ 74506.687199999578297, 255735.980599999427795 ], [ 74507.856200000271201, 255736.91579999960959 ], [ 74509.501600000075996, 255739.27140000090003 ], [ 74510.679399999789894, 255742.094399999827147 ], [ 74511.856999999843538, 255744.917600000277162 ], [ 74513.259999999776483, 255747.264399999752641 ], [ 74514.91399999987334, 255750.104800000786781 ], [ 74515.372999999672174, 255750.79759999923408 ], [ 74515.615399999544024, 255751.741399999707937 ], [ 74516.316800000146031, 255752.217800000682473 ], [ 74518.68099999986589, 255754.105599999427795 ], [ 74520.785400000400841, 255755.742200000211596 ], [ 74522.906999999657273, 255757.855200000107288 ], [ 74525.262400000356138, 255759.734400000423193 ], [ 74526.907800000160933, 255760.920800000429153 ], [ 74529.505800000391901, 255763.509999999776483 ], [ 74531.85259999986738, 255766.333200000226498 ], [ 74533.974200000055134, 255769.147600000724196 ], [ 74537.031000000424683, 255772.680800000205636 ], [ 74537.732599999755621, 255772.923200000077486 ], [ 74537.974999999627471, 255774.802400000393391 ], [ 74538.434000000357628, 255777.616800000891089 ], [ 74538.667799999937415, 255780.457399999722838 ], [ 74539.611800000071526, 255783.271800000220537 ], [ 74541.265800000168383, 255786.086200000718236 ], [ 74542.911000000312924, 255788.917999999597669 ], [ 74545.249200000427663, 255791.732400000095367 ], [ 74547.604600000195205, 255794.555400000885129 ], [ 74549.735000000335276, 255799.275000000372529 ], [ 74549.968799999915063, 255800.210200000554323 ], [ 74549.968799999915063, 255803.033399999141693 ], [ 74549.501199999824166, 255808.688200000673532 ], [ 74550.670199999585748, 255812.204199999570847 ], [ 74551.137799999676645, 255813.381799999624491 ], [ 74551.614199999719858, 255815.260999999940395 ], [ 74552.315600000321865, 255815.260999999940395 ], [ 74552.315600000321865, 255817.148800000548363 ], [ 74551.380400000140071, 255821.141000000759959 ], [ 74551.614199999719858, 255822.786399999633431 ], [ 74552.081799999810755, 255823.730200000107288 ], [ 74552.081799999810755, 255825.618200000375509 ], [ 74552.081799999810755, 255827.964999999850988 ], [ 74551.137799999676645, 255830.32039999961853 ], [ 74550.202600000426173, 255832.675799999386072 ], [ 74549.016200000420213, 255835.022600000724196 ], [ 74548.323400000110269, 255837.378200000151992 ], [ 74546.911999999545515, 255842.080399999395013 ], [ 74546.911999999545515, 255844.435799999162555 ], [ 74546.911999999545515, 255847.25899999961257 ], [ 74547.137000000104308, 255850.082000000402331 ], [ 74547.604600000195205, 255852.44620000012219 ], [ 74547.847199999727309, 255854.792999999597669 ], [ 74547.604600000195205, 255857.139799999073148 ], [ 74547.137000000104308, 255859.486600000411272 ], [ 74547.137000000104308, 255861.85080000013113 ], [ 74546.911999999545515, 255864.197599999606609 ], [ 74546.444199999794364, 255866.544399999082088 ], [ 74546.201799999922514, 255868.899800000712276 ], [ 74545.491799999959767, 255871.264000000432134 ], [ 74544.790199999697506, 255873.601999999955297 ], [ 74544.080199999734759, 255875.957599999383092 ], [ 74543.144799999892712, 255878.312999999150634 ], [ 74541.967199999839067, 255880.668400000780821 ], [ 74540.55559999961406, 255883.024000000208616 ], [ 74539.377799999900162, 255885.370799999684095 ], [ 74537.498800000175834, 255889.14640000090003 ], [ 74537.117600000463426, 255889.917199999094009 ], [ 74537.031000000424683, 255890.081599999219179 ], [ 74536.788599999621511, 255894.775200000032783 ], [ 74537.498800000175834, 255894.775200000032783 ], [ 74537.507399999536574, 255895.719200000166893 ], [ 74537.732599999755621, 255895.719200000166893 ], [ 74538.303999999538064, 255896.489800000563264 ], [ 74539.854199999943376, 255898.551000000908971 ], [ 74542.668600000441074, 255902.785599999129772 ], [ 74542.772599999792874, 255903.080000000074506 ], [ 74542.911000000312924, 255903.486999999731779 ], [ 74543.543200000189245, 255904.534800000488758 ], [ 74544.695000000298023, 255906.950999999418855 ], [ 74545.916000000201166, 255913.107999999076128 ], [ 74548.782399999909103, 255913.601600000634789 ], [ 74551.137799999676645, 255912.424000000581145 ], [ 74553.493400000035763, 255911.722400000318885 ], [ 74555.848799999803305, 255911.254799999296665 ], [ 74558.195600000210106, 255910.544800000265241 ], [ 74560.550999999977648, 255910.077199999243021 ], [ 74562.906600000336766, 255909.367000000551343 ], [ 74565.262000000104308, 255908.6568 ], [ 74569.262799999676645, 255907.245400000363588 ], [ 74569.730399999767542, 255906.552600000053644 ], [ 74569.955599999986589, 255906.310000000521541 ], [ 74572.319799999706447, 255902.785599999129772 ], [ 74572.553600000217557, 255901.607799999415874 ], [ 74573.263600000180304, 255900.664000000804663 ], [ 74573.263600000180304, 255899.494799999520183 ], [ 74574.199000000022352, 255899.252399999648333 ], [ 74574.432799999602139, 255898.784800000488758 ], [ 74574.761800000444055, 255897.94480000063777 ], [ 74574.900399999693036, 255897.615599999204278 ], [ 74576.311999999918044, 255897.615599999204278 ], [ 74577.957200000062585, 255896.654400000348687 ], [ 74579.845200000330806, 255895.719200000166893 ], [ 74580.303999999538064, 255894.558800000697374 ], [ 74582.200600000098348, 255892.43720000050962 ], [ 74585.023599999956787, 255889.14640000090003 ], [ 74585.491200000047684, 255887.96000000089407 ], [ 74586.201399999670684, 255887.024800000712276 ], [ 74586.426599999889731, 255886.30599999986589 ], [ 74586.668999999761581, 255885.838400000706315 ], [ 74587.145399999804795, 255885.370799999684095 ], [ 74587.145399999804795, 255885.136800000444055 ], [ 74589.959800000302494, 255883.024000000208616 ], [ 74590.193599999882281, 255882.54759999923408 ], [ 74593.96059999987483, 255882.781400000676513 ], [ 74596.082200000062585, 255884.192999999970198 ], [ 74598.186599999666214, 255885.838400000706315 ], [ 74600.550599999725819, 255887.483799999579787 ], [ 74602.663599999621511, 255889.14640000090003 ], [ 74604.785400000400841, 255890.782999999821186 ], [ 74607.13219999987632, 255892.671000000089407 ], [ 74609.487599999643862, 255894.082399999722838 ], [ 74611.834400000050664, 255895.719200000166893 ], [ 74615.376199999824166, 255897.840800000354648 ], [ 74616.31140000000596, 255898.308399999514222 ], [ 74616.787800000049174, 255898.551000000908971 ], [ 74617.489199999719858, 255899.018600000068545 ], [ 74618.190600000321865, 255899.252399999648333 ], [ 74619.368400000035763, 255900.187599999830127 ], [ 74620.312400000169873, 255900.187599999830127 ], [ 74621.723799999803305, 255900.89780000038445 ], [ 74621.628600000403821, 255901.231100000441074 ], [ 74624.728799999691546, 255902.473799999803305 ], [ 74627.136199999600649, 255903.028000000864267 ], [ 74627.370000000111759, 255903.244599999859929 ], [ 74629.474399999715388, 255903.244599999859929 ], [ 74631.137000000104308, 255903.244599999859929 ], [ 74632.072399999946356, 255903.028000000864267 ], [ 74634.427799999713898, 255903.486999999731779 ], [ 74636.774600000120699, 255903.954600000753999 ], [ 74641.485600000247359, 255905.842399999499321 ], [ 74645.953999999910593, 255906.310000000521541 ], [ 74646.42160000000149, 255905.123800000175834 ], [ 74647.356800000183284, 255903.486999999731779 ], [ 74648.075600000098348, 255903.486999999731779 ], [ 74648.543200000189245, 255902.075400000438094 ], [ 74649.010800000280142, 255901.607799999415874 ], [ 74650.413800000213087, 255901.833000000566244 ], [ 74652.769199999980628, 255902.075400000438094 ], [ 74655.133399999700487, 255902.309200000017881 ], [ 74657.471400000154972, 255902.309200000017881 ], [ 74659.826999999582767, 255902.309200000017881 ], [ 74662.190999999642372, 255902.785599999129772 ], [ 74664.537800000049174, 255902.785599999129772 ], [ 74666.884600000455976, 255903.028000000864267 ], [ 74671.872800000011921, 255903.720799999311566 ], [ 74674.894999999552965, 255904.43099999986589 ], [ 74678.644600000232458, 255903.720799999311566 ], [ 74678.887199999764562, 255903.028000000864267 ], [ 74680.073599999770522, 255903.028000000864267 ], [ 74682.420400000177324, 255903.486999999731779 ], [ 74684.767199999652803, 255904.188400000333786 ], [ 74687.122600000351667, 255904.43099999986589 ], [ 74691.833599999547005, 255905.599999999627471 ], [ 74695.124200000427663, 255906.777799999341369 ], [ 74696.527200000360608, 255906.777799999341369 ], [ 74698.891200000420213, 255906.067600000649691 ], [ 74701.246799999848008, 255905.366200000047684 ], [ 74704.061200000345707, 255905.366200000047684 ], [ 74705.940399999730289, 255904.655999999493361 ], [ 74710.651200000196695, 255903.720799999311566 ], [ 74710.651200000196695, 255903.244599999859929 ], [ 74711.595200000330806, 255903.244599999859929 ], [ 74711.595200000330806, 255903.028000000864267 ], [ 74713.941999999806285, 255901.833000000566244 ], [ 74716.77379999961704, 255900.89780000038445 ], [ 74720.289599999785423, 255900.429999999701977 ], [ 74722.878999999724329, 255899.711400000378489 ], [ 74727.815000000409782, 255899.252399999648333 ], [ 74728.533800000324845, 255898.776000000536442 ], [ 74732.534599999897182, 255896.654400000348687 ], [ 74733.227400000207126, 255896.186799999326468 ], [ 74734.179999999701977, 255895.494000000879169 ], [ 74736.994400000199676, 255895.017799999564886 ], [ 74739.817400000058115, 255894.558800000697374 ], [ 74742.640599999576807, 255894.082399999722838 ], [ 74747.351400000043213, 255893.372400000691414 ], [ 74748.096199999563396, 255893.450400000438094 ], [ 74752.642599999904633, 255892.584400000050664 ], [ 74756.911999999545515, 255891.640399999916553 ], [ 74760.912800000049174, 255890.947599999606609 ], [ 74767.667399999685585, 255889.14640000090003 ], [ 74771.226599999703467, 255887.760800000280142 ], [ 74777.885999999940395, 255886.04619999974966 ], [ 74779.349399999715388, 255885.396600000560284 ], [ 74781.315200000070035, 255884.582599999383092 ], [ 74783.263600000180304, 255883.933199999853969 ], [ 74785.20339999999851, 255883.119200000539422 ], [ 74789.299599999561906, 255881.014799999073148 ], [ 74792.495000000111759, 255879.811200000345707 ], [ 74796.859600000083447, 255878.001199999824166 ], [ 74800.505400000140071, 255877.498999999836087 ], [ 74806.463200000114739, 255877.498999999836087 ], [ 74810.195600000210106, 255875.524599999189377 ], [ 74814.456199999898672, 255873.20380000025034 ], [ 74815.599399999715388, 255872.56279999949038 ], [ 74815.763799999840558, 255871.913399999961257 ], [ 74816.577800000086427, 255871.913399999961257 ], [ 74816.733799999579787, 255871.419800000265241 ], [ 74819.496199999935925, 255870.120799999684095 ], [ 74821.609199999831617, 255869.151000000536442 ], [ 74824.215800000354648, 255868.163799999281764 ], [ 74826.164200000464916, 255867.20240000076592 ], [ 74830.3902000002563, 255865.894799999892712 ], [ 74830.719399999827147, 255865.409800000488758 ], [ 74831.845200000330806, 255865.409800000488758 ], [ 74832.494599999859929, 255866.873400000855327 ], [ 74833.481800000183284, 255869.151000000536442 ], [ 74834.936599999666214, 255871.090800000354648 ], [ 74836.400200000032783, 255873.047800000756979 ], [ 74837.872399999760091, 255874.831800000742078 ], [ 74839.006799999624491, 255876.615599999204278 ], [ 74841.440200000070035, 255879.386800000444055 ], [ 74842.262799999676645, 255879.386800000444055 ], [ 74842.418800000101328, 255879.707200000062585 ], [ 74844.69620000012219, 255880.521199999377131 ], [ 74846.965200000442564, 255881.499800000339746 ], [ 74849.251199999824166, 255882.798800000920892 ], [ 74851.520200000144541, 255884.106399999931455 ], [ 74853.797600000165403, 255885.396600000560284 ], [ 74856.066599999554455, 255886.375199999660254 ], [ 74858.343999999575317, 255887.189200000837445 ], [ 74860.612999999895692, 255888.159199999645352 ], [ 74862.89919999986887, 255888.973200000822544 ], [ 74865.176599999889731, 255889.302200000733137 ], [ 74867.454199999570847, 255889.951799999922514 ], [ 74869.723000000230968, 255890.280799999833107 ], [ 74872.000599999912083, 255890.757200000807643 ], [ 74874.286799999885261, 255891.250800000503659 ], [ 74876.55559999961406, 255891.89159999974072 ], [ 74878.833200000226498, 255892.549599999561906 ], [ 74881.101999999955297, 255893.034600000828505 ], [ 74885.32799999974668, 255893.848600000143051 ], [ 74885.32799999974668, 255894.1864 ], [ 74886.791600000113249, 255894.1864 ], [ 74886.791600000113249, 255894.498199999332428 ], [ 74888.254999999888241, 255894.835799999535084 ], [ 74889.553999999538064, 255894.835799999535084 ], [ 74890.20339999999851, 255895.147600000724196 ], [ 74892.480999999679625, 255894.991800000891089 ], [ 74897.027400000020862, 255894.653999999165535 ], [ 74897.027400000020862, 255893.528200000524521 ], [ 74898.006000000052154, 255892.385199999436736 ], [ 74898.984400000423193, 255892.229199999943376 ], [ 74899.304999999701977, 255892.229199999943376 ], [ 74903.85120000038296, 255891.579800000414252 ], [ 74904.336199999786913, 255890.930400000885129 ], [ 74905.323400000110269, 255890.107599999755621 ], [ 74905.973000000230968, 255889.458200000226498 ], [ 74906.302000000141561, 255889.302200000733137 ], [ 74906.942800000309944, 255888.488199999555945 ], [ 74907.600999999791384, 255888.323799999430776 ], [ 74907.600999999791384, 255887.838800000026822 ], [ 74908.40639999974519, 255887.838800000026822 ], [ 74910.675200000405312, 255887.345200000330806 ], [ 74914.416199999861419, 255887.189200000837445 ], [ 74915.065799999982119, 255888.003200000151992 ], [ 74916.053000000305474, 255888.003200000151992 ], [ 74916.529199999757111, 255888.652799999341369 ], [ 74917.187400000169873, 255888.808599999174476 ], [ 74918.166000000201166, 255889.14640000090003 ], [ 74919.144399999640882, 255889.795800000429153 ], [ 74920.755199999548495, 255890.601199999451637 ], [ 74922.383200000040233, 255891.415200000628829 ], [ 74923.846800000406802, 255892.229199999943376 ], [ 74925.301599999889731, 255893.034600000828505 ], [ 74927.102800000458956, 255893.692800000309944 ], [ 74928.557599999941885, 255894.653999999165535 ], [ 74930.185800000093877, 255895.485400000587106 ], [ 74932.142799999564886, 255895.63260000012815 ], [ 74934.091199999675155, 255895.961600000038743 ], [ 74936.039800000376999, 255895.961600000038743 ], [ 74937.988199999555945, 255895.797199999913573 ], [ 74939.94539999961853, 255895.63260000012815 ], [ 74941.893799999728799, 255895.485400000587106 ], [ 74944.647599999792874, 255894.835799999535084 ], [ 74945.790599999949336, 255894.653999999165535 ], [ 74946.933799999766052, 255895.485400000587106 ], [ 74948.068199999630451, 255896.77559999935329 ], [ 74949.038200000301003, 255897.754200000315905 ], [ 74954.892199999652803, 255899.69400000013411 ], [ 74957.490000000223517, 255900.0318 ], [ 74962.53000000026077, 255900.681199999526143 ], [ 74964.807599999941885, 255902.144799999892712 ], [ 74968.219600000418723, 255905.721200000494719 ], [ 74969.025000000372529, 255906.370799999684095 ], [ 74969.674399999901652, 255907.184800000861287 ], [ 74973.753200000151992, 255907.020199999213219 ], [ 74974.558600000105798, 255907.990000000223517 ], [ 74974.558600000105798, 255908.145999999716878 ], [ 74975.372600000351667, 255908.968599999323487 ], [ 74977.970399999991059, 255910.267599999904633 ], [ 74979.442599999718368, 255910.587999999523163 ], [ 74980.71129999961704, 255912.181500000879169 ], [ 74983.166400000452995, 255913.67960000038147 ], [ 74987.730000000447035, 255915.636600000783801 ], [ 74988.864400000311434, 255916.121600000187755 ], [ 74989.678600000217557, 255916.433399999514222 ], [ 74989.998999999836087, 255916.606599999591708 ], [ 74991.956000000238419, 255917.576400000602007 ], [ 74997.974600000306964, 255920.503399999812245 ], [ 74998.286399999633431, 255920.988399999216199 ], [ 74999.593999999575317, 255921.317600000649691 ], [ 74999.715200000442564, 255921.620600000023842 ], [ 75000.001000000163913, 255921.802400000393391 ], [ 75001.672399999573827, 255922.833000000566244 ], [ 75005.214200000278652, 255924.036599999293685 ], [ 75009.552799999713898, 255924.408999999985099 ], [ 75015.181599999777973, 255924.902599999681115 ], [ 75021.503200000151992, 255925.500199999660254 ], [ 75027.634399999864399, 255925.5954 ], [ 75029.314399999566376, 255924.902599999681115 ], [ 75031.713200000114739, 255924.382999999448657 ], [ 75033.141999999992549, 255924.382999999448657 ], [ 75034.397599999792874, 255924.902599999681115 ], [ 75036.527999999932945, 255926.799200000241399 ], [ 75040.883799999952316, 255932.402000000700355 ], [ 75045.153199999593198, 255935.753399999812245 ], [ 75049.422399999573827, 255938.61119999922812 ], [ 75050.13260000012815, 255939.087400000542402 ], [ 75053.059600000269711, 255941.018600000068545 ], [ 75059.294599999673665, 255943.780999999493361 ], [ 75066.222400000318885, 255945.937400000169873 ], [ 75069.781600000336766, 255946.708000000566244 ], [ 75071.288399999961257, 255946.63880000077188 ], [ 75073.158999999985099, 255946.283800000324845 ], [ 75075.289200000464916, 255946.283800000324845 ], [ 75077.246399999596179, 255946.457000000402331 ], [ 75078.934999999590218, 255948.275399999693036 ], [ 75083.29079999960959, 255951.384400000795722 ], [ 75086.86739999987185, 255953.176999999210238 ], [ 75092.721400000154972, 255955.783399999141693 ], [ 75096.306599999777973, 255957.073799999430776 ], [ 75096.592400000430644, 255957.195000000298023 ], [ 75097.111999999731779, 255957.402799999341369 ], [ 75097.917200000025332, 255957.73200000077486 ], [ 75100.52379999961704, 255957.887800000607967 ], [ 75102.801400000229478, 255957.887800000607967 ], [ 75105.078999999910593, 255957.567399999126792 ], [ 75107.347799999639392, 255957.402799999341369 ], [ 75111.894199999980628, 255957.238399999216199 ], [ 75114.180399999953806, 255958.537399999797344 ], [ 75116.293399999849498, 255960.000800000503659 ], [ 75119.220399999991059, 255961.793400000780821 ], [ 75119.54079999960959, 255961.949200000613928 ], [ 75120.683799999766052, 255962.763199999928474 ], [ 75125.074400000274181, 255962.442800000309944 ], [ 75125.230200000107288, 255962.113800000399351 ], [ 75127.507799999788404, 255961.949200000613928 ], [ 75129.776600000448525, 255962.598799999803305 ], [ 75132.062800000421703, 255963.248199999332428 ], [ 75134.331799999810755, 255963.57740000076592 ], [ 75136.609199999831617, 255963.57740000076592 ], [ 75138.878200000151992, 255963.741800000891089 ], [ 75141.155600000172853, 255963.741800000891089 ], [ 75143.424399999901652, 255963.741800000891089 ], [ 75145.701999999582767, 255963.57740000076592 ], [ 75151.720599999651313, 255961.949200000613928 ], [ 75154.154000000096858, 255960.814799999818206 ], [ 75156.110999999567866, 255960.814799999818206 ], [ 75158.388600000180304, 255961.143999999389052 ], [ 75160.657399999909103, 255961.143999999389052 ], [ 75162.934999999590218, 255961.464400000870228 ], [ 75165.20380000025034, 255961.793400000780821 ], [ 75167.490000000223517, 255961.793400000780821 ], [ 75169.767599999904633, 255961.949200000613928 ], [ 75172.036399999633431, 255961.793400000780821 ], [ 75176.591599999926984, 255961.628799999132752 ], [ 75176.920599999837577, 255962.287000000476837 ], [ 75178.054999999701977, 255962.598799999803305 ], [ 75179.033599999733269, 255963.57740000076592 ], [ 75178.868999999947846, 255963.89780000038445 ], [ 75180.817400000058115, 255967.794600000604987 ], [ 75181.137799999676645, 255968.452800000086427 ], [ 75181.310999999754131, 255969.266799999400973 ], [ 75181.310999999754131, 255970.245400000363588 ], [ 75181.96059999987483, 255971.379799999296665 ], [ 75182.27240000013262, 255971.223999999463558 ], [ 75182.445600000210106, 255972.185200000181794 ], [ 75183.259600000455976, 255972.67879999987781 ], [ 75183.259600000455976, 255973.328199999406934 ], [ 75184.073599999770522, 255974.306800000369549 ], [ 75185.857400000095367, 255975.926200000569224 ], [ 75187.641400000080466, 255977.874600000679493 ], [ 75189.589800000190735, 255979.831800000742078 ], [ 75191.54700000025332, 255981.780200000852346 ], [ 75193.174999999813735, 255983.40819999948144 ], [ 75194.803000000305474, 255985.521199999377131 ], [ 75196.57839999999851, 255987.30519999936223 ], [ 75198.370799999684095, 255989.097799999639392 ], [ 75200.154799999669194, 255990.872999999672174 ], [ 75201.947399999946356, 255992.838800000026822 ], [ 75204.216199999675155, 255994.458200000226498 ], [ 75206.502399999648333, 255995.601199999451637 ], [ 75208.771399999968708, 255996.250800000503659 ], [ 75211.057400000281632, 255997.220599999651313 ], [ 75214.460799999535084, 255998.519600000232458 ], [ 75214.460799999535084, 255998.857400000095367 ], [ 75215.439399999566376, 255998.857400000095367 ], [ 75215.439399999566376, 255999.013199999928474 ], [ 75216.339999999850988, 256000.000399999320507 ], [ 75217.231999999843538, 256000.95299999974668 ], [ 75218.530799999833107, 256003.239199999719858 ], [ 75219.994400000199676, 256005.187599999830127 ], [ 75221.449199999682605, 256006.980200000107288 ], [ 75223.077200000174344, 256008.937400000169873 ], [ 75224.54079999960959, 256011.206199999898672 ], [ 75225.995600000023842, 256013.483799999579787 ], [ 75228.117200000211596, 256017.216000000014901 ], [ 75228.446399999782443, 256017.700999999418855 ], [ 75228.67160000000149, 256018.367799999192357 ], [ 75231.078999999910593, 256021.476600000634789 ], [ 75234.447599999606609, 256023.390599999576807 ], [ 75236.240199999883771, 256024.204600000753999 ], [ 75236.075600000098348, 256024.525000000372529 ], [ 75236.231599999591708, 256025.018600000068545 ], [ 75238.361800000071526, 256025.832599999383092 ], [ 75238.361800000071526, 256025.988399999216199 ], [ 75240.630599999800324, 256027.625199999660254 ], [ 75242.908200000412762, 256029.408999999985099 ], [ 75244.033999999985099, 256030.708000000566244 ], [ 75244.371799999848008, 256032.976999999955297 ], [ 75243.878200000151992, 256038.831000000238419 ], [ 75243.912800000049174, 256039.125399999320507 ], [ 75244.371799999848008, 256042.901000000536442 ], [ 75244.683400000445545, 256043.377399999648333 ], [ 75245.99100000038743, 256045.819399999454618 ], [ 75247.783599999733269, 256047.603199999779463 ], [ 75249.723399999551475, 256049.240000000223517 ], [ 75252.009600000455976, 256050.54759999923408 ], [ 75254.278599999845028, 256051.837999999523163 ], [ 75256.564799999818206, 256052.972400000318885 ], [ 75258.842199999839067, 256053.786399999633431 ], [ 75261.110999999567866, 256054.444599999114871 ], [ 75264.19400000013411, 256055.743599999696016 ], [ 75265.01659999974072, 256056.05519999936223 ], [ 75265.492999999783933, 256056.219799999147654 ], [ 75265.657399999909103, 256056.219799999147654 ], [ 75268.52379999961704, 256056.52280000038445 ], [ 75270.212600000202656, 256056.704800000414252 ], [ 75272.490000000223517, 256057.198400000110269 ], [ 75274.75899999961257, 256057.856399999931455 ], [ 75277.036399999633431, 256058.497400000691414 ], [ 75279.305399999953806, 256059.3114 ], [ 75281.591599999926984, 256060.601600000634789 ], [ 75283.868999999947846, 256062.082399999722838 ], [ 75286.138000000268221, 256063.372800000011921 ], [ 75288.415400000289083, 256064.507200000807643 ], [ 75293.36019999999553, 256065.693600000813603 ], [ 75294.780399999581277, 256066.213199999183416 ], [ 75299.482599999755621, 256067.37360000051558 ], [ 75295.41260000038892, 256074.587200000882149 ], [ 75294.918999999761581, 256076.864800000563264 ], [ 75294.589800000190735, 256079.133600000292063 ], [ 75294.269399999640882, 256081.411199999973178 ], [ 75294.269399999640882, 256083.6886 ], [ 75294.105000000447035, 256085.974799999967217 ], [ 75293.29079999960959, 256088.24379999935627 ], [ 75292.476800000295043, 256090.521199999377131 ], [ 75291.507000000216067, 256092.798800000920892 ], [ 75290.199400000274181, 256098.479599999263883 ], [ 75290.043399999849498, 256098.808599999174476 ], [ 75289.878999999724329, 256099.622600000351667 ], [ 75289.853000000119209, 256100.254799999296665 ], [ 75288.423999999649823, 256105.95299999974668 ], [ 75289.047600000165403, 256111.486600000411272 ], [ 75288.250799999572337, 256117.279999999329448 ], [ 75288.250799999572337, 256118.907999999821186 ], [ 75288.571399999782443, 256120.544800000265241 ], [ 75288.744400000199676, 256122.172800000756979 ], [ 75288.900399999693036, 256123.800799999386072 ], [ 75289.238199999555945, 256125.437599999830127 ], [ 75289.394000000320375, 256127.057000000029802 ], [ 75289.394000000320375, 256128.685000000521541 ], [ 75289.549800000153482, 256130.321599999442697 ], [ 75289.878999999724329, 256131.949599999934435 ], [ 75290.199400000274181, 256133.9068 ], [ 75290.199400000274181, 256135.855200000107288 ], [ 75290.199400000274181, 256137.812400000169873 ], [ 75289.887600000016391, 256139.769400000572205 ], [ 75289.549800000153482, 256141.718000000342727 ], [ 75288.900399999693036, 256143.848200000822544 ], [ 75287.428199999965727, 256146.281600000336766 ], [ 75286.622800000011921, 256147.589199999347329 ], [ 75286.285199999809265, 256147.909600000828505 ], [ 75286.285199999809265, 256148.559200000017881 ], [ 75285.635599999688566, 256148.896999999880791 ], [ 75285.479799999855459, 256149.537799999117851 ], [ 75284.501199999824166, 256152.144400000572205 ], [ 75284.180800000205636, 256153.287399999797344 ], [ 75284.00760000012815, 256154.751000000163913 ], [ 75284.00760000012815, 256155.729399999603629 ], [ 75283.69579999987036, 256157.366200000047684 ], [ 75283.358199999667704, 256158.994200000539422 ], [ 75282.708599999547005, 256162.25899999961257 ], [ 75282.059200000017881, 256164.042799999937415 ], [ 75281.418399999849498, 256165.186000000685453 ], [ 75280.275200000032783, 256166.649399999529123 ], [ 75278.803000000305474, 256167.783999999985099 ], [ 75277.330799999646842, 256168.926999999210238 ], [ 75275.538399999961257, 256169.905600000172853 ], [ 75273.910199999809265, 256171.048599999397993 ], [ 75272.611399999819696, 256172.356200000271201 ], [ 75270.983199999667704, 256173.81980000063777 ], [ 75270.489599999971688, 256174.1402000002563 ], [ 75270.333800000138581, 256174.296000000089407 ], [ 75270.160600000061095, 256174.469200000166893 ], [ 75269.996000000275671, 256174.633799999952316 ], [ 75269.355200000107288, 256174.954199999570847 ], [ 75266.913200000301003, 256175.777000000700355 ], [ 75266.740000000223517, 256175.28319999948144 ], [ 75265.440999999642372, 256175.439200000837445 ], [ 75263.483799999579787, 256175.932800000533462 ], [ 75261.526800000108778, 256176.591000000014901 ], [ 75259.57839999999851, 256177.067199999466538 ], [ 75257.621199999935925, 256177.560799999162555 ], [ 75255.66399999987334, 256178.210400000214577 ], [ 75253.715599999763072, 256178.868400000035763 ], [ 75253.576999999582767, 256178.903000000864267 ], [ 75250.294999999925494, 256179.51799999922514 ], [ 75249.472400000318885, 256180.825600000098348 ], [ 75248.996000000275671, 256183.103000000119209 ], [ 75248.658400000073016, 256184.410800000652671 ], [ 75248.502399999648333, 256184.575200000777841 ], [ 75246.874400000087917, 256186.688200000673532 ], [ 75246.380800000391901, 256187.337799999862909 ], [ 75245.731399999931455, 256188.151799999177456 ], [ 75245.073200000450015, 256188.965800000354648 ], [ 75244.752799999900162, 256190.273399999365211 ], [ 75244.908599999733269, 256193.529400000348687 ], [ 75245.073200000450015, 256193.529400000348687 ], [ 75245.558199999853969, 256195.166200000792742 ], [ 75245.887199999764562, 256196.785599999129772 ], [ 75246.536600000225008, 256198.413599999621511 ], [ 75247.367999999783933, 256201.184800000861287 ], [ 75247.359400000423193, 256202.163200000301003 ], [ 75246.701200000010431, 256204.120400000363588 ], [ 75246.40679999999702, 256206.917600000277162 ], [ 75246.692599999718368, 256207.21199999935925 ], [ 75247.359400000423193, 256208.346400000154972 ], [ 75248.17339999973774, 256209.177799999713898 ], [ 75249.307799999602139, 256210.468000000342727 ], [ 75250.130400000140071, 256212.104800000786781 ], [ 75250.78000000026077, 256213.732799999415874 ], [ 75251.585400000214577, 256215.689799999818206 ], [ 75251.749800000339746, 256216.01039999909699 ], [ 75251.923000000417233, 256216.339400000870228 ], [ 75252.416600000113249, 256217.309200000017881 ], [ 75252.416600000113249, 256217.967399999499321 ], [ 75252.728400000371039, 256217.967399999499321 ], [ 75252.728400000371039, 256218.625600000843406 ], [ 75253.066200000233948, 256218.625600000843406 ], [ 75253.066200000233948, 256219.275000000372529 ], [ 75253.871600000187755, 256219.759999999776483 ], [ 75254.044800000265241, 256222.04619999974966 ], [ 75253.715599999763072, 256222.687000000849366 ], [ 75252.416600000113249, 256224.479599999263883 ], [ 75250.94440000038594, 256226.280799999833107 ], [ 75250.606800000183284, 256226.280799999833107 ], [ 75250.606800000183284, 256227.250800000503659 ], [ 75250.94440000038594, 256227.415200000628829 ], [ 75251.923000000417233, 256229.043199999257922 ], [ 75253.066200000233948, 256230.671399999409914 ], [ 75253.377999999560416, 256232.299399999901652 ], [ 75253.715599999763072, 256233.927400000393391 ], [ 75253.871600000187755, 256235.893200000748038 ], [ 75253.871600000187755, 256237.512599999085069 ], [ 75254.200600000098348, 256240.119200000539422 ], [ 75254.044800000265241, 256241.097799999639392 ], [ 75253.715599999763072, 256243.054800000041723 ], [ 75253.550999999977648, 256245.012000000104308 ], [ 75253.550999999977648, 256248.917600000277162 ], [ 75252.893000000156462, 256250.874600000679493 ], [ 75252.416600000113249, 256252.831800000742078 ], [ 75251.749800000339746, 256254.788799999281764 ], [ 75251.273599999956787, 256256.737400000914931 ], [ 75250.78000000026077, 256259.66440000012517 ], [ 75250.606800000183284, 256260.971999999135733 ], [ 75250.450799999758601, 256261.145199999213219 ], [ 75249.307799999602139, 256262.928999999538064 ], [ 75247.844200000166893, 256264.401200000196695 ], [ 75245.246399999596179, 256266.67879999987781 ], [ 75244.596800000406802, 256266.999199999496341 ], [ 75243.765599999576807, 256267.82179999910295 ], [ 75242.786999999545515, 256268.315400000661612 ], [ 75242.302000000141561, 256268.627199999988079 ], [ 75241.981599999591708, 256269.120799999684095 ], [ 75241.167600000277162, 256269.120799999684095 ], [ 75240.838600000366569, 256269.449799999594688 ], [ 75240.353600000031292, 256271.07799999974668 ], [ 75240.353600000031292, 256271.727399999275804 ], [ 75240.838600000366569, 256273.364199999719858 ], [ 75241.332200000062585, 256274.992200000211596 ], [ 75241.825799999758601, 256276.611600000411272 ], [ 75242.302000000141561, 256278.248199999332428 ], [ 75242.786999999545515, 256279.867599999532104 ], [ 75242.960199999623001, 256281.495600000023842 ], [ 75243.609600000083447, 256283.132400000467896 ], [ 75243.929999999701977, 256284.76039999909699 ], [ 75244.596800000406802, 256286.388399999588728 ], [ 75244.908599999733269, 256288.016400000080466 ], [ 75245.558199999853969, 256289.653200000524521 ], [ 75246.051799999549985, 256291.774800000712276 ], [ 75246.051799999549985, 256292.909199999645352 ], [ 75246.536600000225008, 256294.546000000089407 ], [ 75246.874400000087917, 256296.174000000581145 ], [ 75247.186200000345707, 256297.793400000780821 ], [ 75247.679800000041723, 256299.906400000676513 ], [ 75247.83559999987483, 256300.555800000205636 ], [ 75248.17339999973774, 256301.378599999472499 ], [ 75247.83559999987483, 256304.955000000074506 ], [ 75247.367999999783933, 256305.292799999937415 ], [ 75247.030199999921024, 256305.448599999770522 ], [ 75245.558199999853969, 256306.920800000429153 ], [ 75243.124800000339746, 256308.713400000706315 ], [ 75242.631000000052154, 256308.869200000539422 ], [ 75241.652599999681115, 256309.691999999806285 ], [ 75240.838600000366569, 256309.691999999806285 ], [ 75240.682599999941885, 256310.185599999502301 ], [ 75240.024400000460446, 256310.185599999502301 ], [ 75238.405199999921024, 256310.341399999335408 ], [ 75236.482599999755621, 256309.986400000751019 ], [ 75230.247600000351667, 256310.185599999502301 ], [ 75228.619599999859929, 256310.185599999502301 ], [ 75226.991600000299513, 256309.847799999639392 ], [ 75225.354799999855459, 256309.847799999639392 ], [ 75223.726800000295043, 256309.691999999806285 ], [ 75222.098799999803305, 256309.362800000235438 ], [ 75220.479399999603629, 256309.198400000110269 ], [ 75218.842600000090897, 256309.042400000616908 ], [ 75215.595200000330806, 256308.713400000706315 ], [ 75215.413399999961257, 256310.497400000691414 ], [ 75215.257399999536574, 256312.462999999523163 ], [ 75215.595200000330806, 256314.411599999293685 ], [ 75216.071600000374019, 256317.511800000444055 ], [ 75216.071600000374019, 256318.490399999544024 ], [ 75217.223199999891222, 256318.490399999544024 ], [ 75219.171799999661744, 256320.109600000083447 ], [ 75219.500799999572337, 256320.438799999654293 ], [ 75219.82120000012219, 256320.932399999350309 ], [ 75220.799800000153482, 256322.872199999168515 ], [ 75221.778400000184774, 256324.846599999815226 ], [ 75225.363400000147521, 256331.679199999198318 ], [ 75226.004200000315905, 256332.995400000363588 ], [ 75226.342000000178814, 256335.584799999371171 ], [ 75226.004200000315905, 256338.199999999254942 ], [ 75225.363400000147521, 256340.815199999138713 ], [ 75225.042999999597669, 256343.413200000301003 ], [ 75225.042999999597669, 256346.019799999892712 ], [ 75226.497999999672174, 256349.769400000572205 ], [ 75226.83559999987483, 256350.245799999684095 ], [ 75226.991600000299513, 256350.574799999594688 ], [ 75227.48519999999553, 256351.22440000064671 ], [ 75228.126000000163913, 256354.160000000149012 ], [ 75229.762600000016391, 256357.909600000828505 ], [ 75230.247600000351667, 256359.044199999421835 ], [ 75229.918600000441074, 256362.153000000864267 ], [ 75229.433600000105798, 256362.802400000393391 ], [ 75226.83559999987483, 256363.451999999582767 ], [ 75226.497999999672174, 256363.937000000849366 ], [ 75225.363400000147521, 256364.274599999189377 ], [ 75222.756799999624491, 256366.222999999299645 ], [ 75220.479399999603629, 256368.985600000247359 ], [ 75218.184399999678135, 256371.92119999974966 ], [ 75216.400600000284612, 256374.371999999508262 ], [ 75213.958599999547005, 256377.610799999907613 ], [ 75213.473600000143051, 256379.576400000602007 ], [ 75212.824000000022352, 256382.191800000146031 ], [ 75212.824000000022352, 256384.789599999785423 ], [ 75212.650799999944866, 256390.167400000616908 ], [ 75212.001400000415742, 256390.990199999883771 ], [ 75211.68099999986589, 256391.96000000089407 ], [ 75211.02280000038445, 256392.289000000804663 ], [ 75210.364799999631941, 256393.267599999904633 ], [ 75210.54660000000149, 256394.237600000575185 ], [ 75210.54660000000149, 256395.060200000181794 ], [ 75210.702399999834597, 256397.008600000292063 ], [ 75211.68099999986589, 256397.65819999948144 ], [ 75211.68099999986589, 256397.831399999558926 ], [ 75213.958599999547005, 256398.97440000064671 ], [ 75217.708200000226498, 256399.944399999454618 ], [ 75218.366399999707937, 256400.914200000464916 ], [ 75219.327600000426173, 256402.230599999427795 ], [ 75219.500799999572337, 256402.386399999260902 ], [ 75220.643799999728799, 256404.993000000715256 ], [ 75221.449199999682605, 256407.599600000306964 ], [ 75223.08600000012666, 256411.842800000682473 ], [ 75222.921400000341237, 256412.81279999949038 ], [ 75222.756799999624491, 256415.419399999082088 ], [ 75222.098799999803305, 256418.026000000536442 ], [ 75221.449199999682605, 256420.63260000012815 ], [ 75220.799800000153482, 256423.239199999719858 ], [ 75220.470599999651313, 256425.845799999311566 ], [ 75220.470599999651313, 256428.45240000076592 ], [ 75220.314799999818206, 256431.059000000357628 ], [ 75220.314799999818206, 256433.665599999949336 ], [ 75220.799800000153482, 256437.735600000247359 ], [ 75221.613800000399351, 256438.558399999514222 ], [ 75221.726400000043213, 256439.181800000369549 ], [ 75224.220399999991059, 256443.771600000560284 ], [ 75225.363400000147521, 256445.555400000885129 ], [ 75226.991600000299513, 256447.183599999174476 ], [ 75228.775399999693036, 256448.820199999958277 ], [ 75230.57660000026226, 256450.292400000616908 ], [ 75233.183199999853969, 256453.219399999827147 ], [ 75233.668200000189245, 256453.86879999935627 ], [ 75235.789800000376999, 256455.176400000229478 ], [ 75238.716799999587238, 256455.661399999633431 ], [ 75239.210400000214577, 256455.825999999418855 ], [ 75239.703999999910593, 256455.990599999204278 ], [ 75240.509399999864399, 256456.311000000685453 ], [ 75241.167600000277162, 256456.640000000596046 ], [ 75242.786999999545515, 256457.453999999910593 ], [ 75244.103199999779463, 256457.774399999529123 ], [ 75244.103199999779463, 256458.112199999392033 ], [ 75246.224999999627471, 256461.195000000298023 ], [ 75247.030199999921024, 256462.502599999308586 ], [ 75247.186200000345707, 256463.472599999979138 ], [ 75247.52379999961704, 256463.472599999979138 ], [ 75247.367999999783933, 256464.615599999204278 ], [ 75247.52379999961704, 256466.901799999177456 ], [ 75247.186200000345707, 256469.179400000721216 ], [ 75246.536600000225008, 256471.474199999123812 ], [ 75244.596800000406802, 256476.67879999987781 ], [ 75243.280600000172853, 256482.541400000452995 ], [ 75242.960199999623001, 256485.148000000044703 ], [ 75242.475200000219047, 256487.763399999588728 ], [ 75242.137400000356138, 256490.36119999922812 ], [ 75241.981599999591708, 256492.967800000682473 ], [ 75241.981599999591708, 256495.583000000566244 ], [ 75241.652599999681115, 256498.18099999986589 ], [ 75241.7652000002563, 256499.999600000679493 ], [ 75241.825799999758601, 256500.787599999457598 ], [ 75241.981599999591708, 256503.402799999341369 ], [ 75242.302000000141561, 256505.680400000885129 ], [ 75242.137400000356138, 256508.287000000476837 ], [ 75242.786999999545515, 256510.884999999776483 ], [ 75244.259200000204146, 256513.500199999660254 ], [ 75245.246399999596179, 256516.098200000822544 ], [ 75246.051799999549985, 256518.704800000414252 ], [ 75246.536600000225008, 256521.320000000298023 ], [ 75246.874400000087917, 256523.917999999597669 ], [ 75247.186200000345707, 256528.646199999377131 ], [ 75247.52379999961704, 256528.646199999377131 ], [ 75247.52379999961704, 256529.139799999073148 ], [ 75248.996000000275671, 256531.737800000235438 ], [ 75250.294999999925494, 256534.344399999827147 ], [ 75251.100399999879301, 256536.959599999710917 ], [ 75251.923000000417233, 256539.566199999302626 ], [ 75252.416600000113249, 256542.164200000464916 ], [ 75252.572599999606609, 256544.779400000348687 ], [ 75253.222000000067055, 256549.50760000012815 ], [ 75254.044800000265241, 256549.50760000012815 ], [ 75254.044800000265241, 256549.82799999974668 ], [ 75256.322200000286102, 256550.321599999442697 ], [ 75261.370799999684095, 256550.477600000798702 ], [ 75263.00760000012815, 256551.456000000238419 ], [ 75263.163399999961257, 256551.291600000113249 ], [ 75265.440999999642372, 256552.599199999123812 ], [ 75266.740000000223517, 256553.733599999919534 ], [ 75268.705799999646842, 256556.184399999678135 ], [ 75270.645600000396371, 256558.790999999269843 ], [ 75272.923000000417233, 256563.346000000834465 ], [ 75273.910199999809265, 256564.818199999630451 ], [ 75274.239400000311434, 256567.589199999347329 ], [ 75274.395200000144541, 256568.238800000399351 ], [ 75274.888799999840558, 256569.373199999332428 ], [ 75274.888799999840558, 256571.16579999960959 ], [ 75274.559799999929965, 256573.451999999582767 ], [ 75273.754399999976158, 256577.686599999666214 ], [ 75273.416600000113249, 256579.314600000157952 ], [ 75273.105000000447035, 256580.951400000602007 ], [ 75272.923000000417233, 256582.570800000801682 ], [ 75272.611399999819696, 256584.198799999430776 ], [ 75272.455400000326335, 256586.155799999833107 ], [ 75272.611399999819696, 256588.112999999895692 ], [ 75273.260800000280142, 256591.698200000450015 ], [ 75273.105000000447035, 256593.326199999079108 ], [ 75272.767199999652803, 256594.962799999862909 ], [ 75272.282200000248849, 256596.591000000014901 ], [ 75271.961799999698997, 256598.210400000214577 ], [ 75271.961799999698997, 256599.846999999135733 ], [ 75271.632799999788404, 256601.474999999627471 ], [ 75271.632799999788404, 256603.103000000119209 ], [ 75271.46820000000298, 256604.731200000271201 ], [ 75270.827399999834597, 256606.359200000762939 ], [ 75269.996000000275671, 256607.995799999684095 ], [ 75269.346599999815226, 256609.615199999883771 ], [ 75268.705799999646842, 256611.243400000035763 ], [ 75268.367999999783933, 256612.880000000819564 ], [ 75268.056200000457466, 256614.507999999448657 ], [ 75267.389399999752641, 256616.135999999940395 ], [ 75267.06900000013411, 256617.764200000092387 ], [ 75266.740000000223517, 256619.392200000584126 ], [ 75266.583999999798834, 256621.020199999213219 ], [ 75266.419599999673665, 256622.648199999704957 ], [ 75266.419599999673665, 256624.285000000149012 ], [ 75266.740000000223517, 256627.21199999935925 ], [ 75266.419599999673665, 256628.519600000232458 ], [ 75266.575400000438094, 256629.827199999243021 ], [ 75266.913200000301003, 256631.77559999935329 ], [ 75267.389399999752641, 256633.732799999415874 ], [ 75267.874400000087917, 256635.689999999478459 ], [ 75268.367999999783933, 256637.646999999880791 ], [ 75269.346599999815226, 256639.5954 ], [ 75269.996000000275671, 256641.552600000053644 ], [ 75270.827399999834597, 256643.509600000455976 ], [ 75271.46820000000298, 256644.817399999126792 ], [ 75272.273599999956787, 256645.787200000137091 ], [ 75273.416600000113249, 256647.415200000628829 ], [ 75274.559799999929965, 256649.372400000691414 ], [ 75275.694199999794364, 256651.3293999992311 ], [ 75277.815799999982119, 256655.234999999403954 ], [ 75278.803000000305474, 256657.192199999466538 ], [ 75279.60840000025928, 256659.14919999986887 ], [ 75280.43099999986589, 256661.106399999931455 ], [ 75281.080599999986589, 256662.734400000423193 ], [ 75281.730000000447035, 256664.362400000914931 ], [ 75282.552799999713898, 256665.999199999496341 ], [ 75283.358199999667704, 256667.618599999696016 ], [ 75283.69579999987036, 256669.246600000187755 ], [ 75284.180800000205636, 256670.874600000679493 ], [ 75284.656999999657273, 256672.502599999308586 ], [ 75285.150600000284612, 256675.758799999952316 ], [ 75285.635599999688566, 256677.386800000444055 ], [ 75285.973399999551475, 256678.685799999162555 ], [ 75286.622800000011921, 256679.837600000202656 ], [ 75287.601400000043213, 256681.301000000908971 ], [ 75288.250799999572337, 256682.928999999538064 ], [ 75288.40679999999702, 256684.565799999982119 ], [ 75288.571399999782443, 256686.687400000169873 ], [ 75288.900399999693036, 256687.977800000458956 ], [ 75289.238199999555945, 256688.964999999850988 ], [ 75289.705799999646842, 256689.770400000736117 ], [ 75290.199400000274181, 256690.593000000342727 ], [ 75291.178000000305474, 256691.56279999949038 ], [ 75292.476800000295043, 256692.541400000452995 ], [ 75293.611399999819696, 256693.519999999552965 ], [ 75295.247999999672174, 256695.148000000044703 ], [ 75296.226599999703467, 256695.79759999923408 ], [ 75296.564199999906123, 256696.291200000792742 ], [ 75296.876000000163913, 256696.135199999436736 ], [ 75297.863199999555945, 256697.590199999511242 ], [ 75298.512799999676645, 256698.733200000599027 ], [ 75299.153599999845028, 256699.711799999698997 ], [ 75299.647199999541044, 256700.690400000661612 ], [ 75300.29660000000149, 256702.63880000077188 ], [ 75300.790199999697506, 256702.803400000557303 ], [ 75302.262400000356138, 256703.461400000378489 ], [ 75303.890399999916553, 256703.955000000074506 ], [ 75305.189399999566376, 256704.266799999400973 ], [ 75307.310999999754131, 256705.254000000655651 ], [ 75308.116399999707937, 256705.574400000274181 ], [ 75309.744400000199676, 256705.739000000059605 ], [ 75311.381199999712408, 256705.739000000059605 ], [ 75313.009200000204146, 256705.410000000149012 ], [ 75314.637199999764562, 256705.254000000655651 ], [ 75319.850399999879301, 256703.955000000074506 ], [ 75320.023599999956787, 256703.461400000378489 ], [ 75321.478600000031292, 256703.461400000378489 ], [ 75324.093799999915063, 256703.461400000378489 ], [ 75329.29839999973774, 256703.461400000378489 ], [ 75329.29839999973774, 256703.61739999987185 ], [ 75332.242600000463426, 256705.739000000059605 ], [ 75332.554399999789894, 256705.903599999845028 ], [ 75333.541600000113249, 256706.717599999159575 ], [ 75336.148199999704957, 256707.851999999955297 ], [ 75338.746199999935925, 256708.510199999436736 ], [ 75341.361399999819696, 256708.345599999651313 ], [ 75343.976599999703467, 256708.674599999561906 ], [ 75348.19400000013411, 256709.488600000739098 ], [ 75349.181200000457466, 256709.653200000524521 ], [ 75353.736200000159442, 256711.43720000050962 ], [ 75353.892199999652803, 256711.774800000712276 ], [ 75355.364199999719858, 256714.208200000226498 ], [ 75356.845200000330806, 256716.494400000199676 ], [ 75358.473199999891222, 256718.607400000095367 ], [ 75361.062400000169873, 256721.543199999257922 ], [ 75361.400200000032783, 256722.521600000560284 ], [ 75362.205599999986589, 256722.677600000053644 ], [ 75364.82079999987036, 256723.664799999445677 ], [ 75367.435999999754131, 256724.305600000545382 ], [ 75371.341599999926984, 256725.942199999466538 ], [ 75371.99100000038743, 256726.262599999085069 ], [ 75373.454599999822676, 256727.41440000012517 ], [ 75374.424599999561906, 256727.57039999961853 ], [ 75374.762199999764562, 256728.219799999147654 ], [ 75375.247200000099838, 256730.497400000691414 ], [ 75374.918200000189245, 256732.774800000712276 ], [ 75374.762199999764562, 256735.061000000685453 ], [ 75374.424599999561906, 256737.347200000658631 ], [ 75374.424599999561906, 256739.624800000339746 ], [ 75375.411799999885261, 256741.919600000604987 ], [ 75376.22580000013113, 256744.197200000286102 ], [ 75377.195600000210106, 256746.474600000306964 ], [ 75378.182799999602139, 256748.752199999988079 ], [ 75379.646399999968708, 256752.172800000756979 ], [ 75379.966799999587238, 256752.501800000667572 ], [ 75380.122600000351667, 256752.822200000286102 ], [ 75380.78940000012517, 256753.644999999552965 ], [ 75381.603400000371039, 256753.644999999552965 ], [ 75383.075600000098348, 256754.779400000348687 ], [ 75385.015399999916553, 256756.901000000536442 ], [ 75385.838200000114739, 256759.18720000050962 ], [ 75387.301599999889731, 256761.464800000190735 ], [ 75389.258799999952316, 256764.235799999907613 ], [ 75391.397599999792874, 256765.67339999973774 ], [ 75393.450000000186265, 256766.019799999892712 ], [ 75397.087199999950826, 256766.807800000533462 ], [ 75398.074400000274181, 256768.877599999308586 ], [ 75402.872000000439584, 256778.541799999773502 ], [ 75404.118999999947846, 256781.468800000846386 ], [ 75405.634399999864399, 256783.538599999621511 ], [ 75407.842600000090897, 256786.63880000077188 ], [ 75408.925200000405312, 256790.094000000506639 ], [ 75410.432000000029802, 256795.350600000470877 ], [ 75413.558199999853969, 256803.533999999985099 ], [ 75413.99100000038743, 256804.235400000587106 ], [ 75415.402599999681115, 256805.612400000914931 ], [ 75416.840200000442564, 256807.162399999797344 ], [ 75417.550200000405312, 256809.578600000590086 ], [ 75418.165199999697506, 256813.80460000038147 ], [ 75418.970399999991059, 256828.292400000616908 ], [ 75419.057000000029802, 256830.006999999284744 ], [ 75421.014200000092387, 256831.04619999974966 ], [ 75424.928399999625981, 256833.115800000727177 ], [ 75429.370799999684095, 256838.380999999120831 ], [ 75434.43680000025779, 256844.330399999395013 ], [ 75436.134200000204146, 256847.170800000429153 ], [ 75437.640999999828637, 256852.366599999368191 ], [ 75437.80559999961406, 256853.024800000712276 ], [ 75438.126000000163913, 256853.830199999734759 ], [ 75439.104600000195205, 256853.985999999567866 ], [ 75439.442200000397861, 256854.479599999263883 ], [ 75440.256199999712408, 256854.566199999302626 ], [ 75444.153199999593198, 256854.964600000530481 ], [ 75444.646800000220537, 256855.302200000733137 ], [ 75448.716799999587238, 256858.073400000110269 ], [ 75450.838600000366569, 256860.021800000220537 ], [ 75451.487999999895692, 256860.506799999624491 ], [ 75453.11600000038743, 256861.494000000879169 ], [ 75455.081799999810755, 256862.472599999979138 ], [ 75456.865799999795854, 256863.121999999508262 ], [ 75458.658400000073016, 256864.083399999886751 ], [ 75460.286399999633431, 256865.070599999278784 ], [ 75461.593999999575317, 256866.386800000444055 ], [ 75462.901600000448525, 256867.677200000733137 ], [ 75464.044800000265241, 256869.140599999576807 ], [ 75465.17920000012964, 256870.604199999943376 ], [ 75466.807199999690056, 256871.591399999335408 ], [ 75468.599799999967217, 256872.570000000298023 ], [ 75471.370799999684095, 256873.86879999935627 ], [ 75471.526800000108778, 256874.362400000914931 ], [ 75472.184999999590218, 256874.518400000408292 ], [ 75473.475200000219047, 256875.990599999204278 ], [ 75474.791600000113249, 256877.44539999961853 ], [ 75476.090400000102818, 256879.073400000110269 ], [ 75477.233599999919534, 256880.5456000007689 ], [ 75478.212199999950826, 256882.017799999564886 ], [ 75479.346599999815226, 256883.645800000056624 ], [ 75480.160600000061095, 256885.594200000166893 ], [ 75481.139200000092387, 256887.551400000229478 ], [ 75482.117600000463426, 256889.508400000631809 ], [ 75482.775799999944866, 256891.465600000694394 ], [ 75483.745799999684095, 256893.42259999923408 ], [ 75484.395200000144541, 256895.371200000867248 ], [ 75485.053399999625981, 256897.328199999406934 ], [ 75485.702800000086427, 256899.285399999469519 ], [ 75486.360999999567866, 256901.24239999987185 ], [ 75487.010400000028312, 256903.190999999642372 ], [ 75487.660000000149012, 256905.148000000044703 ], [ 75488.474000000394881, 256907.105200000107288 ], [ 75488.794400000013411, 256909.06220000050962 ], [ 75489.287999999709427, 256911.010800000280142 ], [ 75489.60840000025928, 256912.967800000682473 ], [ 75489.60840000025928, 256914.925000000745058 ], [ 75489.937400000169873, 256916.881999999284744 ], [ 75490.101999999955297, 256923.073799999430776 ], [ 75490.431200000457466, 256924.537399999797344 ], [ 75491.409599999897182, 256925.836400000378489 ], [ 75492.379599999636412, 256927.308399999514222 ], [ 75493.366799999959767, 256928.763399999588728 ], [ 75494.336600000038743, 256930.564600000157952 ], [ 75495.150600000284612, 256932.521600000560284 ], [ 75496.129200000315905, 256934.305600000545382 ], [ 75497.601400000043213, 256936.583200000226498 ], [ 75497.75719999987632, 256936.920800000429153 ], [ 75498.250799999572337, 256937.405799999833107 ], [ 75499.558600000105798, 256940.6706000007689 ], [ 75499.878999999724329, 256941.320000000298023 ], [ 75500.372600000351667, 256943.268400000408292 ], [ 75500.372600000351667, 256945.234200000762939 ], [ 75499.714399999938905, 256947.996799999848008 ], [ 75499.385400000028312, 256949.139799999073148 ], [ 75499.385400000028312, 256951.096999999135733 ], [ 75499.385400000028312, 256953.053999999538064 ], [ 75498.744599999859929, 256956.310200000181794 ], [ 75498.415400000289083, 256956.959599999710917 ], [ 75498.744599999859929, 256959.566199999302626 ], [ 75499.385400000028312, 256960.380200000479817 ], [ 75500.692999999970198, 256961.679199999198318 ], [ 75502.000599999912083, 256962.657800000160933 ], [ 75503.299599999561906, 256963.471799999475479 ], [ 75504.927600000053644, 256965.099799999967217 ], [ 75505.42119999974966, 256965.584799999371171 ], [ 75505.914800000376999, 256965.922399999573827 ], [ 75509.82039999961853, 256966.892400000244379 ], [ 75511.933400000445545, 256968.199999999254942 ], [ 75512.747399999760091, 256968.520400000736117 ], [ 75514.054999999701977, 256969.663599999621511 ], [ 75515.198200000450015, 256971.291600000113249 ], [ 75516.332600000314415, 256973.24860000051558 ], [ 75517.146599999628961, 256974.712200000882149 ], [ 75518.125199999660254, 256976.019799999892712 ], [ 75519.423999999649823, 256977.48340000025928 ], [ 75519.753200000151992, 256977.80379999987781 ], [ 75519.917600000277162, 256977.976999999955297 ], [ 75520.073599999770522, 256978.141400000080466 ], [ 75520.411399999633431, 256978.617799999192357 ], [ 75520.731800000183284, 256978.617799999192357 ], [ 75521.874800000339746, 256980.081199999898672 ], [ 75522.844800000078976, 256981.718000000342727 ], [ 75523.832000000402331, 256983.346000000834465 ], [ 75524.966400000266731, 256984.818199999630451 ], [ 75525.936200000345707, 256986.437599999830127 ], [ 75527.737399999983609, 256988.732400000095367 ], [ 75528.222400000318885, 256989.866800000891089 ], [ 75528.707399999722838, 256990.351800000295043 ], [ 75529.53000000026077, 256991.330399999395013 ], [ 75530.18819999974221, 256992.638000000268221 ], [ 75531.972199999727309, 256992.802400000393391 ], [ 75534.743200000375509, 256992.144400000572205 ], [ 75535.877600000239909, 256992.144400000572205 ], [ 75540.121000000275671, 256992.473400000482798 ], [ 75540.121000000275671, 256992.793800000101328 ], [ 75541.748999999836087, 256992.967000000178814 ], [ 75543.706199999898672, 256992.793800000101328 ], [ 75545.654600000008941, 256992.144400000572205 ], [ 75547.611800000071526, 256991.979800000786781 ], [ 75550.703200000338256, 256991.16579999960959 ], [ 75552.166799999773502, 256991.494799999520183 ], [ 75553.474399999715388, 256991.659399999305606 ], [ 75555.111200000159442, 256992.793800000101328 ], [ 75556.574599999934435, 256993.937000000849366 ], [ 75557.708999999798834, 256995.408999999985099 ], [ 75558.85219999961555, 256997.028400000184774 ], [ 75559.830599999986589, 256998.665200000628829 ], [ 75560.895800000056624, 256999.998800000175834 ], [ 75561.129599999636412, 257000.293199999257922 ], [ 75561.294200000353158, 257000.613600000739098 ], [ 75561.467400000430644, 257000.786800000816584 ], [ 75561.943599999882281, 257001.4364 ], [ 75562.27280000038445, 257001.4364 ], [ 75564.065399999730289, 257002.250399999320507 ], [ 75565.858000000007451, 257003.228800000622869 ], [ 75567.485999999567866, 257004.207399999722838 ], [ 75569.114000000059605, 257005.177400000393391 ], [ 75570.750599999912083, 257006.155799999833107 ], [ 75572.378800000064075, 257006.970000000670552 ], [ 75573.998200000263751, 257007.792600000277162 ], [ 75575.634800000116229, 257008.762399999424815 ], [ 75576.769199999980628, 257009.4206000007689 ], [ 75579.046799999661744, 257011.204600000753999 ], [ 75580.683400000445545, 257013.655200000852346 ], [ 75580.683400000445545, 257014.469200000166893 ], [ 75581.012600000016391, 257014.469200000166893 ], [ 75581.506199999712408, 257016.097400000318885 ], [ 75581.506199999712408, 257016.902599999681115 ], [ 75581.661999999545515, 257018.868400000035763 ], [ 75581.817999999970198, 257020.816999999806285 ], [ 75581.982400000095367, 257024.722400000318885 ], [ 75582.155600000172853, 257026.523800000548363 ], [ 75582.96100000012666, 257027.831399999558926 ], [ 75583.939600000157952, 257029.459400000050664 ], [ 75585.247200000099838, 257031.736999999731779 ], [ 75585.576200000010431, 257032.386399999260902 ], [ 75585.896599999628961, 257032.880000000819564 ], [ 75586.217000000178814, 257033.035800000652671 ], [ 75586.3902000002563, 257034.023199999704957 ], [ 75586.866600000299513, 257034.507999999448657 ], [ 75587.204199999570847, 257036.465199999511242 ], [ 75587.697999999858439, 257038.422199999913573 ], [ 75588.503200000151992, 257040.361999999731779 ], [ 75589.326000000350177, 257042.327800000086427 ], [ 75589.637799999676645, 257044.285000000149012 ], [ 75590.131400000303984, 257046.242000000551343 ], [ 75590.94539999961853, 257048.190600000321865 ], [ 75591.603400000371039, 257050.147600000724196 ], [ 75592.252999999560416, 257051.940199999138713 ], [ 75593.881000000052154, 257054.382200000807643 ], [ 75594.036799999885261, 257054.875800000503659 ], [ 75595.517799999564886, 257056.174799999222159 ], [ 75597.145800000056624, 257057.482400000095367 ], [ 75598.7652000002563, 257058.781400000676513 ], [ 75600.393199999816716, 257060.080399999395013 ], [ 75601.856599999591708, 257061.543999999761581 ], [ 75604.134200000204146, 257063.665599999949336 ], [ 75604.965599999763072, 257064.159199999645352 ], [ 75606.420400000177324, 257065.943199999630451 ], [ 75606.749400000087917, 257066.272199999541044 ], [ 75606.905399999581277, 257066.930400000885129 ], [ 75607.078599999658763, 257067.406600000336766 ], [ 75607.078599999658763, 257067.579800000414252 ], [ 75608.04839999973774, 257069.207800000905991 ], [ 75609.520600000396371, 257070.515399999916553 ], [ 75610.984000000171363, 257071.814400000497699 ], [ 75612.447599999606609, 257073.121999999508262 ], [ 75613.755199999548495, 257074.256599999964237 ], [ 75614.898400000296533, 257075.564200000837445 ], [ 75616.846800000406802, 257077.192199999466538 ], [ 75617.340400000102818, 257077.677200000733137 ], [ 75617.669400000013411, 257078.170800000429153 ], [ 75618.48340000025928, 257078.335200000554323 ], [ 75619.297399999573827, 257078.655600000172853 ], [ 75620.916799999773502, 257079.798800000920892 ], [ 75622.88260000012815, 257081.911800000816584 ], [ 75623.211799999698997, 257082.570000000298023 ], [ 75623.688000000081956, 257083.539799999445677 ], [ 75624.510599999688566, 257084.198000000789762 ], [ 75624.510599999688566, 257084.362400000914931 ], [ 75624.995600000023842, 257084.613600000739098 ], [ 75628.736600000411272, 257086.648600000888109 ], [ 75630.702399999834597, 257087.125 ], [ 75632.650799999944866, 257087.618599999696016 ], [ 75634.279000000096858, 257088.432600000873208 ], [ 75635.751199999824166, 257089.246600000187755 ], [ 75637.379200000315905, 257090.389799999073148 ], [ 75637.708200000226498, 257090.5456000007689 ], [ 75638.357800000347197, 257091.359600000083447 ], [ 75639.665400000289083, 257092.831800000742078 ], [ 75640.150200000032783, 257094.451199999079108 ], [ 75641.449199999682605, 257097.066400000825524 ], [ 75646.991600000299513, 257101.630200000479817 ], [ 75649.424999999813735, 257103.258199999108911 ], [ 75650.082999999634922, 257104.228000000119209 ], [ 75650.741200000047684, 257104.565799999982119 ], [ 75650.896999999880791, 257106.193800000473857 ], [ 75651.390599999576807, 257106.843399999663234 ], [ 75651.2347999997437, 257108.306800000369549 ], [ 75650.741200000047684, 257109.614399999380112 ], [ 75650.377399999648333, 257110.584400000050664 ], [ 75647.96999999973923, 257114.663200000301003 ], [ 75647.640999999828637, 257116.940600000321865 ], [ 75647.329199999570847, 257119.2182 ], [ 75646.991600000299513, 257121.504399999976158 ], [ 75647.329199999570847, 257123.7818 ], [ 75647.640999999828637, 257126.059399999678135 ], [ 75648.126000000163913, 257128.345599999651313 ], [ 75648.221199999563396, 257129.575200000777841 ], [ 75648.290400000289083, 257130.623199999332428 ], [ 75648.463600000366569, 257132.909199999645352 ], [ 75648.619599999859929, 257135.19539999961853 ], [ 75649.113199999555945, 257139.750600000843406 ], [ 75650.896999999880791, 257139.750600000843406 ], [ 75652.689600000157952, 257139.91499999910593 ], [ 75653.512400000356138, 257141.213999999687076 ], [ 75653.988599999807775, 257141.213999999687076 ], [ 75654.317800000309944, 257142.677600000053644 ], [ 75654.81140000000596, 257142.85080000013113 ], [ 75654.967199999839067, 257143.491599999368191 ], [ 75655.460799999535084, 257143.664799999445677 ], [ 75655.460799999535084, 257144.158399999141693 ], [ 75657.088800000026822, 257145.604599999263883 ], [ 75657.833599999547005, 257145.976999999955297 ], [ 75659.05460000038147, 257146.59180000051856 ], [ 75661.652599999681115, 257148.063999999314547 ], [ 75662.302000000141561, 257148.063999999314547 ], [ 75662.786999999545515, 257148.540200000628829 ], [ 75664.103199999779463, 257150.176999999210238 ], [ 75664.908599999733269, 257152.13399999961257 ], [ 75665.558199999853969, 257154.411599999293685 ], [ 75666.216199999675155, 257156.53319999948144 ], [ 75666.874400000087917, 257158.654799999669194 ], [ 75667.359400000423193, 257160.932399999350309 ], [ 75668.17339999973774, 257162.56900000013411 ], [ 75669.151999999769032, 257164.0152000002563 ], [ 75670.294999999925494, 257165.652000000700355 ], [ 75671.749800000339746, 257167.279999999329448 ], [ 75673.222000000067055, 257169.063999999314547 ], [ 75675.006000000052154, 257170.544800000265241 ], [ 75676.642599999904633, 257171.83500000089407 ], [ 75678.270600000396371, 257173.307199999690056 ], [ 75679.89879999961704, 257175.264399999752641 ], [ 75680.236399999819696, 257176.572000000625849 ], [ 75681.526800000108778, 257178.035399999469519 ], [ 75682.834400000050664, 257179.3432 ], [ 75684.133399999700487, 257180.642000000923872 ], [ 75685.440999999642372, 257182.114199999719858 ], [ 75687.389399999752641, 257184.22719999961555 ], [ 75687.71860000025481, 257184.712200000882149 ], [ 75689.190600000321865, 257185.041200000792742 ], [ 75690.333800000138581, 257185.041200000792742 ], [ 75690.645600000396371, 257185.361600000411272 ], [ 75692.282200000248849, 257185.690799999982119 ], [ 75693.910199999809265, 257186.998400000855327 ], [ 75695.876000000163913, 257188.132799999788404 ], [ 75697.815799999982119, 257189.275800000876188 ], [ 75699.781600000336766, 257189.934000000357628 ], [ 75703.522599999792874, 257191.38880000077188 ], [ 75703.69579999987036, 257191.882400000467896 ], [ 75704.656999999657273, 257192.04700000025332 ], [ 75704.994800000451505, 257192.531999999657273 ], [ 75705.973399999551475, 257192.531999999657273 ], [ 75706.285199999809265, 257192.860999999567866 ], [ 75709.549800000153482, 257195.632200000807643 ], [ 75709.878999999724329, 257195.632200000807643 ], [ 75712.476800000295043, 257197.095599999651313 ], [ 75713.793200000189245, 257196.76659999974072 ], [ 75715.906200000084937, 257195.78800000064075 ], [ 75716.070600000210106, 257195.476399999111891 ], [ 75716.564399999566376, 257194.982599999755621 ], [ 75716.876000000163913, 257194.818199999630451 ], [ 75717.213800000026822, 257195.138599999248981 ], [ 75718.668600000441074, 257196.281600000336766 ], [ 75719.985000000335276, 257197.753799999132752 ], [ 75721.275200000032783, 257199.208599999547005 ], [ 75722.911999999545515, 257200.525000000372529 ], [ 75724.540000000037253, 257202.153000000864267 ], [ 75726.012199999764562, 257203.114199999719858 ], [ 75727.311200000345707, 257204.586400000378489 ], [ 75728.610000000335276, 257205.88539999909699 ], [ 75729.744599999859929, 257207.357599999755621 ], [ 75731.060800000093877, 257208.994200000539422 ], [ 75732.697399999946356, 257210.622199999168515 ], [ 75734.005199999548495, 257211.609600000083447 ], [ 75734.637199999764562, 257212.077199999243021 ], [ 75736.603000000119209, 257213.055600000545382 ], [ 75738.551599999889731, 257214.198799999430776 ], [ 75740.517199999652803, 257215.34180000051856 ], [ 75742.301199999637902, 257216.32039999961853 ], [ 75744.093799999915063, 257217.792600000277162 ], [ 75745.721800000406802, 257218.935599999502301 ], [ 75747.020800000056624, 257220.390599999576807 ], [ 75748.492999999783933, 257221.862600000575185 ], [ 75750.276800000108778, 257223.334799999371171 ], [ 75752.242600000463426, 257224.1402000002563 ], [ 75754.191200000233948, 257225.127399999648333 ], [ 75756.15679999999702, 257226.097400000318885 ], [ 75757.940799999982119, 257227.248999999836087 ], [ 75758.330400000326335, 257227.508799999952316 ], [ 75760.062400000169873, 257228.695199999958277 ], [ 75761.196800000034273, 257229.51799999922514 ], [ 75761.673200000077486, 257229.838400000706315 ], [ 75762.339999999850988, 257230.487800000235438 ], [ 75762.989400000311434, 257230.487800000235438 ], [ 75763.145399999804795, 257230.981399999931455 ], [ 75763.639000000432134, 257230.981399999931455 ], [ 75765.604799999855459, 257231.630999999120831 ], [ 75767.553199999965727, 257231.804199999198318 ], [ 75771.796400000341237, 257232.297800000756979 ], [ 75771.796400000341237, 257232.609600000083447 ], [ 75773.095399999991059, 257232.774000000208616 ], [ 75773.095399999991059, 257232.9386 ], [ 75774.229799999855459, 257234.731200000271201 ], [ 75775.701999999582767, 257236.203400000929832 ], [ 75777.15679999999702, 257237.65819999948144 ], [ 75778.473199999891222, 257239.286199999973178 ], [ 75779.928000000305474, 257240.758400000631809 ], [ 75781.400200000032783, 257242.213199999183416 ], [ 75783.192800000309944, 257243.5296 ], [ 75784.976599999703467, 257244.828400000929832 ], [ 75786.769199999980628, 257246.127399999648333 ], [ 75788.241399999707937, 257247.106000000610948 ], [ 75789.713600000366569, 257248.578199999406934 ], [ 75793.134200000204146, 257251.669800000265241 ], [ 75792.753200000151992, 257251.94679999910295 ], [ 75796.3902000002563, 257256.917600000277162 ], [ 75798.165599999949336, 257260.996400000527501 ], [ 75799.507799999788404, 257263.152599999681115 ], [ 75801.551599999889731, 257264.711400000378489 ], [ 75804.036799999885261, 257265.854399999603629 ], [ 75806.002600000239909, 257266.166200000792742 ], [ 75807.951200000010431, 257266.504000000655651 ], [ 75809.908200000412762, 257266.815600000321865 ], [ 75811.856599999591708, 257266.815600000321865 ], [ 75813.822399999946356, 257266.815600000321865 ], [ 75816.099999999627471, 257267.153400000184774 ], [ 75816.749400000087917, 257267.482400000095367 ], [ 75817.242999999783933, 257267.976199999451637 ], [ 75818.221599999815226, 257271.059000000357628 ], [ 75818.715200000442564, 257272.04619999974966 ], [ 75819.026999999769032, 257272.687000000849366 ], [ 75819.191599999554455, 257273.985999999567866 ], [ 75820.014200000092387, 257274.159199999645352 ], [ 75823.105800000019372, 257275.129000000655651 ], [ 75824.413399999961257, 257275.778599999845028 ], [ 75825.703599999658763, 257275.951799999922514 ], [ 75826.041400000452995, 257276.601199999451637 ], [ 75826.353199999779463, 257276.757200000807643 ], [ 75826.846800000406802, 257276.930400000885129 ], [ 75827.496199999935925, 257277.579800000414252 ], [ 75828.630599999800324, 257277.900200000032783 ], [ 75828.812599999830127, 257278.229199999943376 ], [ 75829.124400000087917, 257278.566999999806285 ], [ 75830.224000000394881, 257281.00899999961257 ], [ 75830.440600000321865, 257281.494000000879169 ], [ 75830.760999999940395, 257281.494000000879169 ], [ 75831.089999999850988, 257282.792999999597669 ], [ 75831.246000000275671, 257282.792999999597669 ], [ 75834.016999999992549, 257284.083399999886751 ], [ 75834.831199999898672, 257284.421000000089407 ], [ 75835.315999999642372, 257284.576999999582767 ], [ 75835.315999999642372, 257284.750199999660254 ], [ 75836.138799999840558, 257284.750199999660254 ], [ 75836.952800000086427, 257285.226399999111891 ], [ 75838.909799999557436, 257285.070599999278784 ], [ 75841.576999999582767, 257284.58559999987483 ], [ 75842.486399999819696, 257284.421000000089407 ], [ 75843.629399999976158, 257284.421000000089407 ], [ 75845.42200000025332, 257283.433800000697374 ], [ 75847.379200000315905, 257282.948799999430776 ], [ 75849.336199999786913, 257282.143600000068545 ], [ 75851.293399999849498, 257281.650000000372529 ], [ 75853.241799999959767, 257281.805800000205636 ], [ 75855.199000000022352, 257281.805800000205636 ], [ 75857.156000000424683, 257281.805800000205636 ], [ 75859.104600000195205, 257281.805800000205636 ], [ 75861.061599999666214, 257281.805800000205636 ], [ 75864.317800000309944, 257282.299399999901652 ], [ 75864.97580000013113, 257282.299399999901652 ], [ 75866.933000000193715, 257281.805800000205636 ], [ 75868.881400000303984, 257281.16499999910593 ], [ 75870.838600000366569, 257280.662599999457598 ], [ 75872.795599999837577, 257280.177799999713898 ], [ 75875.393600000068545, 257279.216600000858307 ], [ 75875.887199999764562, 257279.034600000828505 ], [ 75876.380800000391901, 257278.878799999132752 ], [ 75877.030199999921024, 257278.540999999269843 ], [ 75878.658400000073016, 257278.722999999299645 ], [ 75880.615399999544024, 257279.216600000858307 ], [ 75882.572599999606609, 257279.528200000524521 ], [ 75884.520999999716878, 257279.857400000095367 ], [ 75884.953999999910593, 257279.926599999889731 ], [ 75886.478199999779463, 257280.177799999713898 ], [ 75888.435200000181794, 257280.350999999791384 ], [ 75890.392400000244379, 257280.506799999624491 ], [ 75892.340800000354648, 257280.506799999624491 ], [ 75894.298000000417233, 257280.506799999624491 ], [ 75898.212199999950826, 257279.86600000038743 ], [ 75898.367999999783933, 257279.528200000524521 ], [ 75898.696999999694526, 257279.216600000858307 ], [ 75900.996199999935925, 257276.410800000652671 ], [ 75901.139200000092387, 257276.107599999755621 ], [ 75901.303600000217557, 257275.795800000429153 ], [ 75901.46820000000298, 257275.458200000226498 ], [ 75901.632799999788404, 257275.129000000655651 ], [ 75901.797199999913573, 257274.808599999174476 ], [ 75902.11780000012368, 257274.661399999633431 ], [ 75902.611399999819696, 257273.024800000712276 ], [ 75902.931800000369549, 257273.024800000712276 ], [ 75903.425400000065565, 257272.531199999153614 ], [ 75904.074799999594688, 257271.552600000053644 ], [ 75904.395200000144541, 257271.552600000053644 ], [ 75906.360999999567866, 257271.059000000357628 ], [ 75909.123399999924004, 257270.409600000828505 ], [ 75910.431200000457466, 257269.91579999960959 ], [ 75910.587000000290573, 257269.586799999698997 ], [ 75913.522599999792874, 257266.815600000321865 ], [ 75914.016200000420213, 257265.854399999603629 ], [ 75914.66579999960959, 257265.854399999603629 ], [ 75914.830199999734759, 257265.360799999907613 ], [ 75915.479799999855459, 257265.205000000074506 ], [ 75915.800200000405312, 257264.538200000301003 ], [ 75916.129200000315905, 257264.538200000301003 ], [ 75919.714399999938905, 257264.061799999326468 ], [ 75920.372600000351667, 257263.239199999719858 ], [ 75920.528400000184774, 257262.910199999809265 ], [ 75921.83600000012666, 257262.096200000494719 ], [ 75921.83600000012666, 257261.385999999940395 ], [ 75923.524799999780953, 257260.095599999651313 ], [ 75925.204800000414252, 257260.182199999690056 ], [ 75926.451799999922514, 257260.719200000166893 ], [ 75927.698800000362098, 257261.931600000709295 ], [ 75928.850399999879301, 257262.702199999243021 ], [ 75930.989400000311434, 257262.96199999935925 ], [ 75933.310200000181794, 257261.940199999138713 ], [ 75935.786999999545515, 257261.005000000819564 ], [ 75937.925999999977648, 257260.303600000217557 ], [ 75939.831199999898672, 257259.350999999791384 ], [ 75941.72759999986738, 257258.86600000038743 ], [ 75945.54660000000149, 257257.688200000673532 ], [ 75946.958200000226498, 257256.259400000795722 ], [ 75948.144600000232458, 257254.830600000917912 ], [ 75949.105800000019372, 257253.410399999469519 ], [ 75951.010999999940395, 257251.028799999505281 ], [ 75951.487200000323355, 257250.543999999761581 ], [ 75951.954800000414252, 257250.08500000089407 ], [ 75952.665000000037253, 257249.599999999627471 ], [ 75953.149799999780953, 257249.357599999755621 ], [ 75953.626199999824166, 257249.132400000467896 ], [ 75955.522599999792874, 257248.890000000596046 ], [ 75959.800599999725819, 257248.890000000596046 ], [ 75960.519399999640882, 257248.404999999329448 ], [ 75961.472000000067055, 257248.162399999797344 ], [ 75961.939600000157952, 257247.703600000590086 ], [ 75963.134600000455976, 257247.703600000590086 ], [ 75964.087199999950826, 257247.703600000590086 ], [ 75965.749800000339746, 257249.357599999755621 ], [ 75966.936200000345707, 257250.543999999761581 ], [ 75969.075199999846518, 257251.981399999931455 ], [ 75969.793999999761581, 257252.223999999463558 ], [ 75970.270200000144541, 257252.683000000193715 ], [ 75971.690399999730289, 257254.120400000363588 ], [ 75972.634399999864399, 257255.549200000241399 ], [ 75972.859600000083447, 257256.094799999147654 ], [ 75973.587000000290573, 257257.92200000025332 ], [ 75974.071999999694526, 257257.92200000025332 ], [ 75974.071999999694526, 257258.86600000038743 ], [ 75975.968399999663234, 257260.303600000217557 ], [ 75979.778800000436604, 257259.827199999243021 ], [ 75981.199000000022352, 257259.827199999243021 ], [ 75983.095399999991059, 257260.061000000685453 ], [ 75985.018000000156462, 257260.061000000685453 ], [ 75988.568400000222027, 257260.546000000089407 ], [ 75989.997200000099838, 257261.490000000223517 ], [ 75991.426199999637902, 257261.732400000095367 ], [ 75992.612599999643862, 257261.732400000095367 ], [ 75995.704199999570847, 257261.005000000819564 ], [ 75996.180399999953806, 257260.303600000217557 ], [ 75996.890399999916553, 257259.584799999371171 ], [ 75998.076799999922514, 257259.593399999663234 ], [ 75998.31940000038594, 257259.10840000025928 ], [ 76000.215800000354648, 257258.164599999785423 ], [ 76002.129599999636412, 257257.445800000801682 ], [ 76004.026200000196695, 257256.9695999994874 ], [ 76005.922600000165403, 257256.9695999994874 ], [ 76007.836400000378489, 257256.501800000667572 ], [ 76009.733000000007451, 257256.501800000667572 ], [ 76011.646800000220537, 257256.726999999955297 ], [ 76017.82120000012219, 257257.92200000025332 ], [ 76020.670199999585748, 257258.164599999785423 ], [ 76023.519399999640882, 257258.86600000038743 ], [ 76026.385800000280142, 257258.86600000038743 ], [ 76030.888799999840558, 257258.640799999237061 ], [ 76034.465400000102818, 257258.640799999237061 ], [ 76034.699199999682605, 257258.86600000038743 ], [ 76036.604399999603629, 257261.247400000691414 ], [ 76039.228199999779463, 257264.096599999815226 ], [ 76040.172199999913573, 257264.096599999815226 ], [ 76040.172199999913573, 257264.581399999558926 ], [ 76043.488800000399351, 257264.581399999558926 ], [ 76044.450000000186265, 257264.096599999815226 ], [ 76045.394000000320375, 257263.628799999132752 ], [ 76047.307799999602139, 257263.628799999132752 ], [ 76050.148199999704957, 257264.096599999815226 ], [ 76053.014600000344217, 257264.096599999815226 ], [ 76055.855000000447035, 257263.871400000527501 ], [ 76058.712799999862909, 257263.628799999132752 ], [ 76061.56180000025779, 257263.386399999260902 ], [ 76064.419599999673665, 257262.927400000393391 ], [ 76067.268600000068545, 257261.957599999383092 ], [ 76070.126400000415742, 257261.490000000223517 ], [ 76075.114400000311434, 257260.061000000685453 ], [ 76075.209599999710917, 257259.6886 ], [ 76075.348199999891222, 257259.10840000025928 ], [ 76076.300800000317395, 257258.86600000038743 ], [ 76079.158599999733269, 257256.259400000795722 ], [ 76080.58739999961108, 257255.306800000369549 ], [ 76080.812599999830127, 257253.878000000491738 ], [ 76081.540000000037253, 257253.878000000491738 ], [ 76081.540000000037253, 257252.925400000065565 ], [ 76082.492600000463426, 257252.683000000193715 ], [ 76082.492600000463426, 257251.981399999931455 ], [ 76083.43640000000596, 257251.739000000059605 ], [ 76086.294200000353158, 257251.496600000187755 ], [ 76089.134600000455976, 257251.27140000090003 ], [ 76092.001000000163913, 257251.27140000090003 ], [ 76094.849999999627471, 257251.028799999505281 ], [ 76097.699199999682605, 257251.496600000187755 ], [ 76103.172199999913573, 257251.496600000187755 ], [ 76103.172199999913573, 257251.028799999505281 ], [ 76103.232800000347197, 257250.361999999731779 ], [ 76106.246399999596179, 257249.409600000828505 ], [ 76108.558600000105798, 257248.370400000363588 ], [ 76110.870799999684095, 257247.859400000423193 ], [ 76112.923000000417233, 257248.647399999201298 ], [ 76114.34320000000298, 257249.599999999627471 ], [ 76115.538399999961257, 257250.543999999761581 ], [ 76116.958599999547005, 257251.739000000059605 ], [ 76117.911199999973178, 257252.440400000661612 ], [ 76117.911199999973178, 257252.683000000193715 ], [ 76120.058799999766052, 257253.878000000491738 ], [ 76120.526399999856949, 257254.120400000363588 ], [ 76122.422799999825656, 257254.587999999523163 ], [ 76124.32799999974668, 257254.587999999523163 ], [ 76126.233199999667704, 257254.587999999523163 ], [ 76126.778800000436604, 257254.657400000840425 ], [ 76128.138399999588728, 257254.830600000917912 ], [ 76130.043399999849498, 257255.073000000789762 ], [ 76131.455000000074506, 257255.78319999948144 ], [ 76134.078999999910593, 257257.21199999935925 ], [ 76135.265399999916553, 257257.92200000025332 ], [ 76137.170400000177324, 257259.350999999791384 ], [ 76137.646800000220537, 257259.827199999243021 ], [ 76139.552000000141561, 257259.827199999243021 ], [ 76141.448400000110269, 257259.827199999243021 ], [ 76142.773400000296533, 257259.827199999243021 ], [ 76143.34499999973923, 257259.827199999243021 ], [ 76145.25, 257260.061000000685453 ], [ 76147.163800000213087, 257260.303600000217557 ], [ 76148.58420000039041, 257260.771199999377131 ], [ 76150.004399999976158, 257261.247400000691414 ], [ 76151.433199999853969, 257261.957599999383092 ], [ 76152.861999999731779, 257262.685000000521541 ], [ 76154.291000000201166, 257263.628799999132752 ], [ 76155.243400000035763, 257263.871400000527501 ], [ 76155.719800000078976, 257264.338999999687076 ], [ 76156.672399999573827, 257264.338999999687076 ], [ 76156.672399999573827, 257265.282999999821186 ], [ 76157.139999999664724, 257264.823999999091029 ], [ 76157.616200000047684, 257265.282999999821186 ], [ 76158.083800000138581, 257265.767799999564886 ], [ 76158.568799999542534, 257266.244200000539422 ], [ 76159.07120000012219, 257265.923800000920892 ], [ 76161.227400000207126, 257267.11879999935627 ], [ 76161.729600000195205, 257267.395800000056624 ], [ 76164.492200000211596, 257267.56900000013411 ], [ 76165.470800000242889, 257267.499800000339746 ], [ 76167.869400000199676, 257267.309200000017881 ], [ 76171.59320000000298, 257267.56900000013411 ], [ 76175.957799999974668, 257268.261800000444055 ], [ 76189.475599999539554, 257269.569599999114871 ], [ 76190.428199999965727, 257269.569599999114871 ], [ 76198.040199999697506, 257270.288200000301003 ], [ 76200.889200000092387, 257270.054400000721216 ], [ 76208.501199999824166, 257270.288200000301003 ], [ 76208.968799999915063, 257270.288200000301003 ], [ 76209.45380000025034, 257270.764599999412894 ], [ 76211.350200000219047, 257270.764599999412894 ], [ 76214.199400000274181, 257270.521999999880791 ], [ 76223.240199999883771, 257270.054400000721216 ], [ 76226.539599999785423, 257269.43099999986589 ], [ 76227.041799999773502, 257269.33559999987483 ], [ 76230.843399999663234, 257269.33559999987483 ], [ 76237.026600000448525, 257268.868000000715256 ], [ 76241.780799999833107, 257269.33559999987483 ], [ 76244.81180000025779, 257269.0152000002563 ], [ 76248.630800000391901, 257269.266400000080466 ], [ 76249.998999999836087, 257269.145199999213219 ], [ 76252.32839999999851, 257268.919999999925494 ], [ 76254.943599999882281, 257268.668800000101328 ], [ 76265.084400000050664, 257267.9068 ], [ 76266.989400000311434, 257267.66440000012517 ], [ 76268.894600000232458, 257267.430600000545382 ], [ 76270.791199999861419, 257266.7204 ], [ 76272.687599999830127, 257266.01039999909699 ], [ 76274.58420000039041, 257265.525399999693036 ], [ 76276.497999999672174, 257264.823999999091029 ], [ 76278.394399999640882, 257264.338999999687076 ], [ 76280.299599999561906, 257263.628799999132752 ], [ 76282.196000000461936, 257262.685000000521541 ], [ 76284.1097999997437, 257261.732400000095367 ], [ 76286.014999999664724, 257260.771199999377131 ], [ 76287.911600000225008, 257260.303600000217557 ], [ 76289.808000000193715, 257260.061000000685453 ], [ 76291.713200000114739, 257259.10840000025928 ], [ 76293.618400000035763, 257258.640799999237061 ], [ 76295.51480000000447, 257258.164599999785423 ], [ 76297.887600000016391, 257257.21199999935925 ], [ 76298.857599999755621, 257256.9695999994874 ], [ 76300.035199999809265, 257256.501800000667572 ], [ 76300.511599999852479, 257256.259400000795722 ], [ 76301.213000000454485, 257256.02559999935329 ], [ 76305.031999999657273, 257255.549200000241399 ], [ 76309.318599999882281, 257253.410399999469519 ], [ 76309.076000000350177, 257253.167799999937415 ], [ 76310.262400000356138, 257251.496600000187755 ], [ 76311.448800000362098, 257249.599999999627471 ], [ 76313.354000000283122, 257247.218599999323487 ], [ 76313.821600000374019, 257246.751000000163913 ], [ 76314.298000000417233, 257245.79839999973774 ], [ 76315.96059999987483, 257245.564600000157952 ], [ 76317.865799999795854, 257245.079600000753999 ], [ 76319.762199999764562, 257244.611999999731779 ], [ 76321.675999999977648, 257244.127000000327826 ], [ 76323.572599999606609, 257243.183199999853969 ], [ 76325.486399999819696, 257242.230599999427795 ], [ 76327.382799999788404, 257241.278000000864267 ], [ 76329.279400000348687, 257240.325400000438094 ], [ 76331.184600000269711, 257239.381400000303984 ], [ 76333.081000000238419, 257238.42879999987781 ], [ 76334.986200000159442, 257237.484999999403954 ], [ 76336.891400000080466, 257237.0 ], [ 76338.787800000049174, 257236.28999999910593 ], [ 76340.684399999678135, 257236.047399999573827 ], [ 76342.589399999938905, 257235.57120000012219 ], [ 76343.550800000317395, 257235.337400000542402 ], [ 76344.503200000151992, 257235.10359999909997 ], [ 76346.399799999780953, 257234.618599999696016 ], [ 76348.304999999701977, 257234.151000000536442 ], [ 76350.201399999670684, 257233.432199999690056 ], [ 76352.098000000230968, 257232.721999999135733 ], [ 76354.011800000444055, 257232.003399999812245 ], [ 76355.66579999960959, 257231.059399999678135 ], [ 76357.32839999999851, 257229.864399999380112 ], [ 76358.765999999828637, 257228.435399999842048 ], [ 76360.186200000345707, 257227.0152000002563 ], [ 76361.606399999931455, 257225.586400000378489 ], [ 76363.043999999761581, 257224.157600000500679 ], [ 76364.230200000107288, 257222.260999999940395 ], [ 76365.416600000113249, 257220.598400000482798 ], [ 76366.611800000071526, 257218.693199999630451 ], [ 76367.503600000403821, 257217.48960000090301 ], [ 76368.031999999657273, 257216.796800000593066 ], [ 76369.226999999955297, 257214.89159999974072 ], [ 76370.413399999961257, 257212.752599999308586 ], [ 76371.842199999839067, 257210.856000000610948 ], [ 76373.028599999845028, 257209.176000000908971 ], [ 76373.981200000271201, 257207.2796 ], [ 76375.176199999637902, 257205.85080000013113 ], [ 76376.830199999734759, 257204.430600000545382 ], [ 76379.454199999570847, 257203.235400000587106 ], [ 76379.688000000081956, 257202.533999999985099 ], [ 76380.632000000216067, 257202.533999999985099 ], [ 76382.536999999545515, 257202.291600000113249 ], [ 76384.433600000105798, 257202.291600000113249 ], [ 76386.338800000026822, 257201.806600000709295 ], [ 76389.187800000421703, 257201.096599999815226 ], [ 76389.915199999697506, 257200.854000000283122 ], [ 76390.149000000208616, 257200.854000000283122 ], [ 76392.05420000012964, 257199.910199999809265 ], [ 76393.950799999758601, 257198.957599999383092 ], [ 76395.855800000019372, 257198.013599999248981 ], [ 76397.102800000458956, 257197.693199999630451 ], [ 76397.752399999648333, 257197.528599999845028 ], [ 76399.657599999569356, 257197.528599999845028 ], [ 76401.562599999830127, 257197.061000000685453 ], [ 76403.45920000039041, 257196.117200000211596 ], [ 76405.355600000359118, 257194.92200000025332 ], [ 76406.43819999974221, 257194.082000000402331 ], [ 76407.494599999859929, 257193.250800000503659 ], [ 76408.213399999774992, 257192.540599999949336 ], [ 76408.689600000157952, 257192.298200000077486 ], [ 76410.594800000078976, 257191.354199999943376 ], [ 76411.304999999701977, 257191.830600000917912 ], [ 76412.11019999999553, 257192.04700000025332 ], [ 76412.97620000038296, 257192.298200000077486 ], [ 76414.872800000011921, 257192.540599999949336 ], [ 76416.769199999980628, 257192.774399999529123 ], [ 76418.674399999901652, 257192.540599999949336 ], [ 76420.579599999822676, 257191.830600000917912 ], [ 76422.475999999791384, 257191.354199999943376 ], [ 76424.381199999712408, 257190.878000000491738 ], [ 76426.277800000272691, 257189.925400000065565 ], [ 76428.182799999602139, 257188.972799999639392 ], [ 76430.088000000454485, 257188.496600000187755 ], [ 76431.984600000083447, 257187.777799999341369 ], [ 76433.898400000296533, 257187.067600000649691 ], [ 76435.794800000265241, 257186.599999999627471 ], [ 76437.700000000186265, 257185.647399999201298 ], [ 76439.605200000107288, 257184.686200000345707 ], [ 76441.501600000075996, 257183.975999999791384 ], [ 76443.398199999704957, 257182.789799999445677 ], [ 76445.303199999965727, 257182.079600000753999 ], [ 76447.208399999886751, 257181.603399999439716 ], [ 76449.113599999807775, 257181.135600000619888 ], [ 76451.009999999776483, 257180.893200000748038 ], [ 76452.906600000336766, 257180.650800000876188 ], [ 76454.803000000305474, 257180.40819999948144 ], [ 76459.089599999599159, 257179.706800000742078 ], [ 76459.574599999934435, 257179.230599999427795 ], [ 76460.518600000068545, 257178.745600000023842 ], [ 76462.423600000329316, 257177.792999999597669 ], [ 76464.32880000025034, 257177.325400000438094 ], [ 76466.234000000171363, 257176.606599999591708 ], [ 76468.130599999800324, 257175.896600000560284 ], [ 76470.026999999769032, 257175.1864 ], [ 76471.932199999690056, 257174.710200000554323 ], [ 76473.828599999658763, 257173.75760000012815 ], [ 76476.695000000298023, 257173.038799999281764 ], [ 76477.405199999921024, 257172.8136 ], [ 76478.349000000394881, 257172.328600000590086 ], [ 76479.067800000309944, 257172.086200000718236 ], [ 76479.544200000353158, 257171.843800000846386 ], [ 76481.674399999901652, 257171.384800000116229 ], [ 76483.354399999603629, 257170.665999999269843 ], [ 76485.952399999834597, 257169.704800000414252 ], [ 76487.632399999536574, 257169.479599999263883 ], [ 76488.099999999627471, 257168.760800000280142 ], [ 76488.576200000010431, 257168.050799999386072 ], [ 76490.472799999639392, 257167.332000000402331 ], [ 76493.815399999730289, 257166.145600000396371 ], [ 76496.17960000038147, 257165.669199999421835 ], [ 76496.17960000038147, 257165.435399999842048 ], [ 76498.093399999663234, 257164.482999999076128 ], [ 76500.700000000186265, 257163.5304000005126 ], [ 76501.652599999681115, 257163.296599999070168 ], [ 76502.838999999687076, 257162.110200000926852 ], [ 76505.220399999991059, 257158.542199999094009 ], [ 76505.93059999961406, 257157.347200000658631 ], [ 76506.657999999821186, 257157.347200000658631 ], [ 76508.554399999789894, 257157.104800000786781 ], [ 76510.208399999886751, 257157.104800000786781 ], [ 76511.879800000227988, 257158.065999999642372 ], [ 76513.776200000196695, 257158.542199999094009 ], [ 76515.681400000117719, 257159.24379999935627 ], [ 76517.57799999974668, 257159.971200000494719 ], [ 76519.240600000135601, 257160.438799999654293 ], [ 76520.911999999545515, 257161.391400000080466 ], [ 76522.817200000397861, 257161.867599999532104 ], [ 76524.722199999727309, 257162.586400000378489 ], [ 76526.618800000287592, 257162.820199999958277 ], [ 76528.524000000208616, 257163.296599999070168 ], [ 76530.420400000177324, 257163.764200000092387 ], [ 76532.316800000146031, 257164.006599999964237 ], [ 76534.230800000019372, 257164.482999999076128 ], [ 76536.127199999988079, 257164.482999999076128 ], [ 76538.023599999956787, 257164.482999999076128 ], [ 76539.92879999987781, 257164.725400000810623 ], [ 76540.223199999891222, 257164.777400000020862 ], [ 76543.739199999719858, 257165.435399999842048 ], [ 76544.449199999682605, 257165.911800000816584 ], [ 76545.644399999640882, 257166.145600000396371 ], [ 76548.4847999997437, 257167.106799999251962 ], [ 76551.108599999919534, 257166.864399999380112 ], [ 76552.528800000436604, 257165.435399999842048 ], [ 76553.481399999931455, 257163.5304000005126 ], [ 76555.144199999980628, 257161.157600000500679 ], [ 76555.862800000235438, 257160.438799999654293 ], [ 76556.105399999767542, 257160.438799999654293 ], [ 76557.534199999645352, 257159.48619999922812 ], [ 76559.482699999585748, 257158.758799999952316 ], [ 76561.327200000174344, 257158.065999999642372 ], [ 76563.197700000368059, 257157.598400000482798 ], [ 76565.128800000064075, 257157.104800000786781 ], [ 76567.033999999985099, 257156.888199999928474 ], [ 76569.173000000417233, 257156.160800000652671 ], [ 76569.337600000202656, 257155.675799999386072 ], [ 76569.40679999999702, 257155.450799999758601 ], [ 76569.891800000332296, 257154.740599999204278 ], [ 76572.966000000014901, 257154.1864 ], [ 76573.927199999801815, 257154.021800000220537 ], [ 76575.355999999679625, 257154.021800000220537 ], [ 76575.355999999679625, 257153.5456000007689 ], [ 76576.066200000233948, 257153.311799999326468 ], [ 76576.066200000233948, 257153.069199999794364 ], [ 76577.971400000154972, 257151.649000000208616 ], [ 76579.400200000032783, 257150.462600000202656 ], [ 76581.062800000421703, 257149.267599999904633 ], [ 76583.201799999922514, 257146.886199999600649 ], [ 76583.678199999965727, 257146.184800000861287 ], [ 76584.145800000056624, 257145.699799999594688 ], [ 76584.630800000391901, 257144.747199999168515 ], [ 76585.115600000135601, 257144.2796 ], [ 76587.254599999636412, 257142.365800000727177 ], [ 76588.198599999770522, 257141.66440000012517 ], [ 76589.393600000068545, 257139.525399999693036 ], [ 76590.571399999782443, 257137.620200000703335 ], [ 76592.234000000171363, 257135.723799999803305 ], [ 76593.428999999538064, 257134.286199999973178 ], [ 76593.896599999628961, 257134.286199999973178 ], [ 76594.372999999672174, 257133.342199999839067 ], [ 76595.091799999587238, 257132.857400000095367 ], [ 76595.57660000026226, 257131.194599999114871 ], [ 76596.278199999593198, 257130.718399999663234 ], [ 76596.278199999593198, 257129.298200000077486 ], [ 76596.035600000061095, 257127.39299999922514 ], [ 76596.278199999593198, 257125.496600000187755 ], [ 76596.763000000268221, 257123.582599999383092 ], [ 76597.473199999891222, 257120.023600000888109 ], [ 76597.932199999690056, 257120.257400000467896 ], [ 76599.612200000323355, 257119.071000000461936 ], [ 76601.041000000201166, 257117.875800000503659 ], [ 76602.461199999786913, 257116.464400000870228 ], [ 76603.889999999664724, 257115.035399999469519 ], [ 76605.552799999713898, 257113.831800000742078 ], [ 76607.215400000102818, 257112.420199999585748 ], [ 76607.934200000017881, 257111.94400000013411 ], [ 76608.176599999889731, 257110.748800000175834 ], [ 76608.635599999688566, 257108.852399999275804 ], [ 76609.120600000023842, 257106.955800000578165 ], [ 76609.588200000114739, 257105.041999999433756 ], [ 76610.315600000321865, 257102.677999999374151 ], [ 76610.558199999853969, 257101.71680000051856 ], [ 76610.774600000120699, 257101.240399999544024 ], [ 76611.969600000418723, 257100.053999999538064 ], [ 76613.398599999956787, 257098.858999999240041 ], [ 76615.30379999987781, 257097.906400000676513 ], [ 76616.966400000266731, 257097.196399999782443 ], [ 76618.862800000235438, 257097.196399999782443 ], [ 76620.291799999773502, 257096.95380000025034 ], [ 76624.344600000418723, 257096.720000000670552 ], [ 76625.998599999584258, 257095.767400000244379 ], [ 76630.042600000277162, 257093.160800000652671 ], [ 76630.752799999900162, 257092.208200000226498 ], [ 76631.705400000326335, 257092.208200000226498 ], [ 76632.181599999777973, 257090.537000000476837 ], [ 76632.666600000113249, 257089.835400000214577 ], [ 76633.134200000204146, 257086.492799999192357 ], [ 76633.610600000247359, 257085.314999999478459 ], [ 76635.030799999833107, 257083.167400000616908 ], [ 76636.459599999710917, 257081.755799999460578 ], [ 76638.347400000318885, 257080.621400000527501 ], [ 76638.841000000014901, 257080.318399999290705 ], [ 76640.269799999892712, 257079.131999999284744 ], [ 76642.876400000415742, 257078.179400000721216 ], [ 76644.547799999825656, 257076.993000000715256 ], [ 76647.162999999709427, 257075.806600000709295 ], [ 76648.817200000397861, 257074.8454 ], [ 76651.440999999642372, 257074.369000000879169 ], [ 76653.103799999691546, 257073.425200000405312 ], [ 76655.72759999986738, 257072.714999999850988 ], [ 76657.035199999809265, 257072.152200000360608 ], [ 76657.381599999964237, 257071.996400000527501 ], [ 76660.005599999800324, 257070.810000000521541 ], [ 76661.659599999897182, 257070.091199999675155 ], [ 76662.387000000104308, 257069.614800000563264 ], [ 76662.603400000371039, 257069.138599999248981 ], [ 76663.088399999774992, 257068.913399999961257 ], [ 76663.564799999818206, 257068.428400000557303 ], [ 76664.041000000201166, 257067.943600000813603 ], [ 76664.439399999566376, 257067.623199999332428 ], [ 76665.469800000078976, 257066.774399999529123 ], [ 76666.656200000084937, 257065.103199999779463 ], [ 76667.608799999579787, 257063.206599999219179 ], [ 76670.224200000055134, 257059.162399999797344 ], [ 76672.362999999895692, 257057.724999999627471 ], [ 76675.212199999950826, 257055.828400000929832 ], [ 76676.398599999956787, 257055.785199999809265 ], [ 76678.875199999660254, 257055.343599999323487 ], [ 76681.810999999754131, 257055.603399999439716 ], [ 76684.29619999974966, 257054.823999999091029 ], [ 76686.166799999773502, 257053.299799999222159 ], [ 76687.864199999719858, 257051.767000000923872 ], [ 76689.985799999907613, 257051.091600000858307 ], [ 76691.172199999913573, 257050.63260000012815 ], [ 76693.111999999731779, 257050.08699999935925 ], [ 76695.389399999752641, 257049.454800000414252 ], [ 76695.389399999752641, 257048.97859999909997 ], [ 76696.333399999886751, 257048.277200000360608 ], [ 76696.792399999685585, 257048.034600000828505 ], [ 76697.199400000274181, 257047.593000000342727 ], [ 76698.446399999782443, 257046.172800000756979 ], [ 76699.849200000055134, 257043.817399999126792 ], [ 76701.494599999859929, 257041.003000000491738 ], [ 76701.728400000371039, 257040.301400000229478 ], [ 76702.196000000461936, 257039.599999999627471 ], [ 76702.152800000272691, 257039.07179999910295 ], [ 76703.928000000305474, 257035.373999999836087 ], [ 76704.378399999812245, 257027.86600000038743 ], [ 76712.293399999849498, 257036.066800000146031 ], [ 76714.16399999987334, 257037.946000000461936 ], [ 76715.731399999931455, 257039.521999999880791 ], [ 76716.042999999597669, 257039.825200000777841 ], [ 76718.38980000000447, 257043.115800000727177 ], [ 76718.632399999536574, 257043.583599999547005 ], [ 76719.801400000229478, 257044.293600000441074 ], [ 76720.277800000272691, 257044.761199999600649 ], [ 76720.494199999608099, 257045.930400000885129 ], [ 76721.68059999961406, 257046.398000000044703 ], [ 76724.018799999728799, 257047.34180000051856 ], [ 76726.374200000427663, 257048.034600000828505 ], [ 76729.656200000084937, 257048.97859999909997 ], [ 76730.582799999974668, 257049.221000000834465 ], [ 76732.002999999560416, 257049.6886 ], [ 76733.414599999785423, 257049.6886 ], [ 76736.93059999961406, 257048.510999999940395 ], [ 76740.455000000074506, 257045.228800000622869 ], [ 76741.858000000007451, 257044.518799999728799 ], [ 76743.745799999684095, 257044.518799999728799 ], [ 76746.075199999846518, 257044.518799999728799 ], [ 76748.430800000205636, 257044.761199999600649 ], [ 76750.786199999973178, 257044.518799999728799 ], [ 76753.124400000087917, 257044.518799999728799 ], [ 76755.471199999563396, 257044.518799999728799 ], [ 76757.817999999970198, 257044.518799999728799 ], [ 76760.17339999973774, 257044.761199999600649 ], [ 76762.511599999852479, 257045.462600000202656 ], [ 76764.85840000025928, 257046.398000000044703 ], [ 76767.213800000026822, 257047.107999999076128 ], [ 76769.543200000189245, 257048.034600000828505 ], [ 76771.89879999961704, 257048.753399999812245 ], [ 76774.254200000315905, 257048.753399999812245 ], [ 76776.583800000138581, 257048.753399999812245 ], [ 76778.939199999906123, 257048.753399999812245 ], [ 76781.294599999673665, 257048.510999999940395 ], [ 76783.641400000080466, 257048.510999999940395 ], [ 76783.788599999621511, 257048.493599999696016 ], [ 76785.979600000195205, 257048.277200000360608 ], [ 76788.326399999670684, 257048.034600000828505 ], [ 76790.681800000369549, 257047.575600000098348 ], [ 76793.019999999552965, 257047.34180000051856 ], [ 76795.366799999959767, 257047.575600000098348 ], [ 76797.722199999727309, 257047.575600000098348 ], [ 76800.060399999842048, 257047.34180000051856 ], [ 76802.407200000248849, 257047.575600000098348 ], [ 76804.762600000016391, 257048.034600000828505 ], [ 76807.10080000013113, 257048.753399999812245 ], [ 76809.447599999606609, 257048.97859999909997 ], [ 76811.803000000305474, 257049.454800000414252 ], [ 76816.496600000187755, 257049.454800000414252 ], [ 76818.375799999572337, 257050.3902000002563 ], [ 76819.536199999973178, 257050.866399999707937 ], [ 76819.536199999973178, 257052.96199999935925 ], [ 76818.834800000302494, 257053.438400000333786 ], [ 76818.375799999572337, 257054.157199999317527 ], [ 76817.899600000120699, 257054.849999999627471 ], [ 76817.432000000029802, 257055.083799999207258 ], [ 76817.432000000029802, 257056.261399999260902 ], [ 76816.496600000187755, 257056.729000000283122 ], [ 76816.955599999986589, 257058.608200000599027 ], [ 76817.432000000029802, 257059.309800000861287 ], [ 76817.899600000120699, 257060.011199999600649 ], [ 76819.778800000436604, 257062.357999999076128 ], [ 76822.125599999912083, 257064.003399999812245 ], [ 76824.472400000318885, 257065.406199999153614 ], [ 76826.819199999794364, 257066.575200000777841 ], [ 76830.343799999915063, 257068.697000000625849 ], [ 76833.158200000412762, 257068.4543999992311 ], [ 76833.868200000375509, 257067.761600000783801 ], [ 76836.916400000452995, 257068.930800000205636 ], [ 76837.851800000295043, 257069.173200000077486 ], [ 76838.076999999582767, 257069.406999999657273 ], [ 76838.795599999837577, 257069.86600000038743 ], [ 76839.488400000147521, 257070.342199999839067 ], [ 76841.367600000463426, 257070.567399999126792 ], [ 76841.843999999575317, 257071.745200000703335 ], [ 76842.779199999757111, 257072.221400000154972 ], [ 76842.831199999898672, 257072.472599999979138 ], [ 76843.013000000268221, 257073.390599999576807 ], [ 76843.246799999848008, 257075.737400000914931 ], [ 76843.246799999848008, 257079.261800000444055 ], [ 76842.536600000225008, 257079.729399999603629 ], [ 76842.779199999757111, 257083.011600000783801 ], [ 76843.246799999848008, 257083.011600000783801 ], [ 76843.723000000230968, 257083.479199999943376 ], [ 76843.957000000402331, 257083.712999999523163 ], [ 76844.41579999960959, 257083.94679999910295 ], [ 76844.658400000073016, 257084.423200000077486 ], [ 76845.584999999962747, 257084.665599999949336 ], [ 76848.650600000284612, 257085.124600000679493 ], [ 76849.34320000000298, 257085.35840000025928 ], [ 76850.053399999625981, 257085.592199999839067 ], [ 76850.754800000227988, 257086.059800000861287 ], [ 76852.63399999961257, 257086.059800000861287 ], [ 76854.980800000019372, 257086.059800000861287 ], [ 76857.336199999786913, 257085.35840000025928 ], [ 76859.674399999901652, 257085.124600000679493 ], [ 76862.956399999558926, 257084.665599999949336 ], [ 76864.134200000204146, 257084.423200000077486 ], [ 76864.446000000461936, 257084.267200000584126 ], [ 76864.59320000000298, 257084.189200000837445 ], [ 76864.59320000000298, 257083.94679999910295 ], [ 76866.004800000227988, 257083.94679999910295 ], [ 76866.714800000190735, 257083.479199999943376 ], [ 76869.061599999666214, 257083.479199999943376 ], [ 76871.408400000073016, 257083.94679999910295 ], [ 76873.764000000432134, 257084.189200000837445 ], [ 76875.002199999988079, 257084.431800000369549 ], [ 76876.093399999663234, 257084.665599999949336 ], [ 76878.448800000362098, 257084.665599999949336 ], [ 76880.804399999789894, 257084.665599999949336 ], [ 76883.142400000244379, 257084.890799999237061 ], [ 76885.489199999719858, 257085.124600000679493 ], [ 76887.844800000078976, 257084.890799999237061 ], [ 76891.126799999736249, 257083.479199999943376 ], [ 76892.529600000008941, 257083.712999999523163 ], [ 76894.876400000415742, 257084.189200000837445 ], [ 76897.231999999843538, 257084.665599999949336 ], [ 76902.618400000035763, 257084.665599999949336 ], [ 76904.27240000013262, 257084.423200000077486 ], [ 76904.740000000223517, 257085.124600000679493 ], [ 76905.675200000405312, 257085.35840000025928 ], [ 76906.151600000448525, 257085.825999999418855 ], [ 76906.601800000295043, 257086.059800000861287 ], [ 76907.545800000429153, 257086.536000000312924 ], [ 76908.732200000435114, 257086.761199999600649 ], [ 76909.892599999904633, 257087.471400000154972 ], [ 76911.312800000421703, 257087.713800000026822 ], [ 76913.659599999897182, 257087.713800000026822 ], [ 76915.997800000011921, 257087.471400000154972 ], [ 76918.353199999779463, 257086.761199999600649 ], [ 76922.094200000166893, 257085.124600000679493 ], [ 76923.748200000263751, 257084.665599999949336 ], [ 76923.748200000263751, 257083.94679999910295 ], [ 76924.215800000354648, 257083.94679999910295 ], [ 76926.32880000025034, 257081.608599999919534 ], [ 76931.957799999974668, 257077.148800000548363 ], [ 76932.191599999554455, 257076.67259999923408 ], [ 76933.837000000290573, 257076.447399999946356 ], [ 76936.660000000149012, 257076.447399999946356 ], [ 76939.465800000354648, 257076.906400000676513 ], [ 76942.288800000213087, 257077.625199999660254 ], [ 76945.103199999779463, 257078.32660000026226 ], [ 76947.917799999937415, 257078.785599999129772 ], [ 76950.732200000435114, 257079.261800000444055 ], [ 76953.555200000293553, 257079.729399999603629 ], [ 76956.369599999859929, 257080.197200000286102 ], [ 76959.184200000017881, 257080.197200000286102 ], [ 76964.821600000374019, 257080.898600000888109 ], [ 76967.627399999648333, 257081.608599999919534 ], [ 76972.797399999573827, 257082.310200000181794 ], [ 76973.741200000047684, 257083.011600000783801 ], [ 76975.854199999943376, 257083.011600000783801 ], [ 76976.079400000162423, 257083.479199999943376 ], [ 76981.474399999715388, 257083.94679999910295 ], [ 76981.950799999758601, 257085.35840000025928 ], [ 76982.193199999630451, 257086.536000000312924 ], [ 76982.660799999721348, 257091.229800000786781 ], [ 76983.58739999961108, 257091.229800000786781 ], [ 76986.410600000061095, 257092.641200000420213 ], [ 76991.095399999991059, 257094.035399999469519 ], [ 76992.03940000012517, 257094.278000000864267 ], [ 76992.974600000306964, 257094.987999999895692 ], [ 76993.399000000208616, 257094.987999999895692 ], [ 76993.918600000441074, 257094.987999999895692 ], [ 76993.918600000441074, 257095.447000000625849 ], [ 76996.741600000299513, 257095.689400000497699 ], [ 76997.685600000433624, 257095.447000000625849 ], [ 77002.127999999560416, 257094.035399999469519 ], [ 77003.314399999566376, 257093.637199999764562 ], [ 77010.346199999563396, 257091.922399999573827 ], [ 77012.225399999879301, 257091.697399999946356 ], [ 77014.104600000195205, 257091.229800000786781 ], [ 77015.983799999579787, 257090.762000000104308 ], [ 77017.862800000235438, 257090.519600000232458 ], [ 77019.74199999962002, 257090.043400000780821 ], [ 77021.604000000283122, 257089.818199999630451 ], [ 77023.483000000007451, 257089.350600000470877 ], [ 77027.25, 257089.116800000891089 ], [ 77028.419200000353158, 257089.350600000470877 ], [ 77030.765999999828637, 257090.762000000104308 ], [ 77033.355200000107288, 257091.229800000786781 ], [ 77033.580400000326335, 257091.783999999985099 ], [ 77035.901200000196695, 257092.3902000002563 ], [ 77039.625, 257092.225600000470877 ], [ 77041.954400000162423, 257092.225600000470877 ], [ 77047.635200000368059, 257094.632999999448657 ], [ 77055.732200000435114, 257097.049000000581145 ], [ 77065.240600000135601, 257102.219000000506639 ], [ 77073.251000000163913, 257104.132799999788404 ], [ 77077.46820000000298, 257105.778200000524521 ], [ 77078.412200000137091, 257106.012000000104308 ], [ 77079.105000000447035, 257106.479599999263883 ], [ 77081.694199999794364, 257106.721999999135733 ], [ 77082.161799999885261, 257107.189799999818206 ], [ 77082.629399999976158, 257107.18099999986589 ], [ 77083.573400000110269, 257107.414799999445677 ], [ 77083.573400000110269, 257107.891200000420213 ], [ 77084.97620000038296, 257108.133600000292063 ], [ 77088.266999999992549, 257110.246600000187755 ], [ 77089.435999999754131, 257111.181800000369549 ], [ 77089.912399999797344, 257111.649599999189377 ], [ 77091.315200000070035, 257112.342199999839067 ], [ 77092.492999999783933, 257114.697799999266863 ], [ 77092.259200000204146, 257115.632999999448657 ], [ 77094.129599999636412, 257117.979800000786781 ], [ 77096.043600000441074, 257122.630200000479817 ], [ 77096.242600000463426, 257123.149800000712276 ], [ 77096.952800000086427, 257123.383600000292063 ], [ 77097.420400000177324, 257123.851199999451637 ], [ 77098.355600000359118, 257124.786399999633431 ], [ 77099.767199999652803, 257125.262599999085069 ], [ 77100.46860000025481, 257126.198000000789762 ], [ 77100.945000000298023, 257126.674200000241399 ], [ 77106.106200000271201, 257129.480000000447035 ], [ 77108.44440000038594, 257130.666400000452995 ], [ 77109.388199999928474, 257130.424000000581145 ], [ 77109.613400000147521, 257131.125399999320507 ], [ 77109.855800000019372, 257131.593000000342727 ], [ 77110.557400000281632, 257131.835400000214577 ], [ 77112.904199999757111, 257132.770800000056624 ], [ 77115.493400000035763, 257134.173599999397993 ], [ 77119.251799999736249, 257135.827600000426173 ], [ 77119.701999999582767, 257136.286599999293685 ], [ 77120.888399999588728, 257136.763000000268221 ], [ 77122.776200000196695, 257137.464400000870228 ], [ 77123.001400000415742, 257137.464400000870228 ], [ 77123.23519999999553, 257137.230599999427795 ], [ 77123.901999999769032, 257137.317199999466538 ], [ 77124.880599999800324, 257137.464400000870228 ], [ 77127.695000000298023, 257137.698200000450015 ], [ 77130.509399999864399, 257137.464400000870228 ], [ 77133.324000000022352, 257137.230599999427795 ], [ 77136.146999999880791, 257137.464400000870228 ], [ 77138.961400000378489, 257138.16579999960959 ], [ 77141.775799999944866, 257138.399599999189377 ], [ 77146.469399999827147, 257139.092399999499321 ], [ 77148.816200000233948, 257139.568600000813603 ], [ 77149.050200000405312, 257141.915400000289083 ], [ 77149.993999999947846, 257144.972400000318885 ], [ 77150.227800000458956, 257145.206199999898672 ], [ 77150.68680000025779, 257145.916400000452995 ], [ 77152.574599999934435, 257145.439999999478459 ], [ 77155.389000000432134, 257144.972400000318885 ], [ 77158.203599999658763, 257144.037200000137091 ], [ 77163.607200000435114, 257143.560799999162555 ], [ 77165.94539999961853, 257145.214800000190735 ], [ 77168.534599999897182, 257147.076799999922514 ], [ 77171.349000000394881, 257148.730799999088049 ], [ 77174.154799999669194, 257150.376000000163913 ], [ 77176.986600000411272, 257152.255200000479817 ], [ 77179.800999999977648, 257153.415599999949336 ], [ 77182.606800000183284, 257154.593399999663234 ], [ 77185.43859999999404, 257155.528599999845028 ], [ 77188.252999999560416, 257156.940199999138713 ], [ 77191.058799999766052, 257158.351800000295043 ], [ 77196.21999999973923, 257160.231000000610948 ], [ 77196.21999999973923, 257160.932399999350309 ], [ 77196.45380000025034, 257160.932399999350309 ], [ 77198.575400000438094, 257163.036800000816584 ], [ 77201.14740000013262, 257165.392200000584126 ], [ 77201.615000000223517, 257165.8597999997437 ], [ 77202.091400000266731, 257166.794999999925494 ], [ 77203.269000000320375, 257167.028799999505281 ], [ 77206.074799999594688, 257167.739000000059605 ], [ 77208.906600000336766, 257168.440400000661612 ], [ 77211.71239999961108, 257169.384400000795722 ], [ 77215.704599999822676, 257170.553400000557303 ], [ 77216.63980000000447, 257170.787200000137091 ], [ 77217.349799999967217, 257171.020999999716878 ], [ 77220.155600000172853, 257171.263599999248981 ], [ 77222.978799999691546, 257171.263599999248981 ], [ 77228.607599999755621, 257170.319599999114871 ], [ 77232.36600000038743, 257168.206599999219179 ], [ 77232.36600000038743, 257167.739000000059605 ], [ 77233.535000000149012, 257167.739000000059605 ], [ 77233.535000000149012, 257168.206599999219179 ], [ 77236.825799999758601, 257171.488600000739098 ], [ 77238.228600000031292, 257171.956399999558926 ], [ 77238.938799999654293, 257172.432600000873208 ], [ 77240.58420000039041, 257172.675000000745058 ], [ 77241.519399999640882, 257173.13399999961257 ], [ 77244.099999999627471, 257173.601600000634789 ], [ 77246.91440000012517, 257173.601600000634789 ], [ 77249.417200000025332, 257173.601600000634789 ], [ 77249.737599999643862, 257173.601600000634789 ], [ 77252.552000000141561, 257174.069199999794364 ], [ 77255.366399999707937, 257174.311799999326468 ], [ 77258.180800000205636, 257174.311799999326468 ], [ 77261.003999999724329, 257174.069199999794364 ], [ 77263.818400000222027, 257172.900200000032783 ], [ 77266.632799999788404, 257172.198799999430776 ], [ 77269.447200000286102, 257171.020999999716878 ], [ 77272.971800000406802, 257169.843399999663234 ], [ 77274.140800000168383, 257169.15059999935329 ], [ 77274.850999999791384, 257168.683000000193715 ], [ 77275.084800000302494, 257168.440400000661612 ], [ 77275.309799999929965, 257168.206599999219179 ], [ 77275.786199999973178, 257167.964199999347329 ], [ 77276.496199999935925, 257167.505200000479817 ], [ 77277.189000000245869, 257166.32740000076592 ], [ 77279.778400000184774, 257165.392200000584126 ], [ 77282.58420000039041, 257164.682000000029802 ], [ 77286.35120000038296, 257163.746799999848008 ], [ 77287.286399999633431, 257163.279200000688434 ], [ 77288.221599999815226, 257163.036800000816584 ], [ 77288.923000000417233, 257162.577800000086427 ], [ 77290.343399999663234, 257162.577800000086427 ], [ 77290.568400000222027, 257161.642400000244379 ], [ 77291.278599999845028, 257161.633799999952316 ], [ 77291.746199999935925, 257160.464800000190735 ], [ 77292.681400000117719, 257159.754599999636412 ], [ 77293.149000000208616, 257159.2956000007689 ], [ 77293.86780000012368, 257158.576999999582767 ], [ 77295.729600000195205, 257157.182600000873208 ], [ 77297.340400000102818, 257156.308000000193715 ], [ 77298.795199999585748, 257155.528599999845028 ], [ 77299.721800000406802, 257155.061000000685453 ], [ 77300.657200000248849, 257154.593399999663234 ], [ 77302.068599999882281, 257153.892000000923872 ], [ 77302.571000000461936, 257153.770800000056624 ], [ 77303.012600000016391, 257153.65819999948144 ], [ 77303.956399999558926, 257153.415599999949336 ], [ 77304.077800000086427, 257153.034600000828505 ], [ 77304.173000000417233, 257152.722999999299645 ], [ 77304.72719999961555, 257152.722999999299645 ], [ 77305.59320000000298, 257152.722999999299645 ], [ 77305.740399999544024, 257152.229199999943376 ], [ 77306.303399999625981, 257150.376000000163913 ], [ 77307.004800000227988, 257148.964600000530481 ], [ 77307.229799999855459, 257148.020600000396371 ], [ 77307.229799999855459, 257147.786800000816584 ], [ 77309.351599999703467, 257146.608999999240041 ], [ 77313.568799999542534, 257145.206199999898672 ], [ 77314.045199999585748, 257144.972400000318885 ], [ 77317.335799999535084, 257143.0932 ], [ 77319.907800000160933, 257140.980200000107288 ], [ 77322.254599999636412, 257138.642000000923872 ], [ 77324.133799999952316, 257136.763000000268221 ], [ 77326.705799999646842, 257132.995799999684095 ], [ 77327.424599999561906, 257132.060599999502301 ], [ 77327.424599999561906, 257131.359200000762939 ], [ 77330.230399999767542, 257129.003799999132752 ], [ 77333.044800000265241, 257126.674200000241399 ], [ 77335.876400000415742, 257124.318800000473857 ], [ 77337.980800000019372, 257122.907199999317527 ], [ 77341.029000000096858, 257120.794199999421835 ], [ 77341.176199999637902, 257120.681600000709295 ], [ 77343.609600000083447, 257118.689999999478459 ], [ 77345.488800000399351, 257117.278400000184774 ], [ 77347.844399999827147, 257115.632999999448657 ], [ 77351.36019999999553, 257113.987600000575185 ], [ 77353.464599999599159, 257112.818600000813603 ], [ 77355.820000000298023, 257112.350999999791384 ], [ 77358.166799999773502, 257111.649599999189377 ], [ 77360.504999999888241, 257110.939400000497699 ], [ 77362.860399999655783, 257109.995400000363588 ], [ 77366.142400000244379, 257108.592599999159575 ], [ 77367.077800000086427, 257108.133600000292063 ], [ 77367.779199999757111, 257107.657400000840425 ], [ 77368.021599999628961, 257107.414799999445677 ], [ 77370.126000000163913, 257105.310599999502301 ], [ 77371.54619999974966, 257102.963800000026822 ], [ 77372.706600000150502, 257100.617000000551343 ], [ 77374.360600000247359, 257098.270199999213219 ], [ 77376.932599999941885, 257094.987999999895692 ], [ 77377.642599999904633, 257094.511800000444055 ], [ 77378.352800000458956, 257093.567800000309944 ], [ 77380.690999999642372, 257092.875 ], [ 77383.037800000049174, 257092.16499999910593 ], [ 77385.384600000455976, 257091.697399999946356 ], [ 77387.731399999931455, 257090.987199999392033 ], [ 77390.086799999698997, 257090.519600000232458 ], [ 77392.424999999813735, 257089.584400000050664 ], [ 77394.771800000220537, 257089.350600000470877 ], [ 77397.118599999696016, 257088.649000000208616 ], [ 77399.474000000394881, 257087.938999999314547 ], [ 77401.82079999987036, 257087.237600000575185 ], [ 77404.158999999985099, 257086.761199999600649 ], [ 77406.505800000391901, 257086.302200000733137 ], [ 77408.861200000159442, 257085.35840000025928 ], [ 77411.199400000274181, 257084.890799999237061 ], [ 77414.013799999840558, 257083.470599999651313 ], [ 77414.957799999974668, 257083.254000000655651 ], [ 77415.901600000448525, 257082.310200000181794 ], [ 77418.239799999631941, 257082.067600000649691 ], [ 77423.167200000025332, 257082.535199999809265 ], [ 77423.167200000025332, 257081.833799999207258 ], [ 77423.885999999940395, 257081.61739999987185 ], [ 77426.934200000017881, 257079.954600000753999 ], [ 77429.047199999913573, 257078.543199999257922 ], [ 77431.385400000028312, 257077.148800000548363 ], [ 77433.732200000435114, 257075.971200000494719 ], [ 77436.078999999910593, 257075.494799999520183 ], [ 77438.425800000317395, 257074.559599999338388 ], [ 77440.772599999792874, 257073.624399999156594 ], [ 77444.063400000333786, 257071.979000000283122 ], [ 77445.942400000058115, 257070.342199999839067 ], [ 77448.280600000172853, 257068.697000000625849 ], [ 77451.103799999691546, 257066.575200000777841 ], [ 77453.675599999725819, 257064.245799999684095 ], [ 77456.498800000175834, 257061.890399999916553 ], [ 77459.321800000034273, 257059.543600000441074 ], [ 77462.127600000239909, 257057.19679999910295 ], [ 77464.483000000007451, 257054.624800000339746 ], [ 77466.830000000074506, 257052.269200000911951 ], [ 77469.167999999597669, 257050.3902000002563 ], [ 77471.748599999584258, 257047.818199999630451 ], [ 77472.216199999675155, 257047.34180000051856 ], [ 77473.394000000320375, 257046.398000000044703 ], [ 77473.627799999900162, 257045.930400000885129 ], [ 77474.338000000454485, 257045.462600000202656 ], [ 77474.80559999961406, 257045.228800000622869 ], [ 77474.80559999961406, 257044.518799999728799 ], [ 77475.98340000025928, 257044.051200000569224 ], [ 77475.98340000025928, 257043.349799999967217 ], [ 77476.451000000350177, 257043.349799999967217 ], [ 77478.78899999987334, 257042.180600000545382 ], [ 77481.144600000232458, 257041.236800000071526 ], [ 77483.482599999755621, 257040.768999999389052 ], [ 77487.951200000010431, 257039.825200000777841 ], [ 77489.120199999772012, 257040.526599999517202 ], [ 77490.53179999999702, 257040.535199999809265 ], [ 77493.354799999855459, 257040.768999999389052 ], [ 77496.160600000061095, 257040.059000000357628 ], [ 77498.974999999627471, 257039.366200000047684 ], [ 77499.997000000439584, 257039.132400000467896 ], [ 77503.201000000350177, 257038.422199999913573 ], [ 77504.855000000447035, 257038.188400000333786 ], [ 77506.015399999916553, 257038.188400000333786 ], [ 77506.249200000427663, 257037.486999999731779 ], [ 77507.184600000269711, 257037.486999999731779 ], [ 77507.184600000269711, 257037.010800000280142 ], [ 77508.371000000275671, 257035.616599999368191 ], [ 77508.604799999855459, 257034.664000000804663 ], [ 77508.838600000366569, 257033.962400000542402 ], [ 77509.540000000037253, 257031.148000000044703 ], [ 77510.475200000219047, 257028.333599999547005 ], [ 77511.895399999804795, 257025.510600000619888 ], [ 77513.289599999785423, 257022.696000000461936 ], [ 77515.177600000053644, 257018.946399999782443 ], [ 77515.636599999852479, 257017.768600000068545 ], [ 77516.346599999815226, 257016.833399999886751 ], [ 77518.693400000222027, 257014.478000000119209 ], [ 77521.507799999788404, 257013.083799999207258 ], [ 77525.266200000420213, 257010.953400000929832 ], [ 77526.201399999670684, 257010.953400000929832 ], [ 77527.145399999804795, 257010.260600000619888 ], [ 77529.959800000302494, 257010.260600000619888 ], [ 77534.177199999801815, 257009.792999999597669 ], [ 77535.363599999807775, 257009.316800000146031 ], [ 77536.056200000457466, 257008.857799999415874 ], [ 77537.476599999703467, 257008.848999999463558 ], [ 77537.935399999842048, 257008.147600000724196 ], [ 77538.411799999885261, 257007.905200000852346 ], [ 77540.524799999780953, 257006.268400000408292 ], [ 77541.459999999962747, 257005.333200000226498 ], [ 77542.862800000235438, 257003.91300000064075 ], [ 77543.330599999986589, 257003.696599999442697 ], [ 77544.508200000040233, 257002.744000000879169 ], [ 77544.508200000040233, 257002.276399999856949 ], [ 77546.387400000356138, 257002.276399999856949 ], [ 77549.201799999922514, 257002.042400000616908 ], [ 77552.016200000420213, 257001.808599999174476 ], [ 77554.839399999938905, 257000.864800000563264 ], [ 77557.446000000461936, 256999.998800000175834 ], [ 77557.653800000436604, 256999.929400000721216 ], [ 77563.51659999974072, 256998.76039999909699 ], [ 77563.75040000025183, 256997.816600000485778 ], [ 77565.404400000348687, 256997.348799999803305 ], [ 77565.629399999976158, 256996.404999999329448 ], [ 77566.798600000329316, 256991.95380000025034 ], [ 77567.508600000292063, 256991.009999999776483 ], [ 77570.323200000450015, 256990.317199999466538 ], [ 77573.137600000016391, 256989.840800000354648 ], [ 77575.96059999987483, 256989.139399999752641 ], [ 77578.775000000372529, 256988.663200000301003 ], [ 77581.589399999938905, 256987.727800000458956 ], [ 77584.41260000038892, 256986.792600000277162 ], [ 77589.097599999979138, 256985.155799999833107 ], [ 77590.032800000160933, 256984.913399999961257 ], [ 77593.089599999599159, 256983.276799999177456 ], [ 77594.354000000283122, 256982.696599999442697 ], [ 77595.670400000177324, 256982.098999999463558 ], [ 77598.71860000025481, 256980.211200000718236 ], [ 77601.307799999602139, 256978.574400000274181 ], [ 77604.355999999679625, 256977.162799999117851 ], [ 77606.93680000025779, 256975.759999999776483 ], [ 77609.751199999824166, 256974.348400000482798 ], [ 77612.799399999901652, 256972.469200000166893 ], [ 77615.39740000013262, 256970.832599999383092 ], [ 77618.203200000338256, 256969.421000000089407 ], [ 77622.662800000049174, 256965.42879999987781 ], [ 77623.606800000183284, 256964.735999999567866 ], [ 77623.823400000110269, 256964.017400000244379 ], [ 77624.767199999652803, 256964.017400000244379 ], [ 77625.243599999696016, 256963.090800000354648 ], [ 77625.945000000298023, 256962.380599999800324 ], [ 77626.17879999987781, 256961.904400000348687 ], [ 77626.888799999840558, 256961.679199999198318 ], [ 77627.114000000059605, 256957.687000000849366 ], [ 77628.058000000193715, 256957.453199999406934 ], [ 77628.534199999645352, 256956.743200000375509 ], [ 77628.993200000375509, 256956.284199999645352 ], [ 77629.469399999827147, 256955.582599999383092 ], [ 77629.937199999578297, 256955.106399999931455 ], [ 77630.881000000052154, 256953.703600000590086 ], [ 77631.816200000233948, 256953.703600000590086 ], [ 77631.807599999941885, 256952.759600000455976 ], [ 77632.751600000075996, 256952.759600000455976 ], [ 77633.219200000166893, 256951.815600000321865 ], [ 77635.574599999934435, 256948.074599999934435 ], [ 77635.574599999934435, 256946.654400000348687 ], [ 77634.630800000391901, 256941.960799999535084 ], [ 77635.098399999551475, 256941.02559999935329 ], [ 77635.332200000062585, 256939.154999999329448 ], [ 77635.158999999985099, 256938.644200000911951 ], [ 77633.69539999961853, 256934.219000000506639 ], [ 77632.751600000075996, 256933.976600000634789 ], [ 77632.751600000075996, 256932.582200000062585 ], [ 77632.985399999655783, 256930.226800000295043 ], [ 77632.751600000075996, 256926.468399999663234 ], [ 77632.517799999564886, 256924.831800000742078 ], [ 77632.993999999947846, 256924.225600000470877 ], [ 77634.396999999880791, 256922.484999999403954 ], [ 77636.743800000287592, 256920.371999999508262 ], [ 77639.081799999810755, 256917.782600000500679 ], [ 77641.194799999706447, 256915.687000000849366 ], [ 77644.485600000247359, 256912.855200000107288 ], [ 77645.195600000210106, 256911.443800000473857 ], [ 77645.663399999961257, 256910.975999999791384 ], [ 77647.074799999594688, 256908.170399999246001 ], [ 77647.533800000324845, 256905.355799999088049 ], [ 77648.486399999819696, 256901.355000000447035 ], [ 77648.953999999910593, 256900.186000000685453 ], [ 77649.646800000220537, 256899.008199999108911 ], [ 77650.123200000263751, 256896.427600000053644 ], [ 77650.590800000354648, 256896.427600000053644 ], [ 77651.292200000025332, 256895.49239999987185 ], [ 77652.46999999973923, 256894.557199999690056 ], [ 77655.526800000108778, 256892.911800000816584 ], [ 77658.098799999803305, 256891.500199999660254 ], [ 77662.324799999594688, 256889.629799999296665 ], [ 77663.026200000196695, 256889.395800000056624 ], [ 77663.72759999986738, 256889.162000000476837 ], [ 77666.550800000317395, 256888.694399999454618 ], [ 77669.373800000175834, 256888.694399999454618 ], [ 77674.058799999766052, 256887.984400000423193 ], [ 77674.760200000368059, 256887.507999999448657 ], [ 77676.881799999624491, 256885.871400000527501 ], [ 77679.46239999961108, 256883.992200000211596 ], [ 77682.510800000280142, 256881.879200000315905 ], [ 77683.212199999950826, 256880.710200000554323 ], [ 77684.14740000013262, 256880.710200000554323 ], [ 77684.389999999664724, 256880.24239999987185 ], [ 77684.848799999803305, 256879.298599999397993 ], [ 77685.792799999937415, 256878.822200000286102 ], [ 77686.494199999608099, 256876.718000000342727 ], [ 77686.494199999608099, 256875.774000000208616 ], [ 77685.610999999567866, 256870.682000000029802 ], [ 77685.559000000357628, 256870.379000000655651 ], [ 77685.559000000357628, 256868.274599999189377 ], [ 77687.67200000025332, 256866.854399999603629 ], [ 77690.720200000330806, 256865.45160000026226 ], [ 77693.075600000098348, 256863.113399999216199 ], [ 77696.123999999836087, 256859.121200000867248 ], [ 77696.582799999974668, 256858.419800000265241 ], [ 77697.059200000017881, 256857.467199999839067 ], [ 77697.535400000400841, 256857.467199999839067 ], [ 77697.760599999688566, 256856.298200000077486 ], [ 77699.414599999785423, 256856.298200000077486 ], [ 77702.220399999991059, 256856.765799999237061 ], [ 77703.380800000391901, 256856.860999999567866 ], [ 77705.034799999557436, 256856.999600000679493 ], [ 77707.849200000055134, 256856.531999999657273 ], [ 77712.776800000108778, 256856.073000000789762 ], [ 77713.486800000071526, 256855.596799999475479 ], [ 77717.479000000283122, 256852.314600000157952 ], [ 77718.648000000044703, 256850.426799999549985 ], [ 77721.471199999563396, 256848.313799999654293 ], [ 77722.40639999974519, 256848.088600000366569 ], [ 77723.341599999926984, 256847.854800000786781 ], [ 77724.051799999549985, 256845.967000000178814 ], [ 77724.519399999640882, 256844.105200000107288 ], [ 77724.995600000023842, 256843.862600000575185 ], [ 77727.099999999627471, 256840.580600000917912 ], [ 77728.269000000320375, 256839.861800000071526 ], [ 77728.736800000071526, 256839.168999999761581 ], [ 77730.156999999657273, 256836.354599999263883 ], [ 77731.317400000058115, 256833.540200000628829 ], [ 77732.971400000154972, 256830.717199999839067 ], [ 77734.434799999929965, 256828.214400000870228 ], [ 77734.608000000007451, 256827.893999999389052 ], [ 77736.720999999903142, 256824.611999999731779 ], [ 77738.825400000438094, 256822.273800000548363 ], [ 77741.42339999973774, 256819.217000000178814 ], [ 77744.229000000283122, 256816.393799999728799 ], [ 77746.809799999929965, 256813.345599999651313 ], [ 77749.399000000208616, 256810.539799999445677 ], [ 77751.269399999640882, 256808.192999999970198 ], [ 77751.893000000156462, 256807.439600000157952 ], [ 77753.625, 256805.369999999180436 ], [ 77756.196999999694526, 256802.789200000464916 ], [ 77758.309999999590218, 256799.74100000038743 ], [ 77760.431599999777973, 256796.917999999597669 ], [ 77762.769799999892712, 256793.402000000700355 ], [ 77763.003600000403821, 256792.700600000098348 ], [ 77763.479799999855459, 256790.81279999949038 ], [ 77764.172600000165403, 256790.353800000622869 ], [ 77764.172600000165403, 256788.240800000727177 ], [ 77764.64879999961704, 256788.240800000727177 ], [ 77766.527999999932945, 256785.668800000101328 ], [ 77768.407200000248849, 256782.837200000882149 ], [ 77770.277800000272691, 256780.031400000676513 ], [ 77771.931800000369549, 256777.217000000178814 ], [ 77772.85840000025928, 256771.5793999992311 ], [ 77774.503800000064075, 256768.75620000064373 ], [ 77776.149000000208616, 256765.941800000146031 ], [ 77777.326799999922514, 256763.127399999648333 ], [ 77778.028199999593198, 256760.304400000721216 ], [ 77779.206000000238419, 256756.788399999961257 ], [ 77779.665000000037253, 256756.563400000333786 ], [ 77779.907399999909103, 256754.909199999645352 ], [ 77780.375, 256754.675400000065565 ], [ 77783.432000000029802, 256752.328600000590086 ], [ 77785.042600000277162, 256751.142200000584126 ], [ 77787.874400000087917, 256749.046599999070168 ], [ 77788.35080000013113, 256748.578999999910593 ], [ 77788.558600000105798, 256748.405799999833107 ], [ 77792.291000000201166, 256745.911800000816584 ], [ 77795.408400000073016, 256744.439600000157952 ], [ 77797.989000000059605, 256744.361600000411272 ], [ 77799.140800000168383, 256744.526200000196695 ], [ 77800.829400000162423, 256745.392200000584126 ], [ 77803.228199999779463, 256748.059399999678135 ], [ 77805.722199999727309, 256749.955800000578165 ], [ 77808.753200000151992, 256751.003799999132752 ], [ 77813.308199999853969, 256752.831000000238419 ], [ 77821.015399999916553, 256754.796800000593066 ], [ 77829.995600000023842, 256754.874600000679493 ], [ 77832.221199999563396, 256756.173599999397993 ], [ 77835.416799999773502, 256759.360400000587106 ], [ 77838.889200000092387, 256762.027599999681115 ], [ 77846.00760000012815, 256764.5304000005126 ], [ 77850.995600000023842, 256765.829199999570847 ], [ 77851.238199999555945, 256765.91579999960959 ], [ 77854.53760000038892, 256767.032999999821186 ], [ 77857.299999999813735, 256767.292799999937415 ], [ 77859.525600000284612, 256767.032999999821186 ], [ 77861.569199999794364, 256766.166999999433756 ], [ 77864.860000000335276, 256764.365800000727177 ], [ 77869.042600000277162, 256762.902200000360608 ], [ 77871.623399999924004, 256762.287399999797344 ], [ 77872.948200000450015, 256762.2182 ], [ 77874.203999999910593, 256762.2182 ], [ 77876.33420000039041, 256763.066800000146031 ], [ 77878.02280000038445, 256763.759600000455976 ], [ 77881.036600000225008, 256763.759600000455976 ], [ 77882.465400000102818, 256763.759600000455976 ], [ 77884.872800000011921, 256764.703600000590086 ], [ 77887.435999999754131, 256765.474199999123812 ], [ 77890.726800000295043, 256766.088999999687076 ], [ 77896.606800000183284, 256765.309599999338388 ], [ 77907.535400000400841, 256764.954600000753999 ], [ 77915.814199999906123, 256764.625600000843406 ], [ 77917.321000000461936, 256765.647399999201298 ], [ 77918.386199999600649, 256767.976999999955297 ], [ 77920.698400000110269, 256769.535599999129772 ], [ 77922.915199999697506, 256770.314999999478459 ], [ 77926.301199999637902, 256770.661399999633431 ], [ 77930.137600000016391, 256771.25899999961257 ], [ 77933.765999999828637, 256771.778599999845028 ], [ 77935.28139999974519, 256771.345599999651313 ], [ 77937.60219999961555, 256769.968599999323487 ], [ 77939.732599999755621, 256769.102600000798702 ], [ 77943.915199999697506, 256768.842800000682473 ], [ 77947.993999999947846, 256769.189200000837445 ], [ 77952.886800000444055, 256770.05519999936223 ], [ 77956.887600000016391, 256770.592199999839067 ], [ 77957.961400000378489, 256770.739399999380112 ], [ 77960.247600000351667, 256771.189600000157952 ], [ 77961.07039999961853, 256771.345599999651313 ], [ 77964.629399999976158, 256772.298200000077486 ], [ 77973.696399999782443, 256773.926200000569224 ], [ 77977.610600000247359, 256774.714199999347329 ], [ 77980.104600000195205, 256774.714199999347329 ], [ 77982.053000000305474, 256774.194599999114871 ], [ 77983.932199999690056, 256774.272600000724196 ], [ 77988.461199999786913, 256775.138599999248981 ], [ 77999.130199999548495, 256777.546000000089407 ], [ 78004.473199999891222, 256778.325400000438094 ], [ 78008.283599999733269, 256779.624399999156594 ], [ 78010.968000000342727, 256781.780600000172853 ], [ 78014.596599999815226, 256786.777400000020862 ], [ 78015.999400000087917, 256787.93779999949038 ], [ 78021.455000000074506, 256792.475400000810623 ], [ 78024.390800000168383, 256793.324200000613928 ], [ 78027.135800000280142, 256793.843800000846386 ], [ 78031.50899999961257, 256794.02559999935329 ], [ 78033.00719999987632, 256793.938999999314547 ], [ 78034.340800000354648, 256793.254799999296665 ], [ 78035.241399999707937, 256792.986400000751019 ], [ 78036.11600000038743, 256792.735200000926852 ], [ 78037.986600000411272, 256792.735200000926852 ], [ 78041.008799999952316, 256793.514599999412894 ], [ 78045.598600000143051, 256795.697000000625849 ], [ 78046.793600000441074, 256796.268400000408292 ], [ 78050.872399999760091, 256798.16499999910593 ], [ 78053.496399999596179, 256798.31220000050962 ], [ 78053.911999999545515, 256798.338199999183416 ], [ 78057.548999999649823, 256798.589199999347329 ], [ 78061.558600000105798, 256799.888199999928474 ], [ 78063.957399999722838, 256800.581000000238419 ], [ 78066.269600000232458, 256800.745600000023842 ], [ 78067.698400000110269, 256801.2652000002563 ], [ 78071.872399999760091, 256803.932399999350309 ], [ 78073.924800000153482, 256804.200799999758601 ], [ 78075.959800000302494, 256804.287399999797344 ], [ 78079.250599999912083, 256803.083799999207258 ], [ 78081.553999999538064, 256802.13120000064373 ], [ 78083.519799999892712, 256802.13120000064373 ], [ 78085.650200000032783, 256802.988399999216199 ], [ 78087.607200000435114, 256804.200799999758601 ], [ 78091.512799999676645, 256805.846200000494719 ], [ 78097.21100000012666, 256807.647399999201298 ], [ 78101.211799999698997, 256808.93779999949038 ], [ 78104.424599999561906, 256809.032999999821186 ], [ 78108.330199999734759, 256809.552600000053644 ], [ 78112.417600000277162, 256810.75620000064373 ], [ 78117.57880000025034, 256812.817399999126792 ], [ 78123.450199999846518, 256815.146800000220537 ], [ 78125.000199999660254, 256815.190199999138713 ], [ 78126.818799999542534, 256815.242000000551343 ], [ 78128.60259999986738, 256814.627199999988079 ], [ 78131.088000000454485, 256814.722400000318885 ], [ 78135.088800000026822, 256815.753000000491738 ], [ 78138.474799999967217, 256815.934800000861287 ], [ 78141.046799999661744, 256815.675000000745058 ], [ 78144.16440000012517, 256815.060200000181794 ], [ 78146.649799999780953, 256813.250399999320507 ], [ 78150.30420000012964, 256810.583200000226498 ], [ 78152.166000000201166, 256810.236800000071526 ], [ 78156.972199999727309, 256809.370799999684095 ], [ 78162.046799999661744, 256808.677999999374151 ], [ 78165.857200000435114, 256807.214400000870228 ], [ 78168.974600000306964, 256805.915400000289083 ], [ 78171.373399999924004, 256805.66440000012517 ], [ 78173.780799999833107, 256805.751000000163913 ], [ 78177.426599999889731, 256806.435000000521541 ], [ 78180.180399999953806, 256806.69480000063777 ], [ 78182.587799999862909, 256806.608200000599027 ], [ 78184.440999999642372, 256805.231399999931455 ], [ 78188.450600000098348, 256804.79839999973774 ], [ 78190.944600000046194, 256805.058199999853969 ], [ 78192.884399999864399, 256807.050000000745058 ], [ 78194.408400000073016, 256809.552600000053644 ], [ 78195.74199999962002, 256811.795399999246001 ], [ 78196.902400000020862, 256812.479599999263883 ], [ 78199.119400000199676, 256812.219799999147654 ], [ 78200.712799999862909, 256811.016000000759959 ], [ 78202.7652000002563, 256811.275800000876188 ], [ 78206.592799999751151, 256811.180600000545382 ], [ 78207.735799999907613, 256810.669800000265241 ], [ 78209.606399999931455, 256809.717199999839067 ], [ 78211.121799999848008, 256809.717199999839067 ], [ 78212.550800000317395, 256809.890399999916553 ], [ 78215.122800000011921, 256812.05519999936223 ], [ 78218.681800000369549, 256813.943199999630451 ], [ 78221.080599999986589, 256815.060200000181794 ], [ 78223.938400000333786, 256814.887000000104308 ], [ 78227.93059999961406, 256813.856599999591708 ], [ 78229.705799999646842, 256812.739399999380112 ], [ 78231.480999999679625, 256812.124600000679493 ], [ 78235.75040000025183, 256811.864800000563264 ], [ 78239.586600000038743, 256812.314999999478459 ], [ 78247.579599999822676, 256813.250399999320507 ], [ 78253.979199999943376, 256813.596799999475479 ], [ 78256.646399999968708, 256813.250399999320507 ], [ 78259.841799999587238, 256813.943199999630451 ], [ 78262.526399999856949, 256815.242000000551343 ], [ 78265.721800000406802, 256816.619000000879169 ], [ 78268.025399999693036, 256817.311799999326468 ], [ 78270.614599999971688, 256817.225199999287724 ], [ 78274.88399999961257, 256814.809000000357628 ], [ 78276.927600000053644, 256813.077199999243021 ], [ 78279.075199999846518, 256812.739399999380112 ], [ 78281.101599999703467, 256812.817399999126792 ], [ 78285.197800000198185, 256814.36739999987185 ], [ 78291.155600000172853, 256816.619000000879169 ], [ 78295.78000000026077, 256818.861800000071526 ], [ 78298.984199999831617, 256822.654799999669194 ], [ 78301.815799999982119, 256828.43099999986589 ], [ 78304.405199999921024, 256833.341000000014901 ], [ 78305.738800000399351, 256838.086600000038743 ], [ 78306.362200000323355, 256842.572399999946356 ], [ 78307.158999999985099, 256845.334799999371171 ], [ 78308.224200000055134, 256846.876199999824166 ], [ 78309.471199999563396, 256848.946000000461936 ], [ 78309.921400000341237, 256852.401200000196695 ], [ 78311.436999999918044, 256854.817399999126792 ], [ 78314.72759999986738, 256858.350600000470877 ], [ 78318.806400000117719, 256862.654400000348687 ], [ 78320.226599999703467, 256864.559599999338388 ], [ 78320.226599999703467, 256866.542600000277162 ], [ 78321.560200000181794, 256868.344000000506639 ], [ 78324.140800000168383, 256869.391799999400973 ], [ 78325.292600000277162, 256870.682000000029802 ], [ 78325.483199999667704, 256874.128599999472499 ], [ 78326.011400000192225, 256880.07799999974668 ], [ 78327.786600000225008, 256883.100199999287724 ], [ 78329.570600000210106, 256885.247800000011921 ], [ 78332.055800000205636, 256889.127399999648333 ], [ 78334.731800000183284, 256891.543600000441074 ], [ 78337.572200000286102, 256892.842399999499321 ], [ 78339.529400000348687, 256893.786399999633431 ], [ 78339.529400000348687, 256894.912200000137091 ], [ 78339.347400000318885, 256897.328199999406934 ], [ 78339.711199999786913, 256899.831000000238419 ], [ 78341.486399999819696, 256903.528599999845028 ], [ 78344.058400000445545, 256908.369400000199676 ], [ 78346.552400000393391, 256910.777000000700355 ], [ 78351.713600000366569, 256913.2796 ], [ 78354.822399999946356, 256916.81279999949038 ], [ 78359.005199999548495, 256923.021800000220537 ], [ 78364.504200000315905, 256929.326199999079108 ], [ 78366.920199999585748, 256931.473799999803305 ], [ 78369.405600000172853, 256932.157999999821186 ], [ 78372.956199999898672, 256931.820199999958277 ], [ 78375.268199999816716, 256930.703199999406934 ], [ 78376.601800000295043, 256930.772399999201298 ], [ 78379.286399999633431, 256931.387199999764562 ], [ 78384.083999999798834, 256931.127399999648333 ], [ 78386.214200000278652, 256931.127399999648333 ], [ 78387.634399999864399, 256928.711400000378489 ], [ 78389.314399999566376, 256928.209000000730157 ], [ 78390.570199999958277, 256927.247800000011921 ], [ 78392.700400000438094, 256927.065999999642372 ], [ 78394.302400000393391, 256927.8454 ], [ 78396.259600000455976, 256929.135600000619888 ], [ 78397.143000000156462, 256930.01039999909699 ], [ 78399.550400000065565, 256935.266799999400973 ], [ 78401.239000000059605, 256936.903599999845028 ], [ 78402.841000000014901, 256937.769400000572205 ], [ 78403.914800000376999, 256939.414799999445677 ], [ 78405.690200000070035, 256942.082000000402331 ], [ 78406.833200000226498, 256944.324999999254942 ], [ 78406.045199999585748, 256948.031400000676513 ], [ 78406.486800000071526, 256952.335200000554323 ], [ 78406.036600000225008, 256953.287799999117851 ], [ 78404.884800000116229, 256955.192999999970198 ], [ 78408.175400000065565, 256960.103199999779463 ], [ 78411.82120000012219, 256963.722799999639392 ], [ 78412.184999999590218, 256966.052400000393391 ], [ 78413.241399999707937, 256971.222200000658631 ], [ 78414.488400000147521, 256976.573999999091029 ], [ 78415.198599999770522, 256978.037599999457598 ], [ 78416.532200000248849, 256981.744000000879169 ], [ 78418.489400000311434, 256989.685000000521541 ], [ 78420.801400000229478, 256993.555800000205636 ], [ 78423.832399999722838, 256997.521999999880791 ], [ 78425.93680000025779, 256999.998800000175834 ], [ 78427.123200000263751, 257001.39299999922514 ], [ 78429.816399999894202, 257004.718399999663234 ], [ 78434.224200000055134, 257010.970799999311566 ], [ 78443.836600000038743, 257027.095200000330806 ], [ 78446.590400000102818, 257030.810399999842048 ], [ 78450.496000000275671, 257036.240000000223517 ], [ 78451.387799999676645, 257038.647399999201298 ], [ 78451.206000000238419, 257044.085799999535084 ], [ 78452.634800000116229, 257048.571599999442697 ], [ 78454.592000000178814, 257051.931600000709295 ], [ 78456.826200000010431, 257056.071000000461936 ], [ 78457.259200000204146, 257058.573599999770522 ], [ 78458.237800000235438, 257061.587200000882149 ], [ 78460.584599999710917, 257066.627199999988079 ], [ 78461.822999999858439, 257068.982599999755621 ], [ 78465.970999999903142, 257076.940999999642372 ], [ 78468.551599999889731, 257080.127800000831485 ], [ 78472.543800000101328, 257085.124600000679493 ], [ 78473.089399999938905, 257087.800400000065565 ], [ 78473.175999999977648, 257088.753000000491738 ], [ 78473.531000000424683, 257092.546000000089407 ], [ 78474.777999999932945, 257096.512199999764562 ], [ 78478.068599999882281, 257100.651599999517202 ], [ 78480.467400000430644, 257101.950600000098348 ], [ 78483.758200000040233, 257103.673800000920892 ], [ 78487.75899999961257, 257105.041999999433756 ], [ 78490.157800000160933, 257105.423200000077486 ], [ 78491.57799999974668, 257105.648199999704957 ], [ 78496.557400000281632, 257106.427600000053644 ], [ 78500.211799999698997, 257106.895199999213219 ], [ 78503.138799999840558, 257109.709799999371171 ], [ 78505.459599999710917, 257113.16499999910593 ], [ 78507.148199999704957, 257115.658999999985099 ], [ 78507.85840000025928, 257117.979800000786781 ], [ 78508.213399999774992, 257121.261800000444055 ], [ 78508.828200000338256, 257124.370799999684095 ], [ 78511.235600000247359, 257129.44539999961853 ], [ 78513.461199999786913, 257134.017799999564886 ], [ 78515.773400000296533, 257137.732799999415874 ], [ 78522.943799999542534, 257149.077199999243021 ], [ 78542.263799999840558, 257161.2182 ], [ 78595.755199999548495, 257194.800799999386072 ], [ 78618.573800000362098, 257236.246600000187755 ], [ 78728.97759999986738, 257240.126199999824166 ], [ 78750.003600000403821, 257236.28999999910593 ], [ 78799.753999999724329, 257227.197200000286102 ], [ 78803.036199999973178, 257226.703600000590086 ], [ 78811.799800000153482, 257225.4046 ], [ 78816.32880000025034, 257225.066800000146031 ], [ 79003.458399999886751, 257201.988399999216199 ], [ 79072.000599999912083, 257209.115399999544024 ], [ 79078.928399999625981, 257208.214800000190735 ], [ 79086.432199999690056, 257208.790699999779463 ], [ 79087.995199999772012, 257208.881599999964237 ], [ 79090.03899999987334, 257208.361999999731779 ], [ 79090.826999999582767, 257208.093599999323487 ], [ 79093.243200000375509, 257207.236400000751019 ], [ 79096.889000000432134, 257206.292400000616908 ], [ 79101.244800000451505, 257205.859400000423193 ], [ 79105.297600000165403, 257205.790200000628829 ], [ 79111.385400000028312, 257205.69480000063777 ], [ 79118.503800000064075, 257205.69480000063777 ], [ 79136.455599999986589, 257204.82880000025034 ], [ 79140.551599999889731, 257204.387199999764562 ], [ 79143.660400000400841, 257204.049599999561906 ], [ 79161.716199999675155, 257201.72859999909997 ], [ 79171.674800000153482, 257200.2652000002563 ], [ 79172.61019999999553, 257200.065999999642372 ], [ 79190.414599999785423, 257196.48960000090301 ], [ 79197.697599999606609, 257194.861400000751019 ], [ 79203.577600000426173, 257192.453999999910593 ], [ 79210.054999999701977, 257188.83420000039041 ], [ 79212.185399999842048, 257186.591399999335408 ], [ 79213.978000000119209, 257186.054400000721216 ], [ 79220.368999999947846, 257185.127800000831485 ], [ 79237.800999999977648, 257183.049599999561906 ], [ 79243.048999999649823, 257182.703199999406934 ], [ 79250.773400000296533, 257181.837200000882149 ], [ 79263.321399999782443, 257180.806600000709295 ], [ 79265.538399999961257, 257180.642000000923872 ], [ 79270.794800000265241, 257180.027200000360608 ], [ 79279.679800000041723, 257179.3432 ], [ 79288.582200000062585, 257178.217399999499321 ], [ 79290.088999999687076, 257178.139399999752641 ], [ 79292.756199999712408, 257178.650399999693036 ], [ 79298.177199999801815, 257179.083399999886751 ], [ 79304.446800000034273, 257180.113800000399351 ], [ 79314.015999999828637, 257179.50760000012815 ], [ 79315.072399999946356, 257179.603000000119209 ], [ 79316.215599999763072, 257180.018600000068545 ], [ 79317.384600000455976, 257180.45160000026226 ], [ 79320.597400000318885, 257182.105599999427795 ], [ 79324.598199999891222, 257184.261800000444055 ], [ 79333.032800000160933, 257185.552200000733137 ], [ 79338.912800000049174, 257186.149800000712276 ], [ 79341.398199999704957, 257185.976600000634789 ], [ 79342.818400000222027, 257185.647399999201298 ], [ 79345.217199999839067, 257183.309200000017881 ], [ 79350.81140000000596, 257174.857400000095367 ], [ 79351.443599999882281, 257174.147199999541044 ], [ 79353.036999999545515, 257172.354599999263883 ], [ 79356.327600000426173, 257169.60080000013113 ], [ 79359.263399999588728, 257167.86879999935627 ], [ 79361.315799999982119, 257167.176000000908971 ], [ 79364.078200000338256, 257166.492000000551343 ], [ 79367.888399999588728, 257166.846999999135733 ], [ 79371.975999999791384, 257167.955399999395013 ], [ 79374.998200000263751, 257169.115800000727177 ], [ 79375.361800000071526, 257169.254399999976158 ], [ 79377.457600000314415, 257169.817399999126792 ], [ 79378.565999999642372, 257170.111800000071526 ], [ 79381.051400000229478, 257170.458200000226498 ], [ 79384.524000000208616, 257170.458200000226498 ], [ 79386.11739999987185, 257169.67879999987781 ], [ 79388.308199999853969, 257168.016000000759959 ], [ 79389.061599999666214, 257167.435799999162555 ], [ 79390.577200000174344, 257166.145600000396371 ], [ 79392.612200000323355, 257164.413599999621511 ], [ 79395.868200000375509, 257159.936599999666214 ], [ 79399.912399999797344, 257158.213199999183416 ], [ 79401.947399999946356, 257157.278000000864267 ], [ 79403.999800000339746, 257154.939799999818206 ], [ 79406.658400000073016, 257152.012800000607967 ], [ 79408.000599999912083, 257151.060200000181794 ], [ 79410.30420000012964, 257149.328199999406934 ], [ 79414.764000000432134, 257146.228000000119209 ], [ 79416.270800000056624, 257145.284199999645352 ], [ 79421.691800000146031, 257142.261800000444055 ], [ 79424.27240000013262, 257140.884999999776483 ], [ 79425.779199999757111, 257140.443399999290705 ], [ 79431.832399999722838, 257139.421399999409914 ], [ 79438.595800000242889, 257138.806600000709295 ], [ 79440.630800000391901, 257139.326199999079108 ], [ 79442.587799999862909, 257140.018999999389052 ], [ 79449.35120000038296, 257141.915400000289083 ], [ 79452.737200000323355, 257142.946000000461936 ], [ 79455.473600000143051, 257143.110600000247359 ], [ 79458.236200000159442, 257142.868000000715256 ], [ 79458.599799999967217, 257142.720799999311566 ], [ 79460.279799999669194, 257141.993400000035763 ], [ 79460.669599999673665, 257141.266000000759959 ], [ 79461.535600000061095, 257139.585999999195337 ], [ 79463.39740000013262, 257135.974799999967217 ], [ 79465.891400000080466, 257132.259800000116229 ], [ 79472.645999999716878, 257126.050799999386072 ], [ 79479.045599999837577, 257121.833399999886751 ], [ 79482.249800000339746, 257120.179400000721216 ], [ 79484.830400000326335, 257119.495200000703335 ], [ 79486.311200000345707, 257119.408600000664592 ], [ 79489.099600000306964, 257119.235400000587106 ], [ 79491.134600000455976, 257119.330800000578165 ], [ 79492.736800000071526, 257118.282999999821186 ], [ 79494.520600000396371, 257116.386399999260902 ], [ 79498.166400000452995, 257112.593399999663234 ], [ 79503.414200000464916, 257105.007400000467896 ], [ 79504.115799999795854, 257103.595799999311566 ], [ 79508.575600000098348, 257094.754200000315905 ], [ 79509.72719999961555, 257092.415999999269843 ], [ 79511.866200000047684, 257087.159600000828505 ], [ 79513.191200000233948, 257084.405799999833107 ], [ 79515.156999999657273, 257082.42259999923408 ], [ 79517.729000000283122, 257078.629799999296665 ], [ 79518.802799999713898, 257076.308800000697374 ], [ 79519.504200000315905, 257072.85359999909997 ], [ 79521.287999999709427, 257069.398399999365211 ], [ 79522.25800000037998, 257067.675000000745058 ], [ 79523.05460000038147, 257065.163799999281764 ], [ 79524.65679999999702, 257059.050000000745058 ], [ 79526.354000000283122, 257044.648600000888109 ], [ 79526.795800000429153, 257040.768999999389052 ], [ 79527.514399999752641, 257033.867200000211596 ], [ 79528.579599999822676, 257028.437599999830127 ], [ 79530.363599999807775, 257025.250800000503659 ], [ 79531.246799999848008, 257024.653200000524521 ], [ 79533.377199999988079, 257024.211600000038743 ], [ 79534.80599999986589, 257023.362999999895692 ], [ 79536.581199999898672, 257022.92119999974966 ], [ 79538.365199999883771, 257022.228399999439716 ], [ 79539.343799999915063, 257020.245400000363588 ], [ 79541.196999999694526, 257016.798800000920892 ], [ 79542.539200000464916, 257014.38260000012815 ], [ 79543.690999999642372, 257012.40819999948144 ], [ 79546.003200000151992, 257011.377800000831485 ], [ 79548.142199999652803, 257009.299399999901652 ], [ 79554.186599999666214, 257003.44539999961853 ], [ 79557.650600000284612, 256999.990199999883771 ], [ 79561.036600000225008, 256996.794600000604987 ], [ 79564.058799999766052, 256995.417799999937415 ], [ 79565.479000000283122, 256994.9068 ], [ 79570.103400000371039, 256994.127399999648333 ], [ 79574.822999999858439, 256992.231000000610948 ], [ 79577.316999999806285, 256990.334400000050664 ], [ 79579.966799999587238, 256988.688999999314547 ], [ 79583.707799999974668, 256986.706000000238419 ], [ 79586.288399999961257, 256984.030200000852346 ], [ 79587.708800000138581, 256980.583599999547005 ], [ 79589.310800000093877, 256975.846599999815226 ], [ 79591.267799999564886, 256971.438799999654293 ], [ 79592.870000000111759, 256968.858200000599027 ], [ 79594.108199999667704, 256967.394600000232458 ], [ 79596.160600000061095, 256965.835799999535084 ], [ 79596.689000000245869, 256964.026000000536442 ], [ 79598.377600000239909, 256961.263599999248981 ], [ 79600.040199999697506, 256957.453199999406934 ], [ 79604.33559999987483, 256959.367000000551343 ], [ 79605.94620000012219, 256959.721999999135733 ], [ 79610.025000000372529, 256959.626800000667572 ], [ 79615.28139999974519, 256958.942600000649691 ], [ 79616.519799999892712, 256958.682800000533462 ], [ 79621.767599999904633, 256956.959599999710917 ], [ 79624.348199999891222, 256956.275399999693036 ], [ 79627.10219999961555, 256956.794999999925494 ], [ 79628.262600000016391, 256957.990199999883771 ], [ 79630.756599999964237, 256959.20240000076592 ], [ 79633.951999999582767, 256960.917199999094009 ], [ 79636.082399999722838, 256964.026000000536442 ], [ 79638.403199999593198, 256966.00899999961257 ], [ 79640.256400000303984, 256966.528599999845028 ], [ 79642.663800000213087, 256966.528599999845028 ], [ 79645.781200000084937, 256965.489399999380112 ], [ 79649.600200000219047, 256963.506400000303984 ], [ 79654.051400000229478, 256963.246600000187755 ], [ 79656.701200000010431, 256963.506400000303984 ], [ 79661.247600000351667, 256965.151799999177456 ], [ 79665.958599999547005, 256966.95299999974668 ], [ 79671.119800000451505, 256968.858200000599027 ], [ 79677.173000000417233, 256970.745999999344349 ], [ 79683.035799999721348, 256971.793800000101328 ], [ 79691.123999999836087, 256973.170800000429153 ], [ 79697.090599999763072, 256973.24860000051558 ], [ 79698.943799999542534, 256973.863600000739098 ], [ 79699.66260000038892, 256975.500199999660254 ], [ 79700.017599999904633, 256978.687000000849366 ], [ 79701.801400000229478, 256981.527400000020862 ], [ 79704.200199999846518, 256983.510600000619888 ], [ 79707.006000000052154, 256984.895999999716878 ], [ 79709.447999999858439, 256986.099799999967217 ], [ 79716.652999999932945, 256988.602399999275804 ], [ 79718.688000000081956, 256989.026799999177456 ], [ 79720.472000000067055, 256989.026799999177456 ], [ 79723.043999999761581, 256988.862199999392033 ], [ 79724.879800000227988, 256988.862199999392033 ], [ 79726.161399999633431, 256988.862199999392033 ], [ 79728.889399999752641, 256989.754200000315905 ], [ 79731.236200000159442, 256991.434200000017881 ], [ 79732.829599999822676, 256992.568600000813603 ], [ 79736.830400000326335, 256994.473799999803305 ], [ 79739.653400000184774, 256994.837600000202656 ], [ 79742.078200000338256, 256995.166600000113249 ], [ 79746.407999999821186, 256995.815999999642372 ], [ 79752.521999999880791, 256997.911800000816584 ], [ 79755.336400000378489, 256998.794999999925494 ], [ 79760.289800000376999, 256998.794999999925494 ], [ 79766.810600000433624, 256999.193399999290705 ], [ 79769.86739999987185, 256999.427200000733137 ], [ 79770.880599999800324, 256999.998800000175834 ], [ 79772.837799999862909, 257001.107200000435114 ], [ 79776.067800000309944, 257003.83500000089407 ], [ 79779.116200000047684, 257006.0 ], [ 79783.67119999974966, 257007.125800000503659 ], [ 79788.953599999658763, 257007.601999999955297 ], [ 79793.33559999987483, 257008.000399999320507 ], [ 79794.825000000186265, 257010.47719999961555 ], [ 79795.249400000087917, 257011.014000000432134 ], [ 79796.392400000244379, 257012.40819999948144 ], [ 79798.28899999987334, 257013.776599999517202 ], [ 79800.678999999538064, 257015.603800000622869 ], [ 79803.666600000113249, 257018.244999999180436 ], [ 79807.364400000311434, 257019.457399999722838 ], [ 79811.088000000454485, 257021.466399999335408 ], [ 79816.535199999809265, 257021.466399999335408 ], [ 79826.389999999664724, 257021.41440000012517 ], [ 79836.045599999837577, 257021.379799999296665 ], [ 79840.011800000444055, 257022.020600000396371 ], [ 79842.809000000357628, 257023.059800000861287 ], [ 79845.536799999885261, 257024.817800000309944 ], [ 79847.770999999716878, 257025.216000000014901 ], [ 79849.745400000363588, 257025.85700000077486 ], [ 79851.572599999606609, 257027.554199999198318 ], [ 79855.036600000225008, 257029.623999999836087 ], [ 79860.734600000083447, 257030.914200000464916 ], [ 79864.042799999937415, 257031.780200000852346 ], [ 79879.552400000393391, 257037.14919999986887 ], [ 79880.730200000107288, 257037.556399999186397 ], [ 79884.376000000163913, 257038.119200000539422 ], [ 79885.363199999555945, 257037.876800000667572 ], [ 79885.631599999964237, 257037.5304000005126 ], [ 79886.51480000000447, 257036.36119999922812 ], [ 79888.411399999633431, 257034.91499999910593 ], [ 79891.650200000032783, 257033.468800000846386 ], [ 79894.689799999818206, 257032.992599999532104 ], [ 79899.487200000323355, 257033.148399999365211 ], [ 79904.769799999892712, 257033.867200000211596 ], [ 79911.966000000014901, 257035.313400000333786 ], [ 79920.963600000366569, 257037.157999999821186 ], [ 79925.258799999952316, 257037.729399999603629 ], [ 79935.676599999889731, 257037.400399999693036 ], [ 79941.287999999709427, 257036.430600000545382 ], [ 79945.167600000277162, 257036.283399999141693 ], [ 79946.570600000210106, 257038.041200000792742 ], [ 79947.479799999855459, 257040.682399999350309 ], [ 79949.047199999913573, 257041.401200000196695 ], [ 79959.049399999901652, 257041.401200000196695 ], [ 79971.112399999983609, 257041.479199999943376 ], [ 79975.321000000461936, 257042.206599999219179 ], [ 79982.846400000154972, 257041.721599999815226 ], [ 79993.246799999848008, 257042.605000000447035 ], [ 79998.035799999721348, 257043.167799999937415 ], [ 80000.001400000415742, 257043.955800000578165 ], [ 80003.413399999961257, 257045.332800000905991 ], [ 80007.206399999558926, 257048.372400000691414 ], [ 80011.415199999697506, 257051.74100000038743 ], [ 80016.151999999769032, 257057.950099999085069 ], [ 80020.585799999535084, 257065.362999999895692 ], [ 80023.140399999916553, 257069.043400000780821 ], [ 80025.807599999941885, 257069.684200000017881 ], [ 80028.431599999777973, 257069.277200000360608 ], [ 80031.003600000403821, 257068.073400000110269 ], [ 80033.151200000196695, 257066.644600000232458 ], [ 80034.657999999821186, 257065.735200000926852 ], [ 80037.437800000421703, 257064.063999999314547 ], [ 80042.399799999780953, 257061.509199999272823 ], [ 80046.78179999999702, 257060.227600000798702 ], [ 80049.994400000199676, 257060.149800000712276 ], [ 80052.142199999652803, 257060.955000000074506 ], [ 80053.068799999542534, 257063.111400000751019 ], [ 80054.532200000248849, 257065.605399999767542 ], [ 80055.450199999846518, 257068.315799999982119 ], [ 80055.536799999885261, 257071.935599999502301 ], [ 80055.467400000430644, 257073.018200000748038 ], [ 80055.372200000099838, 257074.334400000050664 ], [ 80054.211799999698997, 257076.81980000063777 ], [ 80052.886800000444055, 257080.422199999913573 ], [ 80052.886800000444055, 257084.49239999987185 ], [ 80054.133799999952316, 257086.986400000751019 ], [ 80056.68859999999404, 257088.744400000199676 ], [ 80058.844800000078976, 257089.471799999475479 ], [ 80062.230800000019372, 257089.549799999222159 ], [ 80068.413800000213087, 257089.471799999475479 ], [ 80076.848600000143051, 257089.229199999943376 ], [ 80079.836199999786913, 257089.350600000470877 ], [ 80080.658800000324845, 257089.385199999436736 ], [ 80082.260800000280142, 257089.809399999678135 ], [ 80082.806400000117719, 257089.948000000789762 ], [ 80085.360999999567866, 257090.026000000536442 ], [ 80088.123599999584258, 257089.861400000751019 ], [ 80089.240600000135601, 257089.783600000664592 ], [ 80092.384200000204146, 257089.229199999943376 ], [ 80094.938799999654293, 257087.791799999773502 ], [ 80097.251000000163913, 257085.860600000247359 ], [ 80100.151999999769032, 257084.49239999987185 ], [ 80103.122399999760091, 257083.62639999948442 ], [ 80104.43859999999404, 257084.267200000584126 ], [ 80105.763600000180304, 257085.462200000882149 ], [ 80108.240199999883771, 257087.549200000241399 ], [ 80109.980800000019372, 257088.588400000706315 ], [ 80111.557000000029802, 257088.190199999138713 ], [ 80115.757000000216067, 257087.947599999606609 ], [ 80119.394000000320375, 257087.471400000154972 ], [ 80123.611399999819696, 257086.674599999561906 ], [ 80126.832799999974668, 257086.492799999192357 ], [ 80128.400200000032783, 257086.986400000751019 ], [ 80129.309600000269711, 257088.432600000873208 ], [ 80131.621799999848008, 257091.316400000825524 ], [ 80134.514000000432134, 257093.308000000193715 ], [ 80134.834400000050664, 257093.767000000923872 ], [ 80137.24199999962002, 257097.161599999293685 ], [ 80140.212199999950826, 257100.11460000090301 ], [ 80143.606800000183284, 257102.29700000025332 ], [ 80148.716199999675155, 257104.522399999201298 ], [ 80152.188799999654293, 257105.25 ], [ 80155.245600000023842, 257105.405799999833107 ], [ 80157.635800000280142, 257105.163399999961257 ], [ 80161.359400000423193, 257103.249399999156594 ], [ 80166.893000000156462, 257098.599199999123812 ], [ 80167.456000000238419, 257098.174799999222159 ], [ 80171.266200000420213, 257095.239199999719858 ], [ 80173.665000000037253, 257094.269200000911951 ], [ 80175.570199999958277, 257094.113399999216199 ], [ 80179.042799999937415, 257095.403799999505281 ], [ 80183.251400000415742, 257097.074999999254942 ], [ 80187.477400000207126, 257098.200799999758601 ], [ 80192.673200000077486, 257097.802400000393391 ], [ 80196.552799999713898, 257095.317199999466538 ], [ 80200.181200000457466, 257092.268799999728799 ], [ 80202.251000000163913, 257090.190600000321865 ], [ 80204.736399999819696, 257088.744400000199676 ], [ 80207.135200000368059, 257088.831000000238419 ], [ 80210.018799999728799, 257088.744400000199676 ], [ 80213.491399999707937, 257088.588400000706315 ], [ 80216.712799999862909, 257088.26799999922514 ], [ 80218.115799999795854, 257087.627199999988079 ], [ 80218.860399999655783, 257085.9386 ], [ 80219.440600000321865, 257084.180600000545382 ], [ 80220.514399999752641, 257082.093599999323487 ], [ 80222.566800000146031, 257080.898600000888109 ], [ 80224.472000000067055, 257080.898600000888109 ], [ 80226.784199999645352, 257081.141000000759959 ], [ 80229.356200000271201, 257081.626000000163913 ], [ 80230.915000000037253, 257082.578600000590086 ], [ 80232.066599999554455, 257083.453199999406934 ], [ 80233.304999999701977, 257083.453199999406934 ], [ 80234.300800000317395, 257082.821000000461936 ], [ 80235.05420000012964, 257081.695199999958277 ], [ 80235.296799999661744, 257079.937400000169873 ], [ 80236.292600000277162, 257078.24860000051558 ], [ 80238.024600000120699, 257076.802400000393391 ], [ 80242.068799999542534, 257074.966600000858307 ], [ 80248.095999999903142, 257072.091600000858307 ], [ 80251.161600000225008, 257070.004599999636412 ], [ 80253.880599999800324, 257068.887399999424815 ], [ 80255.621199999935925, 257068.800799999386072 ], [ 80257.439799999818206, 257069.277200000360608 ], [ 80259.752000000327826, 257070.723400000482798 ], [ 80261.406000000424683, 257070.957200000062585 ], [ 80262.142199999652803, 257070.160399999469519 ], [ 80263.380400000140071, 257068.402400000020862 ], [ 80265.112399999983609, 257066.878399999812245 ], [ 80267.840200000442564, 257065.847799999639392 ], [ 80272.066200000233948, 257064.314999999478459 ], [ 80277.175599999725819, 257062.712999999523163 ], [ 80280.570199999958277, 257060.955000000074506 ], [ 80282.804399999789894, 257060.868400000035763 ], [ 80285.359000000171363, 257062.228000000119209 ], [ 80290.14780000038445, 257063.111400000751019 ], [ 80295.776800000108778, 257063.353800000622869 ], [ 80299.240600000135601, 257063.267200000584126 ], [ 80299.976800000295043, 257063.353800000622869 ], [ 80300.314399999566376, 257063.353800000622869 ], [ 80300.565600000321865, 257063.423200000077486 ], [ 80304.687599999830127, 257063.916799999773502 ], [ 80309.225399999879301, 257065.917199999094009 ], [ 80315.356599999591708, 257069.917999999597669 ], [ 80318.110399999655783, 257071.848999999463558 ], [ 80319.71239999961108, 257072.966199999675155 ], [ 80322.111200000159442, 257074.403799999505281 ], [ 80325.748399999924004, 257075.529400000348687 ], [ 80328.649400000460446, 257076.092399999499321 ], [ 80343.518199999816716, 257076.248199999332428 ], [ 80350.446000000461936, 257075.69400000013411 ], [ 80356.239400000311434, 257075.936599999666214 ], [ 80367.471199999563396, 257077.685799999162555 ], [ 80377.551199999637902, 257079.383199999108911 ], [ 80385.483599999919534, 257079.781400000676513 ], [ 80390.93059999961406, 257079.781400000676513 ], [ 80397.54660000000149, 257079.22719999961555 ], [ 80402.552000000141561, 257077.858999999240041 ], [ 80406.457600000314415, 257076.57740000076592 ], [ 80412.16440000012517, 257075.529400000348687 ], [ 80414.640999999828637, 257075.849999999627471 ], [ 80417.368999999947846, 257076.092399999499321 ], [ 80421.421799999661744, 257077.607799999415874 ], [ 80430.012199999764562, 257080.898600000888109 ], [ 80437.944600000046194, 257083.860200000926852 ], [ 80445.13219999987632, 257087.869799999520183 ], [ 80449.583399999886751, 257089.385199999436736 ], [ 80452.813400000333786, 257089.948000000789762 ], [ 80456.770999999716878, 257089.385199999436736 ], [ 80461.559799999929965, 257088.744400000199676 ], [ 80463.551599999889731, 257088.588400000706315 ], [ 80464.590800000354648, 257088.484600000083447 ], [ 80468.340400000102818, 257088.112199999392033 ], [ 80477.667000000365078, 257088.917600000277162 ], [ 80485.027800000272691, 257090.268400000408292 ], [ 80487.591199999675155, 257090.666799999773502 ], [ 80491.808600000105798, 257092.130400000140071 ], [ 80492.206799999810755, 257092.268799999728799 ], [ 80504.685600000433624, 257097.404200000688434 ], [ 80508.651800000108778, 257098.919600000604987 ], [ 80522.689399999566376, 257102.054400000721216 ], [ 80532.111200000159442, 257104.522399999201298 ], [ 80538.891800000332296, 257106.2804000005126 ], [ 80544.087600000202656, 257107.562000000849366 ], [ 80547.066599999554455, 257107.735200000926852 ], [ 80548.547399999573827, 257107.094399999827147 ], [ 80550.868400000035763, 257106.609400000423193 ], [ 80552.071999999694526, 257106.384400000795722 ], [ 80553.916600000113249, 257106.046599999070168 ], [ 80555.890999999828637, 257107.007799999788404 ], [ 80557.501799999736249, 257107.5793999992311 ], [ 80559.787999999709427, 257108.376000000163913 ], [ 80563.260400000028312, 257109.415200000628829 ], [ 80567.062199999578297, 257111.095200000330806 ], [ 80570.032399999909103, 257112.939799999818206 ], [ 80572.25800000037998, 257114.221400000154972 ], [ 80575.574799999594688, 257114.940199999138713 ], [ 80579.783400000073016, 257115.823599999770522 ], [ 80583.325199999846518, 257117.191800000146031 ], [ 80585.637400000356138, 257117.676799999549985 ], [ 80587.464599999599159, 257117.754599999636412 ], [ 80588.953999999910593, 257117.832599999383092 ], [ 80591.430800000205636, 257118.629200000315905 ], [ 80592.859600000083447, 257119.867599999532104 ], [ 80594.487599999643862, 257121.746799999848008 ], [ 80594.487599999643862, 257123.357599999755621 ], [ 80594.565600000321865, 257127.03800000064075 ], [ 80595.466199999675155, 257130.077600000426173 ], [ 80597.544599999673665, 257131.67960000038147 ], [ 80600.506199999712408, 257133.76659999974072 ], [ 80603.571800000034273, 257134.485400000587106 ], [ 80605.54619999974966, 257134.650000000372529 ], [ 80607.945000000298023, 257134.892400000244379 ], [ 80610.430399999953806, 257136.563799999654293 ], [ 80613.071600000374019, 257139.049000000581145 ], [ 80615.877399999648333, 257141.144799999892712 ], [ 80618.362800000235438, 257142.417799999937415 ], [ 80620.345800000242889, 257142.660199999809265 ], [ 80622.649400000460446, 257142.660199999809265 ], [ 80625.004800000227988, 257142.339800000190735 ], [ 80626.78000000026077, 257142.097400000318885 ], [ 80631.083999999798834, 257141.378599999472499 ], [ 80632.729399999603629, 257141.456599999219179 ], [ 80635.292600000277162, 257141.698999999091029 ], [ 80637.942599999718368, 257142.339800000190735 ], [ 80641.08600000012666, 257142.902599999681115 ], [ 80645.208200000226498, 257143.214400000870228 ], [ 80650.577200000174344, 257143.301000000908971 ], [ 80653.05379999987781, 257142.902599999681115 ], [ 80654.863800000399351, 257141.854800000786781 ], [ 80657.011400000192225, 257140.980200000107288 ], [ 80658.58739999961108, 257140.573200000450015 ], [ 80662.47580000013113, 257140.096999999135733 ], [ 80668.087199999950826, 257139.057800000533462 ], [ 80673.716199999675155, 257137.126599999144673 ], [ 80675.361600000411272, 257136.252000000327826 ], [ 80679.708800000138581, 257134.00899999961257 ], [ 80681.882399999536574, 257132.892000000923872 ], [ 80686.757799999788404, 257129.757200000807643 ], [ 80687.996199999935925, 257129.038399999961257 ], [ 80690.983799999579787, 257128.319599999114871 ], [ 80691.295599999837577, 257128.232999999076128 ], [ 80691.979600000195205, 257127.704800000414252 ], [ 80697.166799999773502, 257123.582599999383092 ], [ 80705.108000000007451, 257116.706800000742078 ], [ 80707.653800000436604, 257115.026799999177456 ], [ 80708.987399999983609, 257114.143600000068545 ], [ 80711.455599999986589, 257113.580600000917912 ], [ 80714.850200000219047, 257113.026399999856949 ], [ 80718.314000000245869, 257111.441600000485778 ], [ 80721.700000000186265, 257109.900200000032783 ], [ 80727.47620000038296, 257107.406199999153614 ], [ 80735.824199999682605, 257103.64780000038445 ], [ 80746.146599999628961, 257098.200799999758601 ], [ 80750.121600000187755, 257095.074599999934435 ], [ 80754.174200000241399, 257091.628000000491738 ], [ 80757.464999999850988, 257087.315400000661612 ], [ 80760.123599999584258, 257083.695599999278784 ], [ 80761.846800000406802, 257080.344399999827147 ], [ 80763.223799999803305, 257076.923800000920892 ], [ 80763.916600000113249, 257075.209000000730157 ], [ 80764.661399999633431, 257073.60700000077486 ], [ 80765.492600000463426, 257071.848999999463558 ], [ 80768.705400000326335, 257068.160000000149012 ], [ 80772.844800000078976, 257063.206599999219179 ], [ 80776.793600000441074, 257058.954600000753999 ], [ 80782.171400000341237, 257052.139399999752641 ], [ 80791.506599999964237, 257038.041200000792742 ], [ 80793.74959999974817, 257034.334799999371171 ], [ 80797.611800000071526, 257031.554999999701977 ], [ 80799.690200000070035, 257029.55460000038147 ], [ 80801.422199999913573, 257029.06980000063777 ], [ 80803.734199999831617, 257030.022199999541044 ], [ 80806.617999999783933, 257030.022199999541044 ], [ 80806.7652000002563, 257029.95299999974668 ], [ 80808.436599999666214, 257029.06980000063777 ], [ 80810.514999999664724, 257028.10840000025928 ], [ 80812.66260000038892, 257028.42879999987781 ], [ 80814.966000000014901, 257029.623999999836087 ], [ 80818.014200000092387, 257031.312599999830127 ], [ 80820.83739999961108, 257031.780200000852346 ], [ 80822.985000000335276, 257031.624399999156594 ], [ 80825.963999999687076, 257030.593800000846386 ], [ 80827.938400000333786, 257030.593800000846386 ], [ 80830.328599999658763, 257030.992200000211596 ], [ 80833.472000000067055, 257031.381799999624491 ], [ 80835.870799999684095, 257031.312599999830127 ], [ 80839.083599999547005, 257030.749800000339746 ], [ 80845.370600000023842, 257028.983200000599027 ], [ 80848.011800000444055, 257026.272600000724196 ], [ 80849.908400000073016, 257021.700200000777841 ], [ 80851.146599999628961, 257017.941800000146031 ], [ 80853.883200000040233, 257014.651200000196695 ], [ 80857.173799999989569, 257012.044600000604987 ], [ 80862.300400000065565, 257008.000399999320507 ], [ 80867.76480000000447, 257003.757200000807643 ], [ 80869.739199999719858, 257001.03800000064075 ], [ 80870.406000000424683, 256999.998800000175834 ], [ 80872.051400000229478, 256997.426799999549985 ], [ 80876.762400000356138, 256991.581399999558926 ], [ 80882.86739999987185, 256985.484999999403954 ], [ 80886.002399999648333, 256983.250800000503659 ], [ 80889.812599999830127, 256980.687400000169873 ], [ 80891.968999999575317, 256979.7347999997437 ], [ 80893.614199999719858, 256979.327800000086427 ], [ 80896.497999999672174, 256979.327800000086427 ], [ 80899.918600000441074, 256979.189200000837445 ], [ 80900.472799999639392, 256979.17200000025332 ], [ 80903.356599999591708, 256978.279999999329448 ], [ 80905.668800000101328, 256977.32740000076592 ], [ 80908.569799999706447, 256975.725400000810623 ], [ 80911.21100000012666, 256974.755400000140071 ], [ 80913.523199999704957, 256974.201199999079108 ], [ 80915.748800000175834, 256973.802799999713898 ], [ 80918.970200000330806, 256973.560399999842048 ], [ 80921.775999999605119, 256973.473799999803305 ], [ 80923.767799999564886, 256972.755000000819564 ], [ 80927.404799999669194, 256970.676799999549985 ], [ 80931.942599999718368, 256967.550599999725819 ], [ 80936.064600000157952, 256964.753399999812245 ], [ 80938.645200000144541, 256963.393799999728799 ], [ 80942.343000000342727, 256961.064400000497699 ], [ 80947.131799999624491, 256958.258600000292063 ], [ 80949.617200000211596, 256956.578600000590086 ], [ 80953.514000000432134, 256953.5304000005126 ], [ 80956.311200000345707, 256951.287399999797344 ], [ 80958.303000000305474, 256949.849999999627471 ], [ 80961.19539999961853, 256948.161199999973178 ], [ 80963.836600000038743, 256945.355399999767542 ], [ 80965.802400000393391, 256943.684200000017881 ], [ 80971.179999999701977, 256940.393400000408292 ], [ 80973.500799999572337, 256939.033800000324845 ], [ 80979.935200000181794, 256934.236400000751019 ], [ 80984.724000000394881, 256930.304800000041723 ], [ 80989.105800000019372, 256926.615599999204278 ], [ 80991.417999999597669, 256925.013599999248981 ], [ 80993.808199999853969, 256923.965800000354648 ], [ 80995.973000000230968, 256923.324999999254942 ], [ 80997.445199999958277, 256922.926599999889731 ], [ 80998.449799999594688, 256922.614800000563264 ], [ 80999.592799999751151, 256921.012800000607967 ], [ 81001.749200000427663, 256918.215600000694394 ], [ 81003.481200000271201, 256915.634999999776483 ], [ 81005.221800000406802, 256914.041600000113249 ], [ 81007.369400000199676, 256912.924599999561906 ], [ 81011.171000000089407, 256911.166600000113249 ], [ 81019.354600000195205, 256907.070599999278784 ], [ 81021.735999999567866, 256905.94480000063777 ], [ 81024.550400000065565, 256905.234600000083447 ], [ 81026.533400000073016, 256904.593800000846386 ], [ 81028.525200000032783, 256904.429199999198318 ], [ 81029.746199999935925, 256904.030999999493361 ], [ 81030.742200000211596, 256903.31220000050962 ], [ 81031.642799999564886, 256902.584799999371171 ], [ 81032.976400000043213, 256901.779400000348687 ], [ 81034.457200000062585, 256901.779400000348687 ], [ 81035.868800000287592, 256902.1864 ], [ 81037.184999999590218, 256903.3902000002563 ], [ 81038.761199999600649, 256906.516400000080466 ], [ 81040.492999999783933, 256913.158399999141693 ], [ 81042.649400000460446, 256919.168199999257922 ], [ 81044.45920000039041, 256921.090800000354648 ], [ 81045.853400000371039, 256922.051999999210238 ], [ 81047.516200000420213, 256922.207800000905991 ], [ 81050.408599999733269, 256922.207800000905991 ], [ 81052.140399999916553, 256922.614800000563264 ], [ 81053.958999999798834, 256923.810000000521541 ], [ 81056.106599999591708, 256925.81900000013411 ], [ 81060.142199999652803, 256929.57740000076592 ], [ 81066.099999999627471, 256936.236800000071526 ], [ 81068.169800000265241, 256939.345599999651313 ], [ 81070.975599999539554, 256943.285800000652671 ], [ 81072.707399999722838, 256944.879200000315905 ], [ 81074.448200000450015, 256947.199999999254942 ], [ 81077.011400000192225, 256951.044999999925494 ], [ 81081.722400000318885, 256959.375600000843406 ], [ 81085.27280000038445, 256963.471799999475479 ], [ 81090.468799999915063, 256969.152599999681115 ], [ 81093.525600000284612, 256972.512599999085069 ], [ 81095.101800000295043, 256975.318399999290705 ], [ 81097.491799999959767, 256982.44539999961853 ], [ 81099.154600000008941, 256985.90059999935329 ], [ 81101.137600000016391, 256991.174399999901652 ], [ 81102.782999999821186, 256996.465600000694394 ], [ 81104.566800000146031, 256999.998800000175834 ], [ 81104.757399999536574, 257000.388399999588728 ], [ 81109.139200000092387, 257005.601600000634789 ], [ 81115.997800000011921, 257014.330800000578165 ], [ 81118.881599999964237, 257018.262199999764562 ], [ 81119.799399999901652, 257020.262599999085069 ], [ 81120.717400000430644, 257023.943199999630451 ], [ 81122.613800000399351, 257026.584400000050664 ], [ 81125.419599999673665, 257028.671399999409914 ], [ 81129.134800000116229, 257029.866399999707937 ], [ 81131.36019999999553, 257030.108799999579787 ], [ 81133.75899999961257, 257030.108799999579787 ], [ 81137.725200000219047, 257029.71059999987483 ], [ 81144.982200000435114, 257028.030600000172853 ], [ 81152.42960000038147, 257027.069199999794364 ], [ 81160.690999999642372, 257026.194599999114871 ], [ 81170.692999999970198, 257025.3114 ], [ 81177.300400000065565, 257025.068800000473857 ], [ 81183.154600000008941, 257025.1554000005126 ], [ 81197.287200000137091, 257025.467199999839067 ], [ 81201.417999999597669, 257025.467199999839067 ], [ 81203.808199999853969, 257024.99100000038743 ], [ 81216.945000000298023, 257021.223999999463558 ], [ 81224.963999999687076, 257018.981000000610948 ], [ 81230.168600000441074, 257017.223200000822544 ], [ 81233.078200000338256, 257015.950200000777841 ], [ 81233.468000000342727, 257015.768200000748038 ], [ 81239.166000000201166, 257012.971200000494719 ], [ 81244.206000000238419, 257009.77559999935329 ], [ 81249.951799999922514, 257004.83530000038445 ], [ 81252.069199999794364, 257002.718000000342727 ], [ 81253.047799999825656, 257001.756799999624491 ], [ 81254.121600000187755, 257001.756799999624491 ], [ 81255.532999999821186, 257002.718000000342727 ], [ 81256.858000000007451, 257003.44539999961853 ], [ 81257.585400000214577, 257003.44539999961853 ], [ 81259.326000000350177, 257002.960400000214577 ], [ 81261.058000000193715, 257001.843399999663234 ], [ 81262.815999999642372, 256999.998800000175834 ], [ 81265.197399999946356, 256997.513399999588728 ], [ 81266.678199999965727, 256996.309800000861287 ], [ 81268.081199999898672, 256995.582200000062585 ], [ 81270.237399999983609, 256994.153400000184774 ], [ 81273.865799999795854, 256991.260999999940395 ], [ 81275.849000000394881, 256990.135199999436736 ], [ 81276.922799999825656, 256989.658999999985099 ], [ 81278.403599999845028, 256989.416600000113249 ], [ 81280.317400000058115, 256989.416600000113249 ], [ 81285.357400000095367, 256987.424799999222159 ], [ 81288.7347999997437, 256986.212400000542402 ], [ 81292.614400000311434, 256985.883400000631809 ], [ 81297.082799999974668, 256985.484999999403954 ], [ 81302.529799999669194, 256985.173200000077486 ], [ 81308.150000000372529, 256984.774800000712276 ], [ 81312.029600000008941, 256983.649000000208616 ], [ 81315.597400000318885, 256982.341399999335408 ], [ 81317.268799999728799, 256981.744000000879169 ], [ 81318.394600000232458, 256981.328199999406934 ], [ 81321.044400000013411, 256979.977399999275804 ], [ 81322.906200000084937, 256979.111400000751019 ], [ 81327.305399999953806, 256984.4543999992311 ], [ 81330.570199999958277, 256986.913799999281764 ], [ 81332.847799999639392, 256988.619799999520183 ], [ 81338.381400000303984, 256992.144400000572205 ], [ 81344.330599999986589, 256995.11460000090301 ], [ 81349.214800000190735, 256996.794600000604987 ], [ 81353.501400000415742, 256999.59180000051856 ], [ 81354.107599999755621, 256999.998800000175834 ], [ 81360.775600000284612, 257004.562400000169873 ], [ 81367.963200000114739, 257010.165400000289083 ], [ 81370.855600000359118, 257012.009999999776483 ], [ 81373.410199999809265, 257013.369400000199676 ], [ 81374.570600000210106, 257013.447399999946356 ], [ 81375.809000000357628, 257013.369400000199676 ], [ 81378.779199999757111, 257012.893200000748038 ], [ 81380.606399999931455, 257012.962400000542402 ], [ 81382.581000000238419, 257013.369400000199676 ], [ 81384.737200000323355, 257014.884999999776483 ], [ 81386.460400000214577, 257014.971599999815226 ], [ 81388.937199999578297, 257014.971599999815226 ], [ 81391.994199999608099, 257015.447799999266863 ], [ 81394.228400000371039, 257015.932800000533462 ], [ 81397.207200000062585, 257016.495600000023842 ], [ 81400.264200000092387, 257016.582200000062585 ], [ 81402.732200000435114, 257016.400399999693036 ], [ 81405.96239999961108, 257015.213999999687076 ], [ 81409.097199999727309, 257013.049000000581145 ], [ 81415.791199999861419, 257007.757999999448657 ], [ 81419.428399999625981, 257005.116800000891089 ], [ 81424.54619999974966, 257002.077199999243021 ], [ 81427.767799999564886, 257000.310599999502301 ], [ 81428.798200000077486, 256999.998800000175834 ], [ 81431.976400000043213, 256999.028799999505281 ], [ 81434.868800000287592, 256998.396800000220537 ], [ 81436.938400000333786, 256998.639200000092387 ], [ 81439.094800000078976, 256999.747600000351667 ], [ 81439.597000000067055, 256999.998800000175834 ], [ 81441.398199999704957, 257000.864800000563264 ], [ 81443.883600000292063, 257002.085799999535084 ], [ 81445.935999999754131, 257002.241599999368191 ], [ 81451.885200000368059, 257002.397600000724196 ], [ 81454.699599999934435, 257002.397600000724196 ], [ 81454.976800000295043, 257002.553400000557303 ], [ 81456.855999999679625, 257003.514599999412894 ], [ 81458.908400000073016, 257003.679199999198318 ], [ 81462.623399999924004, 257003.679199999198318 ], [ 81467.75, 257004.960799999535084 ], [ 81470.642400000244379, 257006.07799999974668 ], [ 81472.045199999585748, 257006.086600000038743 ], [ 81474.279400000348687, 257005.844200000166893 ], [ 81476.427000000141561, 257005.844200000166893 ], [ 81479.561999999918044, 257006.640799999237061 ], [ 81486.082799999974668, 257009.039599999785423 ], [ 81489.96239999961108, 257010.7195999994874 ], [ 81491.373800000175834, 257011.204600000753999 ], [ 81494.430800000205636, 257011.204600000753999 ], [ 81499.557400000281632, 257011.603000000119209 ], [ 81509.724000000394881, 257013.689999999478459 ], [ 81514.010599999688566, 257014.244200000539422 ], [ 81516.496000000275671, 257014.408600000664592 ], [ 81517.405199999921024, 257014.244200000539422 ], [ 81518.721599999815226, 257013.291600000113249 ], [ 81521.120199999772012, 257011.135199999436736 ], [ 81522.60120000038296, 257010.087400000542402 ], [ 81525.909199999645352, 257009.368599999696016 ], [ 81529.788800000213087, 257009.77559999935329 ], [ 81533.183400000445545, 257010.330000000074506 ], [ 81539.21059999987483, 257012.252399999648333 ], [ 81545.064600000157952, 257013.689999999478459 ], [ 81550.355800000019372, 257014.815600000321865 ], [ 81556.556200000457466, 257015.291999999433756 ], [ 81560.600200000219047, 257015.768200000748038 ], [ 81564.826200000010431, 257016.980599999427795 ], [ 81568.541400000452995, 257018.495999999344349 ], [ 81571.511599999852479, 257020.661000000312924 ], [ 81573.901800000108778, 257023.458200000226498 ], [ 81577.287800000049174, 257026.107999999076128 ], [ 81579.937599999830127, 257027.710200000554323 ], [ 81582.57880000025034, 257028.350999999791384 ], [ 81584.310800000093877, 257028.913799999281764 ], [ 81587.038599999621511, 257028.913799999281764 ], [ 81590.433199999853969, 257028.827199999243021 ], [ 81593.568199999630451, 257028.42879999987781 ], [ 81596.131400000303984, 257028.42879999987781 ], [ 81599.101800000295043, 257029.225600000470877 ], [ 81603.639399999752641, 257030.351399999111891 ], [ 81605.622600000351667, 257030.827600000426173 ], [ 81608.765999999828637, 257032.109200000762939 ], [ 81614.879800000227988, 257035.001599999144673 ], [ 81621.651800000108778, 257038.837999999523163 ], [ 81626.934399999678135, 257040.448599999770522 ], [ 81629.341799999587238, 257040.691199999302626 ], [ 81631.567400000058115, 257040.604599999263883 ], [ 81634.139200000092387, 257040.137000000104308 ], [ 81637.75899999961257, 257038.439600000157952 ], [ 81641.075799999758601, 257036.11879999935627 ], [ 81646.52280000038445, 257029.866399999707937 ], [ 81648.999400000087917, 257027.311799999326468 ], [ 81650.324400000274181, 257026.671000000089407 ], [ 81652.627999999560416, 257026.107999999076128 ], [ 81659.243999999947846, 257024.419399999082088 ], [ 81668.908400000073016, 257021.700200000777841 ], [ 81673.861800000071526, 257020.816999999806285 ], [ 81675.091400000266731, 257018.825200000777841 ], [ 81676.173999999649823, 257015.603800000622869 ], [ 81676.918600000441074, 257015.049399999901652 ], [ 81679.075000000186265, 257013.845799999311566 ], [ 81682.790000000037253, 257011.533600000664592 ], [ 81686.340400000102818, 257009.680400000885129 ], [ 81689.890999999828637, 257007.117200000211596 ], [ 81692.038599999621511, 257005.75760000012815 ], [ 81695.086799999698997, 257004.398000000044703 ], [ 81697.658800000324845, 257001.990599999204278 ], [ 81698.802000000141561, 257000.232599999755621 ], [ 81698.879800000227988, 256999.998800000175834 ], [ 81700.629200000315905, 256993.902200000360608 ], [ 81701.94539999961853, 256986.931199999526143 ], [ 81703.928600000217557, 256983.415200000628829 ], [ 81705.591199999675155, 256981.813200000673532 ], [ 81708.812599999830127, 256979.96000000089407 ], [ 81713.099200000055134, 256978.765000000596046 ], [ 81715.826999999582767, 256977.08500000089407 ], [ 81717.654400000348687, 256976.521999999880791 ], [ 81720.61600000038743, 256975.63880000077188 ], [ 81724.010599999688566, 256974.599600000306964 ], [ 81730.037800000049174, 256973.317999999970198 ], [ 81731.865000000223517, 256972.997600000351667 ], [ 81733.761599999852479, 256972.270199999213219 ], [ 81736.654000000096858, 256969.706800000742078 ], [ 81739.866600000299513, 256966.667199999094009 ], [ 81742.837000000290573, 256962.8136 ], [ 81745.31359999999404, 256959.375600000843406 ], [ 81748.388000000268221, 256955.288200000301003 ], [ 81750.440200000070035, 256952.724999999627471 ], [ 81753.090200000442564, 256950.490800000727177 ], [ 81755.982599999755621, 256948.559599999338388 ], [ 81757.792399999685585, 256946.394600000232458 ], [ 81759.862200000323355, 256942.800799999386072 ], [ 81761.836600000038743, 256939.510199999436736 ], [ 81763.075000000186265, 256937.665599999949336 ], [ 81765.066599999554455, 256936.30599999986589 ], [ 81766.876600000075996, 256935.024399999529123 ], [ 81768.868400000035763, 256933.413599999621511 ], [ 81770.678199999965727, 256928.780600000172853 ], [ 81771.838600000366569, 256925.723799999803305 ], [ 81773.899600000120699, 256923.082399999722838 ], [ 81775.467000000178814, 256921.090800000354648 ], [ 81776.13399999961257, 256919.731200000271201 ], [ 81776.384999999776483, 256917.63539999909699 ], [ 81776.13399999961257, 256915.167400000616908 ], [ 81775.233199999667704, 256913.322799999266863 ], [ 81774.479799999855459, 256910.673000000417233 ], [ 81774.150799999944866, 256907.468800000846386 ], [ 81774.652999999932945, 256905.0614 ], [ 81776.454400000162423, 256902.818600000813603 ], [ 81779.104199999943376, 256899.545199999585748 ], [ 81782.169800000265241, 256896.254399999976158 ], [ 81784.395399999804795, 256892.807800000533462 ], [ 81785.971400000154972, 256888.807000000029802 ], [ 81788.196999999694526, 256884.07880000025034 ], [ 81789.608599999919534, 256882.234200000762939 ], [ 81790.760200000368059, 256881.030600000172853 ], [ 81793.652599999681115, 256879.350600000470877 ], [ 81799.679800000041723, 256876.631400000303984 ], [ 81805.456000000238419, 256872.301400000229478 ], [ 81823.80599999986589, 256857.640399999916553 ], [ 81827.096800000406802, 256854.999199999496341 ], [ 81836.691800000146031, 256847.387199999764562 ], [ 81842.225399999879301, 256843.611600000411272 ], [ 81848.252600000239909, 256839.697399999946356 ], [ 81853.457200000062585, 256835.930400000885129 ], [ 81858.652999999932945, 256831.531199999153614 ], [ 81863.875, 256827.045399999246001 ], [ 81872.127799999900162, 256821.199999999254942 ], [ 81875.002799999900162, 256819.035000000149012 ], [ 81879.722400000318885, 256815.510600000619888 ], [ 81881.211799999698997, 256814.228800000622869 ], [ 81882.536799999885261, 256813.917199999094009 ], [ 81883.68859999999404, 256813.917199999094009 ], [ 81885.758200000040233, 256813.986400000751019 ], [ 81891.04079999960959, 256814.956199999898672 ], [ 81895.751600000075996, 256816.229199999943376 ], [ 81897.570199999958277, 256817.026000000536442 ], [ 81900.376000000163913, 256818.550200000405312 ], [ 81904.264200000092387, 256821.60700000077486 ], [ 81912.854799999855459, 256827.842000000178814 ], [ 81919.45339999999851, 256832.405799999833107 ], [ 81920.778400000184774, 256833.046599999070168 ], [ 81922.103400000371039, 256833.367000000551343 ], [ 81924.580000000074506, 256833.367000000551343 ], [ 81928.295199999585748, 256832.578999999910593 ], [ 81934.002000000327826, 256830.9682 ], [ 81937.717000000178814, 256828.803400000557303 ], [ 81940.202399999834597, 256826.880799999460578 ], [ 81943.008200000040233, 256822.074599999934435 ], [ 81949.451000000350177, 256813.5793999992311 ], [ 81955.815999999642372, 256807.422199999913573 ], [ 81958.950799999758601, 256804.92820000089705 ], [ 81961.834599999710917, 256803.57740000076592 ], [ 81965.393799999728799, 256799.091600000858307 ], [ 81968.121600000187755, 256794.675000000745058 ], [ 81970.684799999929965, 256791.15059999935329 ], [ 81974.477800000458956, 256788.665200000628829 ], [ 81979.595800000242889, 256784.430600000545382 ], [ 81983.899600000120699, 256780.421000000089407 ], [ 81984.973399999551475, 256778.74100000038743 ], [ 81984.809000000357628, 256777.468000000342727 ], [ 81984.064199999906123, 256776.498199999332428 ], [ 81982.583399999886751, 256775.848600000143051 ], [ 81981.336400000378489, 256774.973999999463558 ], [ 81980.435800000093877, 256773.926200000569224 ], [ 81980.76480000000447, 256772.090399999171495 ], [ 81981.085199999623001, 256770.817399999126792 ], [ 81981.57880000025034, 256769.293199999257922 ], [ 81983.39740000013262, 256767.595799999311566 ], [ 81985.709599999710917, 256764.322399999946356 ], [ 81988.359400000423193, 256760.711400000378489 ], [ 81991.078599999658763, 256758.390599999576807 ], [ 81993.564000000245869, 256756.63260000012815 ], [ 81998.439399999566376, 256754.069199999794364 ], [ 82002.396999999880791, 256752.700999999418855 ], [ 82006.120799999684095, 256751.973600000143051 ], [ 82008.510800000280142, 256751.973600000143051 ], [ 82010.736399999819696, 256752.302600000053644 ], [ 82013.065799999982119, 256753.662200000137091 ], [ 82016.93680000025779, 256756.63260000012815 ], [ 82022.305800000205636, 256760.95380000025034 ], [ 82024.28899999987334, 256762.244200000539422 ], [ 82025.856399999931455, 256762.400000000372529 ], [ 82029.831199999898672, 256762.244200000539422 ], [ 82032.879399999976158, 256762.7204 ], [ 82038.083999999798834, 256764.400399999693036 ], [ 82043.539599999785423, 256766.080399999395013 ], [ 82049.817999999970198, 256767.439999999478459 ], [ 82056.754599999636412, 256768.565799999982119 ], [ 82061.049800000153482, 256770.003399999812245 ], [ 82064.68680000025779, 256772.176999999210238 ], [ 82071.381000000052154, 256775.216600000858307 ], [ 82072.870400000363588, 256776.420199999585748 ], [ 82073.199400000274181, 256777.693199999630451 ], [ 82072.957000000402331, 256779.624399999156594 ], [ 82072.368200000375509, 256780.975199999287724 ], [ 82070.887400000356138, 256782.664000000804663 ], [ 82068.652999999932945, 256785.313799999654293 ], [ 82067.42339999973774, 256788.665200000628829 ], [ 82067.830400000326335, 256792.198400000110269 ], [ 82069.47580000013113, 256793.800400000065565 ], [ 82072.368200000375509, 256795.160000000149012 ], [ 82078.066200000233948, 256797.957200000062585 ], [ 82083.859600000083447, 256801.888599999248981 ], [ 82089.228799999691546, 256804.755000000819564 ], [ 82091.177199999801815, 256805.794199999421835 ], [ 81978.71239999961108, 256999.998800000175834 ], [ 81875.002799999900162, 257179.100600000470877 ], [ 81768.608599999919534, 257362.809599999338388 ], [ 81689.206799999810755, 257500.006599999964237 ], [ 81559.829599999822676, 257723.524599999189377 ], [ 81465.333800000138581, 257886.753000000491738 ], [ 81375.834999999962747, 257985.829800000414252 ], [ 81370.57839999999851, 257999.997199999168515 ], [ 81347.950400000438094, 258061.031400000676513 ], [ 81347.933000000193715, 258126.100999999791384 ], [ 81351.180399999953806, 258127.893600000068545 ], [ 81354.999400000087917, 258129.365800000727177 ], [ 81357.40679999999702, 258131.270999999716878 ], [ 81359.182199999690056, 258133.158800000324845 ], [ 81359.632399999536574, 258135.401599999517202 ], [ 81363.191599999554455, 258143.083000000566244 ], [ 81364.075000000186265, 258145.672199999913573 ], [ 81363.988400000147521, 258147.222400000318885 ], [ 81363.815200000070035, 258149.551799999549985 ], [ 81363.451399999670684, 258152.314200000837445 ], [ 81363.356200000271201, 258154.981399999931455 ], [ 81363.988400000147521, 258157.484200000762939 ], [ 81364.152800000272691, 258160.671000000089407 ], [ 81364.611800000071526, 258167.737400000914931 ], [ 81366.023400000296533, 258170.932800000533462 ], [ 81368.171000000089407, 258173.262399999424815 ], [ 81371.375199999660254, 258175.669800000265241 ], [ 81374.388799999840558, 258177.739399999380112 ], [ 81377.497600000351667, 258178.691999999806285 ], [ 81381.766800000332296, 258179.904400000348687 ], [ 81385.152800000272691, 258181.09940000064671 ], [ 81387.369800000451505, 258182.995999999344349 ], [ 81388.443599999882281, 258185.663200000301003 ], [ 81388.616799999959767, 258187.394999999552965 ], [ 81389.153599999845028, 258192.045399999246001 ], [ 81389.950400000438094, 258199.726600000634789 ], [ 81391.283999999985099, 258202.402599999681115 ], [ 81392.44440000038594, 258203.259800000116229 ], [ 81394.747999999672174, 258204.377000000327826 ], [ 81397.605600000359118, 258205.935799999162555 ], [ 81398.393600000068545, 258206.888199999928474 ], [ 81399.112399999983609, 258208.3432 ], [ 81399.47620000038296, 258210.507999999448657 ], [ 81400.437400000169873, 258217.487800000235438 ], [ 81402.221400000154972, 258227.923000000417233 ], [ 81403.64159999974072, 258235.335799999535084 ], [ 81404.36019999999553, 258239.050799999386072 ], [ 81404.36019999999553, 258239.994599999859929 ], [ 81402.221400000154972, 258242.402000000700355 ], [ 81400.437400000169873, 258244.904799999669194 ], [ 81400.082399999722838, 258247.147600000724196 ], [ 81400.177600000053644, 258251.460200000554323 ], [ 81399.285600000061095, 258253.096999999135733 ], [ 81397.328599999658763, 258255.764200000092387 ], [ 81394.938400000333786, 258260.431800000369549 ], [ 81394.678600000217557, 258264.874199999496341 ], [ 81394.236999999731779, 258268.156400000676513 ], [ 81392.894799999892712, 258274.703199999406934 ], [ 81390.773000000044703, 258281.336600000038743 ], [ 81388.807199999690056, 258285.484600000083447 ], [ 81385.966799999587238, 258288.92259999923408 ], [ 81382.502999999560416, 258293.503599999472499 ], [ 81380.190799999982119, 258296.266000000759959 ], [ 81374.847799999639392, 258301.51380000077188 ], [ 81366.586199999786913, 258310.745200000703335 ], [ 81364.707000000402331, 258312.632999999448657 ], [ 81363.295599999837577, 258315.066400000825524 ], [ 81362.308400000445545, 258317.993400000035763 ], [ 81361.962000000290573, 258325.839199999347329 ], [ 81361.962000000290573, 258330.584799999371171 ], [ 81362.845200000330806, 258335.572799999266863 ], [ 81363.373399999924004, 258338.517200000584126 ], [ 81363.200199999846518, 258341.097799999639392 ], [ 81362.308400000445545, 258343.176200000569224 ], [ 81360.446399999782443, 258345.747999999672174 ], [ 81357.069199999794364, 258350.839999999850988 ], [ 81348.158200000412762, 258390.605799999088049 ], [ 81329.626199999824166, 258413.181800000369549 ], [ 81330.015999999828637, 258416.472599999979138 ], [ 81330.206399999558926, 258418.230599999427795 ], [ 81329.427000000141561, 258423.64299999922514 ], [ 81327.608599999919534, 258427.453199999406934 ], [ 81325.14919999986887, 258432.172800000756979 ], [ 81322.966799999587238, 258436.753799999132752 ], [ 81321.139600000344217, 258441.066400000825524 ], [ 81318.524400000460446, 258446.236400000751019 ], [ 81314.774799999780953, 258452.566600000485778 ], [ 81311.371399999596179, 258457.563400000333786 ], [ 81307.708399999886751, 258462.542799999937415 ], [ 81302.30460000038147, 258469.228000000119209 ], [ 81298.113199999555945, 258474.978199999779463 ], [ 81294.536799999885261, 258482.338999999687076 ], [ 81292.441200000233948, 258488.522199999541044 ], [ 81290.873599999584258, 258494.644600000232458 ], [ 81290.795800000429153, 258495.034199999645352 ], [ 81289.938400000333786, 258499.996400000527501 ], [ 81288.777999999932945, 258506.872199999168515 ], [ 81286.777599999681115, 258531.821000000461936 ], [ 81286.422600000165403, 258535.120400000363588 ], [ 81282.664200000464916, 258556.276399999856949 ], [ 81278.914599999785423, 258570.383199999108911 ], [ 81276.567800000309944, 258580.705600000917912 ], [ 81271.588399999774992, 258595.522600000724196 ], [ 81267.925200000405312, 258606.425200000405312 ], [ 81267.232400000095367, 258608.191800000146031 ], [ 81265.396599999628961, 258612.859400000423193 ], [ 81260.243999999947846, 258623.017400000244379 ], [ 81255.455199999734759, 258631.29619999974966 ], [ 81251.705400000326335, 258638.059399999678135 ], [ 81249.999400000087917, 258641.246200000867248 ], [ 81247.869199999608099, 258645.246999999508262 ], [ 81246.379599999636412, 258651.681199999526143 ], [ 81245.418399999849498, 258656.573999999091029 ], [ 81244.985399999655783, 258663.008199999108911 ], [ 81245.071999999694526, 258671.720000000670552 ], [ 81246.033200000412762, 258681.375800000503659 ], [ 81246.206399999558926, 258685.342000000178814 ], [ 81247.436200000345707, 258691.603000000119209 ], [ 81248.224200000055134, 258694.694399999454618 ], [ 81249.090200000442564, 258698.115000000223517 ], [ 81249.999400000087917, 258702.35840000025928 ], [ 81250.744199999608099, 258705.804999999701977 ], [ 81250.830799999646842, 258708.76659999974072 ], [ 81250.571000000461936, 258711.225999999791384 ], [ 81249.999400000087917, 258712.412399999797344 ], [ 81249.436599999666214, 258713.590199999511242 ], [ 81247.860399999655783, 258716.473799999803305 ], [ 81246.292999999597669, 258720.197599999606609 ], [ 81245.331799999810755, 258724.172399999573827 ], [ 81244.985399999655783, 258730.849199999123812 ], [ 81245.331799999810755, 258734.399599999189377 ], [ 81245.600200000219047, 258755.122600000351667 ], [ 81245.938000000081956, 258765.11600000038743 ], [ 81246.119800000451505, 258769.83559999987483 ], [ 81245.513600000180304, 258773.134800000116229 ], [ 81244.639000000432134, 258774.996799999848008 ], [ 81241.408999999985099, 258776.69400000013411 ], [ 81236.871199999935925, 258779.646999999880791 ], [ 81230.774799999780953, 258784.219399999827147 ], [ 81228.670400000177324, 258786.341000000014901 ], [ 81227.804399999789894, 258788.272199999541044 ], [ 81227.449400000274181, 258792.757999999448657 ], [ 81227.804399999789894, 258804.439999999478459 ], [ 81227.804399999789894, 258805.7043999992311 ], [ 81227.536000000312924, 258807.817399999126792 ], [ 81225.96860000025481, 258810.943600000813603 ], [ 81223.786199999973178, 258813.983200000599027 ], [ 81219.248599999584258, 258819.490800000727177 ], [ 81214.797399999573827, 258824.141000000759959 ], [ 81210.787999999709427, 258829.302400000393391 ], [ 81208.259200000204146, 258833.277200000360608 ], [ 81204.423000000417233, 258840.97580000013113 ], [ 81202.769000000320375, 258844.353000000119209 ], [ 81199.192400000058115, 258849.012000000104308 ], [ 81193.520200000144541, 258854.337799999862909 ], [ 81184.53139999974519, 258862.807000000029802 ], [ 81176.166000000201166, 258870.661399999633431 ], [ 81167.870000000111759, 258877.009199999272823 ], [ 81158.448200000450015, 258884.101399999111891 ], [ 81154.456000000238419, 258886.924599999561906 ], [ 81142.496799999848008, 258895.359200000762939 ], [ 81138.218799999915063, 258898.494000000879169 ], [ 81131.654799999669194, 258903.196399999782443 ], [ 81130.53760000038892, 258903.984400000423193 ], [ 81117.192800000309944, 258912.367000000551343 ], [ 81110.386199999600649, 258915.917600000277162 ], [ 81100.358199999667704, 258922.767400000244379 ], [ 81091.810999999754131, 258929.452800000086427 ], [ 81088.797399999573827, 258931.903599999845028 ], [ 81087.541799999773502, 258932.925400000065565 ], [ 81085.437400000169873, 258935.20299999974668 ], [ 81084.47620000038296, 258936.978199999779463 ], [ 81083.003999999724329, 258939.177799999713898 ], [ 81080.120199999772012, 258942.312599999830127 ], [ 81076.465800000354648, 258948.06279999949038 ], [ 81073.842000000178814, 258954.15059999935329 ], [ 81073.322399999946356, 258956.090399999171495 ], [ 81072.967199999839067, 258959.147199999541044 ], [ 81072.889399999752641, 258965.823999999091029 ], [ 81072.101400000043213, 258971.400800000876188 ], [ 81070.343399999663234, 258978.761800000444055 ], [ 81069.650600000284612, 258983.923000000417233 ], [ 81069.018400000408292, 258991.257799999788404 ], [ 81068.784599999897182, 258993.994200000539422 ], [ 81067.217199999839067, 259000.056099999696016 ], [ 81066.420400000177324, 259003.112999999895692 ], [ 81065.199400000274181, 259009.131599999964237 ], [ 81065.225399999879301, 259009.76380000077188 ], [ 81065.381400000303984, 259014.197599999606609 ], [ 81065.727800000458956, 259020.804999999701977 ], [ 81065.641200000420213, 259027.741399999707937 ], [ 81065.286000000312924, 259029.845799999311566 ], [ 81064.298799999989569, 259033.820599999278784 ], [ 81064.238199999555945, 259034.080399999395013 ], [ 81061.709599999710917, 259038.652799999341369 ], [ 81059.180800000205636, 259043.216600000858307 ], [ 81058.488199999555945, 259048.291200000792742 ], [ 81058.565999999642372, 259051.590600000694394 ], [ 81059.873599999584258, 259054.725400000810623 ], [ 81063.536799999885261, 259059.704800000414252 ], [ 81075.755800000391901, 259076.201799999922514 ], [ 81076.881599999964237, 259077.509400000795722 ], [ 81094.590800000354648, 259098.32740000076592 ], [ 81097.128200000151992, 259101.315199999138713 ], [ 81121.462199999950826, 259126.870200000703335 ], [ 81124.510400000028312, 259129.831800000742078 ], [ 81128.606399999931455, 259134.395600000396371 ], [ 81130.095999999903142, 259137.443800000473857 ], [ 81132.54660000000149, 259143.020600000396371 ], [ 81134.980000000447035, 259147.506400000303984 ], [ 81138.729799999855459, 259151.81900000013411 ], [ 81141.873200000263751, 259154.69400000013411 ], [ 81144.228799999691546, 259157.4046 ], [ 81146.05599999986589, 259161.457399999722838 ], [ 81147.086400000378489, 259165.345599999651313 ], [ 81147.545400000177324, 259171.875199999660254 ], [ 81147.71860000025481, 259176.525399999693036 ], [ 81147.450199999846518, 259178.629799999296665 ], [ 81146.497600000351667, 259184.128799999132752 ], [ 81146.151200000196695, 259193.264799999073148 ], [ 81146.324400000274181, 259200.88539999909699 ], [ 81146.497600000351667, 259202.573999999091029 ], [ 81146.93059999961406, 259204.600400000810623 ], [ 81148.497999999672174, 259210.939400000497699 ], [ 81150.689000000245869, 259218.300200000405312 ], [ 81152.628800000064075, 259225.635199999436736 ], [ 81148.679800000041723, 259225.747600000351667 ], [ 81143.631199999712408, 259225.297399999573827 ], [ 81139.162800000049174, 259224.899000000208616 ], [ 81134.625, 259225.314600000157952 ], [ 81123.730999999679625, 259227.349799999967217 ], [ 81113.953999999910593, 259227.4364 ], [ 81103.224600000306964, 259226.934000000357628 ], [ 81089.19579999987036, 259224.301400000229478 ], [ 81086.216799999587238, 259223.799200000241399 ], [ 81064.238199999555945, 259223.548000000417233 ], [ 81059.700400000438094, 259223.548000000417233 ], [ 81039.19400000013411, 259223.626000000163913 ], [ 81014.427000000141561, 259222.197200000286102 ], [ 81003.524400000460446, 259221.599600000306964 ], [ 80988.872000000439584, 259220.248800000175834 ], [ 80985.113599999807775, 259219.400000000372529 ], [ 80980.67119999974966, 259219.157600000500679 ], [ 80964.183000000193715, 259219.226800000295043 ], [ 80938.541400000452995, 259218.646600000560284 ], [ 80932.77379999961704, 259218.300200000405312 ], [ 80929.214800000190735, 259218.300200000405312 ], [ 80923.802400000393391, 259219.911000000312924 ], [ 80917.255599999800324, 259223.210400000214577 ], [ 80913.237399999983609, 259225.158800000324845 ], [ 80912.553199999965727, 259226.674200000241399 ], [ 80911.938400000333786, 259227.609600000083447 ], [ 80910.630800000391901, 259227.609600000083447 ], [ 80909.236600000411272, 259227.4364 ], [ 80906.621399999596179, 259227.609600000083447 ], [ 80903.30460000038147, 259228.88260000012815 ], [ 80896.67119999974966, 259231.255400000140071 ], [ 80888.470399999991059, 259234.112999999895692 ], [ 80886.46999999973923, 259234.546000000089407 ], [ 80883.49959999974817, 259235.810399999842048 ], [ 80879.663399999961257, 259238.174399999901652 ], [ 80873.116600000299513, 259243.586799999698997 ], [ 80863.790000000037253, 259251.380599999800324 ], [ 80858.810600000433624, 259255.173599999397993 ], [ 80854.896399999968708, 259257.468599999323487 ], [ 80852.618800000287592, 259258.308599999174476 ], [ 80847.743400000035763, 259259.330399999395013 ], [ 80838.659199999645352, 259260.083799999207258 ], [ 80833.775200000032783, 259261.443399999290705 ], [ 80831.765999999828637, 259262.11879999935627 ], [ 80828.717799999751151, 259262.19679999910295 ], [ 80814.056800000369549, 259261.780999999493361 ], [ 80805.682799999602139, 259261.780999999493361 ], [ 80803.509200000204146, 259261.954199999570847 ], [ 80800.980399999767542, 259263.053999999538064 ], [ 80795.403599999845028, 259266.51799999922514 ], [ 80788.943400000222027, 259269.990599999204278 ], [ 80786.15500000026077, 259271.584000000730157 ], [ 80783.704199999570847, 259272.441199999302626 ], [ 80779.426199999637902, 259273.376599999144673 ], [ 80776.213399999774992, 259273.887399999424815 ], [ 80773.762799999676645, 259275.567399999126792 ], [ 80771.753600000403821, 259278.356000000610948 ], [ 80770.541400000452995, 259278.771600000560284 ], [ 80768.436999999918044, 259278.70240000076592 ], [ 80764.52280000038445, 259277.17820000089705 ], [ 80761.985399999655783, 259274.207800000905991 ], [ 80759.552000000141561, 259271.003799999132752 ], [ 80756.841599999926984, 259268.033399999141693 ], [ 80754.312800000421703, 259266.942399999126792 ], [ 80750.130199999548495, 259266.51799999922514 ], [ 80739.755800000391901, 259266.604599999263883 ], [ 80728.056400000117719, 259267.522600000724196 ], [ 80715.066599999554455, 259268.466399999335408 ], [ 80711.048600000329316, 259268.890799999237061 ], [ 80708.606399999931455, 259268.890799999237061 ], [ 80707.298799999989569, 259268.7956000007689 ], [ 80706.605999999679625, 259268.466399999335408 ], [ 80705.895999999716878, 259267.964199999347329 ], [ 80704.934799999929965, 259267.106799999251962 ], [ 80703.462600000202656, 259265.591399999335408 ], [ 80701.626600000075996, 259265.158399999141693 ], [ 80699.357800000347197, 259265.158399999141693 ], [ 80690.291000000201166, 259266.006999999284744 ], [ 80685.666600000113249, 259266.769200000911951 ], [ 80679.648199999704957, 259267.193399999290705 ], [ 80673.975999999791384, 259267.453199999406934 ], [ 80671.533800000324845, 259267.106799999251962 ], [ 80668.996600000187755, 259265.842599999159575 ], [ 80666.043600000441074, 259265.158399999141693 ], [ 80663.514999999664724, 259265.591399999335408 ], [ 80650.256799999624491, 259268.890799999237061 ], [ 80637.951200000010431, 259271.505999999120831 ], [ 80631.326399999670684, 259272.614399999380112 ], [ 80624.974499999545515, 259273.445800000801682 ], [ 80612.396200000308454, 259274.380999999120831 ], [ 80586.217600000090897, 259275.307600000873208 ], [ 80568.854799999855459, 259276.078400000929832 ], [ 80560.844399999827147, 259276.918400000780821 ], [ 80556.739599999971688, 259277.429400000721216 ], [ 80555.076999999582767, 259277.17820000089705 ], [ 80553.258399999700487, 259276.494000000879169 ], [ 80550.452600000426173, 259275.740599999204278 ], [ 80541.740799999795854, 259274.554199999198318 ], [ 80536.328599999658763, 259274.051999999210238 ], [ 80528.829199999570847, 259273.956800000742078 ], [ 80524.19620000012219, 259274.467599999159575 ], [ 80519.788399999961257, 259275.723400000482798 ], [ 80518.264200000092387, 259276.16499999910593 ], [ 80511.206399999558926, 259277.005000000819564 ], [ 80508.764399999752641, 259277.342800000682473 ], [ 80504.399799999780953, 259277.602600000798702 ], [ 80492.362800000235438, 259277.25620000064373 ], [ 80486.352800000458956, 259276.416200000792742 ], [ 80483.036199999973178, 259275.991800000891089 ], [ 80479.719399999827147, 259275.307600000873208 ], [ 80477.268799999728799, 259274.30320000089705 ], [ 80474.220399999991059, 259272.441199999302626 ], [ 80471.95160000026226, 259270.319599999114871 ], [ 80470.306200000457466, 259269.817399999126792 ], [ 80468.808199999853969, 259269.895400000736117 ], [ 80466.980800000019372, 259270.570800000801682 ], [ 80464.365600000135601, 259272.095000000670552 ], [ 80461.144199999980628, 259272.441199999302626 ], [ 80457.212600000202656, 259271.332800000905991 ], [ 80451.895600000396371, 259269.306399999186397 ], [ 80442.906600000336766, 259266.51799999922514 ], [ 80436.801599999889731, 259265.080399999395013 ], [ 80433.303000000305474, 259263.807399999350309 ], [ 80429.561999999918044, 259263.218599999323487 ], [ 80425.8902000002563, 259262.958799999207258 ], [ 80422.14919999986887, 259263.123400000855327 ], [ 80419.698400000110269, 259263.564999999478459 ], [ 80416.823400000110269, 259265.080399999395013 ], [ 80412.813799999654293, 259267.193399999290705 ], [ 80408.890999999828637, 259267.94679999910295 ], [ 80407.055200000293553, 259268.033399999141693 ], [ 80406.00719999987632, 259268.033399999141693 ], [ 80404.093399999663234, 259267.357999999076128 ], [ 80402.612599999643862, 259266.353399999439716 ], [ 80401.123200000263751, 259265.496200000867248 ], [ 80398.68099999986589, 259267.869000000879169 ], [ 80396.983799999579787, 259270.475600000470877 ], [ 80395.858000000007451, 259274.026000000536442 ], [ 80394.19539999961853, 259276.130400000140071 ], [ 80392.195000000298023, 259278.425200000405312 ], [ 80389.492999999783933, 259280.5296 ], [ 80387.838999999687076, 259281.127000000327826 ], [ 80386.53139999974519, 259281.127000000327826 ], [ 80383.993999999947846, 259281.0318 ], [ 80382.244800000451505, 259280.5296 ], [ 80378.590400000102818, 259279.603000000119209 ], [ 80375.802000000141561, 259279.429800000041723 ], [ 80374.043999999761581, 259279.862800000235438 ], [ 80372.311999999918044, 259281.282999999821186 ], [ 80370.47620000038296, 259281.542799999937415 ], [ 80368.111999999731779, 259281.542799999937415 ], [ 80366.63980000000447, 259281.118400000035763 ], [ 80364.97719999961555, 259280.45160000026226 ], [ 80363.054800000041723, 259280.365000000223517 ], [ 80359.919800000265241, 259280.616200000047684 ], [ 80356.966799999587238, 259280.5296 ], [ 80354.43819999974221, 259279.256599999964237 ], [ 80351.026200000196695, 259277.567800000309944 ], [ 80347.363199999555945, 259273.168800000101328 ], [ 80344.739199999719858, 259269.791400000452995 ], [ 80341.595800000242889, 259267.003000000491738 ], [ 80339.162399999797344, 259265.478800000622869 ], [ 80335.41260000038892, 259264.890000000596046 ], [ 80330.433199999853969, 259264.890000000596046 ], [ 80326.951999999582767, 259264.630200000479817 ], [ 80325.298000000417233, 259264.041200000792742 ], [ 80324.379999999888241, 259263.028000000864267 ], [ 80323.150399999693036, 259261.166200000792742 ], [ 80322.362399999983609, 259260.057800000533462 ], [ 80321.669599999673665, 259258.031400000676513 ], [ 80320.621799999848008, 259257.104800000786781 ], [ 80319.669200000353158, 259257.018200000748038 ], [ 80318.621199999935925, 259257.36460000090301 ], [ 80317.140399999916553, 259258.542400000616908 ], [ 80314.611800000071526, 259261.166200000792742 ], [ 80312.343000000342727, 259263.106000000610948 ], [ 80310.420400000177324, 259263.868000000715256 ], [ 80307.632000000216067, 259264.119200000539422 ], [ 80303.882399999536574, 259263.703600000590086 ], [ 80300.738800000399351, 259263.106000000610948 ], [ 80296.201000000350177, 259261.079600000753999 ], [ 80293.152800000272691, 259258.880000000819564 ], [ 80289.048200000077486, 259252.532400000840425 ], [ 80285.523599999956787, 259246.998800000175834 ], [ 80283.6097999997437, 259243.872600000351667 ], [ 80282.128999999724329, 259242.166600000113249 ], [ 80279.860000000335276, 259240.1402000002563 ], [ 80276.716599999926984, 259238.113800000399351 ], [ 80274.863400000147521, 259237.118000000715256 ], [ 80270.689399999566376, 259237.464400000870228 ], [ 80267.450600000098348, 259237.880000000819564 ], [ 80266.489400000311434, 259237.715600000694394 ], [ 80265.355000000447035, 259236.451199999079108 ], [ 80263.787399999797344, 259235.351399999111891 ], [ 80258.028800000436604, 259235.351399999111891 ], [ 80253.707399999722838, 259236.113399999216199 ], [ 80249.957799999974668, 259235.091600000858307 ], [ 80245.342199999839067, 259233.983200000599027 ], [ 80242.6402000002563, 259231.870200000703335 ], [ 80240.276200000196695, 259229.090399999171495 ], [ 80238.449000000022352, 259225.279999999329448 ], [ 80236.179999999701977, 259222.240399999544024 ], [ 80228.109199999831617, 259216.819399999454618 ], [ 80226.368599999696016, 259216.057399999350309 ], [ 80224.878999999724329, 259215.381999999284744 ], [ 80223.580000000074506, 259214.36879999935627 ], [ 80221.311200000345707, 259211.65819999948144 ], [ 80220.003600000403821, 259210.991399999707937 ], [ 80217.907800000160933, 259210.480399999767542 ], [ 80213.81180000025779, 259210.142799999564886 ], [ 80210.93680000025779, 259209.89159999974072 ], [ 80209.707000000402331, 259209.207399999722838 ], [ 80207.273599999956787, 259206.592199999839067 ], [ 80204.554399999789894, 259201.257799999788404 ], [ 80202.605999999679625, 259196.269799999892712 ], [ 80202.155799999833107, 259194.581000000238419 ], [ 80201.125199999660254, 259191.619400000199676 ], [ 80200.588399999774992, 259188.822399999946356 ], [ 80200.588399999774992, 259186.544800000265241 ], [ 80200.588399999774992, 259184.509800000116229 ], [ 80200.155399999581277, 259182.821000000461936 ], [ 80198.587799999862909, 259181.29700000025332 ], [ 80193.790400000289083, 259180.205800000578165 ], [ 80191.426199999637902, 259179.946000000461936 ], [ 80189.607599999755621, 259177.902400000020862 ], [ 80185.589599999599159, 259175.971200000494719 ], [ 80182.359400000423193, 259174.698200000450015 ], [ 80179.016800000332296, 259171.814400000497699 ], [ 80175.873200000263751, 259168.610400000587106 ], [ 80173.769000000320375, 259167.346000000834465 ], [ 80169.239799999631941, 259166.410800000652671 ], [ 80165.143799999728799, 259164.557600000873208 ], [ 80160.605999999679625, 259161.32740000076592 ], [ 80155.722000000067055, 259157.785599999129772 ], [ 80155.462199999950826, 259157.673000000417233 ], [ 80153.323200000450015, 259156.772399999201298 ], [ 80149.478199999779463, 259156.426000000908971 ], [ 80146.170199999585748, 259156.677200000733137 ], [ 80143.113199999555945, 259157.023600000888109 ], [ 80140.853000000119209, 259157.872199999168515 ], [ 80138.324400000274181, 259159.63880000077188 ], [ 80134.392799999564886, 259162.860200000926852 ], [ 80130.902999999932945, 259165.059800000861287 ], [ 80127.724799999967217, 259166.073000000789762 ], [ 80124.139600000344217, 259165.726600000634789 ], [ 80120.476599999703467, 259165.059800000861287 ], [ 80119.168999999761581, 259163.449200000613928 ], [ 80118.121000000275671, 259161.249600000679493 ], [ 80116.735600000247359, 259156.166200000792742 ], [ 80115.592400000430644, 259155.161800000816584 ], [ 80113.851800000295043, 259154.910599999129772 ], [ 80112.111200000159442, 259155.161800000816584 ], [ 80108.275000000372529, 259156.261399999260902 ], [ 80102.291000000201166, 259157.872199999168515 ], [ 80101.511599999852479, 259158.192600000649691 ], [ 80100.203999999910593, 259158.201199999079108 ], [ 80096.878600000403821, 259158.123400000855327 ], [ 80094.090200000442564, 259157.439200000837445 ], [ 80089.907399999909103, 259156.607799999415874 ], [ 80083.793600000441074, 259156.166200000792742 ], [ 80080.139200000092387, 259156.607799999415874 ], [ 80077.03899999987334, 259157.439200000837445 ], [ 80074.077399999834597, 259158.374399999156594 ], [ 80072.674399999901652, 259160.323000000789762 ], [ 80071.115799999795854, 259162.695800000801682 ], [ 80069.366399999707937, 259163.7956000007689 ], [ 80067.617200000211596, 259163.864800000563264 ], [ 80066.309600000269711, 259163.700200000777841 ], [ 80064.222599999979138, 259163.189400000497699 ], [ 80059.251799999736249, 259161.16300000064075 ], [ 80054.454199999570847, 259159.976600000634789 ], [ 80051.440600000321865, 259159.812000000849366 ], [ 80049.873200000263751, 259159.812000000849366 ], [ 80047.171400000341237, 259161.076400000602007 ], [ 80041.404000000096858, 259162.600400000810623 ], [ 80037.489799999631941, 259163.276000000536442 ], [ 80034.432799999602139, 259163.111400000751019 ], [ 80029.903800000436604, 259161.249600000679493 ], [ 80027.193199999630451, 259159.63880000077188 ], [ 80024.318199999630451, 259155.499399999156594 ], [ 80022.213800000026822, 259153.03999999910593 ], [ 80018.420800000429153, 259150.606599999591708 ], [ 80017.286399999633431, 259150.364199999719858 ], [ 80015.632399999536574, 259150.190999999642372 ], [ 80012.489000000059605, 259150.268999999389052 ], [ 80011.527599999681115, 259149.593399999663234 ], [ 80010.393199999816716, 259148.666799999773502 ], [ 80008.644000000320375, 259146.623199999332428 ], [ 80006.730200000107288, 259145.280799999833107 ], [ 80005.33600000012666, 259145.280799999833107 ], [ 80004.028400000184774, 259145.618599999696016 ], [ 80002.408999999985099, 259146.55379999987781 ], [ 80000.001400000415742, 259148.372400000691414 ], [ 79999.265399999916553, 259148.926599999889731 ], [ 79996.476999999955297, 259150.095799999311566 ], [ 79991.419599999673665, 259151.715199999511242 ], [ 79989.064199999906123, 259152.892799999564886 ], [ 79986.795400000177324, 259155.178999999538064 ], [ 79984.794800000265241, 259158.902799999341369 ], [ 79982.439399999566376, 259163.042199999094009 ], [ 79981.39159999974072, 259163.804199999198318 ], [ 79979.997399999760091, 259163.890799999237061 ], [ 79978.429999999701977, 259164.730799999088049 ], [ 79978.334599999710917, 259165.406199999153614 ], [ 79976.810600000433624, 259167.181399999186397 ], [ 79976.031200000084937, 259167.778999999165535 ], [ 79972.446000000461936, 259167.778999999165535 ], [ 79966.77379999961704, 259167.614399999380112 ], [ 79963.370600000023842, 259167.26799999922514 ], [ 79957.889000000432134, 259167.85700000077486 ], [ 79953.091400000266731, 259169.043400000780821 ], [ 79950.952399999834597, 259170.48960000090301 ], [ 79949.116600000299513, 259172.17820000089705 ], [ 79943.539599999785423, 259176.153000000864267 ], [ 79938.646800000220537, 259178.352600000798702 ], [ 79935.780399999581277, 259179.279200000688434 ], [ 79933.858000000007451, 259180.63880000077188 ], [ 79932.714800000190735, 259183.340600000694394 ], [ 79930.714399999938905, 259186.813200000673532 ], [ 79927.579599999822676, 259190.701400000602007 ], [ 79925.440600000321865, 259193.403400000184774 ], [ 79923.431599999777973, 259195.100600000470877 ], [ 79921.249400000087917, 259196.200400000438094 ], [ 79912.433600000105798, 259196.278400000184774 ], [ 79908.952399999834597, 259196.278400000184774 ], [ 79907.211799999698997, 259195.611600000411272 ], [ 79905.549200000241399, 259194.165400000289083 ], [ 79902.58739999961108, 259189.264000000432134 ], [ 79899.928999999538064, 259185.704800000414252 ], [ 79898.439399999566376, 259184.613600000739098 ], [ 79896.707399999722838, 259184.440400000661612 ], [ 79893.468799999915063, 259184.700200000777841 ], [ 79890.853400000371039, 259185.289200000464916 ], [ 79886.670800000429153, 259185.289200000464916 ], [ 79884.652999999932945, 259184.267200000584126 ], [ 79881.873200000263751, 259184.102800000458956 ], [ 79879.171400000341237, 259184.431800000369549 ], [ 79874.14879999961704, 259185.886600000783801 ], [ 79870.918600000441074, 259185.964600000530481 ], [ 79863.505800000391901, 259185.029400000348687 ], [ 79859.245199999772012, 259184.700200000777841 ], [ 79856.976400000043213, 259185.540200000628829 ], [ 79855.226999999955297, 259187.662000000476837 ], [ 79852.871600000187755, 259190.86600000038743 ], [ 79850.343000000342727, 259193.490000000223517 ], [ 79850.126400000415742, 259193.689200000837445 ], [ 79848.645600000396371, 259195.02280000038445 ], [ 79844.021200000308454, 259195.351800000295043 ], [ 79839.483599999919534, 259195.862800000235438 ], [ 79835.118999999947846, 259197.049200000241399 ], [ 79832.235399999655783, 259198.478000000119209 ], [ 79829.802000000141561, 259199.248800000175834 ], [ 79827.004800000227988, 259199.257400000467896 ], [ 79824.571399999782443, 259198.478000000119209 ], [ 79823.341799999587238, 259199.075600000098348 ], [ 79822.337199999950826, 259200.175400000065565 ], [ 79821.471199999563396, 259200.599600000306964 ], [ 79818.58739999961108, 259201.535000000149012 ], [ 79814.924399999901652, 259201.786000000312924 ], [ 79810.741600000299513, 259201.353000000119209 ], [ 79804.367999999783933, 259200.513000000268221 ], [ 79796.392400000244379, 259200.175400000065565 ], [ 79792.469600000418723, 259201.275200000032783 ], [ 79787.758600000292063, 259202.29700000025332 ], [ 79784.970200000330806, 259202.799200000241399 ], [ 79779.116200000047684, 259202.799200000241399 ], [ 79774.318599999882281, 259202.634600000455976 ], [ 79770.880599999800324, 259203.396800000220537 ], [ 79767.131000000052154, 259204.998800000175834 ], [ 79759.891400000080466, 259207.960400000214577 ], [ 79752.738400000147521, 259212.021999999880791 ], [ 79745.446800000034273, 259216.750199999660254 ], [ 79741.697200000286102, 259218.863199999555945 ], [ 79738.033999999985099, 259220.811599999666214 ], [ 79733.496399999596179, 259221.400399999693036 ], [ 79726.698400000110269, 259222.084599999710917 ], [ 79723.035400000400841, 259223.599999999627471 ], [ 79719.424200000241399, 259226.137399999424815 ], [ 79716.45380000025034, 259228.172399999573827 ], [ 79711.309999999590218, 259230.120799999684095 ], [ 79706.763600000180304, 259231.047399999573827 ], [ 79702.061200000345707, 259231.471799999475479 ], [ 79698.917799999937415, 259230.960799999535084 ], [ 79693.894999999552965, 259229.272199999541044 ], [ 79692.163200000301003, 259229.107599999755621 ], [ 79689.36600000038743, 259229.272199999541044 ], [ 79684.404000000096858, 259230.293999999761581 ], [ 79681.260400000028312, 259231.558399999514222 ], [ 79676.289800000376999, 259233.593399999663234 ], [ 79673.466599999926984, 259235.481200000271201 ], [ 79669.630400000140071, 259239.533999999985099 ], [ 79663.447200000286102, 259246.981599999591708 ], [ 79659.99199999962002, 259253.406999999657273 ], [ 79658.597799999639392, 259256.117599999532104 ], [ 79657.030399999581277, 259259.16579999960959 ], [ 79655.289800000376999, 259261.192199999466538 ], [ 79653.367200000211596, 259264.491599999368191 ], [ 79652.492600000463426, 259267.712999999523163 ], [ 79652.32799999974668, 259273.038799999281764 ], [ 79652.198200000450015, 259277.602600000798702 ], [ 79652.276200000196695, 259280.062000000849366 ], [ 79651.063799999654293, 259284.443800000473857 ], [ 79648.699599999934435, 259287.16300000064075 ], [ 79645.911199999973178, 259289.864800000563264 ], [ 79641.113599999807775, 259291.891200000420213 ], [ 79636.134200000204146, 259294.004200000315905 ], [ 79633.440999999642372, 259296.299000000581145 ], [ 79632.393199999816716, 259298.585200000554323 ], [ 79630.557400000281632, 259301.122600000351667 ], [ 79627.682400000281632, 259302.213600000366569 ], [ 79624.279000000096858, 259302.560000000521541 ], [ 79619.039800000376999, 259303.989000000059605 ], [ 79615.68859999999404, 259305.184000000357628 ], [ 79611.410600000061095, 259307.626000000163913 ], [ 79608.882000000216067, 259307.712600000202656 ], [ 79606.26659999974072, 259308.72580000013113 ], [ 79604.300800000317395, 259311.523000000044703 ], [ 79603.339599999599159, 259313.038399999961257 ], [ 79602.387000000104308, 259316.762199999764562 ], [ 79600.897599999792874, 259320.485799999907613 ], [ 79598.013799999840558, 259323.620600000023842 ], [ 79595.580400000326335, 259325.222799999639392 ], [ 79593.917799999937415, 259326.486999999731779 ], [ 79593.233599999919534, 259329.110999999567866 ], [ 79591.47580000013113, 259330.808399999514222 ], [ 79588.946999999694526, 259331.310599999502301 ], [ 79588.340800000354648, 259332.670199999585748 ], [ 79587.951200000010431, 259335.623199999332428 ], [ 79587.431599999777973, 259337.233799999579787 ], [ 79586.548200000077486, 259338.333599999547005 ], [ 79584.643199999816716, 259339.173599999397993 ], [ 79582.798600000329316, 259340.195599999278784 ], [ 79582.192400000058115, 259341.286599999293685 ], [ 79581.586199999786913, 259343.312999999150634 ], [ 79581.326399999670684, 259346.032199999317527 ], [ 79581.058000000193715, 259348.404999999329448 ], [ 79579.490600000135601, 259351.869000000879169 ], [ 79579.490600000135601, 259354.492799999192357 ], [ 79579.923600000329316, 259357.445800000801682 ], [ 79580.668200000189245, 259359.905200000852346 ], [ 79581.187800000421703, 259361.005000000819564 ], [ 79581.187800000421703, 259362.520400000736117 ], [ 79581.023400000296533, 259364.122600000351667 ], [ 79580.408400000073016, 259365.993000000715256 ], [ 79578.918999999761581, 259367.768400000408292 ], [ 79575.697599999606609, 259370.730000000447035 ], [ 79572.562800000421703, 259373.596400000154972 ], [ 79569.678999999538064, 259376.480000000447035 ], [ 79567.228199999779463, 259381.303600000217557 ], [ 79566.232400000095367, 259384.421000000089407 ], [ 79566.405600000172853, 259385.442999999970198 ], [ 79566.752000000327826, 259388.066800000146031 ], [ 79567.540000000037253, 259391.201799999922514 ], [ 79569.376000000163913, 259394.578999999910593 ], [ 79571.809399999678135, 259398.042999999597669 ], [ 79575.385800000280142, 259401.593399999663234 ], [ 79579.75040000025183, 259405.750199999660254 ], [ 79581.629599999636412, 259408.780999999493361 ], [ 79582.14919999986887, 259410.400399999693036 ], [ 79582.05379999987781, 259411.240399999544024 ], [ 79581.274400000460446, 259413.942399999126792 ], [ 79579.447200000286102, 259418.176999999210238 ], [ 79574.996199999935925, 259427.05320000089705 ], [ 79571.592799999751151, 259430.872199999168515 ], [ 79567.098399999551475, 259433.400800000876188 ], [ 79566.137199999764562, 259434.076400000602007 ], [ 79562.924399999901652, 259435.003000000491738 ], [ 79560.73340000025928, 259435.34940000064671 ], [ 79558.291400000452995, 259435.003000000491738 ], [ 79555.14780000038445, 259434.422800000756979 ], [ 79552.887600000016391, 259435.098200000822544 ], [ 79551.328999999910593, 259436.449200000613928 ], [ 79549.657599999569356, 259438.822000000625849 ], [ 79547.042399999685585, 259441.783600000664592 ], [ 79545.042000000365078, 259442.710200000554323 ], [ 79541.326799999922514, 259444.909800000488758 ], [ 79537.230800000019372, 259447.282600000500679 ], [ 79535.221599999815226, 259449.144400000572205 ], [ 79534.442400000058115, 259451.586400000378489 ], [ 79533.645600000396371, 259455.396800000220537 ], [ 79532.866200000047684, 259458.609600000083447 ], [ 79531.212199999950826, 259460.393400000408292 ], [ 79529.982599999755621, 259460.973600000143051 ], [ 79527.809000000357628, 259461.224799999967217 ], [ 79525.635400000028312, 259461.657800000160933 ], [ 79522.301199999637902, 259462.748999999836087 ], [ 79518.222599999979138, 259464.2818 ], [ 79515.035799999721348, 259464.870600000023842 ], [ 79513.286399999633431, 259464.792600000277162 ], [ 79510.757799999788404, 259464.792600000277162 ], [ 79507.363199999555945, 259464.359600000083447 ], [ 79503.864599999971688, 259463.94400000013411 ], [ 79500.452600000426173, 259464.021999999880791 ], [ 79495.663800000213087, 259465.121799999848008 ], [ 79491.480999999679625, 259467.148199999704957 ], [ 79489.601800000295043, 259469.009999999776483 ], [ 79488.207600000314415, 259470.785199999809265 ], [ 79486.6402000002563, 259473.157999999821186 ], [ 79486.467000000178814, 259475.357599999755621 ], [ 79487.081799999810755, 259480.085799999535084 ], [ 79488.303000000305474, 259483.731599999591708 ], [ 79489.255599999800324, 259486.866399999707937 ], [ 79489.255599999800324, 259488.468599999323487 ], [ 79488.207600000314415, 259490.581599999219179 ], [ 79486.813400000333786, 259491.845799999311566 ], [ 79484.587799999862909, 259493.543199999257922 ], [ 79482.855999999679625, 259494.383199999108911 ], [ 79474.118200000375509, 259494.729599999263883 ], [ 79468.887600000016391, 259494.980599999427795 ], [ 79466.800599999725819, 259495.656199999153614 ], [ 79466.185800000093877, 259496.591399999335408 ], [ 79465.233199999667704, 259498.279999999329448 ], [ 79463.449400000274181, 259500.003399999812245 ], [ 79462.869199999608099, 259500.557600000873208 ], [ 79460.782200000248849, 259502.332800000905991 ], [ 79459.33600000012666, 259504.956800000742078 ], [ 79458.547799999825656, 259506.818600000813603 ], [ 79457.326799999922514, 259507.918400000780821 ], [ 79455.681400000117719, 259509.018200000748038 ], [ 79453.152800000272691, 259510.118000000715256 ], [ 79451.04839999973774, 259511.815400000661612 ], [ 79449.91399999987334, 259513.166200000792742 ], [ 79448.788200000301003, 259516.301000000908971 ], [ 79447.125599999912083, 259522.813200000673532 ], [ 79445.116600000299513, 259526.874800000339746 ], [ 79443.809000000357628, 259528.043800000101328 ], [ 79441.280199999921024, 259529.152200000360608 ], [ 79438.10219999961555, 259529.827600000426173 ], [ 79434.872000000439584, 259530.763000000268221 ], [ 79430.602800000458956, 259531.689600000157952 ], [ 79423.71820000000298, 259531.862800000235438 ], [ 79421.172199999913573, 259531.862800000235438 ], [ 79420.054999999701977, 259532.278400000184774 ], [ 79418.565600000321865, 259534.1402000002563 ], [ 79416.036999999545515, 259537.872600000351667 ], [ 79412.503800000064075, 259542.687400000169873 ], [ 79410.832399999722838, 259544.453999999910593 ], [ 79406.311999999918044, 259549.615399999544024 ], [ 79401.77419999986887, 259553.945199999958277 ], [ 79398.630800000391901, 259556.898199999704957 ], [ 79398.111200000159442, 259558.075999999418855 ], [ 79397.929399999789894, 259559.426799999549985 ], [ 79398.111200000159442, 259562.397199999541044 ], [ 79398.24100000038743, 259567.636399999260902 ], [ 79398.58739999961108, 259569.913799999281764 ], [ 79398.500799999572337, 259573.308599999174476 ], [ 79398.059200000017881, 259575.256999999284744 ], [ 79396.665000000037253, 259576.52140000090003 ], [ 79393.971800000406802, 259579.309800000861287 ], [ 79391.088000000454485, 259582.860200000926852 ], [ 79389.338800000026822, 259586.246200000867248 ], [ 79388.11780000012368, 259588.697000000625849 ], [ 79385.286000000312924, 259592.005000000819564 ], [ 79382.93059999961406, 259594.455800000578165 ], [ 79377.786600000225008, 259597.911000000312924 ], [ 79374.998200000263751, 259600.361800000071526 ], [ 79373.248999999836087, 259601.885800000280142 ], [ 79371.516999999992549, 259603.765000000596046 ], [ 79370.893400000408292, 259606.293600000441074 ], [ 79371.239799999631941, 259610.692800000309944 ], [ 79371.378399999812245, 259617.291600000113249 ], [ 79371.031999999657273, 259620.331199999898672 ], [ 79369.802400000393391, 259623.968399999663234 ], [ 79368.061599999666214, 259627.691999999806285 ], [ 79364.918200000189245, 259631.839999999850988 ], [ 79361.870000000111759, 259635.217399999499321 ], [ 79358.033599999733269, 259638.35219999961555 ], [ 79353.36600000038743, 259641.478399999439716 ], [ 79351.790000000037253, 259642.75139999948442 ], [ 79350.144600000232458, 259644.266799999400973 ], [ 79349.174599999561906, 259646.215399999171495 ], [ 79349.261199999600649, 259648.839199999347329 ], [ 79348.828200000338256, 259655.446599999442697 ], [ 79348.906200000084937, 259660.001800000667572 ], [ 79347.901600000448525, 259666.089600000530481 ], [ 79347.044400000013411, 259669.813200000673532 ], [ 79345.294999999925494, 259674.888000000268221 ], [ 79343.294599999673665, 259680.222400000318885 ], [ 79340.575600000098348, 259685.799200000241399 ], [ 79337.232800000347197, 259690.622800000011921 ], [ 79333.032800000160933, 259695.437599999830127 ], [ 79330.244400000199676, 259699.247999999672174 ], [ 79329.993200000375509, 259700.936599999666214 ], [ 79330.685999999754131, 259703.144799999892712 ], [ 79330.781200000084937, 259704.824799999594688 ], [ 79327.456000000238419, 259707.959599999710917 ], [ 79318.337199999950826, 259713.709799999371171 ], [ 79316.068199999630451, 259715.311799999326468 ], [ 79312.924800000153482, 259717.104399999603629 ], [ 79309.174999999813735, 259717.771199999377131 ], [ 79306.040199999697506, 259719.295399999246001 ], [ 79304.645999999716878, 259721.927999999374151 ], [ 79304.741200000047684, 259724.369999999180436 ], [ 79306.040199999697506, 259725.980599999427795 ], [ 79307.174599999561906, 259727.669399999082088 ], [ 79307.30460000038147, 259729.210799999535084 ], [ 79305.86699999962002, 259734.268200000748038 ], [ 79304.645999999716878, 259736.892000000923872 ], [ 79303.251799999736249, 259737.723400000482798 ], [ 79301.502600000239909, 259738.06980000063777 ], [ 79297.839399999938905, 259737.723400000482798 ], [ 79295.492600000463426, 259738.16499999910593 ], [ 79292.920599999837577, 259739.602600000798702 ], [ 79290.738400000147521, 259740.70240000076592 ], [ 79288.729399999603629, 259741.464400000870228 ], [ 79286.633600000292063, 259742.044600000604987 ], [ 79283.845200000330806, 259742.391000000759959 ], [ 79281.74959999974817, 259743.57740000076592 ], [ 79279.922399999573827, 259745.430600000545382 ], [ 79277.644799999892712, 259746.5304000005126 ], [ 79273.557400000281632, 259747.803400000557303 ], [ 79267.235799999907613, 259749.751800000667572 ], [ 79260.948599999770522, 259751.276000000536442 ], [ 79255.025399999693036, 259754.644600000232458 ], [ 79248.036999999545515, 259760.663200000301003 ], [ 79241.801799999549985, 259767.755599999800324 ], [ 79240.580799999646842, 259769.115199999883771 ], [ 79239.013399999588728, 259771.479199999943376 ], [ 79236.224999999627471, 259774.778599999845028 ], [ 79230.639399999752641, 259779.177799999713898 ], [ 79225.841799999587238, 259783.490399999544024 ], [ 79219.979199999943376, 259792.054999999701977 ], [ 79219.866600000299513, 259792.210799999535084 ], [ 79218.11739999987185, 259794.912599999457598 ], [ 79214.895999999716878, 259800.749399999156594 ], [ 79213.155199999921024, 259805.148600000888109 ], [ 79213.155199999921024, 259808.924200000241399 ], [ 79213.155199999921024, 259811.833799999207258 ], [ 79213.103400000371039, 259817.064400000497699 ], [ 79213.536399999633431, 259820.121400000527501 ], [ 79214.419599999673665, 259828.071000000461936 ], [ 79216.939600000157952, 259835.847400000318885 ], [ 79219.424999999813735, 259842.359600000083447 ], [ 79224.49100000038743, 259853.781999999657273 ], [ 79230.725999999791384, 259867.819399999454618 ], [ 79233.263399999588728, 259871.794199999421835 ], [ 79235.774600000120699, 259877.968800000846386 ], [ 79236.303000000305474, 259884.324999999254942 ], [ 79236.303000000305474, 259887.789000000804663 ], [ 79235.125199999660254, 259893.028200000524521 ], [ 79231.894999999552965, 259904.62360000051558 ], [ 79231.470800000242889, 259909.3432 ], [ 79232.172199999913573, 259911.97580000013113 ], [ 79234.423799999989569, 259914.504399999976158 ], [ 79237.091000000014901, 259917.474799999967217 ], [ 79241.542200000025332, 259921.276399999856949 ], [ 79246.859199999831617, 259927.797199999913573 ], [ 79253.232800000347197, 259936.67339999973774 ], [ 79256.151200000196695, 259941.418999999761581 ], [ 79257.813799999654293, 259944.709799999371171 ], [ 79260.507000000216067, 259949.108999999240041 ], [ 79263.390800000168383, 259954.685799999162555 ], [ 79266.092600000090897, 259960.436000000685453 ], [ 79268.223000000230968, 259966.186000000685453 ], [ 79271.279799999669194, 259973.469000000506639 ], [ 79274.163599999621511, 259979.141200000420213 ], [ 79276.519000000320375, 259982.778200000524521 ], [ 79278.96100000012666, 259985.731200000271201 ], [ 79283.706600000150502, 259990.3902000002563 ], [ 79290.963600000366569, 259997.967399999499321 ], [ 79291.483199999667704, 259998.504399999976158 ], [ 79293.015999999828637, 259999.99379999935627 ], [ 79296.800200000405312, 260003.665599999949336 ], [ 79300.549999999813735, 260008.229399999603629 ], [ 79302.732200000435114, 260011.95299999974668 ], [ 79303.56359999999404, 260015.00139999948442 ], [ 79305.035799999721348, 260018.889599999412894 ], [ 79305.131000000052154, 260021.842599999159575 ], [ 79304.957799999974668, 260024.215399999171495 ], [ 79303.987800000235438, 260026.250399999320507 ], [ 79302.766800000332296, 260028.528000000864267 ], [ 79299.813799999654293, 260033.273399999365211 ], [ 79297.744199999608099, 260037.646600000560284 ], [ 79296.964800000190735, 260039.274800000712276 ], [ 79292.262600000016391, 260055.94480000063777 ], [ 79290.210199999623001, 260063.634800000116229 ], [ 79289.33559999987483, 260071.748999999836087 ], [ 79289.344200000166893, 260076.312599999830127 ], [ 79290.902999999932945, 260081.222799999639392 ], [ 79295.232800000347197, 260088.592199999839067 ], [ 79299.233599999919534, 260094.420199999585748 ], [ 79308.049399999901652, 260106.18019999936223 ], [ 79312.976800000295043, 260113.445800000801682 ], [ 79315.236999999731779, 260118.60700000077486 ], [ 79316.631199999712408, 260123.015000000596046 ], [ 79317.600999999791384, 260128.003000000491738 ], [ 79317.990799999795854, 260138.316800000146031 ], [ 79317.635800000280142, 260141.538200000301003 ], [ 79316.068199999630451, 260145.919999999925494 ], [ 79306.351999999955297, 260162.607400000095367 ], [ 79302.680200000293553, 260170.04619999974966 ], [ 79298.58420000039041, 260179.424799999222159 ], [ 79296.618400000035763, 260187.30519999936223 ], [ 79296.367200000211596, 260201.758400000631809 ], [ 79296.401800000108778, 260211.570000000298023 ], [ 79296.834800000302494, 260215.380200000479817 ], [ 79296.930200000293553, 260223.572399999946356 ], [ 79298.670800000429153, 260230.43099999986589 ], [ 79301.164800000376999, 260235.765399999916553 ], [ 79304.386199999600649, 260240.07799999974668 ], [ 79310.57799999974668, 260246.079199999570847 ], [ 79318.077399999834597, 260252.002599999308586 ], [ 79324.451000000350177, 260257.077199999243021 ], [ 79327.282800000160933, 260259.952199999243021 ], [ 79327.542600000277162, 260261.727399999275804 ], [ 79327.456000000238419, 260265.373199999332428 ], [ 79327.889000000432134, 260272.301200000569224 ], [ 79330.764000000432134, 260278.553400000557303 ], [ 79334.262600000016391, 260282.874800000339746 ], [ 79337.440600000321865, 260284.572000000625849 ], [ 79338.930200000293553, 260285.57660000026226 ], [ 79342.238199999555945, 260287.2652000002563 ], [ 79348.351999999955297, 260289.291600000113249 ], [ 79355.669599999673665, 260291.413200000301003 ], [ 79362.96100000012666, 260293.1886 ], [ 79374.114799999631941, 260295.734600000083447 ], [ 79374.998200000263751, 260296.037599999457598 ], [ 79381.363199999555945, 260298.271800000220537 ], [ 79384.151600000448525, 260300.376199999824166 ], [ 79387.199799999594688, 260304.195199999958277 ], [ 79390.646399999968708, 260312.9068 ], [ 79392.387000000104308, 260317.721799999475479 ], [ 79393.434799999929965, 260321.021199999377131 ], [ 79396.136800000444055, 260325.073799999430776 ], [ 79399.635400000028312, 260329.403799999505281 ], [ 79402.423799999989569, 260333.958799999207258 ], [ 79403.688000000081956, 260338.115599999204278 ], [ 79407.706199999898672, 260348.948999999091029 ], [ 79409.36019999999553, 260353.252800000831485 ], [ 79411.360600000247359, 260354.941600000485778 ], [ 79413.889399999752641, 260356.803400000557303 ], [ 79419.56140000000596, 260359.418600000441074 ], [ 79426.93099999986589, 260362.475600000470877 ], [ 79432.862999999895692, 260367.117200000211596 ], [ 79436.699199999682605, 260371.689600000157952 ], [ 79439.236600000411272, 260376.764200000092387 ], [ 79440.985799999907613, 260381.414599999785423 ], [ 79441.635400000028312, 260386.566999999806285 ], [ 79441.635400000028312, 260388.60219999961555 ], [ 79440.57880000025034, 260393.096599999815226 ], [ 79437.010999999940395, 260400.188999999314547 ], [ 79432.51659999974072, 260410.840399999171495 ], [ 79430.853799999691546, 260415.083799999207258 ], [ 79427.537200000137091, 260419.041400000452995 ], [ 79424.575600000098348, 260422.609200000762939 ], [ 79423.71820000000298, 260428.783600000664592 ], [ 79423.138000000268221, 260435.20920000039041 ], [ 79423.138000000268221, 260439.60840000025928 ], [ 79424.185800000093877, 260446.207000000402331 ], [ 79425.926400000229478, 260452.546000000089407 ], [ 79428.022199999541044, 260456.018600000068545 ], [ 79434.25719999987632, 260459.317999999970198 ], [ 79438.699599999934435, 260461.604199999943376 ], [ 79448.476599999703467, 260465.405799999833107 ], [ 79454.841400000266731, 260469.380599999800324 ], [ 79457.985000000335276, 260475.052799999713898 ], [ 79460.305800000205636, 260482.656199999153614 ], [ 79461.596199999563396, 260486.648399999365211 ], [ 79463.613800000399351, 260490.441400000825524 ], [ 79466.843999999575317, 260493.835999999195337 ], [ 79471.199799999594688, 260498.217800000682473 ], [ 79473.096400000154972, 260500.01039999909699 ], [ 79476.25719999987632, 260502.963400000706315 ], [ 79480.231999999843538, 260507.613600000739098 ], [ 79481.799399999901652, 260509.80460000038147 ], [ 79484.059600000269711, 260512.688400000333786 ], [ 79486.770200000144541, 260516.57660000026226 ], [ 79488.952399999834597, 260521.053600000217557 ], [ 79491.645600000396371, 260526.976999999955297 ], [ 79493.186999999918044, 260532.23340000025928 ], [ 79493.706600000150502, 260534.848799999803305 ], [ 79495.620400000363588, 260541.35219999961555 ], [ 79497.629599999636412, 260547.197599999606609 ], [ 79499.629999999888241, 260551.0945999994874 ], [ 79502.427000000141561, 260554.21199999935925 ], [ 79504.825799999758601, 260557.260199999436736 ], [ 79507.190000000409782, 260559.373199999332428 ], [ 79509.268199999816716, 260560.724199999123812 ], [ 79512.316599999554455, 260562.508199999108911 ], [ 79515.641999999992549, 260564.11879999935627 ], [ 79520.517400000244379, 260565.980799999088049 ], [ 79525.84320000000298, 260568.422800000756979 ], [ 79530.424200000241399, 260571.142000000923872 ], [ 79536.009800000116229, 260575.021600000560284 ], [ 79542.634399999864399, 260580.104800000786781 ], [ 79550.315799999982119, 260586.443800000473857 ], [ 79556.377600000239909, 260591.00760000012815 ], [ 79563.60840000025928, 260596.090800000354648 ], [ 79563.885599999688566, 260596.264000000432134 ], [ 79571.809399999678135, 260601.243400000035763 ], [ 79579.577200000174344, 260606.240000000223517 ], [ 79582.05379999987781, 260608.266400000080466 ], [ 79584.244800000451505, 260611.14159999974072 ], [ 79585.976800000295043, 260614.700799999758601 ], [ 79587.725999999791384, 260619.515599999576807 ], [ 79588.860399999655783, 260625.689999999478459 ], [ 79590.211400000378489, 260632.366599999368191 ], [ 79590.557799999602139, 260634.652799999341369 ], [ 79591.440999999642372, 260639.995999999344349 ], [ 79593.787800000049174, 260647.088400000706315 ], [ 79597.762799999676645, 260656.899800000712276 ], [ 79600.984199999831617, 260665.109400000423193 ], [ 79603.781200000084937, 260672.470200000330806 ], [ 79605.902999999932945, 260681.355200000107288 ], [ 79608.266999999992549, 260696.232599999755621 ], [ 79609.617999999783933, 260706.55519999936223 ], [ 79611.020800000056624, 260718.384400000795722 ], [ 79611.635800000280142, 260725.08699999935925 ], [ 79612.891400000080466, 260731.079600000753999 ], [ 79612.986600000411272, 260733.106000000610948 ], [ 79614.372200000099838, 260736.4054000005126 ], [ 79616.294599999673665, 260739.878000000491738 ], [ 79620.572599999606609, 260744.86600000038743 ], [ 79626.937599999830127, 260751.127000000327826 ], [ 79632.393199999816716, 260755.535000000149012 ], [ 79643.460400000214577, 260763.64919999986887 ], [ 79649.652200000360608, 260767.121799999848008 ], [ 79655.411000000312924, 260770.412399999797344 ], [ 79657.324799999594688, 260773.460799999535084 ], [ 79658.338000000454485, 260775.911399999633431 ], [ 79658.675800000317395, 260780.552999999374151 ], [ 79659.645600000396371, 260784.787799999117851 ], [ 79661.299599999561906, 260788.346799999475479 ], [ 79663.923600000329316, 260790.55519999936223 ], [ 79668.019600000232458, 260793.932399999350309 ], [ 79672.548799999989569, 260797.058599999174476 ], [ 79676.965200000442564, 260799.846999999135733 ], [ 79682.983799999579787, 260803.406199999153614 ], [ 79687.252999999560416, 260805.597200000658631 ], [ 79692.734600000083447, 260808.316400000825524 ], [ 79703.083200000226498, 260812.109400000423193 ], [ 79720.870400000363588, 260817.954800000414252 ], [ 79729.469600000418723, 260820.396800000220537 ], [ 79736.440600000321865, 260821.756400000303984 ], [ 79743.325199999846518, 260823.964600000530481 ], [ 79747.785000000149012, 260825.817800000309944 ], [ 79751.266200000420213, 260828.94400000013411 ], [ 79753.8902000002563, 260832.243400000035763 ], [ 79754.981200000271201, 260836.63399999961257 ], [ 79755.855999999679625, 260840.115199999883771 ], [ 79755.933799999766052, 260842.990199999883771 ], [ 79755.405600000172853, 260845.354399999603629 ], [ 79754.461600000038743, 260847.553999999538064 ], [ 79752.798999999649823, 260850.428999999538064 ], [ 79748.962799999862909, 260856.274399999529123 ], [ 79746.468799999915063, 260860.742799999192357 ], [ 79743.59360000025481, 260866.501599999144673 ], [ 79742.112800000235438, 260870.73619999922812 ], [ 79740.536799999885261, 260873.437999999150634 ], [ 79738.190000000409782, 260875.646199999377131 ], [ 79734.700000000186265, 260878.434800000861287 ], [ 79731.556599999777973, 260881.041400000452995 ], [ 79730.25760000012815, 260882.738600000739098 ], [ 79729.94579999987036, 260885.111400000751019 ], [ 79730.205599999986589, 260887.56220000050962 ], [ 79730.127600000239909, 260889.770400000736117 ], [ 79729.331000000238419, 260891.104000000283122 ], [ 79726.889000000432134, 260893.476800000295043 ], [ 79723.580799999646842, 260896.014200000092387 ], [ 79720.35080000013113, 260899.564600000157952 ], [ 79718.783400000073016, 260902.353000000119209 ], [ 79717.207200000062585, 260905.747800000011921 ], [ 79717.337199999950826, 260909.055800000205636 ], [ 79717.951999999582767, 260911.748999999836087 ], [ 79719.432799999602139, 260914.537399999797344 ], [ 79721.268799999728799, 260917.3432 ], [ 79725.183000000193715, 260922.409199999645352 ], [ 79729.469600000418723, 260926.981599999591708 ], [ 79738.059999999590218, 260933.484999999403954 ], [ 79749.482400000095367, 260939.841399999335408 ], [ 79753.864199999719858, 260942.855000000447035 ], [ 79756.115799999795854, 260944.404999999329448 ], [ 79763.130199999548495, 260947.678400000557303 ], [ 79763.736399999819696, 260947.955600000917912 ], [ 79774.067400000058115, 260951.601399999111891 ], [ 79774.985399999655783, 260951.930400000885129 ], [ 79780.39780000038445, 260954.043400000780821 ], [ 79789.51659999974072, 260955.403000000864267 ], [ 79796.323200000450015, 260955.645400000736117 ], [ 79803.112399999983609, 260955.307800000533462 ], [ 79810.19620000012219, 260954.38120000064373 ], [ 79815.028199999593198, 260953.956800000742078 ], [ 79840.981800000183284, 260957.33420000039041 ], [ 79848.662999999709427, 260957.680600000545382 ], [ 79866.580000000074506, 260961.482200000435114 ], [ 79878.348799999803305, 260964.201400000602007 ], [ 79883.501199999824166, 260965.379000000655651 ], [ 79887.337600000202656, 260965.725400000810623 ], [ 79892.43819999974221, 260965.214600000530481 ], [ 79901.68680000025779, 260962.590600000694394 ], [ 79910.935600000433624, 260960.642200000584126 ], [ 79916.520999999716878, 260959.377800000831485 ], [ 79918.521399999968708, 260957.33420000039041 ], [ 79919.084400000050664, 260954.5456000007689 ], [ 79919.517400000244379, 260952.85700000077486 ], [ 79919.517400000244379, 260950.41499999910593 ], [ 79919.084400000050664, 260946.526599999517202 ], [ 79918.737999999895692, 260942.456599999219179 ], [ 79918.737999999895692, 260938.992599999532104 ], [ 79919.699199999682605, 260935.519999999552965 ], [ 79921.968000000342727, 260932.722999999299645 ], [ 79925.146200000308454, 260930.185599999502301 ], [ 79927.510400000028312, 260929.25899999961257 ], [ 79930.203599999658763, 260928.159199999645352 ], [ 79935.970999999903142, 260926.886199999600649 ], [ 79944.864599999971688, 260924.270999999716878 ], [ 79950.926400000229478, 260921.898199999704957 ], [ 79953.723600000143051, 260920.122999999672174 ], [ 79956.156999999657273, 260919.0318 ], [ 79960.079800000414252, 260917.932000000029802 ], [ 79966.098399999551475, 260917.932000000029802 ], [ 79976.871199999935925, 260917.767599999904633 ], [ 79986.379599999636412, 260917.767599999904633 ], [ 79996.935999999754131, 260917.836799999698997 ], [ 80000.001400000415742, 260918.027400000020862 ], [ 80002.815999999642372, 260918.183199999853969 ], [ 80008.228400000371039, 260919.282999999821186 ], [ 80017.295199999585748, 260921.482599999755621 ], [ 80028.604799999855459, 260925.024399999529123 ], [ 80035.143000000156462, 260928.254599999636412 ], [ 80039.853799999691546, 260931.294199999421835 ], [ 80044.123200000263751, 260934.757999999448657 ], [ 80047.171400000341237, 260937.381999999284744 ], [ 80049.440200000070035, 260940.256999999284744 ], [ 80052.834999999962747, 260945.158399999141693 ], [ 80055.155799999833107, 260948.552999999374151 ], [ 80057.606399999931455, 260952.519200000911951 ], [ 80060.91440000012517, 260956.087200000882149 ], [ 80065.002000000327826, 260960.05320000089705 ], [ 80073.652999999932945, 260967.994400000199676 ], [ 80078.407200000248849, 260973.164200000464916 ], [ 80085.378399999812245, 260981.027400000020862 ], [ 80089.647599999792874, 260986.864000000059605 ], [ 80094.540400000289083, 260992.614199999719858 ], [ 80097.199000000022352, 260997.44620000012219 ], [ 80098.68859999999404, 261000.001000000163913 ], [ 80099.199400000274181, 261000.901599999517202 ], [ 80102.169800000265241, 261005.560599999502301 ], [ 80105.399799999780953, 261010.799599999561906 ], [ 80107.660000000149012, 261015.952199999243021 ], [ 80110.760200000368059, 261021.806199999526143 ], [ 80111.626199999824166, 261024.33500000089407 ], [ 80113.990399999544024, 261028.820800000801682 ], [ 80114.345399999991059, 261029.383600000292063 ], [ 80116.519000000320375, 261032.7956000007689 ], [ 80119.402800000272691, 261036.337400000542402 ], [ 80121.662999999709427, 261038.034800000488758 ], [ 80126.720200000330806, 261042.771600000560284 ], [ 80129.02379999961704, 261046.071000000461936 ], [ 80130.339999999850988, 261049.370400000363588 ], [ 80130.78179999999702, 261052.332000000402331 ], [ 80130.94620000012219, 261056.047199999913573 ], [ 80130.253399999812245, 261060.957200000062585 ], [ 80127.551599999889731, 261065.858599999919534 ], [ 80123.065799999982119, 261070.257799999788404 ], [ 80119.922399999573827, 261072.457399999722838 ], [ 80111.279799999669194, 261079.064799999818206 ], [ 80105.001400000415742, 261084.044199999421835 ], [ 80097.632000000216067, 261087.603399999439716 ], [ 80089.612999999895692, 261092.677999999374151 ], [ 80084.200600000098348, 261097.839199999347329 ], [ 80080.095999999903142, 261102.316400000825524 ], [ 80078.875, 261106.126599999144673 ], [ 80078.537200000137091, 261111.097400000318885 ], [ 80078.48519999999553, 261111.712200000882149 ], [ 80078.926799999549985, 261114.154400000348687 ], [ 80079.879399999976158, 261117.549000000581145 ], [ 80081.975200000219047, 261122.034800000488758 ], [ 80084.772199999541044, 261126.676400000229478 ], [ 80085.031999999657273, 261126.875600000843406 ], [ 80088.262199999764562, 261129.300200000405312 ], [ 80093.146200000308454, 261132.088800000026822 ], [ 80102.949199999682605, 261135.72580000013113 ], [ 80111.071999999694526, 261137.509800000116229 ], [ 80128.824599999934435, 261142.160000000149012 ], [ 80133.795400000177324, 261143.606200000271201 ], [ 80154.24100000038743, 261147.910199999809265 ], [ 80159.999800000339746, 261149.858599999919534 ], [ 80171.084400000050664, 261153.487199999392033 ], [ 80179.839399999938905, 261157.210799999535084 ], [ 80184.732200000435114, 261158.994799999520183 ], [ 80188.82839999999851, 261160.007999999448657 ], [ 80197.280199999921024, 261160.432199999690056 ], [ 80205.697599999606609, 261159.748199999332428 ], [ 80210.685600000433624, 261159.245799999684095 ], [ 80215.734199999831617, 261157.981599999591708 ], [ 80225.684399999678135, 261154.50899999961257 ], [ 80231.391200000420213, 261152.049599999561906 ], [ 80234.621199999935925, 261150.360999999567866 ], [ 80239.158999999985099, 261148.932000000029802 ], [ 80243.341799999587238, 261148.161399999633431 ], [ 80247.697599999606609, 261148.161399999633431 ], [ 80253.205199999734759, 261148.767599999904633 ], [ 80257.509200000204146, 261150.282999999821186 ], [ 80261.180800000205636, 261152.049599999561906 ], [ 80266.238199999555945, 261154.924599999561906 ], [ 80271.286799999885261, 261158.483799999579787 ], [ 80275.564799999818206, 261161.947799999266863 ], [ 80279.063400000333786, 261165.247199999168515 ], [ 80283.107400000095367, 261169.992599999532104 ], [ 80284.250599999912083, 261171.508199999108911 ], [ 80286.952399999834597, 261175.318399999290705 ], [ 80289.662999999709427, 261179.293199999257922 ], [ 80292.183000000193715, 261183.268200000748038 ], [ 80294.980000000447035, 261188.33420000039041 ], [ 80298.244800000451505, 261194.344000000506639 ], [ 80299.283999999985099, 261196.379000000655651 ], [ 80302.427400000393391, 261201.704800000414252 ], [ 80304.436599999666214, 261204.510600000619888 ], [ 80307.060399999842048, 261208.130400000140071 ], [ 80310.203999999910593, 261212.191800000146031 ], [ 80316.083999999798834, 261218.885800000280142 ], [ 80319.305399999953806, 261223.605399999767542 ], [ 80322.093799999915063, 261228.428999999538064 ], [ 80324.544599999673665, 261234.023199999704957 ], [ 80326.553600000217557, 261238.924599999561906 ], [ 80327.731399999931455, 261243.15059999935329 ], [ 80328.337600000202656, 261246.623199999332428 ], [ 80328.086400000378489, 261251.948999999091029 ], [ 80327.03000000026077, 261259.47440000064671 ], [ 80324.882399999536574, 261267.259400000795722 ], [ 80321.756199999712408, 261278.42200000025332 ], [ 80319.825000000186265, 261286.796000000089407 ], [ 80319.825000000186265, 261290.182000000029802 ], [ 80320.569799999706447, 261291.697399999946356 ], [ 80321.531000000424683, 261293.143600000068545 ], [ 80322.57880000025034, 261296.347799999639392 ], [ 80322.673999999649823, 261298.469399999827147 ], [ 80321.885999999940395, 261299.82039999961853 ], [ 80320.838200000114739, 261301.17119999974966 ], [ 80320.223399999551475, 261303.119599999859929 ], [ 80320.405199999921024, 261305.068199999630451 ], [ 80321.531000000424683, 261306.929999999701977 ], [ 80322.483599999919534, 261309.294199999421835 ], [ 80322.483599999919534, 261311.233999999240041 ], [ 80321.574199999682605, 261315.641799999400973 ], [ 80320.699599999934435, 261318.845799999311566 ], [ 80319.045599999837577, 261323.002599999308586 ], [ 80315.729000000283122, 261327.825999999418855 ], [ 80310.59360000025481, 261333.991800000891089 ], [ 80303.570600000210106, 261340.84180000051856 ], [ 80299.89879999961704, 261344.565400000661612 ], [ 80297.629999999888241, 261350.662000000476837 ], [ 80296.495600000023842, 261356.836400000378489 ], [ 80296.235799999907613, 261361.815799999982119 ], [ 80296.201000000350177, 261365.452800000086427 ], [ 80299.344600000418723, 261370.622800000011921 ], [ 80301.085199999623001, 261374.510999999940395 ], [ 80302.739199999719858, 261379.490399999544024 ], [ 80303.726400000043213, 261382.096999999135733 ], [ 80304.479799999855459, 261384.071399999782443 ], [ 80306.835400000214577, 261386.599999999627471 ], [ 80309.849000000394881, 261389.310599999502301 ], [ 80314.473199999891222, 261393.112199999392033 ], [ 80318.924399999901652, 261396.082599999383092 ], [ 80327.203200000338256, 261400.732799999415874 ], [ 80332.433600000105798, 261405.21000000089407 ], [ 80335.533800000324845, 261409.098200000822544 ], [ 80338.928600000217557, 261412.232999999076128 ], [ 80341.457200000062585, 261415.359200000762939 ], [ 80343.82120000012219, 261420.347400000318885 ], [ 80347.822200000286102, 261427.370400000363588 ], [ 80350.402800000272691, 261432.947399999946356 ], [ 80355.555399999953806, 261440.481399999931455 ], [ 80358.698800000362098, 261443.105200000107288 ], [ 80362.353199999779463, 261445.55599999986589 ], [ 80365.063799999654293, 261446.828999999910593 ], [ 80367.592400000430644, 261447.331199999898672 ], [ 80372.56319999974221, 261448.266400000080466 ], [ 80376.356200000271201, 261448.768799999728799 ], [ 80386.990399999544024, 261451.219399999827147 ], [ 80395.624200000427663, 261453.929999999701977 ], [ 80402.829199999570847, 261457.740399999544024 ], [ 80406.57880000025034, 261459.679999999701977 ], [ 80411.713999999687076, 261462.806199999526143 ], [ 80415.299200000241399, 261466.105599999427795 ], [ 80418.953599999658763, 261470.089199999347329 ], [ 80423.240199999883771, 261474.488399999216199 ], [ 80428.7652000002563, 261479.311799999326468 ], [ 80434.368200000375509, 261482.264799999073148 ], [ 80440.19620000012219, 261485.062000000849366 ], [ 80442.023400000296533, 261486.837200000882149 ], [ 80442.898000000044703, 261489.192600000649691 ], [ 80443.512799999676645, 261491.816600000485778 ], [ 80445.166799999773502, 261494.700400000438094 ], [ 80446.483199999667704, 261496.14640000090003 ], [ 80447.531000000424683, 261496.657400000840425 ], [ 80449.011800000444055, 261496.977800000458956 ], [ 80454.553999999538064, 261496.484200000762939 ], [ 80460.997000000439584, 261496.215800000354648 ], [ 80467.197399999946356, 261496.311000000685453 ], [ 80474.965200000442564, 261496.908600000664592 ], [ 80478.3597999997437, 261497.575400000438094 ], [ 80480.152400000020862, 261498.761800000444055 ], [ 80481.537999999709427, 261500.000199999660254 ], [ 80482.594399999827147, 261500.961400000378489 ], [ 80484.335199999623001, 261502.987800000235438 ], [ 80486.084400000050664, 261506.798000000417233 ], [ 80488.517799999564886, 261511.535000000149012 ], [ 80490.266999999992549, 261516.020800000056624 ], [ 80491.964399999938905, 261522.948599999770522 ], [ 80493.098799999803305, 261530.387399999424815 ], [ 80494.501799999736249, 261536.154799999669194 ], [ 80497.10840000025928, 261543.671399999409914 ], [ 80498.814199999906123, 261547.308599999174476 ], [ 80501.871199999935925, 261551.127599999308586 ], [ 80504.044800000265241, 261553.664799999445677 ], [ 80506.660000000149012, 261555.691199999302626 ], [ 80508.928999999538064, 261557.033600000664592 ], [ 80511.89919999986887, 261557.882200000807643 ], [ 80516.436999999918044, 261559.077199999243021 ], [ 80521.407599999569356, 261559.406199999153614 ], [ 80525.200600000098348, 261559.492799999192357 ], [ 80532.526800000108778, 261558.825999999418855 ], [ 80538.363599999807775, 261557.717599999159575 ], [ 80545.447200000286102, 261556.531199999153614 ], [ 80551.240600000135601, 261556.10700000077486 ], [ 80558.644799999892712, 261555.769200000911951 ], [ 80569.989199999719858, 261555.007200000807643 ], [ 80576.570600000210106, 261554.591399999335408 ], [ 80582.234000000171363, 261554.496200000867248 ], [ 80585.91440000012517, 261554.929199999198318 ], [ 80588.962799999862909, 261556.020400000736117 ], [ 80590.746600000187755, 261556.609200000762939 ], [ 80595.58739999961108, 261558.219799999147654 ], [ 80602.35080000013113, 261561.181600000709295 ], [ 80606.879800000227988, 261563.051999999210238 ], [ 80610.551599999889731, 261565.078400000929832 ], [ 80613.166799999773502, 261567.7804000005126 ], [ 80614.301400000229478, 261569.217800000682473 ], [ 80615.340400000102818, 261572.101600000634789 ], [ 80617.349600000306964, 261577.514000000432134 ], [ 80619.488599999807775, 261585.628200000151992 ], [ 80623.246799999848008, 261598.323400000110269 ], [ 80625.004800000227988, 261604.342000000178814 ], [ 80625.065399999730289, 261604.575799999758601 ], [ 80625.030799999833107, 261609.823599999770522 ], [ 80625.004800000227988, 261609.970799999311566 ], [ 80624.329400000162423, 261613.962999999523163 ], [ 80623.186200000345707, 261617.600199999287724 ], [ 80622.40679999999702, 261621.081399999558926 ], [ 80622.40679999999702, 261624.709799999371171 ], [ 80622.675400000065565, 261628.944399999454618 ], [ 80624.14740000013262, 261632.148600000888109 ], [ 80625.004800000227988, 261632.754799999296665 ], [ 80626.901399999856949, 261634.105599999427795 ], [ 80629.776399999856949, 261635.698999999091029 ], [ 80633.707999999634922, 261636.963400000706315 ], [ 80639.553199999965727, 261638.236400000751019 ], [ 80646.35120000038296, 261638.825200000777841 ], [ 80652.135999999940395, 261638.270999999716878 ], [ 80652.412999999709427, 261638.236400000751019 ], [ 80661.92160000000149, 261637.47440000064671 ], [ 80668.199799999594688, 261637.47440000064671 ], [ 80671.343399999663234, 261637.820800000801682 ], [ 80675.188400000333786, 261639.267000000923872 ], [ 80678.184600000269711, 261642.055400000885129 ], [ 80688.507000000216067, 261653.05320000089705 ], [ 80688.740799999795854, 261653.304400000721216 ], [ 80696.231599999591708, 261660.907800000160933 ], [ 80702.224200000055134, 261666.657800000160933 ], [ 80706.666600000113249, 261670.043800000101328 ], [ 80713.464599999599159, 261676.980399999767542 ], [ 80719.751600000075996, 261681.717199999839067 ], [ 80728.168999999761581, 261684.851999999955297 ], [ 80731.390399999916553, 261685.778599999845028 ], [ 80733.485999999567866, 261685.856599999591708 ], [ 80737.937199999578297, 261685.691999999806285 ], [ 80744.128999999724329, 261685.614199999719858 ], [ 80745.237399999983609, 261685.510199999436736 ], [ 80753.775999999605119, 261684.756799999624491 ], [ 80761.96820000000298, 261684.418999999761581 ], [ 80767.71820000000298, 261685.345599999651313 ], [ 80771.72759999986738, 261687.467399999499321 ], [ 80773.736800000071526, 261689.840199999511242 ], [ 80776.10080000013113, 261693.641799999400973 ], [ 80777.754999999888241, 261698.214199999347329 ], [ 80779.63399999961257, 261707.090399999171495 ], [ 80780.682000000029802, 261711.316400000825524 ], [ 80781.902999999932945, 261713.940400000661612 ], [ 80782.587000000290573, 261716.823999999091029 ], [ 80783.288599999621511, 261720.123400000855327 ], [ 80783.730200000107288, 261722.816600000485778 ], [ 80785.652599999681115, 261728.142400000244379 ], [ 80787.964800000190735, 261731.199200000613928 ], [ 80789.090599999763072, 261733.650000000372529 ], [ 80791.195000000298023, 261736.516400000080466 ], [ 80794.762799999676645, 261740.577800000086427 ], [ 80798.157399999909103, 261743.626000000163913 ], [ 80801.993599999696016, 261746.509800000116229 ], [ 80805.58739999961108, 261750.233599999919534 ], [ 80807.059600000269711, 261752.337799999862909 ], [ 80808.410600000061095, 261755.299399999901652 ], [ 80809.042799999937415, 261757.793600000441074 ], [ 80810.159799999557436, 261762.149399999529123 ], [ 80811.467400000430644, 261766.548599999397993 ], [ 80812.42879999987781, 261768.410399999469519 ], [ 80813.72759999986738, 261769.518799999728799 ], [ 80815.64159999974072, 261770.098999999463558 ], [ 80818.005599999800324, 261770.185599999502301 ], [ 80822.283599999733269, 261769.847999999299645 ], [ 80825.998599999584258, 261769.665999999269843 ], [ 80834.268799999728799, 261769.250399999320507 ], [ 80840.036199999973178, 261769.847999999299645 ], [ 80846.13260000012815, 261771.458599999547005 ], [ 80851.276600000448525, 261774.160599999129772 ], [ 80856.082799999974668, 261777.79759999923408 ], [ 80860.057599999941885, 261782.958799999207258 ], [ 80862.923999999649823, 261786.431399999186397 ], [ 80866.587000000290573, 261791.255000000819564 ], [ 80868.596199999563396, 261795.481000000610948 ], [ 80870.596599999815226, 261800.373800000175834 ], [ 80872.389200000092387, 261807.656600000336766 ], [ 80872.571000000461936, 261812.480200000107288 ], [ 80872.389200000092387, 261815.355200000107288 ], [ 80871.687599999830127, 261820.256599999964237 ], [ 80870.371399999596179, 261826.344399999827147 ], [ 80869.28899999987334, 261831.687599999830127 ], [ 80868.518199999816716, 261836.155999999493361 ], [ 80869.21100000012666, 261842.754799999296665 ], [ 80870.942999999970198, 261847.950600000098348 ], [ 80871.557799999602139, 261849.777799999341369 ], [ 80873.445600000210106, 261852.583599999547005 ], [ 80875.151600000448525, 261855.120999999344349 ], [ 80875.878999999724329, 261856.21199999935925 ], [ 80879.022599999792874, 261858.835999999195337 ], [ 80883.560200000181794, 261860.689200000837445 ], [ 80891.137600000016391, 261862.802200000733137 ], [ 80901.737200000323355, 261864.57740000076592 ], [ 80927.075799999758601, 261865.261600000783801 ], [ 80936.662200000137091, 261865.365399999544024 ], [ 80943.910400000400841, 261865.426000000908971 ], [ 80952.509600000455976, 261865.84180000051856 ], [ 80957.566800000146031, 261866.361400000751019 ], [ 80966.027400000020862, 261869.409600000828505 ], [ 80970.816399999894202, 261872.362600000575185 ], [ 80973.700000000186265, 261874.648800000548363 ], [ 80976.661799999885261, 261879.394400000572205 ], [ 80978.36780000012368, 261883.949400000274181 ], [ 80978.887199999764562, 261887.170800000429153 ], [ 80978.722799999639392, 261888.946000000461936 ], [ 80978.532200000248849, 261890.885800000280142 ], [ 80977.319799999706447, 261892.574599999934435 ], [ 80975.518600000068545, 261894.791400000452995 ], [ 80975.39740000013262, 261894.947399999946356 ], [ 80973.570199999958277, 261897.4068 ], [ 80973.405600000172853, 261899.528400000184774 ], [ 80973.830000000074506, 261901.208399999886751 ], [ 80975.39740000013262, 261903.070199999958277 ], [ 80977.233199999667704, 261904.68099999986589 ], [ 80979.675400000065565, 261906.1097999997437 ], [ 80983.078599999658763, 261907.547399999573827 ], [ 80987.572999999858439, 261908.482599999755621 ], [ 80989.867999999783933, 261909.365800000727177 ], [ 81001.697200000286102, 261913.903599999845028 ], [ 81004.485600000247359, 261915.245799999684095 ], [ 81004.745400000363588, 261917.194399999454618 ], [ 81004.676199999637902, 261920.753599999472499 ], [ 81003.879399999976158, 261923.6546 ], [ 81001.394000000320375, 261932.842599999159575 ], [ 80998.778800000436604, 261941.649599999189377 ], [ 80996.674599999561906, 261949.677200000733137 ], [ 80996.769799999892712, 261953.652000000700355 ], [ 80999.003999999724329, 261957.713600000366569 ], [ 81002.667000000365078, 261963.377000000327826 ], [ 81009.898000000044703, 261977.25 ], [ 81012.816399999894202, 261982.497800000011921 ], [ 81015.266999999992549, 261986.983599999919534 ], [ 81018.133399999700487, 261989.945199999958277 ], [ 81020.229199999943376, 261992.560599999502301 ], [ 81021.017199999652803, 261995.773399999365211 ], [ 81021.79660000000149, 261999.98200000077486 ], [ 81022.939600000157952, 262003.307399999350309 ], [ 81025.684799999929965, 262006.520199999213219 ], [ 81026.654799999669194, 262008.632999999448657 ], [ 81029.443199999630451, 262015.309800000861287 ], [ 81032.396200000308454, 262018.773800000548363 ], [ 81035.885999999940395, 262022.419399999082088 ], [ 81039.644399999640882, 262027.06980000063777 ], [ 81041.783400000073016, 262030.620400000363588 ], [ 81043.004399999976158, 262033.997600000351667 ], [ 81044.052199999801815, 262036.881400000303984 ], [ 81044.311999999918044, 262039.765000000596046 ], [ 81043.697200000286102, 262043.315600000321865 ], [ 81043.783800000324845, 262047.455000000074506 ], [ 81044.736399999819696, 262050.1568 ], [ 81045.74959999974817, 262054.391400000080466 ], [ 81045.403199999593198, 262068.342399999499321 ], [ 81045.74959999974817, 262075.451999999582767 ], [ 81046.745400000363588, 262078.656199999153614 ], [ 81046.745400000363588, 262080.102399999275804 ], [ 81046.580799999646842, 262082.466600000858307 ], [ 81046.139200000092387, 262087.376599999144673 ], [ 81047.19579999987036, 262094.140000000596046 ], [ 81048.711199999786913, 262103.7956000007689 ], [ 81049.239400000311434, 262106.835200000554323 ], [ 81049.663800000213087, 262112.247600000351667 ], [ 81050.373800000175834, 262116.300400000065565 ], [ 81050.373800000175834, 262119.599600000306964 ], [ 81049.629200000315905, 262127.895800000056624 ], [ 81047.975200000219047, 262136.425599999725819 ], [ 81047.264999999664724, 262143.110999999567866 ], [ 81046.797399999573827, 262151.995999999344349 ], [ 81046.970599999651313, 262156.819399999454618 ], [ 81046.615600000135601, 262160.291999999433756 ], [ 81044.961600000038743, 262163.253799999132752 ], [ 81044.251400000415742, 262168.146600000560284 ], [ 81043.524000000208616, 262175.767200000584126 ], [ 81043.004399999976158, 262188.618200000375509 ], [ 81042.259600000455976, 262199.876000000163913 ], [ 81042.077800000086427, 262202.577800000086427 ], [ 81042.605999999679625, 262209.176599999889731 ], [ 81044.537200000137091, 262214.762199999764562 ], [ 81046.710799999535084, 262218.225999999791384 ], [ 81049.75899999961257, 262220.936599999666214 ], [ 81053.162399999797344, 262223.222799999639392 ], [ 81055.725599999539554, 262224.235999999567866 ], [ 81059.570600000210106, 262224.989399999380112 ], [ 81064.10840000025928, 262225.162599999457598 ], [ 81069.945000000298023, 262224.911399999633431 ], [ 81075.452600000426173, 262224.738199999555945 ], [ 81078.760599999688566, 262225.915999999269843 ], [ 81080.588000000454485, 262226.842599999159575 ], [ 81081.678999999538064, 262229.899399999529123 ], [ 81081.765599999576807, 262230.237199999392033 ], [ 81082.562400000169873, 262233.545199999585748 ], [ 81083.947999999858439, 262239.70240000076592 ], [ 81084.303000000305474, 262245.971999999135733 ], [ 81083.783400000073016, 262250.206800000742078 ], [ 81083.203200000338256, 262253.74860000051558 ], [ 81083.203200000338256, 262255.870200000703335 ], [ 81083.29839999973774, 262258.658600000664592 ], [ 81084.259600000455976, 262261.447200000286102 ], [ 81085.394000000320375, 262266.270600000396371 ], [ 81087.403199999593198, 262269.656600000336766 ], [ 81089.325600000098348, 262271.596400000154972 ], [ 81092.798200000077486, 262274.471400000154972 ], [ 81096.158200000412762, 262277.692800000309944 ], [ 81097.907399999909103, 262279.546000000089407 ], [ 81100.349600000306964, 262283.607599999755621 ], [ 81103.40639999974519, 262288.595599999651313 ], [ 81105.580000000074506, 262293.505599999800324 ], [ 81106.757799999788404, 262301.637199999764562 ], [ 81107.80559999961406, 262305.516799999400973 ], [ 81109.191200000233948, 262309.075999999418855 ], [ 81112.429999999701977, 262312.877599999308586 ], [ 81114.793999999761581, 262316.514799999073148 ], [ 81115.919800000265241, 262320.48960000090301 ], [ 81116.17960000038147, 262322.697799999266863 ], [ 81115.530199999921024, 262325.650800000876188 ], [ 81114.923999999649823, 262327.928400000557303 ], [ 81114.82880000025034, 262330.301200000569224 ], [ 81115.434999999590218, 262333.678400000557303 ], [ 81117.617200000211596, 262339.012800000607967 ], [ 81120.405600000172853, 262344.589800000190735 ], [ 81123.419200000353158, 262349.915599999949336 ], [ 81127.264200000092387, 262354.912200000137091 ], [ 81133.889000000432134, 262362.610799999907613 ], [ 81136.850599999539554, 262365.658999999985099 ], [ 81138.504599999636412, 262367.009999999776483 ], [ 81141.042000000365078, 262369.036399999633431 ], [ 81142.696000000461936, 262370.898199999704957 ], [ 81147.095200000330806, 262374.110999999567866 ], [ 81151.113199999555945, 262376.137399999424815 ], [ 81155.469200000166893, 262378.605399999767542 ], [ 81157.919800000265241, 262380.120999999344349 ], [ 81159.920199999585748, 262380.536599999293685 ], [ 81162.97719999961555, 262380.536599999293685 ], [ 81166.207200000062585, 262380.882999999448657 ], [ 81168.909199999645352, 262382.398399999365211 ], [ 81172.347000000067055, 262384.26039999909699 ], [ 81175.230800000019372, 262384.355599999427795 ], [ 81178.720599999651313, 262384.771199999377131 ], [ 81182.634999999776483, 262384.866599999368191 ], [ 81184.912399999797344, 262384.684599999338388 ], [ 81186.92160000000149, 262384.009199999272823 ], [ 81189.969800000078976, 262383.073999999091029 ], [ 81194.247800000011921, 262383.255799999460578 ], [ 81197.94539999961853, 262383.420399999246001 ], [ 81201.010999999940395, 262386.546599999070168 ], [ 81203.877399999648333, 262388.919199999421835 ], [ 81208.865399999544024, 262391.205399999395013 ], [ 81211.472000000067055, 262391.707800000905991 ], [ 81214.260400000028312, 262391.880999999120831 ], [ 81218.001600000075996, 262391.794399999082088 ], [ 81219.672799999825656, 262390.9543999992311 ], [ 81221.491399999707937, 262388.841399999335408 ], [ 81223.639000000432134, 262384.520199999213219 ], [ 81225.215200000442564, 262382.744799999520183 ], [ 81226.687199999578297, 262381.982799999415874 ], [ 81228.003600000403821, 262381.731599999591708 ], [ 81230.887199999764562, 262381.809599999338388 ], [ 81237.945000000298023, 262382.562999999150634 ], [ 81240.73340000025928, 262383.584799999371171 ], [ 81242.647199999541044, 262385.187000000849366 ], [ 81243.088999999687076, 262386.719799999147654 ], [ 81243.088999999687076, 262390.027799999341369 ], [ 81243.435399999842048, 262394.911800000816584 ], [ 81245.271200000308454, 262396.947000000625849 ], [ 81248.31940000038594, 262399.146600000560284 ], [ 81248.873599999584258, 262400.315600000321865 ], [ 81249.401999999769032, 262401.432600000873208 ], [ 81249.999400000087917, 262402.861600000411272 ], [ 81250.285199999809265, 262403.554400000721216 ], [ 81251.861399999819696, 262405.996400000527501 ], [ 81254.216799999587238, 262408.620400000363588 ], [ 81257.697999999858439, 262412.015000000596046 ], [ 81258.780399999581277, 262412.777000000700355 ], [ 81261.889399999752641, 262414.968000000342727 ], [ 81265.639000000432134, 262418.00760000012815 ], [ 81268.254399999976158, 262422.242200000211596 ], [ 81269.683199999853969, 262425.965800000354648 ], [ 81270.739599999971688, 262429.689600000157952 ], [ 81272.307000000029802, 262434.426599999889731 ], [ 81273.086400000378489, 262439.336600000038743 ], [ 81274.27280000038445, 262450.403799999505281 ], [ 81275.225399999879301, 262456.075999999418855 ], [ 81276.541799999773502, 262463.42820000089705 ], [ 81279.200199999846518, 262474.677200000733137 ], [ 81279.719800000078976, 262479.760600000619888 ], [ 81281.209400000050664, 262485.85700000077486 ], [ 81282.776800000108778, 262493.876000000163913 ], [ 81284.560600000433624, 262499.989800000563264 ], [ 81284.906999999657273, 262503.531600000336766 ], [ 81286.829599999822676, 262510.892400000244379 ], [ 81289.271599999628961, 262518.920199999585748 ], [ 81289.669999999925494, 262525.007999999448657 ], [ 81289.669999999925494, 262530.333799999207258 ], [ 81290.70920000039041, 262539.218599999323487 ], [ 81291.627000000327826, 262549.116800000891089 ], [ 81292.588399999774992, 262554.018200000748038 ], [ 81294.337600000202656, 262559.274800000712276 ], [ 81296.346599999815226, 262565.449200000613928 ], [ 81298.650200000032783, 262573.217000000178814 ], [ 81300.217600000090897, 262577.105200000107288 ], [ 81302.044800000265241, 262584.80379999987781 ], [ 81303.516999999992549, 262588.761399999260902 ], [ 81306.305399999953806, 262595.403400000184774 ], [ 81321.598600000143051, 262604.591399999335408 ], [ 81361.589599999599159, 262631.809200000017881 ], [ 81371.002799999900162, 262669.600600000470877 ], [ 81391.093399999663234, 262687.812000000849366 ], [ 81407.399799999780953, 262715.687999999150634 ], [ 81412.595800000242889, 262744.403799999505281 ], [ 81415.297600000165403, 262776.592199999839067 ], [ 81452.5, 262811.690400000661612 ], [ 81462.199000000022352, 262838.094200000166893 ], [ 81446.299599999561906, 262869.910199999809265 ], [ 81465.801599999889731, 262890.685000000521541 ], [ 81479.960199999623001, 262900.886399999260902 ], [ 81480.956199999898672, 262900.808399999514222 ], [ 81487.494400000199676, 262900.808399999514222 ], [ 81490.975599999539554, 262901.656999999657273 ], [ 81492.81140000000596, 262903.354399999603629 ], [ 81493.850599999539554, 262905.380799999460578 ], [ 81495.210199999623001, 262907.995999999344349 ], [ 81496.344600000418723, 262909.953199999406934 ], [ 81498.405600000172853, 262914.161800000816584 ], [ 81499.037800000049174, 262915.443399999290705 ], [ 81503.575600000098348, 262920.855799999088049 ], [ 81509.50760000012815, 262926.606000000610948 ], [ 81513.612200000323355, 262929.403000000864267 ], [ 81517.223399999551475, 262932.451199999079108 ], [ 81521.241600000299513, 262936.850400000810623 ], [ 81527.875, 262944.878000000491738 ], [ 81531.62459999974817, 262949.866200000047684 ], [ 81533.798200000077486, 262951.225600000470877 ], [ 81537.296799999661744, 262953.001000000163913 ], [ 81539.730200000107288, 262954.2652000002563 ], [ 81543.271999999880791, 262956.473600000143051 ], [ 81550.424999999813735, 262963.150200000032783 ], [ 81558.097599999979138, 262969.844200000166893 ], [ 81567.727400000207126, 262980.660399999469519 ], [ 81570.256000000052154, 262983.881799999624491 ], [ 81571.918600000441074, 262986.410399999469519 ], [ 81573.581399999558926, 262989.9695999994874 ], [ 81576.023400000296533, 262994.030999999493361 ], [ 81579.331399999558926, 262997.927999999374151 ], [ 81581.712799999862909, 262999.997600000351667 ], [ 81583.77379999961704, 263001.807600000873208 ], [ 81588.095200000330806, 263005.020400000736117 ], [ 81590.190799999982119, 263005.280200000852346 ], [ 81596.564399999566376, 263008.579600000753999 ], [ 81598.911199999973178, 263010.06900000013411 ], [ 81599.352800000458956, 263010.346200000494719 ], [ 81602.046000000089407, 263013.481000000610948 ], [ 81604.315000000409782, 263014.996400000527501 ], [ 81607.553600000217557, 263016.018200000748038 ], [ 81610.246799999848008, 263017.455800000578165 ], [ 81612.784199999645352, 263019.993200000375509 ], [ 81613.745400000363588, 263022.790200000628829 ], [ 81613.87540000025183, 263025.751800000667572 ], [ 81615.364799999631941, 263033.026200000196695 ], [ 81617.010200000368059, 263038.256599999964237 ], [ 81618.412999999709427, 263044.353199999779463 ], [ 81618.802799999713898, 263049.9386 ], [ 81617.754999999888241, 263056.528799999505281 ], [ 81617.408599999733269, 263062.287599999457598 ], [ 81618.188000000081956, 263066.435599999502301 ], [ 81619.764000000432134, 263070.410399999469519 ], [ 81620.586600000038743, 263074.21199999935925 ], [ 81620.240199999883771, 263077.424799999222159 ], [ 81619.027999999932945, 263084.621200000867248 ], [ 81617.798200000077486, 263093.073200000450015 ], [ 81617.235399999655783, 263094.61460000090301 ], [ 81615.918999999761581, 263098.14780000038445 ], [ 81614.351599999703467, 263101.525000000372529 ], [ 81612.42920000012964, 263104.919800000265241 ], [ 81610.515399999916553, 263108.981200000271201 ], [ 81610.437400000169873, 263113.631400000303984 ], [ 81611.909599999897182, 263117.424399999901652 ], [ 81614.568199999630451, 263122.516400000080466 ], [ 81616.75040000025183, 263126.82039999961853 ], [ 81620.326799999922514, 263130.214999999850988 ], [ 81624.855999999679625, 263133.670199999585748 ], [ 81627.384600000455976, 263135.78319999948144 ], [ 81629.92200000025332, 263137.904799999669194 ], [ 81635.421000000089407, 263143.576999999582767 ], [ 81637.819600000046194, 263146.616599999368191 ], [ 81639.213999999687076, 263149.578199999406934 ], [ 81640.608199999667704, 263152.955600000917912 ], [ 81641.032399999909103, 263156.687999999150634 ], [ 81640.694799999706447, 263160.056600000709295 ], [ 81639.906600000336766, 263162.853800000622869 ], [ 81639.023400000296533, 263164.464400000870228 ], [ 81637.819600000046194, 263166.664000000804663 ], [ 81635.775999999605119, 263170.812000000849366 ], [ 81635.334400000050664, 263172.751800000667572 ], [ 81635.161199999973178, 263175.540400000289083 ], [ 81635.775999999605119, 263178.839800000190735 ], [ 81637.248200000263751, 263182.563400000333786 ], [ 81639.776800000108778, 263186.278400000184774 ], [ 81643.699599999934435, 263189.5 ], [ 81649.103400000371039, 263193.145600000396371 ], [ 81653.17339999973774, 263194.912200000137091 ], [ 81658.308799999766052, 263196.427799999713898 ], [ 81663.972199999727309, 263199.060399999842048 ], [ 81671.220399999991059, 263201.164599999785423 ], [ 81678.771800000220537, 263202.264399999752641 ], [ 81682.694799999706447, 263202.957200000062585 ], [ 81687.752000000327826, 263202.957200000062585 ], [ 81696.212600000202656, 263202.610799999907613 ], [ 81701.200799999758601, 263202.247199999168515 ], [ 81704.370199999772012, 263202.021999999880791 ], [ 81716.667000000365078, 263201.848799999803305 ], [ 81723.378399999812245, 263202.861999999731779 ], [ 81728.79079999960959, 263205.399399999529123 ], [ 81730.193599999882281, 263206.13539999909699 ], [ 81730.574799999594688, 263206.325999999418855 ], [ 81732.930200000293553, 263207.347799999639392 ], [ 81734.237800000235438, 263207.425799999386072 ], [ 81735.986999999731779, 263207.261199999600649 ], [ 81737.528599999845028, 263206.992799999192357 ], [ 81738.342600000090897, 263206.836799999698997 ], [ 81741.737200000323355, 263206.074799999594688 ], [ 81746.283599999733269, 263206.325999999418855 ], [ 81749.418399999849498, 263207.183199999853969 ], [ 81750.596199999563396, 263207.668199999257922 ], [ 81753.514600000344217, 263208.863199999555945 ], [ 81755.350399999879301, 263210.560599999502301 ], [ 81756.831199999898672, 263212.500399999320507 ], [ 81757.878999999724329, 263214.448799999430776 ], [ 81757.619199999608099, 263217.496999999508262 ], [ 81756.917799999937415, 263220.371999999508262 ], [ 81755.913200000301003, 263222.147399999201298 ], [ 81753.306599999777973, 263223.92259999923408 ], [ 81751.28899999987334, 263225.948999999091029 ], [ 81750.777999999932945, 263227.897399999201298 ], [ 81750.855999999679625, 263231.716399999335408 ], [ 81750.855999999679625, 263236.436000000685453 ], [ 81752.596599999815226, 263240.246400000527501 ], [ 81754.701000000350177, 263243.554400000721216 ], [ 81758.00899999961257, 263245.658600000664592 ], [ 81760.407800000160933, 263246.680600000545382 ], [ 81769.388000000268221, 263252.006400000303984 ], [ 81773.31940000038594, 263254.457000000402331 ], [ 81774.800200000405312, 263257.254200000315905 ], [ 81776.454400000162423, 263260.467000000178814 ], [ 81779.424599999561906, 263263.844200000166893 ], [ 81782.048600000329316, 263267.567999999970198 ], [ 81783.572599999606609, 263271.534199999645352 ], [ 81786.006000000052154, 263277.379599999636412 ], [ 81789.244800000451505, 263282.454199999570847 ], [ 81792.033200000412762, 263286.186599999666214 ], [ 81792.985799999907613, 263288.533399999141693 ], [ 81794.466599999926984, 263291.581599999219179 ], [ 81796.302600000053644, 263292.76799999922514 ], [ 81798.735999999567866, 263292.863199999555945 ], [ 81802.581000000238419, 263292.689999999478459 ], [ 81804.763199999928474, 263292.863199999555945 ], [ 81806.850200000219047, 263293.538599999621511 ], [ 81808.036600000225008, 263295.478399999439716 ], [ 81809.950400000438094, 263298.604599999263883 ], [ 81812.219200000166893, 263300.301999999210238 ], [ 81814.747999999672174, 263301.903999999165535 ], [ 81817.536399999633431, 263303.601399999111891 ], [ 81823.658800000324845, 263305.878799999132752 ], [ 81833.54839999973774, 263308.416200000792742 ], [ 81843.584999999962747, 263309.100400000810623 ], [ 81859.588399999774992, 263309.689200000837445 ], [ 81866.732599999755621, 263308.762599999085069 ], [ 81869.70299999974668, 263308.927200000733137 ], [ 81872.404799999669194, 263309.689200000837445 ], [ 81875.002799999900162, 263310.719799999147654 ], [ 81879.029600000008941, 263312.313200000673532 ], [ 81885.619599999859929, 263312.988600000739098 ], [ 81894.080199999734759, 263312.910599999129772 ], [ 81898.964399999938905, 263312.391000000759959 ], [ 81905.502600000239909, 263311.377800000831485 ], [ 81911.30460000038147, 263312.226600000634789 ], [ 81916.015599999576807, 263314.001800000667572 ], [ 81925.255599999800324, 263318.998400000855327 ], [ 81931.629200000315905, 263322.800200000405312 ], [ 81934.867999999783933, 263327.615000000223517 ], [ 81937.526399999856949, 263333.122600000351667 ], [ 81939.518199999816716, 263335.564600000157952 ], [ 81942.748399999924004, 263341.583200000226498 ], [ 81944.142599999904633, 263347.671000000089407 ], [ 81946.723199999891222, 263357.066999999806285 ], [ 81948.11739999987185, 263361.959799999371171 ], [ 81949.511599999852479, 263370.931199999526143 ], [ 81952.525200000032783, 263381.158399999141693 ], [ 81952.785000000149012, 263383.453400000929832 ], [ 81952.862999999895692, 263390.130000000819564 ], [ 81953.218000000342727, 263399.17960000038147 ], [ 81952.915000000037253, 263405.354000000283122 ], [ 81952.819600000046194, 263407.891200000420213 ], [ 81952.559799999929965, 263412.628200000151992 ], [ 81953.70299999974668, 263419.815799999982119 ], [ 81955.443599999882281, 263424.301599999889731 ], [ 81957.877000000327826, 263426.587799999862909 ], [ 81959.842799999751151, 263429.549399999901652 ], [ 81960.466199999675155, 263432.164599999785423 ], [ 81960.630800000391901, 263434.372999999672174 ], [ 81960.890599999576807, 263437.750199999660254 ], [ 81962.033800000324845, 263441.647199999541044 ], [ 81963.254800000227988, 263443.249199999496341 ], [ 81965.255199999548495, 263445.526799999177456 ], [ 81969.256000000052154, 263448.315199999138713 ], [ 81974.503800000064075, 263450.436799999326468 ], [ 81984.652999999932945, 263453.649599999189377 ], [ 81989.182199999690056, 263456.697799999266863 ], [ 81996.430399999953806, 263461.01039999909699 ], [ 82010.346599999815226, 263471.237600000575185 ], [ 82022.565600000321865, 263479.533800000324845 ], [ 82028.653400000184774, 263483.681800000369549 ], [ 82031.978799999691546, 263487.31900000013411 ], [ 82034.585400000214577, 263490.9386 ], [ 82036.031600000336766, 263493.744400000199676 ], [ 82036.646399999968708, 263495.684200000017881 ], [ 82037.252600000239909, 263497.9704 ], [ 82037.399799999780953, 263499.996799999848008 ], [ 82037.599000000394881, 263502.716000000014901 ], [ 82037.339200000278652, 263506.43099999986589 ], [ 82035.598600000143051, 263509.903599999845028 ], [ 82033.199799999594688, 263517.506999999284744 ], [ 82031.632399999536574, 263520.89299999922514 ], [ 82029.709999999962747, 263530.877599999308586 ], [ 82027.925999999977648, 263542.291200000792742 ], [ 82026.6097999997437, 263547.123400000855327 ], [ 82022.782200000248849, 263556.077600000426173 ], [ 82019.855200000107288, 263566.400200000032783 ], [ 82018.807400000281632, 263575.536199999973178 ], [ 82016.625, 263583.563799999654293 ], [ 82015.100999999791384, 263590.344399999827147 ], [ 82015.265399999916553, 263592.708599999547005 ], [ 82015.620600000023842, 263597.358999999240041 ], [ 82016.668399999849498, 263604.884199999272823 ], [ 82018.894000000320375, 263614.7043999992311 ], [ 82019.240199999883771, 263618.168400000780821 ], [ 82020.036999999545515, 263622.481000000610948 ], [ 82022.383799999952316, 263630.603800000622869 ], [ 82025.960199999623001, 263636.102800000458956 ], [ 82028.003999999724329, 263639.142400000244379 ], [ 82037.434600000269711, 263646.676400000229478 ], [ 82041.617200000211596, 263650.391400000080466 ], [ 82048.068799999542534, 263654.028599999845028 ], [ 82053.957399999722838, 263656.739199999719858 ], [ 82058.841599999926984, 263658.167999999597669 ], [ 82069.216000000014901, 263659.354399999603629 ], [ 82073.667200000025332, 263661.302799999713898 ], [ 82079.824199999682605, 263664.177799999713898 ], [ 82090.371799999848008, 263671.962999999523163 ], [ 82095.342600000090897, 263674.837999999523163 ], [ 82102.582200000062585, 263679.903999999165535 ], [ 82105.595800000242889, 263683.039000000804663 ], [ 82109.076999999582767, 263686.935799999162555 ], [ 82111.441200000233948, 263690.650800000876188 ], [ 82113.355000000447035, 263694.876800000667572 ], [ 82113.709999999962747, 263701.986600000411272 ], [ 82113.4847999997437, 263706.888000000268221 ], [ 82114.195000000298023, 263714.933000000193715 ], [ 82115.580599999986589, 263720.760999999940395 ], [ 82119.156999999657273, 263724.995600000023842 ], [ 82126.275399999693036, 263731.42119999974966 ], [ 82138.832000000402331, 263736.668999999761581 ], [ 82151.95160000026226, 263742.670199999585748 ], [ 82161.191599999554455, 263746.385199999436736 ], [ 82168.864199999719858, 263749.520199999213219 ], [ 82176.614799999631941, 263752.568399999290705 ], [ 82177.472000000067055, 263752.906199999153614 ], [ 82183.568599999882281, 263755.192399999126792 ], [ 82189.855600000359118, 263758.915999999269843 ], [ 82194.557799999602139, 263763.22859999909997 ], [ 82198.489400000311434, 263767.030200000852346 ], [ 82203.07039999961853, 263771.429400000721216 ], [ 82210.777599999681115, 263777.733799999579787 ], [ 82211.44440000038594, 263778.279400000348687 ], [ 82220.684399999678135, 263785.137800000607967 ], [ 82228.486999999731779, 263789.866200000047684 ], [ 82232.626199999824166, 263791.9704 ], [ 82241.311999999918044, 263796.387000000104308 ], [ 82248.473799999803305, 263798.326799999922514 ], [ 82254.700000000186265, 263799.677600000053644 ], [ 82259.237800000235438, 263801.877199999988079 ], [ 82262.468000000342727, 263804.752399999648333 ], [ 82266.555399999953806, 263808.553999999538064 ], [ 82270.053999999538064, 263810.857400000095367 ], [ 82273.630400000140071, 263812.121799999848008 ], [ 82276.860600000247359, 263815.499199999496341 ], [ 82280.82660000026226, 263822.522199999541044 ], [ 82283.182199999690056, 263829.545199999585748 ], [ 82285.54619999974966, 263836.221999999135733 ], [ 82286.628800000064075, 263846.709000000730157 ], [ 82286.628800000064075, 263855.498800000175834 ], [ 82286.628800000064075, 263858.720200000330806 ], [ 82286.490199999883771, 263871.233599999919534 ], [ 82285.191200000233948, 263886.206399999558926 ], [ 82285.355800000019372, 263892.224799999967217 ], [ 82286.005199999548495, 263895.350999999791384 ], [ 82287.93640000000596, 263898.806399999186397 ], [ 82290.542999999597669, 263902.452199999243021 ], [ 82294.396599999628961, 263907.526799999177456 ], [ 82299.618400000035763, 263913.363399999216199 ], [ 82305.810200000181794, 263918.100400000810623 ], [ 82308.737200000323355, 263919.36460000090301 ], [ 82313.803199999965727, 263920.724199999123812 ], [ 82319.544599999673665, 263922.404200000688434 ], [ 82324.601999999955297, 263922.664000000804663 ], [ 82327.130599999800324, 263922.326400000602007 ], [ 82334.248999999836087, 263920.88880000077188 ], [ 82341.150799999944866, 263919.087600000202656 ], [ 82349.169800000265241, 263917.000600000843406 ], [ 82356.669200000353158, 263915.476399999111891 ], [ 82359.682799999602139, 263915.476399999111891 ], [ 82361.068400000222027, 263915.65819999948144 ], [ 82365.684000000357628, 263917.173800000920892 ], [ 82369.87540000025183, 263919.546599999070168 ], [ 82373.018799999728799, 263922.248400000855327 ], [ 82376.248999999836087, 263924.526000000536442 ], [ 82379.392400000244379, 263927.998400000855327 ], [ 82382.025000000372529, 263929.765000000596046 ], [ 82385.705400000326335, 263932.22440000064671 ], [ 82389.723600000143051, 263935.697000000625849 ], [ 82395.213999999687076, 263940.425400000065565 ], [ 82399.318599999882281, 263942.45160000026226 ], [ 82401.630800000391901, 263943.638000000268221 ], [ 82407.16440000012517, 263946.443800000473857 ], [ 82411.139200000092387, 263950.072399999946356 ], [ 82422.042000000365078, 263957.935399999842048 ], [ 82433.11780000012368, 263968.015399999916553 ], [ 82436.555800000205636, 263973.081399999558926 ], [ 82438.045199999585748, 263976.553999999538064 ], [ 82441.543800000101328, 263983.057399999350309 ], [ 82446.592400000430644, 263988.902799999341369 ], [ 82446.956199999898672, 263989.439799999818206 ], [ 82450.342199999839067, 263994.401799999177456 ], [ 82453.08739999961108, 263997.865800000727177 ], [ 82455.485999999567866, 264000.004599999636412 ], [ 82465.037800000049174, 264008.517200000584126 ], [ 82468.285199999809265, 264011.418199999257922 ], [ 82478.94539999961853, 264020.952800000086427 ], [ 82491.510800000280142, 264034.487999999895692 ], [ 82499.997399999760091, 264041.753599999472499 ], [ 82504.465800000354648, 264045.563799999654293 ], [ 82514.927000000141561, 264056.648399999365211 ], [ 82524.088999999687076, 264063.92259999923408 ], [ 82529.717799999751151, 264068.997199999168515 ], [ 82533.562800000421703, 264074.669399999082088 ], [ 82536.004800000227988, 264083.121400000527501 ], [ 82537.693599999882281, 264087.052999999374151 ], [ 82538.957799999974668, 264089.980000000447035 ], [ 82541.893600000068545, 264092.846400000154972 ], [ 82551.999400000087917, 264098.605000000447035 ], [ 82552.544999999925494, 264098.7956000007689 ], [ 82559.854000000283122, 264101.480200000107288 ], [ 82563.950000000186265, 264101.982400000095367 ], [ 82568.011400000192225, 264100.129200000315905 ], [ 82570.964399999938905, 264099.531600000336766 ], [ 82574.895999999716878, 264099.445000000298023 ], [ 82579.780199999921024, 264099.791400000452995 ], [ 82586.500199999660254, 264101.142400000244379 ], [ 82590.34499999973923, 264103.246799999848008 ], [ 82593.705000000074506, 264107.57660000026226 ], [ 82598.927000000141561, 264116.955199999734759 ], [ 82604.339200000278652, 264124.324599999934435 ], [ 82609.465800000354648, 264130.074799999594688 ], [ 82610.661000000312924, 264131.416999999433756 ], [ 82617.294400000013411, 264135.313999999314547 ], [ 82619.338000000454485, 264136.257799999788404 ], [ 82628.188400000333786, 264140.388599999248981 ], [ 82636.432400000281632, 264146.147399999201298 ], [ 82645.066200000233948, 264148.935799999162555 ], [ 82650.218799999915063, 264152.140000000596046 ], [ 82654.756599999964237, 264156.28800000064075 ], [ 82658.58420000039041, 264159.327600000426173 ], [ 82662.472400000318885, 264161.449200000613928 ], [ 82665.867200000211596, 264164.488800000399351 ], [ 82666.568599999882281, 264165.502000000327826 ], [ 82667.529799999669194, 264166.861600000411272 ], [ 82668.577600000426173, 264170.498800000175834 ], [ 82669.62540000025183, 264177.253399999812245 ], [ 82671.669200000353158, 264185.549399999901652 ], [ 82673.236600000411272, 264187.324599999934435 ], [ 82676.726400000043213, 264190.71059999987483 ], [ 82679.792000000365078, 264196.131599999964237 ], [ 82681.004399999976158, 264201.197599999606609 ], [ 82680.917799999937415, 264205.345799999311566 ], [ 82680.432799999602139, 264210.169199999421835 ], [ 82680.883200000040233, 264213.719799999147654 ], [ 82681.654000000096858, 264217.859200000762939 ], [ 82684.451000000350177, 264225.306600000709295 ], [ 82687.066200000233948, 264230.892200000584126 ], [ 82690.244400000199676, 264234.191400000825524 ], [ 82695.821399999782443, 264241.630200000479817 ], [ 82699.155399999581277, 264244.262800000607967 ], [ 82701.848600000143051, 264247.051200000569224 ], [ 82704.905399999581277, 264251.952800000086427 ], [ 82707.96239999961108, 264256.274000000208616 ], [ 82710.361200000159442, 264258.629399999976158 ], [ 82713.409400000236928, 264259.815799999982119 ], [ 82715.591599999926984, 264260.828999999910593 ], [ 82721.255199999548495, 264260.828999999910593 ], [ 82727.715400000102818, 264260.828999999910593 ], [ 82733.041199999861419, 264262.361800000071526 ], [ 82736.219200000166893, 264263.877199999988079 ], [ 82741.449799999594688, 264268.700799999758601 ], [ 82747.56359999999404, 264275.039799999445677 ], [ 82752.880800000391901, 264282.06279999949038 ], [ 82755.798999999649823, 264288.063999999314547 ], [ 82756.673799999989569, 264292.039000000804663 ], [ 82757.721599999815226, 264295.433599999174476 ], [ 82759.990399999544024, 264297.373400000855327 ], [ 82762.519000000320375, 264299.399800000712276 ], [ 82765.307599999941885, 264303.712400000542402 ], [ 82768.009399999864399, 264309.220000000670552 ], [ 82769.360399999655783, 264312.173000000417233 ], [ 82770.763199999928474, 264316.658800000324845 ], [ 82772.850200000219047, 264324.192800000309944 ], [ 82774.764000000432134, 264328.505400000140071 ], [ 82777.734400000423193, 264332.982400000095367 ], [ 82780.834599999710917, 264336.2818 ], [ 82785.285600000061095, 264341.780799999833107 ], [ 82789.56359999999404, 264347.106599999591708 ], [ 82792.351999999955297, 264349.479399999603629 ], [ 82797.236200000159442, 264350.916799999773502 ], [ 82802.120400000363588, 264352.518999999389052 ], [ 82804.380599999800324, 264354.640599999576807 ], [ 82805.774799999780953, 264357.342399999499321 ], [ 82806.346199999563396, 264359.637199999764562 ], [ 82806.779199999757111, 264363.863199999555945 ], [ 82808.00040000025183, 264366.313999999314547 ], [ 82809.914200000464916, 264368.929199999198318 ], [ 82813.239400000311434, 264372.401799999177456 ], [ 82819.517799999564886, 264376.801000000908971 ], [ 82825.622999999672174, 264379.840600000694394 ], [ 82829.589200000278652, 264383.650800000876188 ], [ 82832.99239999987185, 264390.16300000064075 ], [ 82835.001600000075996, 264394.813400000333786 ], [ 82835.261400000192225, 264398.199400000274181 ], [ 82833.771800000220537, 264402.338800000026822 ], [ 82832.602800000458956, 264407.924200000241399 ], [ 82832.343000000342727, 264411.648000000044703 ], [ 82833.30420000012964, 264417.060399999842048 ], [ 82835.131400000303984, 264423.321399999782443 ], [ 82835.218000000342727, 264427.287599999457598 ], [ 82834.222199999727309, 264432.27559999935329 ], [ 82833.867200000211596, 264435.999399999156594 ], [ 82834.82839999999851, 264442.684599999338388 ], [ 82836.82880000025034, 264450.980799999088049 ], [ 82839.669200000353158, 264456.808800000697374 ], [ 82843.072399999946356, 264461.719000000506639 ], [ 82849.705799999646842, 264471.019600000232458 ], [ 82858.712000000290573, 264481.177400000393391 ], [ 82862.21059999987483, 264485.741200000047684 ], [ 82866.142199999652803, 264491.066999999806285 ], [ 82871.026200000196695, 264495.552799999713898 ], [ 82876.923600000329316, 264500.003799999132752 ], [ 82878.872000000439584, 264501.475999999791384 ], [ 82884.241200000047684, 264504.853399999439716 ], [ 82895.143799999728799, 264509.590199999511242 ], [ 82910.185800000093877, 264519.15059999935329 ], [ 82924.327399999834597, 264528.719799999147654 ], [ 82935.784199999645352, 264538.600600000470877 ], [ 82943.552000000141561, 264544.775000000372529 ], [ 82954.099600000306964, 264554.508600000292063 ], [ 82961.114199999719858, 264562.120600000023842 ], [ 82965.747200000099838, 264566.433199999853969 ], [ 82967.323200000450015, 264567.619599999859929 ], [ 82968.284400000236928, 264568.80599999986589 ], [ 82968.630800000391901, 264569.567999999970198 ], [ 82968.630800000391901, 264571.083399999886751 ], [ 82970.111600000411272, 264573.880599999800324 ], [ 82972.380599999800324, 264575.906999999657273 ], [ 82978.736800000071526, 264581.916799999773502 ], [ 82982.105399999767542, 264586.307399999350309 ], [ 82984.374400000087917, 264589.442199999466538 ], [ 82987.327399999834597, 264593.494999999180436 ], [ 82990.652599999681115, 264596.456599999219179 ], [ 82995.008600000292063, 264598.742799999192357 ], [ 83001.641999999992549, 264601.028999999165535 ], [ 83008.136800000444055, 264602.890799999237061 ], [ 83019.99199999962002, 264606.095000000670552 ], [ 83022.442800000309944, 264607.619200000539422 ], [ 83024.269999999552965, 264609.567600000649691 ], [ 83026.019199999980628, 264612.356000000610948 ], [ 83028.71239999961108, 264616.253000000491738 ], [ 83034.254800000227988, 264620.816600000485778 ], [ 83038.454800000414252, 264623.778400000184774 ], [ 83044.291400000452995, 264628.766400000080466 ], [ 83045.772199999541044, 264630.377000000327826 ], [ 83048.387600000016391, 264633.676400000229478 ], [ 83051.44440000038594, 264636.300400000065565 ], [ 83055.116200000047684, 264638.240199999883771 ], [ 83060.208200000226498, 264640.699599999934435 ], [ 83064.217600000090897, 264644.08559999987483 ], [ 83067.534400000236928, 264647.454199999570847 ], [ 83071.197399999946356, 264652.104399999603629 ], [ 83074.427600000053644, 264656.087999999523163 ], [ 83076.782999999821186, 264658.036399999633431 ], [ 83080.454800000414252, 264660.495799999684095 ], [ 83086.161600000225008, 264663.959799999371171 ], [ 83088.854799999855459, 264665.726399999111891 ], [ 83092.872800000011921, 264667.934599999338388 ], [ 83098.986800000071526, 264668.774599999189377 ], [ 83103.862200000323355, 264669.536599999293685 ], [ 83107.525200000032783, 264671.233999999240041 ], [ 83111.57799999974668, 264674.108999999240041 ], [ 83117.076999999582767, 264680.369999999180436 ], [ 83120.826799999922514, 264683.99860000051558 ], [ 83124.489799999631941, 264688.060000000521541 ], [ 83125.000799999572337, 264688.778799999505281 ], [ 83128.066399999894202, 264693.143200000748038 ], [ 83131.38300000037998, 264696.520600000396371 ], [ 83133.348799999803305, 264698.044600000604987 ], [ 83136.396999999880791, 264699.395600000396371 ], [ 83142.424200000241399, 264702.781600000336766 ], [ 83145.818799999542534, 264705.059200000017881 ], [ 83150.269999999552965, 264709.207200000062585 ], [ 83155.595800000242889, 264714.455000000074506 ], [ 83159.302199999801815, 264720.196399999782443 ], [ 83164.878999999724329, 264727.2195999994874 ], [ 83167.762799999676645, 264729.514399999752641 ], [ 83171.157399999909103, 264729.85219999961555 ], [ 83174.560800000093877, 264729.85219999961555 ], [ 83180.050999999977648, 264728.32799999974668 ], [ 83185.065000000409782, 264723.755599999800324 ], [ 83187.593799999915063, 264721.469399999827147 ], [ 83193.006000000052154, 264716.230200000107288 ], [ 83196.409400000236928, 264711.831000000238419 ], [ 83198.245199999772012, 264710.055800000205636 ], [ 83200.938400000333786, 264707.856200000271201 ], [ 83204.168600000441074, 264706.254200000315905 ], [ 83210.845200000330806, 264704.556800000369549 ], [ 83215.815999999642372, 264703.708200000226498 ], [ 83220.795400000177324, 264703.032800000160933 ], [ 83227.238199999555945, 264703.370400000363588 ], [ 83230.286600000225008, 264703.119400000199676 ], [ 83233.265399999916553, 264702.781600000336766 ], [ 83236.443599999882281, 264702.94620000012219 ], [ 83239.924800000153482, 264705.154400000348687 ], [ 83243.42339999973774, 264706.669800000265241 ], [ 83248.273000000044703, 264708.878200000151992 ], [ 83249.00040000025183, 264709.207200000062585 ], [ 83253.373599999584258, 264711.753200000151992 ], [ 83258.413599999621511, 264715.208399999886751 ], [ 83259.010999999940395, 264715.987800000235438 ], [ 83262.7347999997437, 264720.967199999839067 ], [ 83265.003600000403821, 264724.43099999986589 ], [ 83267.012600000016391, 264729.678999999538064 ], [ 83269.013199999928474, 264732.302799999713898 ], [ 83270.770999999716878, 264733.653799999505281 ], [ 83272.858000000007451, 264735.091199999675155 ], [ 83274.520800000056624, 264736.779999999329448 ], [ 83275.733199999667704, 264738.979599999263883 ], [ 83280.487399999983609, 264745.335799999535084 ], [ 83295.841199999675155, 264761.564200000837445 ], [ 83303.816800000146031, 264769.600600000470877 ], [ 83309.843999999575317, 264776.112800000235438 ], [ 83316.38219999987632, 264782.625 ], [ 83323.007000000216067, 264786.94620000012219 ], [ 83329.605600000359118, 264790.314799999818206 ], [ 83335.754200000315905, 264791.90819999948144 ], [ 83338.144199999980628, 264792.523000000044703 ], [ 83348.08559999987483, 264796.497800000011921 ], [ 83352.545400000177324, 264798.195199999958277 ], [ 83355.108799999579787, 264798.870600000023842 ], [ 83359.733199999667704, 264799.035199999809265 ], [ 83369.241600000299513, 264799.537399999797344 ], [ 83380.967000000178814, 264800.221599999815226 ], [ 83387.253999999724329, 264801.996799999848008 ], [ 83395.099799999967217, 264806.647199999541044 ], [ 83401.992999999783933, 264811.808399999514222 ], [ 83403.170599999837577, 264813.098799999803305 ], [ 83407.275399999693036, 264817.558599999174476 ], [ 83407.924800000153482, 264818.277200000360608 ], [ 83410.851800000295043, 264821.44679999910295 ], [ 83413.900200000032783, 264826.356799999251962 ], [ 83418.082799999974668, 264832.366800000891089 ], [ 83422.837000000290573, 264841.832000000402331 ], [ 83425.192400000058115, 264847.919800000265241 ], [ 83429.557000000029802, 264852.994400000199676 ], [ 83440.754200000315905, 264865.594399999827147 ], [ 83450.357800000347197, 264876.012199999764562 ], [ 83455.770200000144541, 264879.978399999439716 ], [ 83466.707600000314415, 264885.641799999400973 ], [ 83474.908400000073016, 264889.71199999935925 ], [ 83481.541799999773502, 264895.713199999183416 ], [ 83487.820199999958277, 264899.609999999403954 ], [ 83492.83420000039041, 264903.58500000089407 ], [ 83496.064199999906123, 264906.537799999117851 ], [ 83500.601999999955297, 264911.283399999141693 ], [ 83505.823800000362098, 264917.371400000527501 ], [ 83512.769000000320375, 264928.525200000032783 ], [ 83516.08559999987483, 264934.110600000247359 ], [ 83516.518600000068545, 264934.725600000470877 ], [ 83519.566999999806285, 264939.020800000056624 ], [ 83522.450600000098348, 264942.224999999627471 ], [ 83530.123200000263751, 264948.407999999821186 ], [ 83538.228799999691546, 264954.668999999761581 ], [ 83538.358599999919534, 264952.729199999943376 ], [ 83538.713800000026822, 264947.732599999755621 ], [ 83538.194199999794364, 264936.907800000160933 ], [ 83536.964399999938905, 264929.555600000545382 ], [ 83536.141800000332296, 264923.034800000488758 ], [ 83534.401200000196695, 264913.387800000607967 ], [ 83533.786399999633431, 264905.948999999091029 ], [ 83533.65639999974519, 264897.73960000090301 ], [ 83534.271200000308454, 264885.89299999922514 ], [ 83534.565600000321865, 264872.877199999988079 ], [ 83535.535600000061095, 264868.564799999818206 ], [ 83537.094399999827147, 264857.740000000223517 ], [ 83539.493200000375509, 264848.855000000447035 ], [ 83541.510800000280142, 264845.044800000265241 ], [ 83544.905399999581277, 264840.229800000786781 ], [ 83549.625, 264834.557600000873208 ], [ 83554.847000000067055, 264827.959000000730157 ], [ 83556.466400000266731, 264824.997199999168515 ], [ 83557.418800000101328, 264821.619999999180436 ], [ 83558.120400000363588, 264816.285599999129772 ], [ 83558.553399999625981, 264811.046399999409914 ], [ 83557.929800000041723, 264807.859600000083447 ], [ 83557.60080000013113, 264806.144999999552965 ], [ 83556.855999999679625, 264801.148199999704957 ], [ 83557.635400000028312, 264789.48340000025928 ], [ 83557.115799999795854, 264782.036000000312924 ], [ 83556.284400000236928, 264777.126000000163913 ], [ 83554.717000000178814, 264771.289200000464916 ], [ 83554.09360000025481, 264770.232799999415874 ], [ 83549.754999999888241, 264762.915200000628829 ], [ 83545.347199999727309, 264753.10359999909997 ], [ 83544.039599999785423, 264748.028999999165535 ], [ 83541.770600000396371, 264741.941199999302626 ], [ 83540.549599999561906, 264738.728399999439716 ], [ 83540.722799999639392, 264735.013399999588728 ], [ 83543.987599999643862, 264728.830199999734759 ], [ 83545.217199999839067, 264725.703999999910593 ], [ 83545.130599999800324, 264723.842199999839067 ], [ 83543.987599999643862, 264720.793999999761581 ], [ 83544.42920000012964, 264716.567999999970198 ], [ 83545.910000000149012, 264714.108599999919534 ], [ 83548.43859999999404, 264710.635999999940395 ], [ 83555.721599999815226, 264704.046000000089407 ], [ 83560.874200000427663, 264699.820000000298023 ], [ 83564.710400000214577, 264697.793600000441074 ], [ 83567.351599999703467, 264696.286800000816584 ], [ 83570.642400000244379, 264694.399000000208616 ], [ 83577.085199999623001, 264689.410800000652671 ], [ 83581.415199999697506, 264684.760600000619888 ], [ 83583.16440000012517, 264682.725600000470877 ], [ 83586.11739999987185, 264678.759400000795722 ], [ 83590.404000000096858, 264669.372199999168515 ], [ 83593.486999999731779, 264660.660399999469519 ], [ 83596.02419999986887, 264652.104399999603629 ], [ 83596.690999999642372, 264649.809599999338388 ], [ 83598.111200000159442, 264644.916799999773502 ], [ 83599.029199999757111, 264636.135800000280142 ], [ 83599.895200000144541, 264627.502000000327826 ], [ 83601.116200000047684, 264617.015000000596046 ], [ 83601.869599999859929, 264611.602600000798702 ], [ 83602.293999999761581, 264609.229800000786781 ], [ 83605.792399999685585, 264600.769200000911951 ], [ 83611.144199999980628, 264587.49379999935627 ], [ 83612.988800000399351, 264583.181199999526143 ], [ 83615.162399999797344, 264577.777400000020862 ], [ 83617.431200000457466, 264574.382799999788404 ], [ 83618.661000000312924, 264570.659199999645352 ], [ 83619.310399999842048, 264563.471400000154972 ], [ 83619.65679999999702, 264558.89919999986887 ], [ 83620.36699999962002, 264550.02280000038445 ], [ 83621.050999999977648, 264542.921800000593066 ], [ 83623.449799999594688, 264538.436000000685453 ], [ 83627.026399999856949, 264534.799000000581145 ], [ 83630.169800000265241, 264531.915200000628829 ], [ 83633.131400000303984, 264530.399800000712276 ], [ 83637.063000000081956, 264529.213400000706315 ], [ 83649.576399999670684, 264521.090399999171495 ], [ 83666.411000000312924, 264506.888399999588728 ], [ 83676.240000000223517, 264500.003799999132752 ], [ 83676.915400000289083, 264499.518999999389052 ], [ 83688.519600000232458, 264489.880599999800324 ], [ 83692.788800000213087, 264481.75760000012815 ], [ 83694.486200000159442, 264475.081000000238419 ], [ 83693.888600000180304, 264471.781600000336766 ], [ 83694.226400000043213, 264468.742000000551343 ], [ 83694.927799999713898, 264466.707000000402331 ], [ 83696.417200000025332, 264464.083000000566244 ], [ 83697.456399999558926, 264461.883400000631809 ], [ 83697.551599999889731, 264459.683800000697374 ], [ 83696.754999999888241, 264457.56220000050962 ], [ 83694.148400000296533, 264454.782400000840425 ], [ 83692.442400000058115, 264450.721000000834465 ], [ 83692.624200000427663, 264449.032400000840425 ], [ 83693.316999999806285, 264446.823999999091029 ], [ 83695.499400000087917, 264443.360200000926852 ], [ 83697.681599999777973, 264438.198999999091029 ], [ 83699.422199999913573, 264434.726399999111891 ], [ 83699.768600000068545, 264431.175799999386072 ], [ 83700.244800000451505, 264426.1097999997437 ], [ 83700.417999999597669, 264422.550599999725819 ], [ 83701.907599999569356, 264416.713999999687076 ], [ 83704.869199999608099, 264409.699599999934435 ], [ 83708.099399999715388, 264405.811200000345707 ], [ 83713.814799999818206, 264401.490000000223517 ], [ 83717.226800000295043, 264400.043800000101328 ], [ 83720.084400000050664, 264397.766400000080466 ], [ 83722.96820000000298, 264393.791400000452995 ], [ 83726.198200000450015, 264391.340800000354648 ], [ 83734.918600000441074, 264385.088400000706315 ], [ 83739.413200000301003, 264383.044600000604987 ], [ 83742.634600000455976, 264381.442600000649691 ], [ 83744.652200000360608, 264380.005200000479817 ], [ 83746.133200000040233, 264378.403000000864267 ], [ 83746.479600000195205, 264376.116800000891089 ], [ 83746.834599999710917, 264372.990599999204278 ], [ 83746.834599999710917, 264366.980799999088049 ], [ 83747.094399999827147, 264364.356799999251962 ], [ 83750.003999999724329, 264359.507400000467896 ], [ 83750.532200000248849, 264358.615399999544024 ], [ 83750.705400000326335, 264354.380799999460578 ], [ 83751.580199999734759, 264351.592399999499321 ], [ 83754.368599999696016, 264348.639399999752641 ], [ 83756.291000000201166, 264344.569199999794364 ], [ 83756.897199999541044, 264341.936599999666214 ], [ 83757.243599999696016, 264339.910199999809265 ], [ 83758.90639999974519, 264338.732599999755621 ], [ 83762.612800000235438, 264334.246799999848008 ], [ 83765.83420000039041, 264326.037200000137091 ], [ 83767.592000000178814, 264321.049200000241399 ], [ 83769.765599999576807, 264317.325600000098348 ], [ 83772.822599999606609, 264313.5152000002563 ], [ 83775.481200000271201, 264310.060000000521541 ], [ 83784.989599999971688, 264303.963400000706315 ], [ 83795.632399999536574, 264295.078600000590086 ], [ 83799.520800000056624, 264290.999800000339746 ], [ 83804.526200000196695, 264282.954800000414252 ], [ 83807.54839999973774, 264275.91440000012517 ], [ 83808.423000000417233, 264272.233999999240041 ], [ 83809.107200000435114, 264268.865399999544024 ], [ 83812.216000000014901, 264262.491599999368191 ], [ 83820.685200000181794, 264249.935000000521541 ], [ 83824.157800000160933, 264244.739199999719858 ], [ 83825.0152000002563, 264240.721000000834465 ], [ 83826.054399999789894, 264235.516400000080466 ], [ 83831.319600000046194, 264228.146999999880791 ], [ 83834.073400000110269, 264224.457800000905991 ], [ 83837.372800000011921, 264220.941999999806285 ], [ 83842.213600000366569, 264217.417400000616908 ], [ 83847.738400000147521, 264214.066199999302626 ], [ 83850.501000000163913, 264210.221200000494719 ], [ 83853.271999999880791, 264204.185399999842048 ], [ 83860.009399999864399, 264197.309399999678135 ], [ 83870.557000000029802, 264190.095799999311566 ], [ 83882.559600000269711, 264183.895400000736117 ], [ 83897.419800000265241, 264177.201400000602007 ], [ 83912.981399999931455, 264168.645600000396371 ], [ 83933.972799999639392, 264157.422399999573827 ], [ 83939.722799999639392, 264156.625800000503659 ], [ 83943.645600000396371, 264156.080199999734759 ], [ 83962.316200000233948, 264149.879799999296665 ], [ 83977.011800000444055, 264134.967599999159575 ], [ 83983.706000000238419, 264121.302400000393391 ], [ 83985.221400000154972, 264118.210799999535084 ], [ 83988.148400000296533, 264110.330399999395013 ], [ 83992.651399999856949, 264091.2182 ], [ 83996.193400000222027, 264069.941199999302626 ], [ 83997.059399999678135, 264051.842199999839067 ], [ 83998.444799999706447, 264030.218800000846386 ], [ 83999.561999999918044, 264021.662799999117851 ], [ 84002.843999999575317, 264017.809200000017881 ], [ 84007.347199999727309, 264012.448799999430776 ], [ 84016.145399999804795, 264003.572599999606609 ], [ 84018.97719999961555, 264000.004599999636412 ], [ 84024.095200000330806, 263993.509800000116229 ], [ 84029.109199999831617, 263983.455800000578165 ], [ 84032.832999999634922, 263973.401799999177456 ], [ 84033.161999999545515, 263970.214999999850988 ], [ 84034.209800000302494, 263955.640599999576807 ], [ 84035.248999999836087, 263937.706199999898672 ], [ 84037.57839999999851, 263924.629799999296665 ], [ 84038.435800000093877, 263921.45160000026226 ], [ 84044.991200000047684, 263909.293400000780821 ], [ 84046.220999999903142, 263907.024399999529123 ], [ 84060.310399999842048, 263876.360200000926852 ], [ 84068.260200000368059, 263858.425799999386072 ], [ 84068.381400000303984, 263857.975400000810623 ], [ 84070.416400000452995, 263849.99100000038743 ], [ 84076.287800000049174, 263826.921399999409914 ], [ 84082.514200000092387, 263809.489199999719858 ], [ 84095.815600000321865, 263770.779999999329448 ], [ 84113.316999999806285, 263777.19679999910295 ], [ 84118.22719999961555, 263778.989399999380112 ], [ 84125.406200000084937, 263781.916400000452995 ], [ 84132.134800000116229, 263784.349799999967217 ], [ 84135.555399999953806, 263785.605599999427795 ], [ 84138.750799999572337, 263786.609999999403954 ], [ 84148.259399999864399, 263789.372600000351667 ], [ 84155.343000000342727, 263791.052600000053644 ], [ 84161.179800000041723, 263791.892599999904633 ], [ 84165.405799999833107, 263794.152799999341369 ], [ 84168.176799999549985, 263797.512800000607967 ], [ 84174.394600000232458, 263802.864399999380112 ], [ 84180.447800000198185, 263806.475600000470877 ], [ 84186.449000000022352, 263809.662399999797344 ], [ 84189.124800000339746, 263811.324999999254942 ], [ 84191.817999999970198, 263812.667400000616908 ], [ 84193.714599999599159, 263813.17820000089705 ], [ 84197.169800000265241, 263813.594000000506639 ], [ 84201.231200000271201, 263813.680600000545382 ], [ 84212.064600000157952, 263813.845000000670552 ], [ 84215.875, 263814.009600000455976 ], [ 84223.140599999576807, 263814.269400000572205 ], [ 84228.41440000012517, 263815.02280000038445 ], [ 84232.900200000032783, 263816.5296 ], [ 84238.295199999585748, 263819.959000000730157 ], [ 84242.451799999922514, 263822.981200000271201 ], [ 84248.504999999888241, 263828.263599999248981 ], [ 84253.415199999697506, 263832.455000000074506 ], [ 84258.091400000266731, 263836.386600000783801 ], [ 84263.746399999596179, 263839.149000000208616 ], [ 84269.28000000026077, 263841.504399999976158 ], [ 84274.293999999761581, 263843.929199999198318 ], [ 84279.126199999824166, 263847.45380000025034 ], [ 84285.092799999751151, 263852.233999999240041 ], [ 84290.063400000333786, 263856.832399999722838 ], [ 84294.549200000241399, 263859.941199999302626 ], [ 84299.139000000432134, 263862.106200000271201 ], [ 84300.853600000031292, 263864.210400000214577 ], [ 84301.035400000400841, 263866.557199999690056 ], [ 84300.42920000012964, 263869.744000000879169 ], [ 84299.649799999780953, 263874.350999999791384 ], [ 84300.342600000090897, 263876.862400000914931 ], [ 84301.728199999779463, 263877.615800000727177 ], [ 84303.884399999864399, 263878.369200000539422 ], [ 84309.677799999713898, 263878.871400000527501 ], [ 84315.852400000207126, 263879.711400000378489 ], [ 84320.095599999651313, 263880.97580000013113 ], [ 84332.002799999900162, 263884.067399999126792 ], [ 84341.909599999897182, 263887.418800000101328 ], [ 84348.646999999880791, 263889.765599999576807 ], [ 84359.185999999754131, 263895.126000000163913 ], [ 84367.785000000149012, 263899.819599999114871 ], [ 84374.998599999584258, 263902.919800000265241 ], [ 84378.332799999974668, 263904.348600000143051 ], [ 84387.13980000000447, 263907.024399999529123 ], [ 84392.976400000043213, 263908.53999999910593 ], [ 84396.353799999691546, 263908.964199999347329 ], [ 84401.194600000046194, 263909.042199999094009 ], [ 84409.386800000444055, 263909.709000000730157 ], [ 84411.81140000000596, 263909.7956000007689 ], [ 84414.054399999789894, 263911.051200000569224 ], [ 84418.245799999684095, 263915.329199999570847 ], [ 84424.21239999961108, 263921.191800000146031 ], [ 84427.762799999676645, 263923.962999999523163 ], [ 84434.500199999660254, 263926.639000000432134 ], [ 84443.956600000150502, 263931.748199999332428 ], [ 84452.079599999822676, 263936.528400000184774 ], [ 84455.881199999712408, 263938.623999999836087 ], [ 84458.981399999931455, 263939.29079999960959 ], [ 84463.571000000461936, 263939.706599999219179 ], [ 84464.142599999904633, 263939.723799999803305 ], [ 84470.014000000432134, 263939.879799999296665 ], [ 84483.575199999846518, 263939.957599999383092 ], [ 84495.542999999597669, 263939.386199999600649 ], [ 84504.791600000113249, 263938.71059999987483 ], [ 84520.994199999608099, 263937.455000000074506 ], [ 84524.622600000351667, 263937.2818 ], [ 84530.069600000046194, 263937.2818 ], [ 84535.50800000037998, 263937.455000000074506 ], [ 84541.292799999937415, 263937.775399999693036 ], [ 84546.436599999666214, 263938.459599999710917 ], [ 84551.63260000012815, 263939.12639999948442 ], [ 84556.464599999599159, 263940.208799999207258 ], [ 84561.574000000022352, 263941.96680000051856 ], [ 84565.453599999658763, 263944.235600000247359 ], [ 84569.073400000110269, 263946.582399999722838 ], [ 84571.584599999710917, 263948.755999999120831 ], [ 84572.840400000102818, 263950.947000000625849 ], [ 84575.949199999682605, 263956.644999999552965 ], [ 84578.625, 263961.996799999848008 ], [ 84580.712199999950826, 263965.270199999213219 ], [ 84583.994199999608099, 263968.370400000363588 ], [ 84587.449400000274181, 263970.717199999839067 ], [ 84591.16440000012517, 263972.059599999338388 ], [ 84594.455199999734759, 263972.310599999502301 ], [ 84597.85840000025928, 263971.964199999347329 ], [ 84599.321999999694526, 263971.808399999514222 ], [ 84600.707600000314415, 263971.14159999974072 ], [ 84603.556599999777973, 263969.45299999974668 ], [ 84607.453599999658763, 263966.015000000596046 ], [ 84617.464200000278652, 263958.056600000709295 ], [ 84623.058400000445545, 263953.622800000011921 ], [ 84624.8597999997437, 263952.107400000095367 ], [ 84627.544200000353158, 263950.020400000736117 ], [ 84631.597000000067055, 263948.011199999600649 ], [ 84635.580599999986589, 263946.833599999547005 ], [ 84640.932400000281632, 263945.162200000137091 ], [ 84646.119599999859929, 263943.568800000473857 ], [ 84649.003200000151992, 263941.048800000920892 ], [ 84651.6097999997437, 263937.108599999919534 ], [ 84656.693199999630451, 263925.547800000756979 ], [ 84659.81940000038594, 263920.014200000092387 ], [ 84661.542600000277162, 263918.005000000819564 ], [ 84663.101400000043213, 263917.424799999222159 ], [ 84665.032599999569356, 263917.243000000715256 ], [ 84671.284799999557436, 263915.770800000056624 ], [ 84687.677799999713898, 263914.489199999719858 ], [ 84693.220200000330806, 263912.964999999850988 ], [ 84696.55420000012964, 263911.440999999642372 ], [ 84702.044400000013411, 263909.925599999725819 ], [ 84706.547600000165403, 263909.760999999940395 ], [ 84711.474999999627471, 263910.678999999538064 ], [ 84720.455199999734759, 263912.367599999532104 ], [ 84727.504200000315905, 263914.697000000625849 ], [ 84731.297199999913573, 263916.126000000163913 ], [ 84736.311200000345707, 263918.637199999764562 ], [ 84740.468000000342727, 263921.070599999278784 ], [ 84743.152599999681115, 263922.759400000795722 ], [ 84748.062599999830127, 263925.85080000013113 ], [ 84753.120000000111759, 263929.028999999165535 ], [ 84759.424200000241399, 263931.03800000064075 ], [ 84763.745600000023842, 263932.371600000187755 ], [ 84766.343399999663234, 263933.635999999940395 ], [ 84769.019399999640882, 263935.818199999630451 ], [ 84771.002399999648333, 263938.251599999144673 ], [ 84773.080799999646842, 263942.520999999716878 ], [ 84775.150399999693036, 263947.639000000432134 ], [ 84778.657599999569356, 263952.912799999117851 ], [ 84783.134800000116229, 263955.424000000581145 ], [ 84788.590400000102818, 263957.441800000146031 ], [ 84792.565399999730289, 263959.797199999913573 ], [ 84793.690999999642372, 263961.875600000843406 ], [ 84794.634999999776483, 263964.984400000423193 ], [ 84794.816800000146031, 263968.915999999269843 ], [ 84795.847400000318885, 263971.68720000050962 ], [ 84797.068400000222027, 263972.440600000321865 ], [ 84799.389200000092387, 263972.518400000408292 ], [ 84804.091400000266731, 263973.029400000348687 ], [ 84806.862599999643862, 263973.609600000083447 ], [ 84808.845800000242889, 263974.362999999895692 ], [ 84811.78139999974519, 263976.294199999421835 ], [ 84814.639200000092387, 263979.065400000661612 ], [ 84818.614000000059605, 263982.087600000202656 ], [ 84823.627999999560416, 263985.179199999198318 ], [ 84827.689399999566376, 263987.188200000673532 ], [ 84829.291400000452995, 263987.690400000661612 ], [ 84831.447800000198185, 263987.188200000673532 ], [ 84832.625599999912083, 263986.772600000724196 ], [ 84834.045800000429153, 263986.270199999213219 ], [ 84836.54839999973774, 263984.668199999257922 ], [ 84838.782599999569356, 263984.668199999257922 ], [ 84840.263399999588728, 263985.343599999323487 ], [ 84842.341799999587238, 263986.348200000822544 ], [ 84845.528599999845028, 263987.603800000622869 ], [ 84848.646200000308454, 263987.785800000652671 ], [ 84851.668399999849498, 263986.59940000064671 ], [ 84854.552199999801815, 263983.914799999445677 ], [ 84861.298000000417233, 263971.522600000724196 ], [ 84867.316599999554455, 263959.537399999797344 ], [ 84871.27419999986887, 263953.41499999910593 ], [ 84876.989599999971688, 263946.807600000873208 ], [ 84880.877799999900162, 263942.269799999892712 ], [ 84886.316200000233948, 263937.914000000804663 ], [ 84891.979799999855459, 263934.64919999986887 ], [ 84896.214399999938905, 263931.375800000503659 ], [ 84899.756199999712408, 263930.544399999082088 ], [ 84905.463000000454485, 263930.622400000691414 ], [ 84910.823400000110269, 263929.955600000917912 ], [ 84914.019000000320375, 263927.851199999451637 ], [ 84917.950400000438094, 263921.832800000905991 ], [ 84922.53139999974519, 263916.455000000074506 ], [ 84927.969800000078976, 263912.78319999948144 ], [ 84934.109600000083447, 263908.747800000011921 ], [ 84939.461400000378489, 263906.158399999141693 ], [ 84941.877399999648333, 263905.647600000724196 ], [ 84943.999200000427663, 263905.820800000801682 ], [ 84948.675400000065565, 263907.500800000503659 ], [ 84953.092000000178814, 263909.163399999961257 ], [ 84957.560399999842048, 263909.380000000819564 ], [ 84962.150000000372529, 263911.354399999603629 ], [ 84969.709999999962747, 263916.377000000327826 ], [ 84980.500199999660254, 263926.032800000160933 ], [ 84989.774799999780953, 263934.493400000035763 ], [ 84992.693199999630451, 263937.160599999129772 ], [ 84995.334400000050664, 263938.918400000780821 ], [ 85000.002000000327826, 263940.407999999821186 ], [ 85005.777999999932945, 263942.252599999308586 ], [ 85014.082799999974668, 263944.278999999165535 ], [ 85021.556200000457466, 263946.097400000318885 ], [ 85030.112200000323355, 263947.535000000149012 ], [ 85041.265999999828637, 263950.661199999973178 ], [ 85046.825600000098348, 263954.229000000283122 ], [ 85047.518199999816716, 263954.817800000309944 ], [ 85049.683199999853969, 263955.398000000044703 ], [ 85054.601999999955297, 263955.146999999880791 ], [ 85058.992600000463426, 263955.155600000172853 ], [ 85071.930200000293553, 263962.525000000372529 ], [ 85079.966599999926984, 263965.79839999973774 ], [ 85081.092400000430644, 263966.058199999853969 ], [ 85082.469200000166893, 263966.378799999132752 ], [ 85083.01480000000447, 263966.344000000506639 ], [ 85084.815999999642372, 263966.214199999347329 ], [ 85090.254399999976158, 263965.287599999457598 ], [ 85094.402400000020862, 263963.86739999987185 ], [ 85097.459400000050664, 263964.031999999657273 ], [ 85100.135200000368059, 263964.958399999886751 ], [ 85105.331000000238419, 263966.880999999120831 ], [ 85108.353400000371039, 263968.482999999076128 ], [ 85111.375599999912083, 263969.401000000536442 ], [ 85114.23340000025928, 263969.565600000321865 ], [ 85123.092400000430644, 263967.807600000873208 ], [ 85130.262600000016391, 263965.71199999935925 ], [ 85136.13399999961257, 263964.716000000014901 ], [ 85149.045800000429153, 263964.871999999508262 ], [ 85153.808600000105798, 263964.871999999508262 ], [ 85163.82799999974668, 263964.620799999684095 ], [ 85175.111800000071526, 263963.45160000026226 ], [ 85179.580199999734759, 263961.31279999949038 ], [ 85180.030399999581277, 263960.100400000810623 ], [ 85181.753800000064075, 263959.935799999162555 ], [ 85185.988400000147521, 263960.524599999189377 ], [ 85189.443599999882281, 263962.525000000372529 ], [ 85192.561200000345707, 263963.616200000047684 ], [ 85194.97719999961555, 263963.616200000047684 ], [ 85197.393400000408292, 263962.109400000423193 ], [ 85200.727400000207126, 263959.684599999338388 ], [ 85205.135200000368059, 263958.091199999675155 ], [ 85207.810999999754131, 263957.502399999648333 ], [ 85214.383799999952316, 263956.489199999719858 ], [ 85221.666799999773502, 263955.337400000542402 ], [ 85226.775999999605119, 263953.6402000002563 ], [ 85230.144600000232458, 263951.882200000807643 ], [ 85235.513799999840558, 263947.950600000098348 ], [ 85243.983000000007451, 263940.910199999809265 ], [ 85251.872200000099838, 263934.372199999168515 ], [ 85259.042399999685585, 263929.340800000354648 ], [ 85262.419800000265241, 263927.409600000828505 ], [ 85264.835799999535084, 263926.578199999406934 ], [ 85268.299800000153482, 263925.738199999555945 ], [ 85277.323200000450015, 263924.231399999931455 ], [ 85290.546799999661744, 263922.222400000318885 ], [ 85302.782999999821186, 263919.962200000882149 ], [ 85305.891999999992549, 263919.546599999070168 ], [ 85309.95339999999851, 263919.36460000090301 ], [ 85314.525799999944866, 263919.615800000727177 ], [ 85324.900200000032783, 263921.876000000163913 ], [ 85340.972799999639392, 263925.40059999935329 ], [ 85350.446600000374019, 263926.162599999457598 ], [ 85354.256799999624491, 263925.816199999302626 ], [ 85358.283599999733269, 263924.595200000330806 ], [ 85365.211400000378489, 263921.694199999794364 ], [ 85366.943400000222027, 263922.586200000718236 ], [ 85369.004399999976158, 263923.478000000119209 ], [ 85372.355800000019372, 263924.153599999845028 ], [ 85373.854000000283122, 263924.300799999386072 ], [ 85376.625199999660254, 263924.595200000330806 ], [ 85380.253600000403821, 263924.82039999961853 ], [ 85381.742999999783933, 263924.933000000193715 ], [ 85383.830000000074506, 263925.703600000590086 ], [ 85386.36739999987185, 263927.946599999442697 ], [ 85388.212000000290573, 263929.955600000917912 ], [ 85391.546000000089407, 263932.977800000458956 ], [ 85397.555800000205636, 263936.892200000584126 ], [ 85406.076999999582767, 263940.806399999186397 ], [ 85413.98340000025928, 263943.941199999302626 ], [ 85419.170599999837577, 263948.184399999678135 ], [ 85421.820600000210106, 263950.202199999243021 ], [ 85428.168200000189245, 263952.427799999713898 ], [ 85434.610999999567866, 263954.999800000339746 ], [ 85439.105600000359118, 263959.14780000038445 ], [ 85442.924399999901652, 263961.94480000063777 ], [ 85448.276200000196695, 263964.066600000485778 ], [ 85450.926199999637902, 263965.512800000607967 ], [ 85452.995799999684095, 263965.962999999523163 ], [ 85456.225999999791384, 263965.962999999523163 ], [ 85459.802400000393391, 263966.075600000098348 ], [ 85461.300599999725819, 263967.184000000357628 ], [ 85469.362800000235438, 263969.981200000271201 ], [ 85482.222599999979138, 263972.440600000321865 ], [ 85489.384200000204146, 263972.778200000524521 ], [ 85503.898000000044703, 263973.670199999585748 ], [ 85516.18640000000596, 263975.687999999150634 ], [ 85519.762799999676645, 263975.800599999725819 ], [ 85524.144600000232458, 263975.687999999150634 ], [ 85531.860600000247359, 263975.237600000575185 ], [ 85536.588800000026822, 263975.462799999862909 ], [ 85543.854399999603629, 263976.250800000503659 ], [ 85550.141400000080466, 263976.926400000229478 ], [ 85552.098600000143051, 263976.692600000649691 ], [ 85554.523199999704957, 263976.580000000074506 ], [ 85560.048200000077486, 263975.125 ], [ 85565.815600000321865, 263973.903999999165535 ], [ 85572.501000000163913, 263973.11600000038743 ], [ 85584.321600000374019, 263972.890799999237061 ], [ 85594.929800000041723, 263972.890799999237061 ], [ 85601.502600000239909, 263972.561799999326468 ], [ 85610.716599999926984, 263971.332200000062585 ], [ 85618.622999999672174, 263969.652200000360608 ], [ 85621.853199999779463, 263968.75139999948442 ], [ 85625.005400000140071, 263967.573799999430776 ], [ 85630.261800000444055, 263965.616599999368191 ], [ 85633.847000000067055, 263964.73340000025928 ], [ 85637.639999999664724, 263963.841399999335408 ], [ 85642.714599999599159, 263963.157199999317527 ], [ 85647.789200000464916, 263962.724199999123812 ], [ 85652.56940000038594, 263962.828199999406934 ], [ 85654.422600000165403, 263962.940799999982119 ], [ 85656.717400000430644, 263962.940799999982119 ], [ 85659.834999999962747, 263963.503599999472499 ], [ 85662.718799999915063, 263964.846000000834465 ], [ 85665.602400000207126, 263966.17960000038147 ], [ 85668.477400000207126, 263966.846400000154972 ], [ 85671.586400000378489, 263966.846400000154972 ], [ 85675.162800000049174, 263966.976199999451637 ], [ 85686.515800000168383, 263966.74239999987185 ], [ 85689.408200000412762, 263967.184000000357628 ], [ 85693.790000000037253, 263968.309800000861287 ], [ 85697.357800000347197, 263968.309800000861287 ], [ 85699.669999999925494, 263967.521800000220537 ], [ 85701.506000000052154, 263966.517200000584126 ], [ 85702.674999999813735, 263965.625399999320507 ], [ 85704.63219999987632, 263965.616599999368191 ], [ 85707.619800000451505, 263966.4046 ], [ 85710.624800000339746, 263967.080199999734759 ], [ 85714.434999999590218, 263966.976199999451637 ], [ 85716.729799999855459, 263965.962999999523163 ], [ 85719.379800000227988, 263964.161800000816584 ], [ 85720.592199999839067, 263963.720200000330806 ], [ 85721.865199999883771, 263963.607599999755621 ], [ 85723.822200000286102, 263963.720200000330806 ], [ 85728.784199999645352, 263964.73340000025928 ], [ 85737.071800000034273, 263967.521800000220537 ], [ 85744.112200000323355, 263969.539599999785423 ], [ 85749.074199999682605, 263969.877199999988079 ], [ 85754.425999999977648, 263969.764599999412894 ], [ 85758.46999999973923, 263969.539599999785423 ], [ 85764.462600000202656, 263968.639000000432134 ], [ 85772.654799999669194, 263966.74239999987185 ], [ 85781.582999999634922, 263963.754799999296665 ], [ 85836.676599999889731, 263962.507799999788404 ], [ 85988.838000000454485, 263959.061200000345707 ], [ 86241.902999999932945, 263995.977800000458956 ], [ 86250.0, 263997.155600000172853 ], [ 86269.501799999736249, 264000.004599999636412 ], [ 86491.305200000293553, 264032.314400000497699 ], [ 86563.172799999825656, 264021.983200000599027 ], [ 86716.277999999932945, 264000.004599999636412 ], [ 86819.927000000141561, 263985.118400000035763 ], [ 86875.003200000151992, 263993.7956000007689 ], [ 86914.292799999937415, 264000.004599999636412 ], [ 86976.063000000081956, 264009.738199999555945 ], [ 86979.371199999935925, 264006.612199999392033 ], [ 86980.236999999731779, 264004.516400000080466 ], [ 86980.93859999999404, 264000.004599999636412 ], [ 86981.094399999827147, 263998.982799999415874 ], [ 86981.700600000098348, 263996.809200000017881 ], [ 86982.739799999631941, 263993.024800000712276 ], [ 86985.251199999824166, 263985.161800000816584 ], [ 86987.112999999895692, 263980.909800000488758 ], [ 86993.633799999952316, 263974.588199999183416 ], [ 86995.045400000177324, 263971.765000000596046 ], [ 86996.456799999810755, 263968.924599999561906 ], [ 86998.110999999567866, 263966.101600000634789 ], [ 86999.063400000333786, 263963.261199999600649 ], [ 86999.28000000026077, 263960.429400000721216 ], [ 86999.52240000013262, 263957.597599999979138 ], [ 86999.998800000175834, 263954.766000000759959 ], [ 87000.951399999670684, 263951.925599999725819 ], [ 87002.128999999724329, 263949.102399999275804 ], [ 87003.064399999566376, 263946.262000000104308 ], [ 87004.493200000375509, 263943.43019999936223 ], [ 87005.904799999669194, 263939.420800000429153 ], [ 87006.381000000052154, 263937.766799999400973 ], [ 87006.848600000143051, 263936.355200000107288 ], [ 87007.073800000362098, 263935.402599999681115 ], [ 87007.316200000233948, 263934.701199999079108 ], [ 87007.316200000233948, 263934.458799999207258 ], [ 87008.026399999856949, 263932.0945999994874 ], [ 87008.546000000089407, 263929.444599999114871 ], [ 87009.680399999953806, 263925.019600000232458 ], [ 87010.390399999916553, 263922.6554000005126 ], [ 87011.334400000050664, 263920.300000000745058 ], [ 87012.044599999673665, 263917.944399999454618 ], [ 87012.746000000275671, 263915.580399999395013 ], [ 87013.464800000190735, 263913.216199999675155 ], [ 87013.932400000281632, 263910.85219999961555 ], [ 87013.932400000281632, 263908.487999999895692 ], [ 87014.174800000153482, 263906.123800000175834 ], [ 87014.867600000463426, 263903.768400000408292 ], [ 87015.820199999958277, 263901.41300000064075 ], [ 87016.530199999921024, 263899.048800000920892 ], [ 87016.997999999672174, 263896.684599999338388 ], [ 87017.716599999926984, 263894.329199999570847 ], [ 87018.418200000189245, 263891.973799999803305 ], [ 87019.361999999731779, 263889.609600000083447 ], [ 87020.297399999573827, 263887.245600000023842 ], [ 87021.959999999962747, 263884.647600000724196 ], [ 87023.847799999639392, 263882.292199999094009 ], [ 87025.501799999736249, 263879.460400000214577 ], [ 87027.147199999541044, 263876.862400000914931 ], [ 87029.277599999681115, 263874.966000000014901 ], [ 87031.39919999986887, 263872.844200000166893 ], [ 87033.286999999545515, 263870.497400000691414 ], [ 87035.174800000153482, 263868.124600000679493 ], [ 87037.296400000341237, 263865.760600000619888 ], [ 87039.435399999842048, 263864.115199999883771 ], [ 87041.791000000201166, 263862.937400000169873 ], [ 87044.146399999968708, 263861.751000000163913 ], [ 87046.510400000028312, 263859.629399999976158 ], [ 87048.398400000296533, 263857.265399999916553 ], [ 87050.519999999552965, 263855.143600000068545 ], [ 87052.650200000032783, 263853.021999999880791 ], [ 87054.763199999928474, 263850.89159999974072 ], [ 87056.668399999849498, 263848.527599999681115 ], [ 87058.547600000165403, 263846.172199999913573 ], [ 87060.435399999842048, 263843.565600000321865 ], [ 87062.323200000450015, 263840.976199999451637 ], [ 87064.445000000298023, 263838.612199999392033 ], [ 87066.341400000266731, 263836.247999999672174 ], [ 87068.229199999943376, 263834.12639999948442 ], [ 87070.11699999962002, 263831.762199999764562 ], [ 87071.996199999935925, 263829.640599999576807 ], [ 87074.126600000075996, 263827.051200000569224 ], [ 87076.248200000263751, 263824.68720000050962 ], [ 87078.378600000403821, 263822.556800000369549 ], [ 87080.500199999660254, 263820.443800000473857 ], [ 87082.621799999848008, 263818.3136 ], [ 87084.985999999567866, 263816.425799999386072 ], [ 87087.349999999627471, 263814.529200000688434 ], [ 87089.471800000406802, 263813.12639999948442 ], [ 87091.835799999535084, 263811.697399999946356 ], [ 87094.200000000186265, 263810.762199999764562 ], [ 87094.64159999974072, 263810.554400000721216 ], [ 87097.256799999624491, 263809.342000000178814 ], [ 87099.854799999855459, 263807.696599999442697 ], [ 87101.751400000415742, 263806.267799999564886 ], [ 87104.115399999544024, 263804.613800000399351 ], [ 87106.479600000195205, 263803.202199999243021 ], [ 87108.826399999670684, 263802.258199999108911 ], [ 87111.190600000321865, 263801.314400000497699 ], [ 87113.55460000038147, 263800.370400000363588 ], [ 87115.918800000101328, 263799.426599999889731 ], [ 87118.27419999986887, 263798.716399999335408 ], [ 87120.638399999588728, 263798.248800000175834 ], [ 87123.002399999648333, 263798.015000000596046 ], [ 87125.358000000007451, 263797.772600000724196 ], [ 87127.722000000067055, 263797.29619999974966 ], [ 87130.077600000426173, 263796.586200000718236 ], [ 87132.433000000193715, 263795.408399999141693 ], [ 87134.79700000025332, 263794.940799999982119 ], [ 87137.161199999973178, 263794.230599999427795 ], [ 87139.525399999693036, 263793.520600000396371 ], [ 87141.880800000391901, 263793.044199999421835 ], [ 87144.236200000159442, 263792.585200000554323 ], [ 87146.600399999879301, 263791.866599999368191 ], [ 87148.973199999891222, 263791.399000000208616 ], [ 87151.328599999658763, 263791.156400000676513 ], [ 87153.692800000309944, 263790.688799999654293 ], [ 87156.048200000077486, 263790.221200000494719 ], [ 87158.403599999845028, 263789.978800000622869 ], [ 87160.767799999564886, 263789.268600000068545 ], [ 87163.132000000216067, 263788.801000000908971 ], [ 87165.496000000275671, 263787.85700000077486 ], [ 87170.207000000402331, 263786.436799999326468 ], [ 87172.57120000012219, 263786.211600000038743 ], [ 87174.926599999889731, 263785.969200000166893 ], [ 87177.29079999960959, 263785.493000000715256 ], [ 87179.663399999961257, 263785.267799999564886 ], [ 87182.019000000320375, 263784.315199999138713 ], [ 87184.374400000087917, 263783.371200000867248 ], [ 87186.738599999807775, 263782.184800000861287 ], [ 87189.10259999986738, 263781.007200000807643 ], [ 87191.466799999587238, 263779.837999999523163 ], [ 87192.358799999579787, 263779.47440000064671 ], [ 87193.822200000286102, 263778.885600000619888 ], [ 87196.177799999713898, 263777.941600000485778 ], [ 87198.541799999773502, 263777.473999999463558 ], [ 87200.89740000013262, 263776.755200000479817 ], [ 87203.261400000192225, 263776.05379999987781 ], [ 87205.616799999959767, 263775.1097999997437 ], [ 87207.980999999679625, 263774.408399999141693 ], [ 87210.345200000330806, 263772.988199999555945 ], [ 87213.410799999721348, 263771.567999999970198 ], [ 87215.532399999909103, 263770.3902000002563 ], [ 87217.896399999968708, 263769.437599999830127 ], [ 87220.260599999688566, 263768.744799999520183 ], [ 87222.624800000339746, 263767.783600000664592 ], [ 87224.980200000107288, 263766.61460000090301 ], [ 87227.33559999987483, 263765.895800000056624 ], [ 87229.699799999594688, 263764.726800000295043 ], [ 87232.064000000245869, 263764.007999999448657 ], [ 87234.428000000305474, 263763.072799999266863 ], [ 87236.792200000025332, 263762.128799999132752 ], [ 87239.156200000084937, 263760.950999999418855 ], [ 87241.502999999560416, 263759.998400000855327 ], [ 87243.867200000211596, 263759.530799999833107 ], [ 87246.231399999931455, 263758.820800000801682 ], [ 87248.595399999991059, 263758.578199999406934 ], [ 87250.951000000350177, 263758.110600000247359 ], [ 87253.782599999569356, 263757.876800000667572 ], [ 87255.670599999837577, 263757.64299999922514 ], [ 87258.025999999605119, 263757.64299999922514 ], [ 87260.389999999664724, 263758.344399999827147 ], [ 87262.754200000315905, 263759.764599999412894 ], [ 87265.118400000035763, 263760.466199999675155 ], [ 87267.473799999803305, 263760.950999999418855 ], [ 87269.838000000454485, 263760.950999999418855 ], [ 87272.201999999582767, 263760.950999999418855 ], [ 87274.566200000233948, 263760.708599999547005 ], [ 87276.92160000000149, 263760.24100000038743 ], [ 87279.277200000360608, 263760.466199999675155 ], [ 87281.641200000420213, 263760.950999999418855 ], [ 87283.996600000187755, 263761.643799999728799 ], [ 87285.685399999842048, 263762.154799999669194 ], [ 87302.502600000239909, 263759.911800000816584 ], [ 87330.300599999725819, 263757.192800000309944 ], [ 87374.595399999991059, 263776.192399999126792 ], [ 87439.587199999950826, 263795.313200000673532 ], [ 87465.506000000052154, 263805.817399999126792 ], [ 87505.791400000452995, 263823.500800000503659 ], [ 87526.089800000190735, 263826.592399999499321 ], [ 87570.298200000077486, 263822.504799999296665 ], [ 87600.910600000061095, 263813.594000000506639 ], [ 87638.407399999909103, 263820.816199999302626 ], [ 87659.00040000025183, 263819.690400000661612 ], [ 87708.499800000339746, 263835.191400000825524 ], [ 87744.706399999558926, 263831.311799999326468 ], [ 87778.791400000452995, 263842.500399999320507 ], [ 87852.997200000099838, 263820.997999999672174 ], [ 87888.008600000292063, 263813.99239999987185 ], [ 87926.700600000098348, 263804.994799999520183 ], [ 87999.096400000154972, 263793.503200000151992 ], [ 88027.197599999606609, 263787.190199999138713 ], [ 88069.907599999569356, 263777.188200000673532 ], [ 88090.154299999587238, 263769.117200000211596 ], [ 88092.925400000065565, 263764.847999999299645 ], [ 88095.220200000330806, 263761.955600000917912 ], [ 88099.714599999599159, 263758.075999999418855 ], [ 88105.698599999770522, 263755.29619999974966 ], [ 88110.565399999730289, 263752.75899999961257 ], [ 88123.026800000108778, 263749.26039999909699 ], [ 88125.001199999824166, 263748.498199999332428 ], [ 88128.387199999764562, 263747.199400000274181 ], [ 88133.193400000222027, 263744.419600000604987 ], [ 88216.249400000087917, 263669.564200000837445 ], [ 88243.493200000375509, 263645.005000000819564 ], [ 88296.950199999846518, 263596.830600000917912 ], [ 88343.799599999561906, 263554.605599999427795 ], [ 88606.63300000037998, 263718.509400000795722 ], [ 88629.027200000360608, 263720.787000000476837 ], [ 88640.57079999987036, 263721.973400000482798 ], [ 88651.412800000049174, 263723.064400000497699 ], [ 88750.004599999636412, 263733.023199999704957 ], [ 88858.693599999882281, 263744.003799999132752 ], [ 88920.057000000029802, 263815.196000000461936 ], [ 89079.379800000227988, 264000.004599999636412 ], [ 89154.442999999970198, 264087.070199999958277 ], [ 89308.604600000195205, 264267.063999999314547 ], [ 89317.290400000289083, 264266.509800000116229 ], [ 89324.77240000013262, 264265.184800000861287 ], [ 89330.877600000239909, 264262.872800000011921 ], [ 89333.657399999909103, 264260.759800000116229 ], [ 89334.36739999987185, 264260.214199999347329 ], [ 89336.991399999707937, 264256.603000000119209 ], [ 89339.112999999895692, 264251.398600000888109 ], [ 89341.173999999649823, 264246.202600000426173 ], [ 89343.780600000172853, 264243.422800000756979 ], [ 89346.534400000236928, 264241.855399999767542 ], [ 89354.88260000012815, 264238.945800000801682 ], [ 89360.736600000411272, 264235.559800000861287 ], [ 89369.465599999763072, 264229.151399999856949 ], [ 89374.999200000427663, 264226.493000000715256 ], [ 89378.004200000315905, 264225.03800000064075 ], [ 89393.721599999815226, 264221.418199999257922 ], [ 89413.899000000208616, 264216.776599999517202 ], [ 89415.847400000318885, 264216.326400000602007 ], [ 89418.592600000090897, 264215.494999999180436 ], [ 89429.321999999694526, 264211.979199999943376 ], [ 89438.285000000149012, 264208.965600000694394 ], [ 89439.090400000102818, 264208.359400000423193 ], [ 89452.573599999770522, 264198.21000000089407 ], [ 89458.67879999987781, 264193.845599999651313 ], [ 89468.525000000372529, 264189.368400000035763 ], [ 89472.023599999956787, 264187.679800000041723 ], [ 89473.521599999628961, 264186.112400000914931 ], [ 89474.024000000208616, 264184.285199999809265 ], [ 89484.744800000451505, 264176.066999999806285 ], [ 89490.910600000061095, 264170.749800000339746 ], [ 89497.518000000156462, 264166.879000000655651 ], [ 89501.88260000012815, 264164.462799999862909 ], [ 89506.368200000375509, 264163.250399999320507 ], [ 89511.979799999855459, 264162.167999999597669 ], [ 89520.959999999962747, 264160.834400000050664 ], [ 89524.709800000302494, 264159.379599999636412 ], [ 89528.502799999900162, 264156.36600000038743 ], [ 89539.232200000435114, 264151.395199999213219 ], [ 89545.328599999658763, 264148.615399999544024 ], [ 89555.807000000029802, 264145.83559999987483 ], [ 89565.722599999979138, 264144.155600000172853 ], [ 89570.07839999999851, 264143.419600000604987 ], [ 89572.225999999791384, 264143.367599999532104 ], [ 89574.702800000086427, 264143.298200000077486 ], [ 89579.560800000093877, 264144.155600000172853 ], [ 89586.540599999949336, 264144.268200000748038 ], [ 89591.286199999973178, 264144.268200000748038 ], [ 89595.148400000296533, 264144.034399999305606 ], [ 89598.136199999600649, 264143.176999999210238 ], [ 89599.885400000028312, 264141.254599999636412 ], [ 89602.812400000169873, 264140.639799999073148 ], [ 89604.431800000369549, 264140.293400000780821 ], [ 89605.064000000245869, 264140.154799999669194 ], [ 89605.747999999672174, 264140.301999999210238 ], [ 89607.306800000369549, 264140.639799999073148 ], [ 89610.285799999721348, 264141.133400000631809 ], [ 89612.407399999909103, 264141.85219999961555 ], [ 89614.658999999985099, 264142.33699999935925 ], [ 89623.137000000104308, 264142.700799999758601 ], [ 89639.781000000424683, 264142.822000000625849 ], [ 89641.400399999693036, 264143.419600000604987 ], [ 89643.521999999880791, 264144.155600000172853 ], [ 89648.007799999788404, 264145.480599999427795 ], [ 89651.627600000239909, 264146.329199999570847 ], [ 89656.243400000035763, 264146.329199999570847 ], [ 89659.854399999603629, 264146.208000000566244 ], [ 89662.097400000318885, 264145.359400000423193 ], [ 89664.097799999639392, 264145.125600000843406 ], [ 89665.96820000000298, 264145.237999999895692 ], [ 89667.959999999962747, 264145.83559999987483 ], [ 89670.072999999858439, 264146.329199999570847 ], [ 89673.94400000013411, 264146.450400000438094 ], [ 89676.498599999584258, 264146.926799999549985 ], [ 89677.996799999848008, 264147.532999999821186 ], [ 89680.369599999859929, 264148.857799999415874 ], [ 89684.231800000183284, 264149.351399999111891 ], [ 89693.965400000102818, 264150.070199999958277 ], [ 89703.058199999853969, 264150.685000000521541 ], [ 89713.103600000031292, 264150.685000000521541 ], [ 89716.706000000238419, 264150.563799999654293 ], [ 89724.569199999794364, 264149.827800000086427 ], [ 89732.80460000038147, 264149.472799999639392 ], [ 89741.89740000013262, 264148.494200000539422 ], [ 89750.072200000286102, 264146.199400000274181 ], [ 89757.173200000077486, 264142.207200000062585 ], [ 89763.408200000412762, 264138.223600000143051 ], [ 89767.019399999640882, 264135.495799999684095 ], [ 89770.639200000092387, 264132.785399999469519 ], [ 89776.112200000323355, 264128.308199999853969 ], [ 89778.614799999631941, 264126.740800000727177 ], [ 89780.598000000230968, 264126.420399999246001 ], [ 89782.364599999971688, 264126.134600000455976 ], [ 89786.659799999557436, 264125.043400000780821 ], [ 89789.153800000436604, 264124.324599999934435 ], [ 89791.899000000208616, 264123.588600000366569 ], [ 89796.635999999940395, 264122.627399999648333 ], [ 89799.0, 264121.544800000265241 ], [ 89800.627999999560416, 264119.241399999707937 ], [ 89802.619800000451505, 264116.45299999974668 ], [ 89805.105200000107288, 264115.136600000783801 ], [ 89808.733599999919534, 264113.317999999970198 ], [ 89812.353400000371039, 264112.478000000119209 ], [ 89814.951399999670684, 264112.478000000119209 ], [ 89817.705199999734759, 264113.066999999806285 ], [ 89819.575799999758601, 264112.824400000274181 ], [ 89823.498599999584258, 264109.698200000450015 ], [ 89827.118400000035763, 264106.676000000908971 ], [ 89835.345200000330806, 264101.947799999266863 ], [ 89837.337000000290573, 264101.584000000730157 ], [ 89839.57120000012219, 264100.648800000548363 ], [ 89840.212000000290573, 264100.380400000140071 ], [ 89842.394199999980628, 264099.289200000464916 ], [ 89845.814799999818206, 264097.600600000470877 ], [ 89851.686200000345707, 264093.60840000025928 ], [ 89855.04619999974966, 264091.919800000265241 ], [ 89858.172399999573827, 264091.677200000733137 ], [ 89858.371600000187755, 264091.642599999904633 ], [ 89862.216599999926984, 264091.192399999126792 ], [ 89864.338200000114739, 264091.071000000461936 ], [ 89866.962199999950826, 264090.101199999451637 ], [ 89869.205000000074506, 264089.980000000447035 ], [ 89872.062800000421703, 264089.858799999579787 ], [ 89875.189000000245869, 264089.858799999579787 ], [ 89876.678399999625981, 264089.616200000047684 ], [ 89877.96860000025481, 264088.940799999982119 ], [ 89879.18099999986589, 264088.291200000792742 ], [ 89881.172799999825656, 264087.927600000053644 ], [ 89884.654000000096858, 264087.685000000521541 ], [ 89894.136599999852479, 264087.676400000229478 ], [ 89898.431800000369549, 264087.321399999782443 ], [ 89901.774400000460446, 264086.966399999335408 ], [ 89903.047399999573827, 264086.836400000378489 ], [ 89909.412399999797344, 264085.511399999260902 ], [ 89917.275600000284612, 264083.562999999150634 ], [ 89921.380199999548495, 264082.359400000423193 ], [ 89924.36780000012368, 264081.882999999448657 ], [ 89931.971199999563396, 264082.004200000315905 ], [ 89935.157999999821186, 264081.519400000572205 ], [ 89937.279600000008941, 264081.640599999576807 ], [ 89939.262799999676645, 264082.610400000587106 ], [ 89942.01659999974072, 264084.299200000241399 ], [ 89944.389399999752641, 264084.299200000241399 ], [ 89945.75760000012815, 264083.935399999842048 ], [ 89946.883399999700487, 264082.974199999123812 ], [ 89948.753800000064075, 264082.237999999895692 ], [ 89951.992600000463426, 264082.237999999895692 ], [ 89955.612399999983609, 264082.731599999591708 ], [ 89965.709800000302494, 264084.177799999713898 ], [ 89972.126600000075996, 264084.9054000005126 ], [ 89978.855200000107288, 264085.017799999564886 ], [ 89981.600399999879301, 264085.632799999788404 ], [ 89984.475599999539554, 264086.342800000682473 ], [ 89988.346400000154972, 264086.836400000378489 ], [ 89994.321600000374019, 264087.685000000521541 ], [ 89998.313799999654293, 264087.685000000521541 ], [ 90000.002600000239909, 264087.260800000280142 ], [ 90002.176199999637902, 264086.715199999511242 ], [ 90003.795599999837577, 264086.342800000682473 ], [ 90005.674599999561906, 264086.957599999383092 ], [ 90008.965400000102818, 264088.533800000324845 ], [ 90013.589800000190735, 264089.494999999180436 ], [ 90021.071800000034273, 264090.828600000590086 ], [ 90030.285799999721348, 264091.919800000265241 ], [ 90036.780600000172853, 264093.374600000679493 ], [ 90040.764200000092387, 264095.660800000652671 ], [ 90043.760400000028312, 264098.691600000485778 ], [ 90046.687400000169873, 264100.744000000879169 ], [ 90049.432599999941885, 264102.432800000533462 ], [ 90052.420199999585748, 264103.523800000548363 ], [ 90057.78940000012517, 264103.766400000080466 ], [ 90065.643799999728799, 264103.896199999377131 ], [ 90068.88260000012815, 264102.683800000697374 ], [ 90071.870199999772012, 264100.380400000140071 ], [ 90075.368800000287592, 264096.388199999928474 ], [ 90079.1097999997437, 264093.244599999859929 ], [ 90083.275000000372529, 264090.586200000718236 ], [ 90086.029000000096858, 264089.018799999728799 ], [ 90089.025200000032783, 264088.169999999925494 ], [ 90091.640399999916553, 264088.169999999925494 ], [ 90096.619800000451505, 264088.654999999329448 ], [ 90100.118400000035763, 264089.494999999180436 ], [ 90104.483000000007451, 264089.494999999180436 ], [ 90108.717600000090897, 264090.456199999898672 ], [ 90114.199199999682605, 264092.517200000584126 ], [ 90117.567800000309944, 264093.972200000658631 ], [ 90119.187199999578297, 264094.457000000402331 ], [ 90120.884600000455976, 264094.214600000530481 ], [ 90122.244199999608099, 264093.487199999392033 ], [ 90126.236399999819696, 264089.24379999935627 ], [ 90127.48340000025928, 264088.169999999925494 ], [ 90129.483799999579787, 264087.918999999761581 ], [ 90133.588399999774992, 264087.918999999761581 ], [ 90137.329599999822676, 264087.79759999923408 ], [ 90140.58559999987483, 264085.875199999660254 ], [ 90143.322200000286102, 264081.640599999576807 ], [ 90145.686200000345707, 264078.133400000631809 ], [ 90147.054399999789894, 264077.648399999365211 ], [ 90149.04619999974966, 264077.769600000232458 ], [ 90150.553000000305474, 264078.860799999907613 ], [ 90152.302400000393391, 264080.78319999948144 ], [ 90155.298600000329316, 264083.216600000858307 ], [ 90157.220999999903142, 264084.420399999246001 ], [ 90159.342799999751151, 264084.9054000005126 ], [ 90162.20920000039041, 264084.541600000113249 ], [ 90164.945600000210106, 264083.926799999549985 ], [ 90169.440000000409782, 264081.146999999880791 ], [ 90174.549399999901652, 264079.22440000064671 ], [ 90178.922600000165403, 264076.557199999690056 ], [ 90186.646999999880791, 264071.595200000330806 ], [ 90190.509399999864399, 264069.672800000756979 ], [ 90194.189799999818206, 264069.179199999198318 ], [ 90197.185999999754131, 264069.300400000065565 ], [ 90211.266800000332296, 264070.63399999961257 ], [ 90221.736600000411272, 264071.595200000330806 ], [ 90227.850399999879301, 264073.422399999573827 ], [ 90231.279600000008941, 264074.61739999987185 ], [ 90232.899000000208616, 264075.344799999147654 ], [ 90236.527400000020862, 264076.799799999222159 ], [ 90249.97620000038296, 264078.73960000090301 ], [ 90267.624800000339746, 264080.42820000089705 ], [ 90271.61699999962002, 264080.42820000089705 ], [ 90275.115600000135601, 264079.700799999758601 ], [ 90278.466799999587238, 264078.618200000375509 ], [ 90281.471800000406802, 264077.163399999961257 ], [ 90283.463600000366569, 264076.799799999222159 ], [ 90285.966199999675155, 264076.921000000089407 ], [ 90288.702800000086427, 264078.860799999907613 ], [ 90292.434999999590218, 264081.146999999880791 ], [ 90295.682599999941885, 264081.640599999576807 ], [ 90299.925800000317395, 264081.276799999177456 ], [ 90303.96999999973923, 264080.904400000348687 ], [ 90306.333999999798834, 264080.194399999454618 ], [ 90308.957999999634922, 264078.367200000211596 ], [ 90311.582000000402331, 264076.202199999243021 ], [ 90314.076000000350177, 264075.223600000143051 ], [ 90319.808799999766052, 264074.989800000563264 ], [ 90326.546000000089407, 264074.626199999824166 ], [ 90329.161199999973178, 264073.786199999973178 ], [ 90331.89780000038445, 264071.473999999463558 ], [ 90334.149400000460446, 264066.771600000560284 ], [ 90335.275000000372529, 264062.294600000604987 ], [ 90336.894399999640882, 264059.635999999940395 ], [ 90338.764999999664724, 264058.544800000265241 ], [ 90341.068599999882281, 264058.302400000393391 ], [ 90344.800800000317395, 264058.796000000089407 ], [ 90347.797199999913573, 264059.151000000536442 ], [ 90350.291199999861419, 264058.423599999397993 ], [ 90351.408200000412762, 264057.332599999383092 ], [ 90353.036399999633431, 264056.25 ], [ 90354.300599999725819, 264056.25 ], [ 90354.66440000012517, 264056.25 ], [ 90356.396399999968708, 264056.492599999532104 ], [ 90359.392599999904633, 264059.272399999201298 ], [ 90362.25899999961257, 264060.597200000658631 ], [ 90364.380599999800324, 264060.718599999323487 ], [ 90367.368200000375509, 264060.597200000658631 ], [ 90372.356399999931455, 264059.514799999073148 ], [ 90378.530799999833107, 264058.423599999397993 ], [ 90390.498599999584258, 264057.574999999254942 ], [ 90393.876000000163913, 264056.847599999979138 ], [ 90395.356800000183284, 264055.037599999457598 ], [ 90397.105999999679625, 264052.379200000315905 ], [ 90399.22759999986738, 264051.166799999773502 ], [ 90401.851599999703467, 264050.08420000039041 ], [ 90405.453999999910593, 264050.205600000917912 ], [ 90409.697399999946356, 264051.885600000619888 ], [ 90414.070600000210106, 264052.742799999192357 ], [ 90416.867600000463426, 264052.976600000634789 ], [ 90418.867999999783933, 264052.621600000187755 ], [ 90422.115600000135601, 264051.28800000064075 ], [ 90425.224399999715388, 264050.205600000917912 ], [ 90429.588999999687076, 264049.114399999380112 ], [ 90437.573200000450015, 264047.780799999833107 ], [ 90443.06359999999404, 264047.425799999386072 ], [ 90448.917600000277162, 264047.780799999833107 ], [ 90453.091599999926984, 264048.871999999508262 ], [ 90457.577399999834597, 264051.0456000007689 ], [ 90460.703599999658763, 264052.500399999320507 ], [ 90465.691599999554455, 264053.348999999463558 ], [ 90476.282599999569356, 264054.067800000309944 ], [ 90483.773199999704957, 264055.158999999985099 ], [ 90490.804999999701977, 264057.332599999383092 ], [ 90510.012400000356138, 264065.195599999278784 ], [ 90528.033400000073016, 264072.331199999898672 ], [ 90534.640800000168383, 264074.496200000867248 ], [ 90539.992600000463426, 264076.081000000238419 ], [ 90543.482599999755621, 264076.444599999114871 ], [ 90547.604600000195205, 264076.444599999114871 ], [ 90549.605000000447035, 264075.708599999547005 ], [ 90552.592600000090897, 264074.262399999424815 ], [ 90558.333999999798834, 264067.126800000667572 ], [ 90560.325799999758601, 264064.953199999406934 ], [ 90562.577399999834597, 264064.234400000423193 ], [ 90565.123399999924004, 264064.953199999406934 ], [ 90568.102400000207126, 264067.247999999672174 ], [ 90572.847799999639392, 264070.884999999776483 ], [ 90577.342400000430644, 264074.019999999552965 ], [ 90581.455799999646842, 264076.557199999690056 ], [ 90584.573200000450015, 264077.769600000232458 ], [ 90591.310600000433624, 264079.467000000178814 ], [ 90602.34320000000298, 264081.398000000044703 ], [ 90615.185600000433624, 264083.805600000545382 ], [ 90625.005800000391901, 264085.650000000372529 ], [ 90625.533999999985099, 264085.754000000655651 ], [ 90630.383600000292063, 264087.321399999782443 ], [ 90639.684200000017881, 264093.374600000679493 ], [ 90643.052799999713898, 264096.145800000056624 ], [ 90647.157599999569356, 264100.025399999693036 ], [ 90651.400799999944866, 264102.432800000533462 ], [ 90656.146399999968708, 264103.896199999377131 ], [ 90660.753399999812245, 264107.152400000020862 ], [ 90677.146399999968708, 264114.894200000911951 ], [ 90694.855800000019372, 264123.475999999791384 ], [ 90701.956799999810755, 264127.104399999603629 ], [ 90708.191800000146031, 264129.399399999529123 ], [ 90713.864000000059605, 264129.884199999272823 ], [ 90720.731200000271201, 264131.330399999395013 ], [ 90727.962199999950826, 264133.149000000208616 ], [ 90735.06319999974221, 264135.816199999302626 ], [ 90750.460199999623001, 264144.753200000151992 ], [ 90755.076000000350177, 264147.662799999117851 ], [ 90759.691599999554455, 264150.321399999782443 ], [ 90763.675200000405312, 264152.009999999776483 ], [ 90769.537800000049174, 264152.980000000447035 ], [ 90773.391400000080466, 264152.980000000447035 ], [ 90775.894000000320375, 264152.252599999308586 ], [ 90778.639200000092387, 264149.594000000506639 ], [ 90780.890800000168383, 264145.237999999895692 ], [ 90783.133600000292063, 264143.54079999960959 ], [ 90787.558799999766052, 264141.609600000083447 ], [ 90789.178199999965727, 264141.609600000083447 ], [ 90791.412399999797344, 264142.700799999758601 ], [ 90795.543200000189245, 264144.986999999731779 ], [ 90798.651999999769032, 264147.532999999821186 ], [ 90799.899000000208616, 264147.783999999985099 ], [ 90801.778199999593198, 264146.692999999970198 ], [ 90802.886599999852479, 264143.298200000077486 ], [ 90804.012400000356138, 264139.072399999946356 ], [ 90805.752999999560416, 264136.17119999974966 ], [ 90809.130400000140071, 264133.746600000187755 ], [ 90815.105600000359118, 264131.823999999091029 ], [ 90820.223600000143051, 264131.823999999091029 ], [ 90824.155199999921024, 264132.906600000336766 ], [ 90828.640800000168383, 264134.959000000730157 ], [ 90831.758399999700487, 264136.647600000724196 ], [ 90833.628999999724329, 264136.890000000596046 ], [ 90836.373999999836087, 264136.17119999974966 ], [ 90840.61739999987185, 264134.595200000330806 ], [ 90843.847400000318885, 264133.261600000783801 ], [ 90851.571999999694526, 264132.664000000804663 ], [ 90855.572800000198185, 264132.179199999198318 ], [ 90860.872600000351667, 264128.429400000721216 ], [ 90864.743599999696016, 264126.368400000035763 ], [ 90868.484600000083447, 264125.407199999317527 ], [ 90872.468000000342727, 264124.558599999174476 ], [ 90879.456600000150502, 264124.679800000041723 ], [ 90889.926199999637902, 264126.368400000035763 ], [ 90897.95380000025034, 264128.187000000849366 ], [ 90900.958800000138581, 264129.278000000864267 ], [ 90902.74280000012368, 264130.360600000247359 ], [ 90904.951000000350177, 264131.685599999502301 ], [ 90909.185600000433624, 264134.716399999335408 ], [ 90911.930800000205636, 264136.647600000724196 ], [ 90914.303600000217557, 264137.738800000399351 ], [ 90915.923000000417233, 264139.072399999946356 ], [ 90920.53000000026077, 264142.943199999630451 ], [ 90925.518000000156462, 264147.056600000709295 ], [ 90930.878399999812245, 264149.827800000086427 ], [ 90934.922600000165403, 264151.395199999213219 ], [ 90941.668600000441074, 264153.932600000873208 ], [ 90948.769600000232458, 264155.266200000420213 ], [ 90950.769999999552965, 264155.266200000420213 ], [ 90951.514600000344217, 264156.357200000435114 ], [ 90952.761800000444055, 264158.167199999094009 ], [ 90955.636800000444055, 264159.145800000056624 ], [ 90959.620199999772012, 264160.713199999183416 ], [ 90969.466400000266731, 264166.5152000002563 ], [ 90972.280799999833107, 264167.000199999660254 ], [ 90974.887400000356138, 264167.000199999660254 ], [ 90978.628600000403821, 264167.000199999660254 ], [ 90980.50760000012815, 264167.597599999979138 ], [ 90982.386800000444055, 264170.264799999073148 ], [ 90988.976999999955297, 264172.92339999973774 ], [ 90997.83600000012666, 264175.833200000226498 ], [ 91013.544800000265241, 264179.574200000613928 ], [ 91022.213200000114739, 264182.743599999696016 ], [ 91104.60259999986738, 264245.223999999463558 ], [ 91134.375, 264267.800200000405312 ], [ 91250.00040000025183, 264355.489199999719858 ], [ 91294.026800000108778, 264388.881400000303984 ], [ 91522.645399999804795, 264457.917199999094009 ], [ 91661.678399999625981, 264500.003799999132752 ], [ 91691.450799999758601, 264509.009999999776483 ], [ 91694.854000000283122, 264510.040599999949336 ], [ 91713.100200000219047, 264520.215800000354648 ], [ 91803.101599999703467, 264570.390599999576807 ], [ 91851.821600000374019, 264500.003799999132752 ], [ 91875.003800000064075, 264466.507799999788404 ], [ 91888.521800000220537, 264446.980000000447035 ], [ 92062.029400000348687, 264500.003799999132752 ], [ 92108.662399999797344, 264514.249199999496341 ], [ 92416.509399999864399, 264608.372600000351667 ], [ 92499.998399999924004, 264633.867000000551343 ], [ 92577.953999999910593, 264657.638000000268221 ], [ 92799.809200000017881, 264639.556399999186397 ], [ 92882.925800000317395, 264632.732599999755621 ], [ 93001.565000000409782, 264622.990199999883771 ], [ 93033.814199999906123, 264620.340399999171495 ], [ 93082.724600000306964, 264616.322200000286102 ], [ 93125.001799999736249, 264632.386199999600649 ], [ 93355.135800000280142, 264719.746200000867248 ], [ 93532.91260000038892, 264942.865800000727177 ], [ 93578.428600000217557, 264999.994400000199676 ], [ 93590.673600000329316, 265015.365599999204278 ], [ 93591.756000000052154, 265016.716399999335408 ], [ 93692.789800000376999, 265301.346599999815226 ], [ 93696.487599999643862, 265311.790200000628829 ], [ 93712.239799999631941, 265356.154400000348687 ], [ 93713.166199999861419, 265358.734999999403954 ], [ 93714.257399999536574, 265361.86119999922812 ], [ 93719.427400000393391, 265362.32880000025034 ], [ 93736.045400000177324, 265369.126800000667572 ], [ 93740.280199999921024, 265371.742000000551343 ], [ 93742.583599999547005, 265373.465399999171495 ], [ 93744.358799999579787, 265373.837799999862909 ], [ 93746.904799999669194, 265373.837799999862909 ], [ 93750.004999999888241, 265374.634400000795722 ], [ 93750.212799999862909, 265374.703600000590086 ], [ 93754.170400000177324, 265376.063200000673532 ], [ 93761.04619999974966, 265377.786599999293685 ], [ 93763.722199999727309, 265378.851800000295043 ], [ 93770.46820000000298, 265380.514399999752641 ], [ 93775.759200000204146, 265382.722599999979138 ], [ 93779.448400000110269, 265385.450400000438094 ], [ 93784.046799999661744, 265387.676000000908971 ], [ 93792.758399999700487, 265390.949400000274181 ], [ 93795.754800000227988, 265391.737400000914931 ], [ 93798.941599999554455, 265393.105799999088049 ], [ 93799.573800000362098, 265394.967599999159575 ], [ 93800.465599999763072, 265398.041799999773502 ], [ 93802.630599999800324, 265400.025000000372529 ], [ 93806.718000000342727, 265401.003399999812245 ], [ 93807.731200000271201, 265401.496999999508262 ], [ 93808.874400000087917, 265403.601399999111891 ], [ 93810.268600000068545, 265406.805600000545382 ], [ 93812.242999999783933, 265411.750199999660254 ], [ 93813.697800000198185, 265414.989000000059605 ], [ 93826.644199999980628, 265422.012199999764562 ], [ 93835.996799999848008, 265427.94400000013411 ], [ 93839.252799999900162, 265429.294999999925494 ], [ 93843.071800000034273, 265430.775800000876188 ], [ 93849.254999999888241, 265431.754399999976158 ], [ 93851.800999999977648, 265432.378000000491738 ], [ 93857.014200000092387, 265433.737400000914931 ], [ 93859.187800000421703, 265434.603399999439716 ], [ 93873.831399999558926, 265443.367200000211596 ], [ 93875.996399999596179, 265445.722599999979138 ], [ 93878.802199999801815, 265446.337400000542402 ], [ 93882.612399999983609, 265447.575799999758601 ], [ 93886.760599999688566, 265449.550200000405312 ], [ 93888.535799999721348, 265450.165200000628829 ], [ 93891.471400000154972, 265451.022399999201298 ], [ 93894.398400000296533, 265453.499199999496341 ], [ 93897.031000000424683, 265454.927999999374151 ], [ 93898.728400000371039, 265455.846000000834465 ], [ 93901.144399999640882, 265456.590600000694394 ], [ 93903.828999999910593, 265456.339600000530481 ], [ 93905.993999999947846, 265455.967199999839067 ], [ 93908.158800000324845, 265454.86739999987185 ], [ 93911.207200000062585, 265453.247999999672174 ], [ 93914.5152000002563, 265451.896999999880791 ], [ 93917.961799999698997, 265451.516000000759959 ], [ 93920.126799999736249, 265452.390599999576807 ], [ 93923.503999999724329, 265453.750199999660254 ], [ 93927.703999999910593, 265455.967199999839067 ], [ 93929.106999999843538, 265456.469399999827147 ], [ 93931.150600000284612, 265456.469399999827147 ], [ 93933.956399999558926, 265457.57799999974668 ], [ 93935.991399999707937, 265459.431199999526143 ], [ 93937.775399999693036, 265462.020400000736117 ], [ 93939.940399999730289, 265466.350199999287724 ], [ 93940.832200000062585, 265468.073599999770522 ], [ 93942.607599999755621, 265468.818399999290705 ], [ 93945.534599999897182, 265469.060799999162555 ], [ 93948.089200000278652, 265470.420399999246001 ], [ 93950.124200000427663, 265472.524800000712276 ], [ 93951.908200000412762, 265475.858799999579787 ], [ 93953.310999999754131, 265477.833200000226498 ], [ 93955.467400000430644, 265478.82039999961853 ], [ 93957.251199999824166, 265479.556399999186397 ], [ 93958.792600000277162, 265480.301200000569224 ], [ 93960.117600000463426, 265481.912000000476837 ], [ 93961.780399999581277, 265485.003399999812245 ], [ 93962.793600000441074, 265486.847999999299645 ], [ 93964.845800000242889, 265487.705399999395013 ], [ 93967.513199999928474, 265488.207599999383092 ], [ 93970.310200000181794, 265489.688400000333786 ], [ 93972.726400000043213, 265491.177999999374151 ], [ 93976.164200000464916, 265494.009600000455976 ], [ 93982.797600000165403, 265499.19679999910295 ], [ 93983.940799999982119, 265500.002199999988079 ], [ 93991.968399999663234, 265505.622400000691414 ], [ 93997.121000000275671, 265509.207599999383092 ], [ 93999.796799999661744, 265511.918199999257922 ], [ 94002.862399999983609, 265515.494599999859929 ], [ 94005.018600000068545, 265519.582000000402331 ], [ 94007.434799999929965, 265522.907400000840425 ], [ 94010.630199999548495, 265526.994799999520183 ], [ 94013.678399999625981, 265530.32880000025034 ], [ 94016.354399999603629, 265532.30320000089705 ], [ 94019.290000000037253, 265533.654200000688434 ], [ 94021.584800000302494, 265534.528799999505281 ], [ 94023.620000000111759, 265535.134999999776483 ], [ 94026.295800000429153, 265536.624600000679493 ], [ 94028.460799999535084, 265538.720200000330806 ], [ 94030.747000000439584, 265540.573400000110269 ], [ 94033.743200000375509, 265541.690400000661612 ], [ 94036.159199999645352, 265543.050000000745058 ], [ 94038.064399999566376, 265545.396800000220537 ], [ 94040.497800000011921, 265549.588199999183416 ], [ 94043.173799999989569, 265552.056199999526143 ], [ 94047.633600000292063, 265555.520199999213219 ], [ 94052.335799999535084, 265558.490399999544024 ], [ 94056.423200000077486, 265560.222400000318885 ], [ 94060.995600000023842, 265561.945800000801682 ], [ 94070.86780000012368, 265564.907400000840425 ], [ 94075.864400000311434, 265566.119799999520183 ], [ 94079.674800000153482, 265566.492200000211596 ], [ 94082.991399999707937, 265566.119799999520183 ], [ 94085.667399999685585, 265566.119799999520183 ], [ 94088.975399999879301, 265566.613399999216199 ], [ 94090.759200000204146, 265567.721799999475479 ], [ 94091.660000000149012, 265569.323799999430776 ], [ 94092.794400000013411, 265572.424000000581145 ], [ 94093.68640000000596, 265573.281400000676513 ], [ 94096.370799999684095, 265573.402599999681115 ], [ 94098.925400000065565, 265573.532600000500679 ], [ 94101.835199999623001, 265574.130000000819564 ], [ 94104.900799999944866, 265575.749399999156594 ], [ 94107.126400000415742, 265577.853800000622869 ], [ 94109.169999999925494, 265580.200600000098348 ], [ 94110.945199999958277, 265580.564400000497699 ], [ 94113.240199999883771, 265581.179199999198318 ], [ 94114.192599999718368, 265582.235600000247359 ], [ 94118.981599999591708, 265586.989800000563264 ], [ 94123.934999999590218, 265590.826199999079108 ], [ 94129.676400000229478, 265594.281400000676513 ], [ 94130.914800000376999, 265594.879000000655651 ], [ 94135.019600000232458, 265596.870600000023842 ], [ 94142.163800000213087, 265600.074799999594688 ], [ 94143.618599999696016, 265600.949400000274181 ], [ 94145.385200000368059, 265604.57799999974668 ], [ 94145.913599999621511, 265605.513199999928474 ], [ 94147.065200000070035, 265607.002599999308586 ], [ 94148.589399999938905, 265608.48340000025928 ], [ 94149.351400000043213, 265610.466600000858307 ], [ 94150.633200000040233, 265613.29839999973774 ], [ 94152.148599999956787, 265614.779200000688434 ], [ 94154.824400000274181, 265615.645199999213219 ], [ 94157.015399999916553, 265615.342000000178814 ], [ 94161.449199999682605, 265619.836400000378489 ], [ 94162.981999999843538, 265622.564400000497699 ], [ 94163.995199999772012, 265627.006799999624491 ], [ 94166.930800000205636, 265632.202600000426173 ], [ 94169.407599999569356, 265635.900399999693036 ], [ 94172.975399999879301, 265640.221599999815226 ], [ 94175.149000000208616, 265641.46000000089407 ], [ 94177.443799999542534, 265642.317199999466538 ], [ 94180.370799999684095, 265642.447200000286102 ], [ 94184.951799999922514, 265643.927999999374151 ], [ 94189.610799999907613, 265646.093000000342727 ], [ 94191.966400000266731, 265647.253399999812245 ], [ 94194.382399999536574, 265648.128000000491738 ], [ 94196.157599999569356, 265648.128000000491738 ], [ 94198.201399999670684, 265647.625800000503659 ], [ 94199.846800000406802, 265647.253399999812245 ], [ 94201.648000000044703, 265647.028200000524521 ], [ 94203.180800000205636, 265647.201400000602007 ], [ 94206.402200000360608, 265650.855799999088049 ], [ 94216.551400000229478, 265659.68019999936223 ], [ 94220.179999999701977, 265663.940799999982119 ], [ 94222.344800000078976, 265666.278999999165535 ], [ 94224.691599999554455, 265667.473999999463558 ], [ 94225.271800000220537, 265667.768400000408292 ], [ 94228.190200000070035, 265669.500399999320507 ], [ 94231.507000000216067, 265672.081000000238419 ], [ 94235.074799999594688, 265675.051400000229478 ], [ 94237.871799999848008, 265676.662000000476837 ], [ 94239.283400000073016, 265676.662000000476837 ], [ 94242.080599999986589, 265676.289599999785423 ], [ 94243.344800000078976, 265676.662000000476837 ], [ 94244.236800000071526, 265677.64919999986887 ], [ 94244.435999999754131, 265679.753599999472499 ], [ 94245.449199999682605, 265689.746999999508262 ], [ 94245.708999999798834, 265691.479000000283122 ], [ 94246.470999999903142, 265692.35359999909997 ], [ 94248.125, 265692.717199999839067 ], [ 94250.038800000213087, 265693.210999999195337 ], [ 94251.563000000081956, 265694.319399999454618 ], [ 94252.463600000366569, 265696.544999999925494 ], [ 94255.771599999628961, 265699.142799999564886 ], [ 94259.720599999651313, 265700.995999999344349 ], [ 94264.292999999597669, 265704.945000000298023 ], [ 94269.583999999798834, 265709.266200000420213 ], [ 94273.671400000341237, 265714.081000000238419 ], [ 94278.001400000415742, 265717.796000000089407 ], [ 94283.084599999710917, 265721.615000000223517 ], [ 94291.121000000275671, 265726.932199999690056 ], [ 94306.648000000044703, 265736.691800000146031 ], [ 94312.06900000013411, 265739.78319999948144 ], [ 94314.225200000219047, 265742.121400000527501 ], [ 94315.385599999688566, 265744.217000000178814 ], [ 94317.420800000429153, 265747.196000000461936 ], [ 94319.204599999822676, 265748.30460000038147 ], [ 94324.287999999709427, 265751.759800000116229 ], [ 94332.575400000438094, 265757.691800000146031 ], [ 94335.63219999987632, 265760.653400000184774 ], [ 94338.810399999842048, 265765.217000000178814 ], [ 94340.603000000119209, 265767.434000000357628 ], [ 94343.270200000144541, 265768.551200000569224 ], [ 94348.56140000000596, 265769.78940000012517 ], [ 94351.35840000025928, 265770.898000000044703 ], [ 94355.948200000450015, 265773.876800000667572 ], [ 94364.989000000059605, 265779.557800000533462 ], [ 94373.276399999856949, 265785.593599999323487 ], [ 94374.999800000339746, 265787.541999999433756 ], [ 94378.108599999919534, 265791.031999999657273 ], [ 94383.962600000202656, 265798.436000000685453 ], [ 94385.936999999918044, 265803.017000000923872 ], [ 94386.828999999910593, 265805.857599999755621 ], [ 94387.339999999850988, 265808.819199999794364 ], [ 94386.577800000086427, 265814.872400000691414 ], [ 94386.828999999910593, 265820.925599999725819 ], [ 94388.110600000247359, 265827.472400000318885 ], [ 94389.885800000280142, 265831.92339999973774 ], [ 94392.821600000374019, 265834.625399999320507 ], [ 94396.320199999958277, 265836.60840000025928 ], [ 94399.515599999576807, 265838.089199999347329 ], [ 94401.152200000360608, 265840.652599999681115 ], [ 94401.411999999545515, 265843.744200000539422 ], [ 94401.923000000417233, 265849.052600000053644 ], [ 94403.698200000450015, 265853.988600000739098 ], [ 94408.157999999821186, 265858.682199999690056 ], [ 94411.734600000083447, 265861.678600000217557 ], [ 94413.760999999940395, 265861.773800000548363 ], [ 94417.709800000302494, 265862.025000000372529 ], [ 94418.731599999591708, 265863.012199999764562 ], [ 94419.234000000171363, 265864.978000000119209 ], [ 94420.255800000391901, 265867.826999999582767 ], [ 94422.186999999918044, 265869.870600000023842 ], [ 94426.075199999846518, 265874.191999999806285 ], [ 94427.28760000038892, 265875.542799999937415 ], [ 94427.547399999573827, 265876.625399999320507 ], [ 94427.547399999573827, 265878.132200000807643 ], [ 94427.443400000222027, 265879.101999999955297 ], [ 94427.28760000038892, 265880.479000000283122 ], [ 94426.603400000371039, 265883.596400000154972 ], [ 94425.910600000061095, 265886.021199999377131 ], [ 94431.491899999789894, 265881.959799999371171 ], [ 94434.778199999593198, 265879.690999999642372 ], [ 94439.83559999987483, 265884.393200000748038 ], [ 94444.338600000366569, 265888.5932 ], [ 94456.514399999752641, 265899.94620000012219 ], [ 94458.679399999789894, 265901.963800000026822 ], [ 94462.948599999770522, 265905.947399999946356 ], [ 94477.012000000104308, 265918.668600000441074 ], [ 94517.678399999625981, 265955.403400000184774 ], [ 94515.703999999910593, 266000.00139999948442 ], [ 94509.252399999648333, 266146.473200000822544 ], [ 94495.189000000245869, 266470.262800000607967 ], [ 94494.019999999552965, 266500.000600000843406 ], [ 94493.448400000110269, 266514.748199999332428 ], [ 94513.859600000083447, 266537.004000000655651 ], [ 94514.206000000238419, 266537.384999999776483 ], [ 94543.484600000083447, 266598.765599999576807 ], [ 94548.351400000043213, 266608.984200000762939 ], [ 94499.588200000114739, 266622.277000000700355 ], [ 94488.408400000073016, 266625.316400000825524 ], [ 94481.12540000025183, 266788.068600000813603 ], [ 94476.310600000433624, 266901.728399999439716 ], [ 94472.024000000208616, 266999.999800000339746 ], [ 94458.021200000308454, 267320.706599999219179 ], [ 94456.661600000225008, 267351.925200000405312 ], [ 94451.889999999664724, 267463.091000000014901 ], [ 94450.954800000414252, 267484.524000000208616 ], [ 94449.395999999716878, 267489.719799999147654 ], [ 94445.776200000196695, 267496.846799999475479 ], [ 94443.793200000189245, 267499.998999999836087 ], [ 94440.026200000196695, 267505.965600000694394 ], [ 94439.861600000411272, 267507.481000000610948 ], [ 94435.877999999560416, 267512.763599999248981 ], [ 94427.668600000441074, 267521.977600000798702 ], [ 94422.36019999999553, 267528.939999999478459 ], [ 94419.94400000013411, 267531.7804000005126 ], [ 94414.055399999953806, 267540.085200000554323 ], [ 94410.262400000356138, 267546.536800000816584 ], [ 94407.97620000038296, 267552.823799999430776 ], [ 94407.014999999664724, 267556.348200000822544 ], [ 94403.559799999929965, 267564.306600000709295 ], [ 94398.156000000424683, 267576.031999999657273 ], [ 94393.583599999547005, 267583.150399999693036 ], [ 94390.985600000247359, 267589.099600000306964 ], [ 94390.466199999675155, 267593.541999999433756 ], [ 94389.69539999961853, 267596.062000000849366 ], [ 94387.227400000207126, 267599.655799999833107 ], [ 94386.101599999703467, 267603.345000000670552 ], [ 94384.811200000345707, 267609.467399999499321 ], [ 94383.001400000415742, 267617.590399999171495 ], [ 94379.840599999763072, 267623.046000000089407 ], [ 94377.251199999824166, 267627.566400000825524 ], [ 94374.999800000339746, 267632.38120000064373 ], [ 94373.449599999934435, 267635.689200000837445 ], [ 94367.006799999624491, 267647.432000000029802 ], [ 94359.230200000107288, 267661.590800000354648 ], [ 94354.692400000058115, 267671.895800000056624 ], [ 94349.081000000238419, 267686.305800000205636 ], [ 94346.439799999818206, 267696.3597999997437 ], [ 94343.77240000013262, 267713.462999999523163 ], [ 94341.746199999935925, 267721.499199999496341 ], [ 94340.274000000208616, 267725.110400000587106 ], [ 94338.368800000287592, 267730.894999999552965 ], [ 94332.263600000180304, 267744.456399999558926 ], [ 94329.076799999922514, 267753.254599999636412 ], [ 94323.292000000365078, 267766.997800000011921 ], [ 94322.807199999690056, 267770.115199999883771 ], [ 94323.759800000116229, 267777.900399999693036 ], [ 94323.855000000447035, 267786.776799999177456 ], [ 94322.252999999560416, 267794.163599999621511 ], [ 94321.560200000181794, 267797.592800000682473 ], [ 94321.560200000181794, 267801.186599999666214 ], [ 94322.079800000414252, 267805.88880000077188 ], [ 94323.370000000111759, 267810.833599999547005 ], [ 94323.370000000111759, 267815.111600000411272 ], [ 94322.807199999690056, 267818.289799999445677 ], [ 94317.238800000399351, 267842.840199999511242 ], [ 94315.082600000314415, 267858.427799999713898 ], [ 94314.259999999776483, 267865.797399999573827 ], [ 94314.259999999776483, 267868.230799999088049 ], [ 94314.433199999853969, 267871.166400000452995 ], [ 94315.463600000366569, 267876.855799999088049 ], [ 94315.896599999628961, 267882.72719999961555 ], [ 94315.853400000371039, 267889.274000000208616 ], [ 94315.60219999961555, 267893.621200000867248 ], [ 94314.467799999751151, 267904.688400000333786 ], [ 94312.874400000087917, 267913.322200000286102 ], [ 94311.410799999721348, 267919.176400000229478 ], [ 94310.198400000110269, 267925.220799999311566 ], [ 94309.332399999722838, 267932.512399999424815 ], [ 94307.652400000020862, 267938.366399999707937 ], [ 94306.777800000272691, 267943.484400000423193 ], [ 94306.258200000040233, 267948.177999999374151 ], [ 94306.258200000040233, 267952.19620000012219 ], [ 94306.518000000156462, 267956.638599999248981 ], [ 94307.77379999961704, 267961.505400000140071 ], [ 94308.726400000043213, 267965.939200000837445 ], [ 94309.418999999761581, 267970.54619999974966 ], [ 94309.418999999761581, 267978.339999999850988 ], [ 94310.337000000290573, 267984.713600000366569 ], [ 94310.761400000192225, 267987.389599999412894 ], [ 94311.281000000424683, 267991.078600000590086 ], [ 94311.107800000347197, 267994.10080000013113 ], [ 94310.059999999590218, 267999.998199999332428 ], [ 94309.627000000327826, 268002.388199999928474 ], [ 94308.726400000043213, 268009.177600000053644 ], [ 94308.215400000102818, 268014.53800000064075 ], [ 94308.284599999897182, 268020.911599999293685 ], [ 94308.284599999897182, 268026.860799999907613 ], [ 94309.029400000348687, 268033.312400000169873 ], [ 94309.029400000348687, 268034.663399999961257 ], [ 94309.548999999649823, 268037.174599999561906 ], [ 94310.925800000317395, 268041.357400000095367 ], [ 94311.618599999696016, 268045.886399999260902 ], [ 94312.31140000000596, 268053.342399999499321 ], [ 94313.394000000320375, 268056.70240000076592 ], [ 94314.259999999776483, 268068.090199999511242 ], [ 94314.207999999634922, 268079.988600000739098 ], [ 94314.303199999965727, 268088.622400000691414 ], [ 94313.688400000333786, 268091.713999999687076 ], [ 94311.185600000433624, 268097.923200000077486 ], [ 94309.064000000245869, 268103.872400000691414 ], [ 94308.379999999888241, 268106.297199999913573 ], [ 94307.69579999987036, 268109.405999999493361 ], [ 94307.340800000354648, 268116.524399999529123 ], [ 94306.648000000044703, 268120.715600000694394 ], [ 94306.951000000350177, 268127.75620000064373 ], [ 94307.210799999535084, 268138.979199999943376 ], [ 94306.223600000143051, 268151.215399999171495 ], [ 94305.184399999678135, 268163.443199999630451 ], [ 94304.18859999999404, 268174.674799999222159 ], [ 94304.448400000110269, 268180.632799999788404 ], [ 94304.708200000226498, 268187.5 ], [ 94305.478799999691546, 268189.353199999779463 ], [ 94306.691200000233948, 268190.106599999591708 ], [ 94308.085400000214577, 268191.024599999189377 ], [ 94308.856200000271201, 268191.691400000825524 ], [ 94309.46239999961108, 268193.7956000007689 ], [ 94310.276399999856949, 268198.229599999263883 ], [ 94311.142400000244379, 268200.489800000563264 ], [ 94313.394000000320375, 268205.936799999326468 ], [ 94316.554800000041723, 268211.158600000664592 ], [ 94318.139600000344217, 268217.081800000742078 ], [ 94319.481800000183284, 268221.11739999987185 ], [ 94319.135400000028312, 268223.541999999433756 ], [ 94318.797600000165403, 268225.551200000569224 ], [ 94342.97580000013113, 268246.403999999165535 ], [ 94354.692400000058115, 268254.362199999392033 ], [ 94364.330799999646842, 268259.151200000196695 ], [ 94367.067400000058115, 268263.013399999588728 ], [ 94369.059000000357628, 268264.936000000685453 ], [ 94370.366799999959767, 268268.044800000265241 ], [ 94371.57039999961853, 268271.638599999248981 ], [ 94372.947399999946356, 268276.003200000151992 ], [ 94374.419599999673665, 268279.025399999693036 ], [ 94374.999800000339746, 268279.822000000625849 ], [ 94377.571600000374019, 268283.364000000059605 ], [ 94379.035199999809265, 268285.632799999788404 ], [ 94382.498999999836087, 268291.417600000277162 ], [ 94386.724999999627471, 268300.216000000014901 ], [ 94389.963800000026822, 268306.918600000441074 ], [ 94391.522599999792874, 268309.776399999856949 ], [ 94394.215800000354648, 268314.461200000718236 ], [ 94397.315999999642372, 268318.903799999505281 ], [ 94401.29079999960959, 268324.844399999827147 ], [ 94403.836799999698997, 268329.962200000882149 ], [ 94408.764200000092387, 268337.929400000721216 ], [ 94414.730800000019372, 268346.892200000584126 ], [ 94418.056200000457466, 268352.927999999374151 ], [ 94419.008799999952316, 268354.93720000050962 ], [ 94421.511400000192225, 268359.284399999305606 ], [ 94425.053399999625981, 268363.813400000333786 ], [ 94427.391400000080466, 268366.324799999594688 ], [ 94430.231800000183284, 268370.862600000575185 ], [ 94434.17200000025332, 268376.309599999338388 ], [ 94439.532399999909103, 268383.341199999675155 ], [ 94442.026600000448525, 268388.537200000137091 ], [ 94446.139999999664724, 268399.595599999651313 ], [ 94454.046400000341237, 268422.803999999538064 ], [ 94457.674800000153482, 268434.130999999120831 ], [ 94462.048000000417233, 268447.025399999693036 ], [ 94464.550599999725819, 268454.91440000012517 ], [ 94467.47759999986738, 268463.461600000038743 ], [ 94470.716400000266731, 268471.177600000053644 ], [ 94473.660799999721348, 268477.031600000336766 ], [ 94478.848000000230968, 268485.830000000074506 ], [ 94483.472199999727309, 268494.134600000455976 ], [ 94487.187400000169873, 268499.997400000691414 ], [ 94488.824000000022352, 268502.595200000330806 ], [ 94491.846400000154972, 268507.791200000792742 ], [ 94493.145200000144541, 268512.146999999880791 ], [ 94494.314399999566376, 268517.09180000051856 ], [ 94497.674399999901652, 268530.583799999207258 ], [ 94500.497399999760091, 268539.884400000795722 ], [ 94501.623200000263751, 268543.989199999719858 ], [ 94503.952800000086427, 268552.025399999693036 ], [ 94507.096199999563396, 268563.672800000756979 ], [ 94508.490399999544024, 268568.955199999734759 ], [ 94510.560200000181794, 268574.9046 ], [ 94512.370000000111759, 268578.013399999588728 ], [ 94514.621600000187755, 268580.100400000810623 ], [ 94523.12540000025183, 268588.058800000697374 ], [ 94531.516800000332296, 268595.939200000837445 ], [ 94536.790599999949336, 268601.299599999561906 ], [ 94541.189799999818206, 268607.171000000089407 ], [ 94544.688400000333786, 268611.951199999079108 ], [ 94547.979000000283122, 268616.471599999815226 ], [ 94550.135400000028312, 268619.658399999141693 ], [ 94550.741600000299513, 268621.996600000187755 ], [ 94551.088000000454485, 268628.370200000703335 ], [ 94550.611600000411272, 268635.999399999156594 ], [ 94550.2652000002563, 268644.113600000739098 ], [ 94550.005400000140071, 268649.655999999493361 ], [ 94550.707000000402331, 268655.596599999815226 ], [ 94551.953999999910593, 268659.545399999246001 ], [ 94553.763799999840558, 268665.572599999606609 ], [ 94554.724999999627471, 268672.950799999758601 ], [ 94555.05420000012964, 268679.644799999892712 ], [ 94554.240199999883771, 268683.169399999082088 ], [ 94553.201000000350177, 268686.953600000590086 ], [ 94549.139600000344217, 268700.774599999189377 ], [ 94547.623999999836087, 268707.139599999412894 ], [ 94546.844600000418723, 268713.677799999713898 ], [ 94546.940000000409782, 268720.293800000101328 ], [ 94547.883799999952316, 268727.836600000038743 ], [ 94548.455400000326335, 268731.18779999949038 ], [ 94549.139600000344217, 268732.867799999192357 ], [ 94550.966799999587238, 268736.799399999901652 ], [ 94554.404600000008941, 268742.255000000819564 ], [ 94559.591799999587238, 268748.784600000828505 ], [ 94563.878399999812245, 268754.82039999961853 ], [ 94568.277599999681115, 268761.696399999782443 ], [ 94571.65500000026077, 268768.554800000041723 ], [ 94575.751000000163913, 268778.45299999974668 ], [ 94577.734199999831617, 268785.16440000012517 ], [ 94581.206799999810755, 268796.725199999287724 ], [ 94582.11600000038743, 268801.998999999836087 ], [ 94582.540400000289083, 268804.432399999350309 ], [ 94582.540400000289083, 268807.0304000005126 ], [ 94582.11600000038743, 268810.970599999651313 ], [ 94581.076799999922514, 268816.582000000402331 ], [ 94579.388199999928474, 268824.956199999898672 ], [ 94576.712199999950826, 268834.429999999701977 ], [ 94575.577800000086427, 268839.452600000426173 ], [ 94575.317999999970198, 268843.817199999466538 ], [ 94575.023599999956787, 268848.259600000455976 ], [ 94575.196800000034273, 268850.424599999561906 ], [ 94575.543200000189245, 268853.793199999257922 ], [ 94577.101999999955297, 268858.3136 ], [ 94579.17160000000149, 268863.093800000846386 ], [ 94580.219600000418723, 268865.094200000166893 ], [ 94583.458200000226498, 268871.303400000557303 ], [ 94585.09499999973923, 268875.165599999949336 ], [ 94586.558400000445545, 268879.175000000745058 ], [ 94586.818199999630451, 268882.02419999986887 ], [ 94586.644999999552965, 268883.946599999442697 ], [ 94586.134200000204146, 268886.717800000682473 ], [ 94584.142400000244379, 268890.666600000113249 ], [ 94580.894999999552965, 268894.173800000920892 ], [ 94577.959400000050664, 268896.018400000408292 ], [ 94575.638399999588728, 268896.9364 ], [ 94571.308600000105798, 268898.625 ], [ 94563.791799999773502, 268901.716600000858307 ], [ 94556.560999999754131, 268905.163200000301003 ], [ 94553.374200000427663, 268906.245600000023842 ], [ 94546.905199999921024, 268909.17259999923408 ], [ 94543.086400000378489, 268911.441400000825524 ], [ 94538.764999999664724, 268915.797399999573827 ], [ 94535.578200000338256, 268919.902000000700355 ], [ 94535.318400000222027, 268920.239800000563264 ], [ 94531.387000000104308, 268926.016000000759959 ], [ 94530.088000000454485, 268928.449400000274181 ], [ 94528.104799999855459, 268932.718599999323487 ], [ 94526.728000000119209, 268935.740800000727177 ], [ 94524.900799999944866, 268941.18779999949038 ], [ 94522.354799999855459, 268949.483999999240041 ], [ 94520.449599999934435, 268955.935599999502301 ], [ 94518.120199999772012, 268962.049399999901652 ], [ 94514.361800000071526, 268972.700799999758601 ], [ 94513.314000000245869, 268975.550000000745058 ], [ 94510.89780000038445, 268983.092599999159575 ], [ 94508.828200000338256, 268988.695599999278784 ], [ 94505.424800000153482, 268995.735999999567866 ], [ 94503.41579999960959, 268999.966199999675155 ], [ 94499.276399999856949, 269006.551999999210238 ], [ 94496.955599999986589, 269011.158999999985099 ], [ 94495.907800000160933, 269014.016799999400973 ], [ 94494.487599999643862, 269019.290599999949336 ], [ 94493.968000000342727, 269021.879799999296665 ], [ 94493.535000000149012, 269026.062599999830127 ], [ 94493.535000000149012, 269030.522399999201298 ], [ 94493.708200000226498, 269036.37639999948442 ], [ 94494.877199999988079, 269041.26039999909699 ], [ 94495.128399999812245, 269042.325600000098348 ], [ 94495.907800000160933, 269047.945800000801682 ], [ 94496.860399999655783, 269053.14159999974072 ], [ 94497.042200000025332, 269056.657600000500679 ], [ 94496.687199999578297, 269062.606799999251962 ], [ 94496.210799999535084, 269065.378000000491738 ], [ 94495.613400000147521, 269068.39159999974072 ], [ 94494.833999999798834, 269071.405200000852346 ], [ 94493.101999999955297, 269074.263000000268221 ], [ 94491.370000000111759, 269076.271999999880791 ], [ 94489.473600000143051, 269077.787399999797344 ], [ 94484.987800000235438, 269079.198999999091029 ], [ 94480.753200000151992, 269081.130200000479817 ], [ 94478.40639999974519, 269083.641400000080466 ], [ 94476.379999999888241, 269088.239800000563264 ], [ 94474.474799999967217, 269091.513199999928474 ], [ 94471.798799999989569, 269095.375600000843406 ], [ 94467.399799999780953, 269099.307000000029802 ], [ 94460.913599999621511, 269104.338400000706315 ], [ 94456.003399999812245, 269107.932199999690056 ], [ 94452.322999999858439, 269110.63399999961257 ], [ 94447.387000000104308, 269114.557000000029802 ], [ 94442.719399999827147, 269118.245999999344349 ], [ 94438.917600000277162, 269122.19480000063777 ], [ 94434.518400000408292, 269126.377599999308586 ], [ 94429.547799999825656, 269133.746999999508262 ], [ 94427.989000000059605, 269136.35359999909997 ], [ 94421.329599999822676, 269145.532999999821186 ], [ 94412.912200000137091, 269157.214999999850988 ], [ 94410.920599999837577, 269160.488399999216199 ], [ 94404.78940000012517, 269169.027000000700355 ], [ 94396.190200000070035, 269180.760999999940395 ], [ 94391.868999999947846, 269186.043600000441074 ], [ 94385.478000000119209, 269193.924000000581145 ], [ 94379.07839999999851, 269200.877800000831485 ], [ 94374.999800000339746, 269205.675400000065565 ], [ 94373.163800000213087, 269207.831599999219179 ], [ 94374.999800000339746, 269212.456000000238419 ], [ 94444.295400000177324, 269386.47440000064671 ], [ 94445.196000000461936, 269388.743400000035763 ], [ 94444.399400000460446, 269390.42339999973774 ], [ 94443.957600000314415, 269392.138000000268221 ], [ 94442.580799999646842, 269396.467800000682473 ], [ 94442.667399999685585, 269400.789200000464916 ], [ 94443.697800000198185, 269402.780799999833107 ], [ 94445.507799999788404, 269403.785399999469519 ], [ 94447.473600000143051, 269404.200999999418855 ], [ 94450.738199999555945, 269404.200999999418855 ], [ 94455.068199999630451, 269403.776799999177456 ], [ 94458.064399999566376, 269405.352800000458956 ], [ 94459.527999999932945, 269407.032800000160933 ], [ 94460.818199999630451, 269410.011800000444055 ], [ 94461.753600000403821, 269413.605599999427795 ], [ 94461.588999999687076, 269418.844799999147654 ], [ 94462.28179999999702, 269422.672399999573827 ], [ 94463.3902000002563, 269424.343800000846386 ], [ 94465.018199999816716, 269425.919800000265241 ], [ 94466.447200000286102, 269426.586600000038743 ], [ 94468.759399999864399, 269427.080199999734759 ], [ 94470.560600000433624, 269427.582599999383092 ], [ 94471.842199999839067, 269428.656400000676513 ], [ 94473.478799999691546, 269430.907800000160933 ], [ 94474.327600000426173, 269433.245999999344349 ], [ 94474.942400000058115, 269436.320199999958277 ], [ 94475.020399999804795, 269438.649800000712276 ], [ 94474.751799999736249, 269440.892599999904633 ], [ 94473.651999999769032, 269443.230799999088049 ], [ 94473.314399999566376, 269446.218399999663234 ], [ 94474.033200000412762, 269449.050200000405312 ], [ 94474.206399999558926, 269450.721400000154972 ], [ 94474.206399999558926, 269451.717399999499321 ], [ 94473.68680000025779, 269452.964400000870228 ], [ 94473.002600000239909, 269453.63120000064373 ], [ 94471.201399999670684, 269454.540400000289083 ], [ 94470.257399999536574, 269456.211799999698997 ], [ 94471.036799999885261, 269458.368000000715256 ], [ 94472.50040000025183, 269460.368599999696016 ], [ 94475.843000000342727, 269464.360600000247359 ], [ 94480.675200000405312, 269471.851399999111891 ], [ 94483.264399999752641, 269475.271999999880791 ], [ 94489.178999999538064, 269481.593599999323487 ], [ 94492.184000000357628, 269484.918999999761581 ], [ 94493.803399999625981, 269487.742200000211596 ], [ 94495.362200000323355, 269491.483200000599027 ], [ 94496.349399999715388, 269495.068199999630451 ], [ 94496.764999999664724, 269497.31980000063777 ], [ 94496.946899999864399, 269500.0304000005126 ], [ 94497.102800000458956, 269503.121999999508262 ], [ 94497.120199999772012, 269503.554800000041723 ], [ 94496.764999999664724, 269506.049000000581145 ], [ 94496.167600000277162, 269507.798200000077486 ], [ 94495.137000000104308, 269510.049799999222159 ], [ 94494.028599999845028, 269512.041400000452995 ], [ 94493.941999999806285, 269513.963999999687076 ], [ 94494.721400000154972, 269515.53999999910593 ], [ 94495.959800000302494, 269517.696399999782443 ], [ 94497.068199999630451, 269519.54079999960959 ], [ 94497.674399999901652, 269521.281400000676513 ], [ 94497.414599999785423, 269522.70160000026226 ], [ 94497.25, 269524.035399999469519 ], [ 94496.03760000038892, 269525.524800000712276 ], [ 94494.245000000111759, 269527.51659999974072 ], [ 94493.898599999956787, 269529.690199999138713 ], [ 94494.496199999935925, 269532.426599999889731 ], [ 94495.786600000225008, 269537.587799999862909 ], [ 94497.760999999940395, 269541.502199999988079 ], [ 94500.51480000000447, 269546.905799999833107 ], [ 94501.276800000108778, 269548.525200000032783 ], [ 94502.342000000178814, 269550.742200000211596 ], [ 94505.277599999681115, 269557.349600000306964 ], [ 94510.845999999903142, 269570.590399999171495 ], [ 94512.828999999910593, 269575.032800000160933 ], [ 94515.253800000064075, 269580.557800000533462 ], [ 94516.976999999955297, 269584.151599999517202 ], [ 94518.873599999584258, 269587.676200000569224 ], [ 94520.787399999797344, 269589.61600000038743 ], [ 94522.770399999804795, 269590.949599999934435 ], [ 94524.450400000438094, 269593.547399999573827 ], [ 94525.402999999932945, 269595.894200000911951 ], [ 94526.433600000105798, 269597.652200000360608 ], [ 94527.741200000047684, 269598.838600000366569 ], [ 94529.464399999938905, 269599.834400000050664 ], [ 94532.226999999955297, 269601.427799999713898 ], [ 94534.21860000025481, 269603.272399999201298 ], [ 94536.210400000214577, 269606.043600000441074 ], [ 94538.366799999959767, 269609.472799999639392 ], [ 94540.791400000452995, 269613.239800000563264 ], [ 94543.077600000426173, 269616.928999999538064 ], [ 94544.714399999938905, 269620.280200000852346 ], [ 94546.888000000268221, 269624.973799999803305 ], [ 94549.823599999770522, 269630.67200000025332 ], [ 94551.884600000455976, 269634.776799999177456 ], [ 94555.227400000207126, 269640.059200000017881 ], [ 94558.58739999961108, 269644.752800000831485 ], [ 94561.704800000414252, 269649.022199999541044 ], [ 94562.917200000025332, 269651.117799999192357 ], [ 94564.640599999576807, 269653.802400000393391 ], [ 94570.641800000332296, 269663.518600000068545 ], [ 94574.616600000299513, 269670.316600000485778 ], [ 94577.98519999999553, 269674.750399999320507 ], [ 94580.843000000342727, 269678.941800000146031 ], [ 94583.605399999767542, 269681.45299999974668 ], [ 94586.021599999628961, 269683.808599999174476 ], [ 94586.896200000308454, 269685.315400000661612 ], [ 94587.017400000244379, 269686.47580000013113 ], [ 94586.844200000166893, 269687.237800000235438 ], [ 94586.411199999973178, 269688.4068 ], [ 94586.246799999848008, 269689.160199999809265 ], [ 94586.584400000050664, 269690.000199999660254 ], [ 94588.307799999602139, 269691.68019999936223 ], [ 94591.598399999551475, 269694.953600000590086 ], [ 94595.833200000226498, 269698.460799999535084 ], [ 94599.028599999845028, 269701.23200000077486 ], [ 94600.578599999658763, 269703.154400000348687 ], [ 94601.964200000278652, 269706.012199999764562 ], [ 94603.306599999777973, 269709.363600000739098 ], [ 94605.376199999824166, 269714.057199999690056 ], [ 94605.99100000038743, 269717.06220000050962 ], [ 94605.904400000348687, 269718.317800000309944 ], [ 94605.211600000038743, 269719.322399999946356 ], [ 94604.596800000406802, 269720.837799999862909 ], [ 94604.527599999681115, 269722.846799999475479 ], [ 94604.172600000165403, 269724.024599999189377 ], [ 94603.21999999973923, 269724.362400000914931 ], [ 94601.756400000303984, 269724.440199999138713 ], [ 94599.85120000038296, 269724.440199999138713 ], [ 94598.638799999840558, 269724.942600000649691 ], [ 94597.859600000083447, 269726.120200000703335 ], [ 94598.214599999599159, 269728.129399999976158 ], [ 94598.993999999947846, 269730.389599999412894 ], [ 94599.375, 269732.398600000888109 ], [ 94599.894600000232458, 269733.992000000551343 ], [ 94601.280199999921024, 269738.772199999541044 ], [ 94603.523000000044703, 269744.4704 ], [ 94604.155199999921024, 269746.046399999409914 ], [ 94609.134600000455976, 269751.173000000417233 ], [ 94612.641800000332296, 269755.606799999251962 ], [ 94614.442999999970198, 269759.391200000420213 ], [ 94618.262000000104308, 269766.682800000533462 ], [ 94621.80379999987781, 269773.298800000920892 ], [ 94627.112200000323355, 269778.910399999469519 ], [ 94628.930800000205636, 269780.668400000780821 ], [ 94632.386199999600649, 269783.344200000166893 ], [ 94635.668200000189245, 269784.998199999332428 ], [ 94642.665199999697506, 269786.115399999544024 ], [ 94647.159799999557436, 269787.630799999460578 ], [ 94651.515599999576807, 269789.051000000908971 ], [ 94654.719800000078976, 269790.731000000610948 ], [ 94658.781200000084937, 269793.657999999821186 ], [ 94662.92920000012964, 269797.000600000843406 ], [ 94664.574599999934435, 269799.191600000485778 ], [ 94665.094200000166893, 269801.027400000020862 ], [ 94664.921000000089407, 269802.785399999469519 ], [ 94664.314799999818206, 269804.794399999082088 ], [ 94662.669400000013411, 269807.816800000146031 ], [ 94662.149799999780953, 269809.158999999985099 ], [ 94662.322999999858439, 269810.587799999862909 ], [ 94663.362200000323355, 269811.505799999460578 ], [ 94665.648400000296533, 269812.596999999135733 ], [ 94666.860799999907613, 269814.112400000914931 ], [ 94668.246399999596179, 269817.714800000190735 ], [ 94670.229399999603629, 269821.72440000064671 ], [ 94673.260400000028312, 269824.833200000226498 ], [ 94675.988199999555945, 269828.063400000333786 ], [ 94680.898199999704957, 269835.311599999666214 ], [ 94682.630199999548495, 269838.489800000563264 ], [ 94684.786600000225008, 269842.932199999690056 ], [ 94687.644199999980628, 269848.794999999925494 ], [ 94690.839800000190735, 269853.661800000816584 ], [ 94694.173799999989569, 269858.355399999767542 ], [ 94695.542000000365078, 269859.948799999430776 ], [ 94698.399799999780953, 269862.624600000679493 ], [ 94702.201399999670684, 269865.646800000220537 ], [ 94706.089599999599159, 269868.98960000090301 ], [ 94708.600999999791384, 269872.505400000140071 ], [ 94711.88300000037998, 269877.207599999383092 ], [ 94714.299200000241399, 269879.79700000025332 ], [ 94718.317200000397861, 269881.22580000013113 ], [ 94724.448400000110269, 269881.312400000169873 ], [ 94726.543999999761581, 269881.606799999251962 ], [ 94734.909400000236928, 269882.819199999794364 ], [ 94742.815799999982119, 269884.828400000929832 ], [ 94745.578200000338256, 269885.746200000867248 ], [ 94751.458200000226498, 269888.682000000029802 ], [ 94763.902400000020862, 269894.466600000858307 ], [ 94767.06319999974221, 269895.973400000482798 ], [ 94768.873200000263751, 269897.740000000223517 ], [ 94771.895399999804795, 269900.078199999406934 ], [ 94775.956799999810755, 269904.105000000447035 ], [ 94782.962600000202656, 269912.990000000223517 ], [ 94788.175800000317395, 269919.684000000357628 ], [ 94793.111800000071526, 269925.31279999949038 ], [ 94795.701200000010431, 269929.660000000149012 ], [ 94799.598000000230968, 269935.029200000688434 ], [ 94803.347799999639392, 269942.649800000712276 ], [ 94807.495799999684095, 269950.694599999114871 ], [ 94813.756799999624491, 269966.282400000840425 ], [ 94815.748599999584258, 269971.226999999955297 ], [ 94817.013000000268221, 269974.10219999961555 ], [ 94819.030600000172853, 269978.683199999853969 ], [ 94821.966400000266731, 269984.052200000733137 ], [ 94827.794400000013411, 269989.906199999153614 ], [ 94829.881400000303984, 269991.672800000756979 ], [ 94835.319799999706447, 269996.279799999669194 ], [ 94840.074000000022352, 269999.224199999123812 ], [ 94844.499200000427663, 269999.994999999180436 ], [ 94846.205000000074506, 270000.306600000709295 ], [ 94852.388199999928474, 270000.722400000318885 ], [ 94861.126000000163913, 270001.484400000423193 ], [ 94862.130400000140071, 270001.588400000706315 ], [ 94865.957999999634922, 270001.978000000119209 ], [ 94871.838000000454485, 270003.657999999821186 ], [ 94874.93819999974221, 270005.25139999948442 ], [ 94876.895399999804795, 270005.337999999523163 ], [ 94878.869800000451505, 270004.749199999496341 ], [ 94881.891999999992549, 270004.160199999809265 ], [ 94885.269399999640882, 270004.835799999535084 ], [ 94889.071000000461936, 270006.169399999082088 ], [ 94894.509399999864399, 270008.273600000888109 ], [ 94898.588200000114739, 270010.949599999934435 ], [ 94900.874400000087917, 270013.296399999409914 ], [ 94902.251199999824166, 270015.816400000825524 ], [ 94904.407599999569356, 270019.158999999985099 ], [ 94906.399400000460446, 270021.83500000089407 ], [ 94910.625199999660254, 270029.723999999463558 ], [ 94914.29700000025332, 270037.335999999195337 ], [ 94917.501199999824166, 270042.964800000190735 ], [ 94921.986999999731779, 270049.494200000539422 ], [ 94926.394799999892712, 270055.859200000762939 ], [ 94930.49959999974817, 270060.388399999588728 ], [ 94935.427000000141561, 270064.1554000005126 ], [ 94941.125, 270068.095599999651313 ], [ 94948.303999999538064, 270072.546599999070168 ], [ 94952.451999999582767, 270075.638199999928474 ], [ 94954.92879999987781, 270078.313999999314547 ], [ 94956.210400000214577, 270080.409800000488758 ], [ 94958.029000000096858, 270083.3454 ], [ 94960.704800000414252, 270087.623400000855327 ], [ 94963.207600000314415, 270090.637000000104308 ], [ 94963.908999999985099, 270092.568199999630451 ], [ 94963.813799999654293, 270096.1706000007689 ], [ 94962.817800000309944, 270101.357799999415874 ], [ 94962.133799999952316, 270104.977600000798702 ], [ 94961.527599999681115, 270109.575999999418855 ], [ 94961.527599999681115, 270113.680600000545382 ], [ 94962.125, 270116.86739999987185 ], [ 94962.220399999991059, 270117.369799999520183 ], [ 94963.856999999843538, 270121.561000000685453 ], [ 94965.623599999584258, 270124.583399999886751 ], [ 94968.134999999776483, 270128.255200000479817 ], [ 94970.89740000013262, 270132.203999999910593 ], [ 94974.958999999798834, 270136.48200000077486 ], [ 94978.942400000058115, 270140.326799999922514 ], [ 94981.43640000000596, 270142.223400000482798 ], [ 94989.178199999965727, 270148.120600000023842 ], [ 94995.828999999910593, 270152.987400000914931 ], [ 95000.002999999560416, 270156.226199999451637 ], [ 95006.809600000269711, 270161.526000000536442 ], [ 95013.676799999549985, 270166.306199999526143 ], [ 95019.383600000292063, 270169.233200000599027 ], [ 95026.718399999663234, 270172.5932 ], [ 95039.214599999599159, 270176.611400000751019 ], [ 95047.761800000444055, 270179.451799999922514 ], [ 95057.010400000028312, 270182.725199999287724 ], [ 95064.483799999579787, 270184.578400000929832 ], [ 95072.173799999989569, 270184.985400000587106 ], [ 95082.288399999961257, 270185.825400000438094 ], [ 95089.597199999727309, 270186.743400000035763 ], [ 95096.326000000350177, 270188.103000000119209 ], [ 95102.725599999539554, 270188.769799999892712 ], [ 95114.424800000153482, 270189.860799999907613 ], [ 95117.724200000055134, 270190.778799999505281 ], [ 95122.902800000272691, 270192.692600000649691 ], [ 95127.475200000219047, 270196.217199999839067 ], [ 95133.788200000301003, 270201.24860000051558 ], [ 95137.330000000074506, 270205.864199999719858 ], [ 95139.616200000047684, 270209.882400000467896 ], [ 95140.66399999987334, 270212.229199999943376 ], [ 95141.86780000012368, 270216.247199999168515 ], [ 95142.898199999704957, 270221.86739999987185 ], [ 95143.894199999980628, 270232.761600000783801 ], [ 95144.154000000096858, 270236.944199999794364 ], [ 95144.257799999788404, 270241.343399999663234 ], [ 95143.209999999962747, 270244.322399999946356 ], [ 95142.17960000038147, 270252.869599999859929 ], [ 95141.954400000162423, 270256.307399999350309 ], [ 95142.032399999909103, 270258.230000000447035 ], [ 95142.638399999588728, 270262.005599999800324 ], [ 95144.517599999904633, 270265.3136 ], [ 95146.786600000225008, 270271.895199999213219 ], [ 95147.487999999895692, 270275.012599999085069 ], [ 95148.483799999579787, 270279.524399999529123 ], [ 95150.207200000062585, 270286.4695999994874 ], [ 95152.709800000302494, 270294.349999999627471 ], [ 95155.255800000391901, 270303.07039999961853 ], [ 95157.082999999634922, 270308.352800000458956 ], [ 95158.979600000195205, 270312.699999999254942 ], [ 95162.356800000183284, 270318.735999999567866 ], [ 95167.743200000375509, 270325.940799999982119 ], [ 95172.150999999605119, 270334.410199999809265 ], [ 95176.991799999959767, 270342.948799999430776 ], [ 95178.775799999944866, 270349.157800000160933 ], [ 95179.104799999855459, 270351.417999999597669 ], [ 95180.490399999544024, 270356.527200000360608 ], [ 95183.512799999676645, 270361.316199999302626 ], [ 95186.535000000149012, 270366.087600000202656 ], [ 95189.522599999792874, 270371.855200000107288 ], [ 95192.813400000333786, 270377.137599999085069 ], [ 95196.779600000008941, 270385.520199999213219 ], [ 95201.066200000233948, 270394.838199999183416 ], [ 95204.330799999646842, 270400.692199999466538 ], [ 95209.102400000207126, 270408.745799999684095 ], [ 95212.93859999999404, 270418.046399999409914 ], [ 95215.88300000037998, 270425.580399999395013 ], [ 95218.636800000444055, 270431.70299999974668 ], [ 95220.974999999627471, 270435.218800000846386 ], [ 95223.399799999780953, 270437.305800000205636 ], [ 95227.426599999889731, 270440.830399999395013 ], [ 95233.722199999727309, 270446.606399999931455 ], [ 95241.758399999700487, 270454.573400000110269 ], [ 95250.69539999961853, 270463.536399999633431 ], [ 95255.458200000226498, 270467.900800000876188 ], [ 95262.888399999588728, 270475.192399999126792 ], [ 95269.547799999825656, 270482.639799999073148 ], [ 95273.210799999535084, 270486.580000000074506 ], [ 95275.548999999649823, 270489.429199999198318 ], [ 95277.618599999696016, 270491.949200000613928 ], [ 95279.688400000333786, 270494.209400000050664 ], [ 95282.554800000041723, 270497.231599999591708 ], [ 95285.473199999891222, 270500.002800000831485 ], [ 95286.694199999794364, 270501.163200000301003 ], [ 95291.26659999974072, 270505.26799999922514 ], [ 95298.229000000283122, 270509.21680000051856 ], [ 95303.598000000230968, 270511.80599999986589 ], [ 95311.71239999961108, 270515.235400000587106 ], [ 95317.332600000314415, 270518.430800000205636 ], [ 95322.72759999986738, 270522.024599999189377 ], [ 95326.875599999912083, 270524.787000000476837 ], [ 95329.282999999821186, 270526.7182 ], [ 95330.755199999548495, 270528.155799999833107 ], [ 95331.716400000266731, 270529.740399999544024 ], [ 95332.920199999585748, 270531.922800000756979 ], [ 95333.872800000011921, 270533.845200000330806 ], [ 95334.565600000321865, 270535.767599999904633 ], [ 95335.951000000350177, 270539.716600000858307 ], [ 95337.457799999974668, 270545.483999999240041 ], [ 95338.765599999576807, 270551.433199999853969 ], [ 95340.566800000146031, 270559.157800000160933 ], [ 95343.286000000312924, 270568.692199999466538 ], [ 95344.75800000037998, 270573.403200000524521 ], [ 95347.962199999950826, 270582.192800000309944 ], [ 95351.547399999573827, 270592.082399999722838 ], [ 95354.309799999929965, 270603.062999999150634 ], [ 95355.089200000278652, 270608.509999999776483 ], [ 95355.548200000077486, 270613.524000000208616 ], [ 95355.738800000399351, 270615.550400000065565 ], [ 95356.17160000000149, 270622.331000000238419 ], [ 95357.029000000096858, 270629.458000000566244 ], [ 95358.501199999824166, 270634.229599999263883 ], [ 95360.96059999987483, 270639.087600000202656 ], [ 95364.857400000095367, 270646.803600000217557 ], [ 95369.351800000295043, 270656.519799999892712 ], [ 95373.716400000266731, 270662.391200000420213 ], [ 95380.800200000405312, 270671.778400000184774 ], [ 95383.822399999946356, 270678.065400000661612 ], [ 95385.978799999691546, 270685.686000000685453 ], [ 95386.229799999855459, 270687.487199999392033 ], [ 95388.463999999687076, 270693.064200000837445 ], [ 95392.802600000053644, 270702.702600000426173 ], [ 95398.370799999684095, 270711.241200000047684 ], [ 95400.700400000438094, 270715.120600000023842 ], [ 95403.367600000463426, 270720.489800000563264 ], [ 95403.51480000000447, 270721.026599999517202 ], [ 95404.770399999804795, 270725.789599999785423 ], [ 95405.168800000101328, 270727.729399999603629 ], [ 95406.502399999648333, 270733.046399999409914 ], [ 95407.541600000113249, 270736.39780000038445 ], [ 95408.953200000338256, 270741.559000000357628 ], [ 95411.603000000119209, 270747.317800000309944 ], [ 95415.603799999691546, 270754.150399999693036 ], [ 95418.106599999591708, 270757.337200000882149 ], [ 95421.535799999721348, 270762.948799999430776 ], [ 95424.359000000171363, 270767.962799999862909 ], [ 95427.026200000196695, 270773.721599999815226 ], [ 95428.896599999628961, 270779.194599999114871 ], [ 95429.987800000235438, 270783.290599999949336 ], [ 95431.252199999988079, 270785.715399999171495 ], [ 95432.499200000427663, 270787.074999999254942 ], [ 95435.001799999736249, 270789.664200000464916 ], [ 95438.985399999655783, 270795.890599999576807 ], [ 95440.084999999962747, 270798.159399999305606 ], [ 95441.029000000096858, 270800.58420000039041 ], [ 95441.029000000096858, 270803.468000000342727 ], [ 95440.232400000095367, 270807.425400000065565 ], [ 95439.61739999987185, 270811.521600000560284 ], [ 95439.61739999987185, 270816.370999999344349 ], [ 95440.405600000172853, 270820.467000000178814 ], [ 95438.985399999655783, 270823.653799999505281 ], [ 95436.647199999541044, 270830.027400000020862 ], [ 95434.768000000156462, 270831.846000000834465 ], [ 95431.78899999987334, 270833.370200000703335 ], [ 95429.130400000140071, 270835.188799999654293 ], [ 95428.264399999752641, 270837.31900000013411 ], [ 95427.182000000029802, 270847.64159999974072 ], [ 95426.394000000320375, 270860.224199999123812 ], [ 95426.705799999646842, 270868.728199999779463 ], [ 95427.571600000374019, 270878.13260000012815 ], [ 95427.72759999986738, 270884.973799999803305 ], [ 95428.983199999667704, 270892.707000000402331 ], [ 95431.165599999949336, 270900.137199999764562 ], [ 95434.768000000156462, 270909.394600000232458 ], [ 95439.842600000090897, 270919.56980000063777 ], [ 95443.306599999777973, 270930.186599999666214 ], [ 95445.488800000399351, 270937.175200000405312 ], [ 95446.580000000074506, 270947.185799999162555 ], [ 95447.047600000165403, 270954.321599999442697 ], [ 95448.692999999970198, 270961.006799999624491 ], [ 95450.260400000028312, 270964.046399999409914 ], [ 95452.607200000435114, 270968.592800000682473 ], [ 95457.144799999892712, 270972.688999999314547 ], [ 95460.903199999593198, 270976.17879999987781 ], [ 95465.137799999676645, 270980.266200000420213 ], [ 95469.978799999691546, 270986.942999999970198 ], [ 95473.581199999898672, 270990.285599999129772 ], [ 95473.884200000204146, 270993.013399999588728 ], [ 95473.104799999855459, 270995.299599999561906 ], [ 95472.481399999931455, 270997.412599999457598 ], [ 95472.26480000000447, 271000.002000000327826 ], [ 95472.091599999926984, 271002.279400000348687 ], [ 95472.091599999926984, 271007.129000000655651 ], [ 95474.126799999736249, 271015.173800000920892 ], [ 95477.564600000157952, 271022.612600000575185 ], [ 95480.387799999676645, 271026.552799999713898 ], [ 95482.57880000025034, 271027.470799999311566 ], [ 95484.760999999940395, 271028.527200000360608 ], [ 95487.895800000056624, 271029.592399999499321 ], [ 95490.086799999698997, 271031.713999999687076 ], [ 95491.498200000263751, 271035.056800000369549 ], [ 95492.753999999724329, 271039.464600000530481 ], [ 95493.775799999944866, 271043.716600000858307 ], [ 95494.243400000035763, 271046.141400000080466 ], [ 95495.490399999544024, 271049.016400000080466 ], [ 95496.901999999769032, 271051.302600000053644 ], [ 95499.707799999974668, 271053.424200000241399 ], [ 95504.098199999891222, 271055.848999999463558 ], [ 95508.012600000016391, 271059.494799999520183 ], [ 95509.042999999597669, 271060.64640000090003 ], [ 95512.229799999855459, 271064.197000000625849 ], [ 95513.485600000247359, 271065.565199999138713 ], [ 95515.208800000138581, 271065.712400000542402 ], [ 95518.646800000220537, 271066.015599999576807 ], [ 95521.002199999988079, 271066.777599999681115 ], [ 95523.504800000227988, 271068.448999999091029 ], [ 95526.00760000012815, 271070.87360000051558 ], [ 95526.942800000309944, 271074.060399999842048 ], [ 95527.730800000019372, 271078.312400000169873 ], [ 95527.098799999803305, 271081.949599999934435 ], [ 95524.985799999907613, 271085.283600000664592 ], [ 95523.418200000189245, 271088.019999999552965 ], [ 95520.915599999949336, 271092.419199999421835 ], [ 95519.512799999676645, 271096.679800000041723 ], [ 95517.624800000339746, 271101.07039999961853 ], [ 95515.918999999761581, 271102.741800000891089 ], [ 95513.242999999783933, 271105.63399999961257 ], [ 95509.64919999986887, 271108.509199999272823 ], [ 95508.090400000102818, 271111.704600000753999 ], [ 95506.990600000135601, 271117.013000000268221 ], [ 95506.523000000044703, 271122.321599999442697 ], [ 95506.133399999700487, 271127.924399999901652 ], [ 95504.877600000239909, 271134.6097999997437 ], [ 95503.310200000181794, 271139.615199999883771 ], [ 95502.530799999833107, 271143.40819999948144 ], [ 95502.522199999541044, 271147.963199999183416 ], [ 95503.777800000272691, 271152.821399999782443 ], [ 95503.942400000058115, 271161.022199999541044 ], [ 95502.842600000090897, 271164.962400000542402 ], [ 95501.041400000452995, 271169.361600000411272 ], [ 95498.850399999879301, 271173.466199999675155 ], [ 95496.659599999897182, 271178.168600000441074 ], [ 95494.46860000025481, 271183.476999999955297 ], [ 95492.909799999557436, 271188.326400000602007 ], [ 95490.874800000339746, 271192.431199999526143 ], [ 95486.484199999831617, 271200.311599999666214 ], [ 95481.089200000278652, 271210.634199999272823 ], [ 95474.836799999698997, 271222.324799999594688 ], [ 95468.099600000306964, 271232.950400000438094 ], [ 95466.54079999960959, 271237.661399999633431 ], [ 95466.54079999960959, 271241.307000000029802 ], [ 95467.016999999992549, 271246.459599999710917 ], [ 95468.021599999628961, 271252.374399999156594 ], [ 95468.489199999719858, 271255.872800000011921 ], [ 95469.588999999687076, 271260.116200000047684 ], [ 95471.15639999974519, 271264.965600000694394 ], [ 95473.815000000409782, 271268.619999999180436 ], [ 95477.261599999852479, 271272.257200000807643 ], [ 95482.275600000284612, 271276.197399999946356 ], [ 95488.519399999640882, 271280.916999999433756 ], [ 95492.433600000105798, 271283.783399999141693 ], [ 95494.780399999581277, 271286.978800000622869 ], [ 95496.347799999639392, 271289.706599999219179 ], [ 95497.205000000074506, 271295.023800000548363 ], [ 95497.984400000423193, 271298.063400000333786 ], [ 95498.31359999999404, 271303.986600000411272 ], [ 95498.460799999535084, 271315.209799999371171 ], [ 95499.404600000008941, 271320.206399999558926 ], [ 95500.643000000156462, 271321.886399999260902 ], [ 95502.998399999924004, 271323.549200000241399 ], [ 95505.656999999657273, 271325.073200000450015 ], [ 95507.536199999973178, 271326.735999999567866 ], [ 95508.012600000016391, 271328.857599999755621 ], [ 95508.012600000016391, 271331.42960000038147 ], [ 95508.246399999596179, 271336.911199999973178 ], [ 95509.969600000418723, 271339.639000000432134 ], [ 95512.463600000366569, 271343.42339999973774 ], [ 95517.78940000012517, 271349.052200000733137 ], [ 95522.794800000265241, 271352.689400000497699 ], [ 95529.367600000463426, 271357.39159999974072 ], [ 95532.026200000196695, 271360.431199999526143 ], [ 95532.346599999815226, 271362.544199999421835 ], [ 95531.723000000230968, 271365.583799999207258 ], [ 95531.567200000397861, 271368.935200000181794 ], [ 95531.567200000397861, 271373.628799999132752 ], [ 95532.41579999960959, 271378.339600000530481 ], [ 95533.212600000202656, 271380.920199999585748 ], [ 95535.542000000365078, 271386.081599999219179 ], [ 95537.429800000041723, 271393.511600000783801 ], [ 95539.785400000400841, 271402.162799999117851 ], [ 95541.66440000012517, 271407.93019999936223 ], [ 95542.591000000014901, 271412.632400000467896 ], [ 95543.768799999728799, 271420.677400000393391 ], [ 95546.739199999719858, 271429.778799999505281 ], [ 95549.25040000025183, 271439.339199999347329 ], [ 95550.506199999712408, 271446.925200000405312 ], [ 95551.276800000108778, 271451.029999999329448 ], [ 95552.601800000295043, 271462.868000000715256 ], [ 95553.38980000000447, 271470.453999999910593 ], [ 95554.489599999971688, 271478.343000000342727 ], [ 95554.489599999971688, 271482.438999999314547 ], [ 95553.710199999623001, 271490.787000000476837 ], [ 95553.857400000095367, 271496.415999999269843 ], [ 95553.952800000086427, 271500.001199999824166 ], [ 95554.099999999627471, 271506.12360000051558 ], [ 95554.099999999627471, 271513.856799999251962 ], [ 95553.632399999536574, 271523.269999999552965 ], [ 95552.532599999569356, 271534.042799999937415 ], [ 95551.753200000151992, 271541.187000000849366 ], [ 95551.363400000147521, 271548.002399999648333 ], [ 95551.363400000147521, 271560.602399999275804 ], [ 95551.831000000238419, 271567.729399999603629 ], [ 95553.38980000000447, 271574.55320000089705 ], [ 95556.204199999570847, 271581.844799999147654 ], [ 95560.031999999657273, 271590.495999999344349 ], [ 95562.093000000342727, 271595.466600000858307 ], [ 95564.110600000247359, 271600.359400000423193 ], [ 95566.301599999889731, 271606.741800000891089 ], [ 95567.704400000162423, 271613.86879999935627 ], [ 95569.592400000430644, 271621.454800000414252 ], [ 95571.800599999725819, 271625.957800000905991 ], [ 95572.415400000289083, 271627.222200000658631 ], [ 95575.143199999816716, 271632.080199999734759 ], [ 95580.460400000214577, 271640.575600000098348 ], [ 95584.218799999915063, 271645.277799999341369 ], [ 95588.609199999831617, 271650.586200000718236 ], [ 95590.332600000314415, 271653.166799999773502 ], [ 95590.332600000314415, 271656.665400000289083 ], [ 95590.167999999597669, 271661.220599999651313 ], [ 95590.332600000314415, 271667.290999999269843 ], [ 95591.111999999731779, 271670.92820000089705 ], [ 95593.770399999804795, 271673.214400000870228 ], [ 95596.584800000302494, 271675.786199999973178 ], [ 95600.03139999974519, 271677.760800000280142 ], [ 95603.469399999827147, 271678.817199999466538 ], [ 95607.383600000292063, 271680.038200000301003 ], [ 95612.553600000217557, 271680.332599999383092 ], [ 95614.103600000031292, 271679.284800000488758 ], [ 95614.735799999907613, 271678.20240000076592 ], [ 95614.822399999946356, 271677.102600000798702 ], [ 95614.89159999974072, 271676.089400000870228 ], [ 95615.75760000012815, 271673.508799999952316 ], [ 95616.848799999803305, 271672.59940000064671 ], [ 95618.728000000119209, 271672.296399999409914 ], [ 95621.386599999852479, 271673.214400000870228 ], [ 95623.430200000293553, 271675.335999999195337 ], [ 95624.374200000427663, 271676.99860000051558 ], [ 95624.824400000274181, 271679.284800000488758 ], [ 95625.006400000303984, 271679.570599999278784 ], [ 95625.933000000193715, 271681.250600000843406 ], [ 95627.335799999535084, 271683.069199999794364 ], [ 95629.535400000400841, 271685.043600000441074 ], [ 95632.19400000013411, 271687.32120000012219 ], [ 95640.013799999840558, 271690.351999999955297 ], [ 95646.118999999947846, 271693.833200000226498 ], [ 95648.777400000020862, 271696.578400000929832 ], [ 95650.656600000336766, 271698.847400000318885 ], [ 95652.527200000360608, 271701.124800000339746 ], [ 95654.57079999987036, 271702.951999999582767 ], [ 95659.498200000263751, 271707.957399999722838 ], [ 95665.291600000113249, 271713.724799999967217 ], [ 95668.417799999937415, 271717.829600000753999 ], [ 95670.288399999961257, 271721.440799999982119 ], [ 95670.608799999579787, 271722.064200000837445 ], [ 95671.700000000186265, 271726.636600000783801 ], [ 95671.855800000019372, 271732.239399999380112 ], [ 95671.855800000019372, 271736.638599999248981 ], [ 95672.635200000368059, 271740.890599999576807 ], [ 95673.821600000374019, 271749.238600000739098 ], [ 95674.600999999791384, 271755.162000000476837 ], [ 95674.904000000096858, 271759.405200000852346 ], [ 95674.600999999791384, 271764.566400000825524 ], [ 95674.600999999791384, 271769.112800000235438 ], [ 95673.821600000374019, 271772.143799999728799 ], [ 95672.098199999891222, 271775.036199999973178 ], [ 95669.127999999560416, 271778.829199999570847 ], [ 95666.452200000174344, 271783.53999999910593 ], [ 95663.403800000436604, 271790.823000000789762 ], [ 95662.780399999581277, 271793.403599999845028 ], [ 95662.001000000163913, 271797.04079999960959 ], [ 95662.321399999782443, 271802.201999999582767 ], [ 95663.724200000055134, 271807.51039999909699 ], [ 95665.759399999864399, 271810.550000000745058 ], [ 95668.417799999937415, 271813.736800000071526 ], [ 95671.700000000186265, 271818.595000000670552 ], [ 95673.899600000120699, 271822.076199999079108 ], [ 95674.367200000211596, 271826.475400000810623 ], [ 95674.990600000135601, 271829.367799999192357 ], [ 95677.57120000012219, 271832.545800000429153 ], [ 95681.641400000080466, 271837.109600000083447 ], [ 95685.55559999961406, 271841.197000000625849 ], [ 95688.058199999853969, 271845.145800000056624 ], [ 95690.249200000427663, 271850.307199999690056 ], [ 95691.340400000102818, 271856.377599999308586 ], [ 95692.752000000327826, 271864.881599999964237 ], [ 95692.838600000366569, 271873.835799999535084 ], [ 95692.518000000156462, 271877.628799999132752 ], [ 95691.738800000399351, 271881.118599999696016 ], [ 95690.006799999624491, 271885.9682 ], [ 95687.503999999724329, 271892.350400000810623 ], [ 95685.624800000339746, 271898.568199999630451 ], [ 95684.386599999852479, 271903.582200000062585 ], [ 95684.386599999852479, 271907.522399999201298 ], [ 95684.542399999685585, 271911.774399999529123 ], [ 95685.55559999961406, 271916.17339999973774 ], [ 95686.958599999547005, 271920.72859999909997 ], [ 95689.140800000168383, 271930.132999999448657 ], [ 95689.937400000169873, 271936.212200000882149 ], [ 95690.560999999754131, 271945.608200000599027 ], [ 95690.249200000427663, 271952.284800000488758 ], [ 95688.612599999643862, 271958.823000000789762 ], [ 95686.568799999542534, 271962.918999999761581 ], [ 95684.845599999651313, 271966.105799999088049 ], [ 95684.066200000233948, 271968.530600000172853 ], [ 95685.009999999776483, 271970.955399999395013 ], [ 95685.47759999986738, 271973.838999999687076 ], [ 95685.321800000034273, 271978.091000000014901 ], [ 95684.689600000157952, 271984.308800000697374 ], [ 95683.910199999809265, 271992.509600000455976 ], [ 95682.957600000314415, 272000.00899999961257 ], [ 95682.888399999588728, 272000.55460000038147 ], [ 95681.641400000080466, 272005.256799999624491 ], [ 95681.641400000080466, 272009.508799999952316 ], [ 95681.797199999913573, 272010.877000000327826 ], [ 95682.57660000026226, 272012.392400000244379 ], [ 95684.152800000272691, 272014.358200000599027 ], [ 95689.61699999962002, 272020.584599999710917 ], [ 95695.566399999894202, 272027.7204 ], [ 95699.480600000359118, 272034.388399999588728 ], [ 95704.728400000371039, 272043.351199999451637 ], [ 95709.257399999536574, 272051.855200000107288 ], [ 95713.024400000460446, 272058.982200000435114 ], [ 95715.838999999687076, 272063.987600000575185 ], [ 95718.185800000093877, 272071.270400000736117 ], [ 95720.696999999694526, 272076.275800000876188 ], [ 95723.355600000359118, 272080.380599999800324 ], [ 95725.382000000216067, 272082.502199999988079 ], [ 95729.841799999587238, 272086.30379999987781 ], [ 95735.323400000110269, 272091.759400000795722 ], [ 95738.614199999719858, 272095.249399999156594 ], [ 95740.32880000025034, 272099.3454 ], [ 95741.419999999925494, 272103.753200000151992 ], [ 95742.831399999558926, 272108.758600000292063 ], [ 95744.234400000423193, 272111.330600000917912 ], [ 95744.234400000423193, 272113.764000000432134 ], [ 95743.610799999907613, 272116.188799999654293 ], [ 95742.355200000107288, 272118.925200000405312 ], [ 95741.27280000038445, 272122.571000000461936 ], [ 95741.27280000038445, 272124.389599999412894 ], [ 95742.277200000360608, 272127.879399999976158 ], [ 95742.277200000360608, 272130.31279999949038 ], [ 95742.441800000146031, 272138.652200000360608 ], [ 95742.744800000451505, 272148.065400000661612 ], [ 95743.377000000327826, 272153.980000000447035 ], [ 95745.57660000026226, 272159.141400000080466 ], [ 95747.75899999961257, 272162.934399999678135 ], [ 95751.361399999819696, 272166.735999999567866 ], [ 95755.041799999773502, 272169.610999999567866 ], [ 95760.359000000171363, 272172.485999999567866 ], [ 95764.428999999538064, 272175.378399999812245 ], [ 95766.620000000111759, 272178.106200000271201 ], [ 95768.810800000093877, 272180.842800000682473 ], [ 95769.754800000227988, 272183.726399999111891 ], [ 95769.754800000227988, 272189.190799999982119 ], [ 95769.278599999845028, 272195.261399999260902 ], [ 95770.534199999645352, 272198.751199999824166 ], [ 95772.569199999794364, 272201.937999999150634 ], [ 95777.574599999934435, 272206.787599999457598 ], [ 95780.475599999539554, 272211.03940000012517 ], [ 95783.75760000012815, 272216.347999999299645 ], [ 95787.827800000086427, 272222.877399999648333 ], [ 95790.962600000202656, 272225.163599999621511 ], [ 95792.521399999968708, 272226.220200000330806 ], [ 95794.400600000284612, 272226.220200000330806 ], [ 95798.782399999909103, 272226.064200000837445 ], [ 95802.073200000450015, 272227.129399999976158 ], [ 95805.510999999940395, 272228.497600000351667 ], [ 95809.113599999807775, 272231.390000000596046 ], [ 95813.019199999980628, 272234.871200000867248 ], [ 95815.062800000421703, 272235.624600000679493 ], [ 95817.392400000244379, 272234.403599999845028 ], [ 95820.527200000360608, 272234.559399999678135 ], [ 95822.40639999974519, 272234.723999999463558 ], [ 95825.454599999822676, 272236.533999999985099 ], [ 95833.655399999581277, 272240.361600000411272 ], [ 95839.864400000311434, 272243.375199999660254 ], [ 95845.025799999944866, 272235.485999999567866 ], [ 95849.095800000242889, 272227.423800000920892 ], [ 95853.31319999974221, 272219.240399999544024 ], [ 95860.050400000065565, 272210.130200000479817 ], [ 95869.52419999986887, 272203.306199999526143 ], [ 95872.139600000344217, 272201.738800000399351 ], [ 95877.958999999798834, 272198.283600000664592 ], [ 95884.064000000245869, 272194.64640000090003 ], [ 95891.269000000320375, 272191.459599999710917 ], [ 95896.430200000293553, 272187.060599999502301 ], [ 95901.600200000219047, 272181.1546 ], [ 95906.917200000025332, 272175.681600000709295 ], [ 95913.723799999803305, 272167.636600000783801 ], [ 95915.92339999973774, 272162.483999999240041 ], [ 95918.885200000368059, 272157.625800000503659 ], [ 95923.119800000451505, 272151.546599999070168 ], [ 95930.627799999900162, 272142.142200000584126 ], [ 95944.474799999967217, 272126.658399999141693 ], [ 95949.635999999940395, 272122.111999999731779 ], [ 95954.650000000372529, 272118.171800000593066 ], [ 95957.784799999557436, 272116.041600000113249 ], [ 95960.746600000187755, 272114.673200000077486 ], [ 95965.292999999597669, 272113.313799999654293 ], [ 95970.930399999953806, 272111.495200000703335 ], [ 95975.312400000169873, 272108.602800000458956 ], [ 95981.252999999560416, 272105.424599999561906 ], [ 95989.315200000070035, 272103.441600000485778 ], [ 95994.788200000301003, 272104.056399999186397 ], [ 95997.611200000159442, 272106.022199999541044 ], [ 96003.404600000008941, 272109.209000000730157 ], [ 96006.530799999833107, 272111.027599999681115 ], [ 96009.80420000012964, 272114.829199999570847 ], [ 96012.012600000016391, 272118.31900000013411 ], [ 96014.974200000055134, 272121.04700000025332 ], [ 96018.732599999755621, 272123.930600000545382 ], [ 96024.846400000154972, 272127.567800000309944 ], [ 96033.211799999698997, 272128.035399999469519 ], [ 96052.618400000035763, 272128.026599999517202 ], [ 96064.66399999987334, 272127.273199999704957 ], [ 96068.344399999827147, 272125.27280000038445 ], [ 96073.583599999547005, 272122.406400000676513 ], [ 96078.052199999801815, 272117.712799999862909 ], [ 96081.905799999833107, 272106.351199999451637 ], [ 96084.997200000099838, 272095.02419999986887 ], [ 96092.990199999883771, 272074.76039999909699 ], [ 96104.256599999964237, 272059.1554000005126 ], [ 96109.582399999722838, 272053.388000000268221 ], [ 96118.813799999654293, 272050.201199999079108 ], [ 96131.457000000402331, 272049.135999999940395 ], [ 96143.14780000038445, 272049.135999999940395 ], [ 96173.301199999637902, 272053.310000000521541 ], [ 96194.838000000454485, 272047.940999999642372 ], [ 96222.229000000283122, 272036.622600000351667 ], [ 96240.457799999974668, 272029.93720000050962 ], [ 96250.001000000163913, 272028.144600000232458 ], [ 96253.300400000065565, 272027.521199999377131 ], [ 96253.880599999800324, 272027.477800000458956 ], [ 96272.698400000110269, 272026.152799999341369 ], [ 96284.839399999938905, 272029.486999999731779 ], [ 96293.594399999827147, 272032.682399999350309 ], [ 96312.845200000330806, 272043.299200000241399 ], [ 96329.350599999539554, 272055.145800000056624 ], [ 96341.872800000011921, 272062.575999999418855 ], [ 96355.641800000332296, 272070.014799999073148 ], [ 96374.502799999900162, 272079.419199999421835 ], [ 96386.868999999947846, 272084.727800000458956 ], [ 96396.256199999712408, 272089.741800000891089 ], [ 96407.990199999883771, 272095.950799999758601 ], [ 96415.966000000014901, 272106.888199999928474 ], [ 96420.434399999678135, 272115.392000000923872 ], [ 96429.813000000081956, 272127.212600000202656 ], [ 96442.49959999974817, 272138.297199999913573 ], [ 96454.242200000211596, 272145.735999999567866 ], [ 96464.963000000454485, 272151.044399999082088 ], [ 96467.309799999929965, 272156.205600000917912 ], [ 96468.400999999605119, 272163.341399999335408 ], [ 96468.712799999862909, 272173.663799999281764 ], [ 96469.968399999663234, 272181.102600000798702 ], [ 96473.57079999987036, 272184.280799999833107 ], [ 96480.134999999776483, 272186.705399999395013 ], [ 96490.942400000058115, 272189.892200000584126 ], [ 96505.880599999800324, 272193.234999999403954 ], [ 96522.161000000312924, 272195.209400000050664 ], [ 96527.478199999779463, 272197.642799999564886 ], [ 96536.553600000217557, 272202.951199999079108 ], [ 96544.537800000049174, 272206.138000000268221 ], [ 96550.400600000284612, 272209.333599999547005 ], [ 96558.861200000159442, 272218.287799999117851 ], [ 96564.325600000098348, 272225.873800000175834 ], [ 96568.378399999812245, 272232.498400000855327 ], [ 96570.447999999858439, 272235.875800000503659 ], [ 96574.656600000336766, 272243.323200000450015 ], [ 96576.457999999634922, 272251.064999999478459 ], [ 96576.769600000232458, 272265.778000000864267 ], [ 96575.791000000201166, 272276.741399999707937 ], [ 96575.704400000162423, 272277.624600000679493 ], [ 96575.565999999642372, 272279.191999999806285 ], [ 96575.37540000025183, 272281.408999999985099 ], [ 96574.795199999585748, 272289.159399999305606 ], [ 96574.682599999941885, 272290.752800000831485 ], [ 96574.622000000439584, 272291.610200000926852 ], [ 96574.509399999864399, 272293.099600000306964 ], [ 96572.16260000038892, 272299.767799999564886 ], [ 96570.881000000052154, 272305.431199999526143 ], [ 96570.447999999858439, 272307.362400000914931 ], [ 96570.906999999657273, 272315.415999999269843 ], [ 96574.041799999773502, 272325.270800000056624 ], [ 96579.592799999751151, 272337.403200000524521 ], [ 96590.226999999955297, 272352.895600000396371 ], [ 96594.305800000205636, 272358.810200000181794 ], [ 96600.029799999669194, 272370.180600000545382 ], [ 96604.706199999898672, 272379.455199999734759 ], [ 96617.69579999987036, 272405.70299999974668 ], [ 96626.381599999964237, 272422.087400000542402 ], [ 96631.387000000104308, 272434.540200000628829 ], [ 96635.301199999637902, 272448.04079999960959 ], [ 96637.959800000302494, 272454.561599999666214 ], [ 96641.40639999974519, 272458.363199999555945 ], [ 96646.333800000138581, 272463.671599999070168 ], [ 96651.347799999639392, 272468.980200000107288 ], [ 96654.153599999845028, 272472.634600000455976 ], [ 96657.756000000052154, 272479.605599999427795 ], [ 96662.614199999719858, 272487.797800000756979 ], [ 96668.719399999827147, 272498.120400000363588 ], [ 96669.957600000314415, 272499.999399999156594 ], [ 96673.334999999962747, 272505.100199999287724 ], [ 96678.340400000102818, 272509.655200000852346 ], [ 96683.189799999818206, 272513.907199999317527 ], [ 96688.827399999834597, 272517.552799999713898 ], [ 96699.314399999566376, 272521.657600000500679 ], [ 96718.010800000280142, 272527.719399999827147 ], [ 96734.291400000452995, 272532.421800000593066 ], [ 96755.42119999974966, 272539.107200000435114 ], [ 96762.842600000090897, 272542.891400000080466 ], [ 96770.056200000457466, 272546.078199999406934 ], [ 96774.741200000047684, 272546.987600000575185 ], [ 96781.790199999697506, 272546.987600000575185 ], [ 96786.63980000000447, 272545.783800000324845 ], [ 96789.792000000365078, 272544.839999999850988 ], [ 96790.553999999538064, 272544.614800000563264 ], [ 96792.294599999673665, 272544.086400000378489 ], [ 96800.876400000415742, 272541.5318 ], [ 96803.006799999624491, 272540.683199999853969 ], [ 96804.730000000447035, 272539.998999999836087 ], [ 96805.48340000025928, 272539.713400000706315 ], [ 96808.159400000236928, 272538.639399999752641 ], [ 96813.008799999952316, 272538.033399999141693 ], [ 96820.525600000284612, 272537.730200000107288 ], [ 96831.939199999906123, 272539.107200000435114 ], [ 96840.23519999999553, 272538.639399999752641 ], [ 96852.523400000296533, 272536.370600000023842 ], [ 96857.840599999763072, 272535.608599999919534 ], [ 96864.093000000342727, 272535.755799999460578 ], [ 96875.004200000315905, 272537.435799999162555 ], [ 96886.798999999649823, 272539.245600000023842 ], [ 96897.355200000107288, 272540.622600000351667 ], [ 96902.845599999651313, 272540.769799999892712 ], [ 96914.57079999987036, 272540.916999999433756 ], [ 96928.972199999727309, 272539.245600000023842 ], [ 96941.095800000242889, 272534.99379999935627 ], [ 96947.521399999968708, 272533.478199999779463 ], [ 96955.176599999889731, 272531.962799999862909 ], [ 96962.234400000423193, 272531.512399999424815 ], [ 96966.139999999664724, 272531.807000000029802 ], [ 96976.938799999654293, 272537.279999999329448 ], [ 96984.368800000287592, 272541.678999999538064 ], [ 96990.933000000193715, 272542.129399999976158 ], [ 97008.936599999666214, 272540.769799999892712 ], [ 97028.265399999916553, 272536.370600000023842 ], [ 97045.801400000229478, 272532.274599999189377 ], [ 97076.708200000226498, 272521.189999999478459 ], [ 97088.442200000397861, 272517.085200000554323 ], [ 97100.964399999938905, 272513.604000000283122 ], [ 97110.039800000376999, 272509.057600000873208 ], [ 97117.71239999961108, 272502.519400000572205 ], [ 97119.409599999897182, 272499.999399999156594 ], [ 97126.224999999627471, 272489.92820000089705 ], [ 97133.594399999827147, 272472.7818 ], [ 97143.925599999725819, 272455.479399999603629 ], [ 97151.814600000157952, 272445.607400000095367 ], [ 97161.210400000214577, 272437.865399999544024 ], [ 97179.681800000369549, 272425.732999999076128 ], [ 97196.932199999690056, 272414.319399999454618 ], [ 97200.101599999703467, 272412.232400000095367 ], [ 97209.653400000184774, 272402.966399999335408 ], [ 97220.28760000038892, 272388.859600000083447 ], [ 97233.121399999596179, 272376.71000000089407 ], [ 97240.551599999889731, 272370.951199999079108 ], [ 97250.103199999779463, 272368.66499999910593 ], [ 97264.339999999850988, 272366.093000000342727 ], [ 97277.797199999913573, 272363.971400000154972 ], [ 97281.243800000287592, 272363.165999999269843 ], [ 97285.547799999825656, 272362.152799999341369 ], [ 97288.492200000211596, 272359.77140000090003 ], [ 97292.285199999809265, 272356.679800000041723 ], [ 97297.134600000455976, 272348.634999999776483 ], [ 97300.728400000371039, 272336.035000000149012 ], [ 97303.776600000448525, 272320.412599999457598 ], [ 97304.408800000324845, 272316.463800000026822 ], [ 97307.535000000149012, 272306.150000000372529 ], [ 97312.393199999816716, 272297.18720000050962 ], [ 97334.051400000229478, 272277.763199999928474 ], [ 97344.079400000162423, 272265.016000000759959 ], [ 97375.609600000083447, 272234.67200000025332 ], [ 97388.599399999715388, 272223.743400000035763 ], [ 97407.849999999627471, 272207.817999999970198 ], [ 97420.605999999679625, 272199.002399999648333 ], [ 97449.55559999961406, 272187.017200000584126 ], [ 97455.833999999798834, 272185.571000000461936 ], [ 97464.80559999961406, 272183.518600000068545 ], [ 97483.908999999985099, 272176.997800000011921 ], [ 97500.00760000012815, 272168.736400000751019 ], [ 97502.796000000089407, 272167.298800000920892 ], [ 97509.02240000013262, 272164.094799999147654 ], [ 97525.926400000229478, 272152.568600000813603 ], [ 97537.876799999736249, 272144.29839999973774 ], [ 97556.824599999934435, 272131.170199999585748 ], [ 97578.595200000330806, 272117.808199999853969 ], [ 97605.656999999657273, 272101.571000000461936 ], [ 97608.254999999888241, 272104.731799999251962 ], [ 97613.381599999964237, 272101.778799999505281 ], [ 97658.603000000119209, 272075.617599999532104 ], [ 97698.247600000351667, 272048.131400000303984 ], [ 97728.894600000232458, 272032.275399999693036 ], [ 97755.315600000321865, 272023.295199999585748 ], [ 97827.191999999806285, 272021.710400000214577 ], [ 97882.415400000289083, 272006.191999999806285 ], [ 97926.545800000429153, 271983.130999999120831 ], [ 97968.294599999673665, 271943.495200000703335 ], [ 97970.823200000450015, 271940.966399999335408 ], [ 97980.45299999974668, 271930.289000000804663 ], [ 97997.504200000315905, 271928.912000000476837 ], [ 98038.309000000357628, 271927.23200000077486 ], [ 98086.682599999941885, 271923.41300000064075 ], [ 98121.036000000312924, 271911.782999999821186 ], [ 98144.815799999982119, 271894.879000000655651 ], [ 98152.826200000010431, 271870.051400000229478 ], [ 98155.380800000391901, 271862.110400000587106 ], [ 98174.934600000269711, 271806.090199999511242 ], [ 98189.74280000012368, 271743.731000000610948 ], [ 98204.066200000233948, 271705.801200000569224 ], [ 98218.805200000293553, 271670.798200000077486 ], [ 98231.526399999856949, 271662.389599999412894 ], [ 98266.893000000156462, 271640.670800000429153 ], [ 98300.519000000320375, 271614.717399999499321 ], [ 98334.543200000189245, 271606.854399999603629 ], [ 98391.082999999634922, 271615.834599999710917 ], [ 98437.655399999581277, 271630.564799999818206 ], [ 98499.434399999678135, 271643.312000000849366 ], [ 98563.378399999812245, 271650.707599999383092 ], [ 98625.20920000039041, 271643.848999999463558 ], [ 98668.205199999734759, 271627.949599999934435 ], [ 98696.029000000096858, 271599.978399999439716 ], [ 98699.302400000393391, 271592.392400000244379 ], [ 98710.820000000298023, 271565.633600000292063 ], [ 98731.967199999839067, 271540.788799999281764 ], [ 98764.735799999907613, 271516.480799999088049 ], [ 98824.592400000430644, 271499.377599999308586 ], [ 98846.111999999731779, 271493.2204 ], [ 98910.055800000205636, 271475.7796 ], [ 98974.545400000177324, 271456.22580000013113 ], [ 99039.545800000429153, 271439.841600000858307 ], [ 99072.833999999798834, 271428.228800000622869 ], [ 99112.46999999973923, 271400.214400000870228 ], [ 99146.294999999925494, 271372.208599999547005 ], [ 99174.300800000317395, 271350.004799999296665 ], [ 99221.470800000242889, 271325.237800000235438 ], [ 99226.268199999816716, 271323.93019999936223 ], [ 99246.792000000365078, 271314.075400000438094 ], [ 99258.604000000283122, 271295.413399999961257 ], [ 99280.513199999928474, 271284.753200000151992 ], [ 99300.404799999669194, 271268.316999999806285 ], [ 99309.402200000360608, 271257.596200000494719 ], [ 99328.592400000430644, 271246.503000000491738 ], [ 99351.402200000360608, 271216.003200000151992 ], [ 99361.49959999974817, 271181.000199999660254 ], [ 99370.800200000405312, 271156.804800000041723 ], [ 99382.291799999773502, 271128.903000000864267 ], [ 99395.497999999672174, 271109.912000000476837 ], [ 99417.79700000025332, 271081.403999999165535 ], [ 99427.859600000083447, 271064.829199999570847 ], [ 99437.757799999788404, 271058.005200000479817 ], [ 99465.261199999600649, 271037.412200000137091 ], [ 99504.091799999587238, 271047.968599999323487 ], [ 99556.145800000056624, 271051.631599999964237 ], [ 99583.865799999795854, 271032.302999999374151 ], [ 99606.72759999986738, 271020.109999999403954 ], [ 99647.723199999891222, 271010.237800000235438 ], [ 99688.09499999973923, 271014.98340000025928 ], [ 99707.884999999776483, 271025.245899999514222 ], [ 99730.612800000235438, 271045.774599999189377 ], [ 99754.769399999640882, 271064.74860000051558 ], [ 99764.968399999663234, 271071.039599999785423 ], [ 99766.291199999861419, 271066.760199999436736 ], [ 99774.470200000330806, 271069.28999999910593 ], [ 99776.759999999776483, 271069.760199999436736 ], [ 99786.180200000293553, 271069.020199999213219 ], [ 99792.770600000396371, 271069.310799999162555 ], [ 99810.710199999623001, 271067.599600000306964 ], [ 99813.609000000171363, 271067.321599999442697 ], [ 99819.940200000070035, 271067.090600000694394 ], [ 99826.400000000372529, 271067.929999999701977 ], [ 99833.879200000315905, 271070.650200000032783 ], [ 99840.988199999555945, 271074.012000000104308 ], [ 99842.329800000414252, 271073.399399999529123 ], [ 99864.009399999864399, 271063.510199999436736 ], [ 99885.017799999564886, 271051.999199999496341 ], [ 99906.380599999800324, 271040.039599999785423 ], [ 99926.538800000213087, 271028.350400000810623 ], [ 99940.170199999585748, 271013.18019999936223 ], [ 99961.099999999627471, 271000.000399999320507 ], [ 99969.131199999712408, 270994.939999999478459 ], [ 99973.181200000457466, 270992.537000000476837 ], [ 100000.0, 270976.620999999344349 ], [ 100006.0614, 270973.019400000572205 ], [ 100028.75, 270958.328600000590086 ], [ 100031.730999999679625, 270956.609999999403954 ], [ 100054.190799999982119, 270944.170199999585748 ], [ 100083.75899999961257, 270932.480399999767542 ], [ 100101.03139999974519, 270924.098999999463558 ], [ 100103.279799999669194, 270923.012000000104308 ], [ 100158.060200000181794, 270916.139399999752641 ], [ 100177.889600000344217, 270917.740599999204278 ], [ 100190.250199999660254, 270918.51039999909699 ], [ 100215.210199999623001, 270922.210200000554323 ], [ 100225.229000000283122, 270924.17119999974966 ], [ 100231.520399999804795, 270924.850199999287724 ], [ 100237.71239999961108, 270925.96059999987483 ], [ 100256.080000000074506, 270930.120999999344349 ], [ 100265.340400000102818, 270930.449799999594688 ], [ 100296.779799999669194, 270932.419800000265241 ], [ 100297.359400000423193, 270932.270800000056624 ], [ 100390.870000000111759, 270910.611999999731779 ], [ 100418.060200000181794, 270900.741399999707937 ], [ 100448.720800000242889, 270891.31980000063777 ], [ 100467.476400000043213, 270884.379599999636412 ], [ 100477.087799999862909, 270880.820599999278784 ], [ 100500.029199999757111, 270865.628200000151992 ], [ 100501.228000000119209, 270864.83559999987483 ], [ 100511.860999999567866, 270857.801200000569224 ], [ 100535.201000000350177, 270841.617599999532104 ], [ 100545.201200000010431, 270828.392000000923872 ], [ 100547.340599999763072, 270825.559800000861287 ], [ 100550.779799999669194, 270821.010600000619888 ], [ 100570.500599999912083, 270778.379200000315905 ], [ 100575.850999999791384, 270763.060399999842048 ], [ 100578.980399999767542, 270754.090399999171495 ], [ 100583.059999999590218, 270742.380200000479817 ], [ 100594.989400000311434, 270714.130400000140071 ], [ 100599.428600000217557, 270695.161000000312924 ], [ 100602.168999999761581, 270677.549799999222159 ], [ 100607.980600000359118, 270641.479800000786781 ], [ 100610.420199999585748, 270628.768999999389052 ], [ 100612.450799999758601, 270603.329800000414252 ], [ 100613.209999999962747, 270595.620600000023842 ], [ 100619.900399999693036, 270555.531999999657273 ], [ 100622.049399999901652, 270549.637399999424815 ], [ 100625.0, 270541.550400000065565 ], [ 100631.480000000447035, 270523.7796 ], [ 100641.24959999974817, 270500.000199999660254 ], [ 100643.59360000025481, 270494.291200000792742 ], [ 100643.833200000226498, 270493.70299999974668 ], [ 100645.31180000025779, 270490.108999999240041 ], [ 100655.739199999719858, 270470.359200000762939 ], [ 100657.00040000025183, 270468.330199999734759 ], [ 100664.154199999757111, 270456.831800000742078 ], [ 100660.057000000029802, 270453.541600000113249 ], [ 100646.563799999654293, 270442.429400000721216 ], [ 100649.737800000235438, 270432.904799999669194 ], [ 100670.378600000403821, 270408.29700000025332 ], [ 100652.911799999885261, 270388.45380000025034 ], [ 100641.800599999725819, 270359.880200000479817 ], [ 100640.213200000114739, 270327.335799999535084 ], [ 100629.100999999791384, 270285.26659999974072 ], [ 100625.39159999974072, 270269.372999999672174 ], [ 100617.987800000235438, 270237.641799999400973 ], [ 100618.781999999657273, 270196.365800000727177 ], [ 100625.447399999946356, 270176.925400000065565 ], [ 100628.306200000457466, 270168.585400000214577 ], [ 100624.483199999667704, 270165.419999999925494 ], [ 100605.287999999709427, 270149.534399999305606 ], [ 100594.175400000065565, 270128.103800000622869 ], [ 100587.382000000216067, 270082.639200000092387 ], [ 100583.856999999843538, 270059.047199999913573 ], [ 100590.547199999913573, 270032.89780000038445 ], [ 100592.588000000454485, 270024.916999999433756 ], [ 100622.74959999974817, 270009.04079999960959 ], [ 100633.905399999581277, 270008.596400000154972 ], [ 100642.594800000078976, 270008.246600000187755 ], [ 100663.232400000095367, 269994.753799999132752 ], [ 100706.508600000292063, 269965.713600000366569 ], [ 100723.559399999678135, 269954.271999999880791 ], [ 100743.400399999693036, 269920.934399999678135 ], [ 100769.594600000418723, 269912.203400000929832 ], [ 100821.189399999566376, 269920.934399999678135 ], [ 100866.433600000105798, 269928.872600000351667 ], [ 100900.563400000333786, 269932.841399999335408 ], [ 100943.426199999637902, 269940.778599999845028 ], [ 100974.38219999987632, 269938.397399999201298 ], [ 101039.506000000052154, 269959.634199999272823 ], [ 101065.064199999906123, 269967.9704 ], [ 101075.629800000227988, 269976.919800000265241 ], [ 101094.669599999673665, 269965.910199999809265 ], [ 101138.059600000269711, 269954.679999999701977 ], [ 101167.75040000025183, 269942.419800000265241 ], [ 101190.606599999591708, 269925.184000000357628 ], [ 101208.980200000107288, 269911.331599999219179 ], [ 101209.32079999987036, 269908.350600000470877 ], [ 101216.990799999795854, 269840.519799999892712 ], [ 101220.156600000336766, 269816.433800000697374 ], [ 101222.001199999824166, 269802.408999999985099 ], [ 101222.25899999961257, 269800.42960000038147 ], [ 101235.057000000029802, 269758.214800000190735 ], [ 101238.399600000120699, 269747.189200000837445 ], [ 101250.000199999660254, 269723.789799999445677 ], [ 101250.140800000168383, 269723.509999999776483 ], [ 101270.889999999664724, 269699.141200000420213 ], [ 101272.621399999596179, 269697.584400000050664 ], [ 101297.390599999576807, 269675.32880000025034 ], [ 101319.480000000447035, 269653.730799999088049 ], [ 101323.059200000017881, 269650.238199999555945 ], [ 101327.849999999627471, 269648.770199999213219 ], [ 101330.379200000315905, 269645.870600000023842 ], [ 101329.909199999645352, 269643.478800000622869 ], [ 101337.539200000464916, 269631.660399999469519 ], [ 101349.009399999864399, 269617.180600000545382 ], [ 101360.70920000039041, 269601.38880000077188 ], [ 101374.309799999929965, 269587.660399999469519 ], [ 101381.820000000298023, 269578.820199999958277 ], [ 101405.610000000335276, 269554.32039999961853 ], [ 101407.130599999800324, 269550.939400000497699 ], [ 101412.929999999701977, 269534.240199999883771 ], [ 101418.777800000272691, 269520.732400000095367 ], [ 101422.161999999545515, 269512.918999999761581 ], [ 101427.250599999912083, 269500.0 ], [ 101430.24959999974817, 269492.392000000923872 ], [ 101433.121799999848008, 269489.270800000056624 ], [ 101434.319199999794364, 269487.969799999147654 ], [ 101448.450600000098348, 269472.629599999636412 ], [ 101446.570000000298023, 269462.379599999636412 ], [ 101448.630199999548495, 269453.809200000017881 ], [ 101458.951799999922514, 269428.06980000063777 ], [ 101462.379599999636412, 269421.510600000619888 ], [ 101474.088000000454485, 269399.153000000864267 ], [ 101496.056599999777973, 269382.517599999904633 ], [ 101521.729600000195205, 269357.540599999949336 ], [ 101564.92960000038147, 269315.2195999994874 ], [ 101571.99959999974817, 269308.289799999445677 ], [ 101621.479600000195205, 269266.890000000596046 ], [ 101641.451799999922514, 269253.599600000306964 ], [ 101646.528800000436604, 269250.2195999994874 ], [ 101662.090400000102818, 269243.369799999520183 ], [ 101680.059799999929965, 269235.448999999091029 ], [ 101720.769999999552965, 269218.21059999987483 ], [ 101733.250199999660254, 269209.039799999445677 ], [ 101769.759999999776483, 269170.229399999603629 ], [ 101772.950400000438094, 269168.350199999287724 ], [ 101776.667799999937415, 269166.090199999511242 ], [ 101801.120199999772012, 269151.769200000911951 ], [ 101827.830199999734759, 269114.800799999386072 ], [ 101829.459599999710917, 269114.010199999436736 ], [ 101830.96999999973923, 269119.000600000843406 ], [ 101833.292200000025332, 269116.230000000447035 ], [ 101831.580400000326335, 269111.848999999463558 ], [ 101841.359199999831617, 269097.099999999627471 ], [ 101873.150000000372529, 269072.81980000063777 ], [ 101875.000199999660254, 269071.409199999645352 ], [ 101877.739400000311434, 269069.309599999338388 ], [ 101907.21999999973923, 269042.229399999603629 ], [ 101927.697599999606609, 269023.410000000149012 ], [ 101941.978799999691546, 269010.279999999329448 ], [ 101953.080199999734759, 268999.998199999332428 ], [ 101964.509600000455976, 268989.414599999785423 ], [ 101974.451000000350177, 268980.210200000554323 ], [ 101979.219600000418723, 268975.78999999910593 ], [ 102008.240600000135601, 268948.881400000303984 ], [ 102007.020800000056624, 268947.519600000232458 ], [ 102009.939199999906123, 268944.7804000005126 ], [ 102021.6102, 268933.840399999171495 ], [ 102024.56900000013411, 268931.060000000521541 ], [ 102041.7796, 268911.450200000777841 ], [ 102043.699199999682605, 268910.879200000315905 ], [ 102054.041600000113249, 268907.789799999445677 ], [ 102061.730200000107288, 268902.651200000196695 ], [ 102066.088200000114739, 268899.728800000622869 ], [ 102076.04079999960959, 268893.079199999570847 ], [ 102092.810399999842048, 268885.300200000405312 ], [ 102103.979799999855459, 268880.118200000375509 ], [ 102125.889399999752641, 268873.459799999371171 ], [ 102146.389200000092387, 268867.089800000190735 ], [ 102162.310399999842048, 268862.139799999073148 ], [ 102164.030199999921024, 268861.599999999627471 ], [ 102212.360399999655783, 268845.437999999150634 ], [ 102225.000199999660254, 268840.809599999338388 ], [ 102225.869800000451505, 268821.580600000917912 ], [ 102227.228799999691546, 268791.489000000059605 ], [ 102227.390800000168383, 268788.639200000092387 ], [ 102232.738199999555945, 268789.130200000479817 ], [ 102240.179800000041723, 268790.010999999940395 ], [ 102279.479799999855459, 268794.65059999935329 ], [ 102283.249800000339746, 268811.561599999666214 ], [ 102302.929399999789894, 268805.810000000521541 ], [ 102335.578999999910593, 268787.520800000056624 ], [ 102361.660400000400841, 268771.509800000116229 ], [ 102381.759600000455976, 268758.179400000721216 ], [ 102393.739599999971688, 268749.81980000063777 ], [ 102457.904400000348687, 268702.524599999189377 ], [ 102513.467600000090897, 268647.757799999788404 ], [ 102580.509399999864399, 268573.137399999424815 ], [ 102545.039800000376999, 268559.168999999761581 ], [ 102536.910600000061095, 268557.210200000554323 ], [ 102534.07799999974668, 268488.938400000333786 ], [ 102544.848000000230968, 268470.197599999606609 ], [ 102555.361399999819696, 268458.2796 ], [ 102560.970599999651313, 268445.768999999389052 ], [ 102558.240399999544024, 268435.23960000090301 ], [ 102569.600599999539554, 268426.049599999561906 ], [ 102570.989199999719858, 268421.461600000038743 ], [ 102578.490000000223517, 268396.721400000154972 ], [ 102587.568199999630451, 268368.250399999320507 ], [ 102585.697399999946356, 268367.565600000321865 ], [ 102571.410799999721348, 268360.418800000101328 ], [ 102555.535600000061095, 268346.926000000908971 ], [ 102538.866799999959767, 268322.318399999290705 ], [ 102539.660600000061095, 268285.805800000205636 ], [ 102542.835400000214577, 268253.263399999588728 ], [ 102542.041799999773502, 268221.512199999764562 ], [ 102534.104000000283122, 268191.349600000306964 ], [ 102531.724799999967217, 268154.837600000202656 ], [ 102543.629800000227988, 268094.512000000104308 ], [ 102541.247600000351667, 268073.873999999836087 ], [ 102517.435600000433624, 268052.445599999278784 ], [ 102497.592000000178814, 268034.18779999949038 ], [ 102477.745600000023842, 268021.486999999731779 ], [ 102463.459599999710917, 268020.692800000309944 ], [ 102444.413800000213087, 268018.310000000521541 ], [ 102437.202200000174344, 268009.811200000345707 ], [ 102443.615799999795854, 267999.263599999248981 ], [ 102458.298200000077486, 267986.000800000503659 ], [ 102474.572800000198185, 267972.27419999986887 ], [ 102491.242200000211596, 267961.955199999734759 ], [ 102492.587799999862909, 267961.696399999782443 ], [ 102515.847400000318885, 267957.19400000013411 ], [ 102531.724799999967217, 267963.544399999082088 ], [ 102544.423000000417233, 267968.303999999538064 ], [ 102549.184799999929965, 267959.576199999079108 ], [ 102541.247600000351667, 267939.729800000786781 ], [ 102517.435200000181794, 267907.980200000107288 ], [ 102487.33559999987483, 267883.901200000196695 ], [ 102485.685399999842048, 267882.581000000238419 ], [ 102454.729000000283122, 267863.530200000852346 ], [ 102443.615799999795854, 267851.623999999836087 ], [ 102428.534799999557436, 267835.749399999156594 ], [ 102413.453599999658763, 267809.555400000885129 ], [ 102415.405600000172853, 267777.68720000050962 ], [ 102407.104199999943376, 267750.818399999290705 ], [ 102394.906200000084937, 267730.311000000685453 ], [ 102379.323400000110269, 267717.480799999088049 ], [ 102345.985600000247359, 267698.430800000205636 ], [ 102307.885599999688566, 267671.441800000146031 ], [ 102267.404000000096858, 267645.249399999156594 ], [ 102233.271999999880791, 267631.754399999976158 ], [ 102205.49100000038743, 267634.929800000041723 ], [ 102162.630800000391901, 267644.456199999898672 ], [ 102123.735000000335276, 267648.423800000920892 ], [ 102111.826999999582767, 267639.692800000309944 ], [ 102097.541000000201166, 267616.673599999397993 ], [ 102069.759999999776483, 267580.161000000312924 ], [ 102041.184200000017881, 267553.174399999901652 ], [ 102016.57799999974668, 267561.904799999669194 ], [ 102198.196600000374019, 267157.795800000429153 ], [ 102213.429399999789894, 267161.060000000521541 ], [ 102231.685200000181794, 267151.534800000488758 ], [ 102257.879800000227988, 267138.837200000882149 ], [ 102275.341199999675155, 267132.485400000587106 ], [ 102293.598600000143051, 267114.229599999263883 ], [ 102305.504399999976158, 267109.466199999675155 ], [ 102320.584800000302494, 267096.765000000596046 ], [ 102343.603400000371039, 267053.109400000423193 ], [ 102369.798000000417233, 267015.009400000795722 ], [ 102371.385400000028312, 266965.001800000667572 ], [ 102366.933799999766052, 266830.329199999570847 ], [ 102365.035400000400841, 266778.471999999135733 ], [ 102380.11600000038743, 266729.258799999952316 ], [ 102410.278199999593198, 266655.439999999478459 ], [ 102444.009999999776483, 266579.735200000926852 ], [ 102445.997999999672174, 266575.271999999880791 ], [ 102452.347400000318885, 266556.221400000154972 ], [ 102459.49199999962002, 266537.171399999409914 ], [ 102478.543600000441074, 266487.16499999910593 ], [ 102486.479799999855459, 266443.50899999961257 ], [ 102504.735399999655783, 266396.677999999374151 ], [ 102522.197999999858439, 266376.833599999547005 ], [ 102522.197999999858439, 266360.164799999445677 ], [ 102522.992200000211596, 266340.321599999442697 ], [ 102526.167200000025332, 266322.859200000762939 ], [ 102554.741399999707937, 266315.713999999687076 ], [ 102596.017400000244379, 266322.064799999818206 ], [ 102620.623399999924004, 266333.176599999889731 ], [ 102630.942400000058115, 266330.002199999988079 ], [ 102637.292200000025332, 266315.713999999687076 ], [ 102656.340599999763072, 266266.501199999824166 ], [ 102682.536799999885261, 266218.083399999886751 ], [ 102701.586799999698997, 266167.28319999948144 ], [ 102698.213000000454485, 266119.102800000458956 ], [ 102698.213000000454485, 266081.076999999582767 ], [ 102708.938799999654293, 266013.144799999892712 ], [ 102710.44539999961853, 266003.597200000658631 ], [ 102704.645399999804795, 265973.541799999773502 ], [ 102696.2034, 265929.811799999326468 ], [ 102691.077600000426173, 265879.222599999979138 ], [ 102684.470200000330806, 265842.580399999395013 ], [ 102685.830199999734759, 265826.588600000366569 ], [ 102676.805399999953806, 265792.566600000485778 ], [ 102673.746799999848008, 265760.963600000366569 ], [ 102687.800200000405312, 265744.802600000053644 ], [ 102688.2034, 265740.500399999320507 ], [ 102703.481999999843538, 265722.731399999931455 ], [ 102703.079199999570847, 265722.32799999974668 ], [ 102705.5784, 265712.333599999547005 ], [ 102710.577200000174344, 265701.085999999195337 ], [ 102725.574599999934435, 265681.090399999171495 ], [ 102730.572800000198185, 265661.095799999311566 ], [ 102730.572200000286102, 265652.346200000494719 ], [ 102728.073200000450015, 265642.350199999287724 ], [ 102730.572200000286102, 265632.353199999779463 ], [ 102729.323200000450015, 265621.104800000786781 ], [ 102725.574000000022352, 265612.357400000095367 ], [ 102718.074599999934435, 265602.360400000587106 ], [ 102708.077399999834597, 265594.862600000575185 ], [ 102705.577800000086427, 265584.865399999544024 ], [ 102710.577200000174344, 265574.86739999987185 ], [ 102713.076200000010431, 265564.869799999520183 ], [ 102718.074599999934435, 265553.622600000351667 ], [ 102723.074799999594688, 265533.626599999144673 ], [ 102728.073200000450015, 265524.880999999120831 ], [ 102738.07079999987036, 265519.882400000467896 ], [ 102742.361399999819696, 265516.663399999961257 ], [ 102749.824199999682605, 265508.872199999168515 ], [ 102753.067599999718368, 265502.384600000455976 ], [ 102750.566800000146031, 265492.388199999928474 ], [ 102738.07079999987036, 265469.892799999564886 ], [ 102748.067800000309944, 265464.894200000911951 ], [ 102753.067599999718368, 265454.897600000724196 ], [ 102755.567200000397861, 265444.899599999189377 ], [ 102753.067599999718368, 265424.903799999505281 ], [ 102753.067599999718368, 265414.905200000852346 ], [ 102756.817400000058115, 265404.908600000664592 ], [ 102758.065799999982119, 265394.911599999293685 ], [ 102758.065799999982119, 265384.915200000628829 ], [ 102760.565600000321865, 265374.915400000289083 ], [ 102763.064600000157952, 265354.92200000025332 ], [ 102763.064600000157952, 265344.923800000920892 ], [ 102774.499800000339746, 265340.349999999627471 ], [ 102781.808000000193715, 265337.425400000065565 ], [ 102787.75899999961257, 265327.910199999809265 ], [ 102788.058000000193715, 265327.42879999987781 ], [ 102788.058000000193715, 265307.433199999853969 ], [ 102780.558600000105798, 265287.439200000837445 ], [ 102770.562800000421703, 265267.442999999970198 ], [ 102768.064000000245869, 265257.447399999946356 ], [ 102755.567200000397861, 265232.451400000602007 ], [ 102755.567200000397861, 265197.460400000214577 ], [ 102750.566800000146031, 265187.463999999687076 ], [ 102743.06900000013411, 265179.965600000694394 ], [ 102733.071999999694526, 265174.966199999675155 ], [ 102730.572800000198185, 265167.467800000682473 ], [ 102735.572599999606609, 265157.470200000330806 ], [ 102745.424200000241399, 265147.617599999532104 ], [ 102745.568199999630451, 265147.471599999815226 ], [ 102763.064600000157952, 265136.226399999111891 ], [ 102773.062199999578297, 265132.477399999275804 ], [ 102776.36699999962002, 265128.347599999979138 ], [ 102783.058199999853969, 265119.980000000447035 ], [ 102789.308199999853969, 265108.731799999251962 ], [ 102793.056800000369549, 265099.983799999579787 ], [ 102790.557599999941885, 265088.737999999895692 ], [ 102790.557599999941885, 265068.742599999532104 ], [ 102788.058000000193715, 265059.995799999684095 ], [ 102788.058000000193715, 265049.998199999332428 ], [ 102790.557599999941885, 265037.499800000339746 ], [ 102788.058000000193715, 265027.502399999648333 ], [ 102783.058199999853969, 265017.506400000303984 ], [ 102781.808000000193715, 265007.508199999108911 ], [ 102778.995000000111759, 264999.999600000679493 ], [ 102770.5636, 264987.512599999085069 ], [ 102765.563799999654293, 264977.515599999576807 ], [ 102758.065799999982119, 264967.516799999400973 ], [ 102745.568199999630451, 264960.019600000232458 ], [ 102735.572599999606609, 264960.019600000232458 ], [ 102658.644799999892712, 264859.702199999243021 ], [ 102652.762000000104308, 264861.358799999579787 ], [ 102638.411600000225008, 264868.877399999648333 ], [ 102618.592400000430644, 264877.761399999260902 ], [ 102598.089399999938905, 264885.962600000202656 ], [ 102576.905199999921024, 264883.913799999281764 ], [ 102550.935399999842048, 264876.394600000232458 ], [ 102516.081399999558926, 264869.561200000345707 ], [ 102488.746199999935925, 264871.610799999907613 ], [ 102453.892799999564886, 264864.094200000166893 ], [ 102423.139399999752641, 264857.942600000649691 ], [ 102408.103600000031292, 264862.041999999433756 ], [ 102381.45380000025034, 264874.345200000330806 ], [ 102362.316599999554455, 264877.761800000444055 ], [ 102334.979799999855459, 264877.761399999260902 ], [ 102301.49280000012368, 264875.028000000864267 ], [ 102274.840800000354648, 264880.495400000363588 ], [ 102256.535600000061095, 264887.359999999403954 ], [ 102252.970800000242889, 264888.695000000298023 ], [ 102243.593799999915063, 264902.905600000172853 ], [ 102230.418600000441074, 264921.499800000339746 ], [ 102222.220999999903142, 264939.950999999418855 ], [ 102203.767599999904633, 264948.83500000089407 ], [ 102181.215400000102818, 264945.418999999761581 ], [ 102154.561200000345707, 264938.584599999710917 ], [ 102130.590599999763072, 264932.999800000339746 ], [ 102113.556200000457466, 264941.318600000813603 ], [ 102099.205400000326335, 264948.152400000020862 ], [ 102089.46239999961108, 264958.196599999442697 ], [ 102080.071000000461936, 264972.754799999296665 ], [ 102059.567800000309944, 264983.689400000497699 ], [ 102034.965599999763072, 264983.689400000497699 ], [ 102004.212600000202656, 264978.907999999821186 ], [ 101965.941399999894202, 264978.223200000822544 ], [ 101944.755800000391901, 264981.638199999928474 ], [ 101926.304999999701977, 264986.423000000417233 ], [ 101916.052000000141561, 264983.689400000497699 ], [ 101893.499800000339746, 264975.488199999555945 ], [ 101870.2648, 264970.020800000056624 ], [ 101853.863400000147521, 264969.338600000366569 ], [ 101838.828599999658763, 264977.536199999973178 ], [ 101823.110799999907613, 264985.739199999719858 ], [ 101799.874400000087917, 264984.372800000011921 ], [ 101772.537999999709427, 264984.372800000011921 ], [ 101749.302600000053644, 264980.272399999201298 ], [ 101740.844200000166893, 264978.241200000047684 ], [ 101732.217400000430644, 264976.171399999409914 ], [ 101719.916600000113249, 264987.106399999931455 ], [ 101716.130199999548495, 264996.780200000852346 ], [ 101713.767199999652803, 265002.823999999091029 ], [ 101705.564199999906123, 265017.858999999240041 ], [ 101690.528599999845028, 265026.061000000685453 ], [ 101665.927799999713898, 265025.377199999988079 ], [ 101641.326000000350177, 265020.592000000178814 ], [ 101623.730600000359118, 265026.808000000193715 ], [ 101620.1402000002563, 265046.562400000169873 ], [ 101603.054800000041723, 265062.280200000852346 ], [ 101568.883600000292063, 265058.179800000041723 ], [ 101538.814399999566376, 265050.663399999961257 ], [ 101517.629800000227988, 265054.764200000092387 ], [ 101490.292999999597669, 265073.216600000858307 ], [ 101474.575199999846518, 265077.999199999496341 ], [ 101447.92200000025332, 265069.79700000025332 ], [ 101427.417999999597669, 265059.54619999974966 ], [ 101406.232200000435114, 265049.978000000119209 ], [ 101377.530399999581277, 265034.944199999794364 ], [ 101345.412200000137091, 265035.628200000151992 ], [ 101318.074799999594688, 265040.410800000652671 ], [ 101299.621399999596179, 265054.07880000025034 ], [ 101274.33739999961108, 265071.847400000318885 ], [ 101249.050200000405312, 265067.065999999642372 ], [ 101229.232400000095367, 265052.029200000688434 ], [ 101221.714999999850988, 265024.692999999970198 ], [ 101198.479600000195205, 265008.974999999627471 ], [ 101162.943400000222027, 265017.858999999240041 ], [ 101139.706399999558926, 265021.96059999987483 ], [ 101117.154400000348687, 265011.71059999987483 ], [ 101087.294400000013411, 265003.500800000503659 ], [ 101071.70299999974668, 265024.81279999949038 ], [ 101039.405600000172853, 265047.5 ], [ 101010.798000000417233, 265058.595799999311566 ], [ 100978.906000000424683, 265063.501199999824166 ], [ 100961.49959999974817, 265053.999199999496341 ], [ 100959.109600000083447, 265050.107599999755621 ], [ 100956.096599999815226, 265050.10700000077486 ], [ 100926.993200000375509, 265018.356799999251962 ], [ 100876.723600000143051, 264969.409800000488758 ], [ 100835.123800000175834, 264957.11879999935627 ], [ 100818.514999999664724, 264952.212400000542402 ], [ 100794.498599999584258, 264956.388199999928474 ], [ 100757.658800000324845, 264962.7956000007689 ], [ 100716.648000000044703, 264958.826799999922514 ], [ 100695.483599999919534, 264917.817600000649691 ], [ 100669.02379999961704, 264863.576799999922514 ], [ 100646.532800000160933, 264808.014000000432134 ], [ 100603.942599999718368, 264695.427799999713898 ], [ 100593.526399999856949, 264621.647199999541044 ], [ 100602.206600000150502, 264579.982799999415874 ], [ 100600.470599999651313, 264500.994200000539422 ], [ 100589.1864, 264408.11739999987185 ], [ 100568.354199999943376, 264357.773000000044703 ], [ 100556.202200000174344, 264330.864800000563264 ], [ 100552.856800000183284, 264285.992200000211596 ], [ 100538.053600000217557, 264288.106599999591708 ], [ 100488.717400000430644, 264283.620999999344349 ], [ 100484.794999999925494, 264284.688400000333786 ], [ 100437.905600000172853, 264286.094200000166893 ], [ 100396.093000000342727, 264283.1886 ], [ 100358.4068, 264276.9068 ], [ 100316.796799999661744, 264271.406400000676513 ], [ 100268.499400000087917, 264266.407199999317527 ], [ 100237.09360000025481, 264254.313799999654293 ], [ 100202.593399999663234, 264235.812999999150634 ], [ 100181.093799999915063, 264213.499399999156594 ], [ 100163.407599999569356, 264190.001000000163913 ], [ 100147.999400000087917, 264160.81220000050962 ], [ 100129.905799999833107, 264137.593800000846386 ], [ 100098.093399999663234, 264099.094200000166893 ], [ 100063.404799999669194, 264072.092000000178814 ], [ 100038.702399999834597, 264049.312599999830127 ], [ 100013.592799999751151, 264029.098400000482798 ], [ 99993.593799999915063, 264017.685599999502301 ], [ 99960.082000000402331, 264002.91499999910593 ], [ 99903.725200000219047, 263942.588999999687076 ], [ 99852.131000000052154, 263885.440199999138713 ], [ 99792.600200000219047, 263821.938799999654293 ], [ 99765.612399999983609, 263812.41499999910593 ], [ 99746.56180000025779, 263805.269999999552965 ], [ 99733.070600000210106, 263788.601600000634789 ], [ 99714.812599999830127, 263770.346400000154972 ], [ 99700.524000000208616, 263766.376199999824166 ], [ 99674.329800000414252, 263776.695800000801682 ], [ 99666.526399999856949, 263778.960999999195337 ], [ 99649.724399999715388, 263783.837600000202656 ], [ 99618.406000000424683, 263793.313799999654293 ], [ 99620.094399999827147, 263746.000199999660254 ], [ 99618.593000000342727, 263701.313400000333786 ], [ 99624.00040000025183, 263663.000399999320507 ], [ 99625.20339999999851, 263613.49860000051558 ], [ 99642.297799999825656, 263567.312599999830127 ], [ 99666.593399999663234, 263523.812999999150634 ], [ 99704.000199999660254, 263475.592399999499321 ], [ 99743.204400000162423, 263439.904400000348687 ], [ 99776.500199999660254, 263415.907600000500679 ], [ 99801.408200000412762, 263400.0932 ], [ 99832.201999999582767, 263398.813799999654293 ], [ 99863.79660000000149, 263404.593599999323487 ], [ 99891.000599999912083, 263415.093800000846386 ], [ 99914.297600000165403, 263427.813400000333786 ], [ 99935.20339999999851, 263440.312999999150634 ], [ 99959.702200000174344, 263445.405799999833107 ], [ 99978.000599999912083, 263443.8136 ], [ 99991.203200000338256, 263438.0932 ], [ 100039.795800000429153, 263420.811799999326468 ], [ 100072.594200000166893, 263400.8136 ], [ 100110.297799999825656, 263384.406600000336766 ], [ 100139.593399999663234, 263380.813200000673532 ], [ 100144.5, 263408.812999999150634 ], [ 100147.999400000087917, 263435.189799999818206 ], [ 100159.800200000405312, 263466.310000000521541 ], [ 100171.501000000163913, 263483.594000000506639 ], [ 100198.091400000266731, 263492.31279999949038 ], [ 100221.998800000175834, 263503.0 ], [ 100259.09360000025481, 263510.6886 ], [ 100287.498399999924004, 263501.814799999818206 ], [ 100307.000599999912083, 263485.407199999317527 ], [ 100332.500199999660254, 263472.408999999985099 ], [ 100377.499800000339746, 263465.186799999326468 ], [ 100419.203599999658763, 263452.50139999948442 ], [ 100471.499800000339746, 263431.312599999830127 ], [ 100500.000599999912083, 263425.687400000169873 ], [ 100544.7034, 263434.813200000673532 ], [ 100577.296799999661744, 263437.500800000503659 ], [ 100619.296799999661744, 263431.406600000336766 ], [ 100651.2966, 263420.312400000169873 ], [ 100681.0954, 263411.8136 ], [ 100694.593000000342727, 263404.095200000330806 ], [ 100718.594600000418723, 263402.000399999320507 ], [ 100732.905600000172853, 263403.811000000685453 ], [ 100751.29619999974966, 263389.5 ], [ 100766.498800000175834, 263368.500199999660254 ], [ 100783.091000000014901, 263342.5945999994874 ], [ 100806.202600000426173, 263366.312400000169873 ], [ 100815.20299999974668, 263394.408999999985099 ], [ 100840.095599999651313, 263425.187999999150634 ], [ 100872.703200000338256, 263455.3136 ], [ 100904.000599999912083, 263476.094200000166893 ], [ 100925.094600000418723, 263483.093399999663234 ], [ 100941.593399999663234, 263481.408800000324845 ], [ 100972.297399999573827, 263465.311200000345707 ], [ 100995.999800000339746, 263444.502599999308586 ], [ 101011.405799999833107, 263429.689600000157952 ], [ 101038.592799999751151, 263404.998400000855327 ], [ 101080.0, 263382.592399999499321 ], [ 101133.596199999563396, 263374.0945999994874 ], [ 101147.79619999974966, 263378.406999999657273 ], [ 101183.500199999660254, 263394.81220000050962 ], [ 101220.596599999815226, 263404.188200000673532 ], [ 101243.702800000086427, 263407.313799999654293 ], [ 101274.50040000025183, 263431.18720000050962 ], [ 101301.593399999663234, 263451.999399999156594 ], [ 101345.703200000338256, 263463.906400000676513 ], [ 101392.906200000084937, 263466.092000000178814 ], [ 101437.596199999563396, 263471.406400000676513 ], [ 101477.499800000339746, 263471.188200000673532 ], [ 101526.296000000089407, 263480.81220000050962 ], [ 101560.296400000341237, 263484.093800000846386 ], [ 101598.094800000078976, 263490.001199999824166 ], [ 101654.29700000025332, 263494.595200000330806 ], [ 101704.704199999570847, 263495.594000000506639 ], [ 101756.0, 263497.688799999654293 ], [ 101800.29839999973774, 263507.310599999502301 ], [ 101835.202800000086427, 263525.186000000685453 ], [ 101876.297600000165403, 263546.813200000673532 ], [ 101926.093000000342727, 263556.312999999150634 ], [ 101992.906999999657273, 263565.31279999949038 ], [ 102048.59499999973923, 263579.5945999994874 ], [ 102103.002000000327826, 263603.5945999994874 ], [ 102162.297199999913573, 263629.0932 ], [ 102201.7966, 263642.500399999320507 ], [ 102229.593999999575317, 263661.3136 ], [ 102249.297199999913573, 263672.906600000336766 ], [ 102268.796400000341237, 263679.905999999493361 ], [ 102307.591799999587238, 263691.204800000414252 ], [ 102310.767400000244379, 263671.360999999567866 ], [ 102313.941399999894202, 263659.455600000917912 ], [ 102307.591799999587238, 263642.785800000652671 ], [ 102314.734400000423193, 263626.116399999707937 ], [ 102313.682400000281632, 263616.290400000289083 ], [ 102320.9068, 263609.499199999496341 ], [ 102324.148000000044703, 263606.200999999418855 ], [ 102325.118800000287592, 263598.684399999678135 ], [ 102324.876000000163913, 263591.897399999201298 ], [ 102333.603799999691546, 263584.381999999284744 ], [ 102348.149000000208616, 263585.592800000682473 ], [ 102360.997399999760091, 263589.473200000822544 ], [ 102365.6398, 263590.713800000026822 ], [ 102371.903400000184774, 263592.382400000467896 ], [ 102382.573200000450015, 263590.200600000098348 ], [ 102388.137199999764562, 263589.5954 ], [ 102393.723600000143051, 263588.988600000739098 ], [ 102403.08420000039041, 263591.729599999263883 ], [ 102403.663200000301003, 263591.894799999892712 ], [ 102413.360000000335276, 263596.261399999260902 ], [ 102421.116799999959767, 263596.985400000587106 ], [ 102424.754800000227988, 263593.110799999907613 ], [ 102435.420800000429153, 263589.714999999850988 ], [ 102450.065399999730289, 263591.841000000014901 ], [ 102450.450199999846518, 263591.897399999201298 ], [ 102465.238199999555945, 263602.564400000497699 ], [ 102481.238199999555945, 263601.110200000926852 ], [ 102503.05559999961406, 263588.74379999935627 ], [ 102514.933799999766052, 263575.169600000604987 ], [ 102517.358599999919534, 263555.289799999445677 ], [ 102527.783400000073016, 263537.836799999698997 ], [ 102549.60120000038296, 263521.83559999987483 ], [ 102575.298000000417233, 263514.080800000578165 ], [ 102601.786000000312924, 263516.693600000813603 ], [ 102603.125799999572337, 263517.512800000607967 ], [ 102621.379399999976158, 263528.626000000163913 ], [ 102649.161000000312924, 263535.770199999213219 ], [ 102674.560800000093877, 263532.596799999475479 ], [ 102692.022199999541044, 263526.244400000199676 ], [ 102710.2796, 263525.451199999079108 ], [ 102739.313799999654293, 263523.471599999815226 ], [ 102748.372800000011921, 263511.255400000140071 ], [ 102768.745600000023842, 263483.474199999123812 ], [ 102779.858199999667704, 263458.471000000834465 ], [ 102792.822800000198185, 263440.876199999824166 ], [ 102815.047799999825656, 263427.911599999293685 ], [ 102820.604199999943376, 263418.651200000196695 ], [ 102828.9386, 263397.35219999961555 ], [ 102845.658599999733269, 263381.62360000051558 ], [ 102849.297199999913573, 263368.592599999159575 ], [ 102870.000599999912083, 263327.593599999323487 ], [ 102888.351999999955297, 263299.467199999839067 ], [ 102888.268600000068545, 263299.005000000819564 ], [ 102895.675599999725819, 263273.605200000107288 ], [ 102913.667799999937415, 263241.853399999439716 ], [ 102932.70299999974668, 263208.592800000682473 ], [ 102946.47580000013113, 263182.587400000542402 ], [ 102959.175999999977648, 263154.012599999085069 ], [ 102980.3432, 263115.912599999457598 ], [ 102983.999800000339746, 263100.4068 ], [ 102998.333800000138581, 263092.629399999976158 ], [ 103009.975599999539554, 263078.871400000527501 ], [ 103017.384800000116229, 263067.230000000447035 ], [ 103020.558600000105798, 263049.238399999216199 ], [ 103034.0, 263033.093399999663234 ], [ 103047.017400000244379, 263019.60359999909997 ], [ 103053.367200000211596, 263009.020800000056624 ], [ 103059.717400000430644, 262995.263399999588728 ], [ 103066.067800000309944, 262984.678600000217557 ], [ 103085.117200000211596, 262969.861800000071526 ], [ 103091.457999999634922, 262969.070199999958277 ], [ 103102.051199999637902, 262967.746400000527501 ], [ 103113.692999999970198, 262958.222200000658631 ], [ 103126.393799999728799, 262943.4054000005126 ], [ 103136.976400000043213, 262924.354800000786781 ], [ 103147.559799999929965, 262897.895800000056624 ], [ 103157.085199999623001, 262870.378399999812245 ], [ 103161.317800000309944, 262840.746200000867248 ], [ 103159.792600000277162, 262832.353000000119209 ], [ 103157.085199999623001, 262817.461400000378489 ], [ 103167.408400000073016, 262802.442800000309944 ], [ 103189.895200000144541, 262786.768999999389052 ], [ 103222.70160000026226, 262755.020999999716878 ], [ 103226.935399999842048, 262731.737199999392033 ], [ 103234.343999999575317, 262724.328999999910593 ], [ 103253.394199999980628, 262709.512199999764562 ], [ 103263.97759999986738, 262684.112999999895692 ], [ 103263.97759999986738, 262660.828199999406934 ], [ 103263.316599999554455, 262656.870600000023842 ], [ 103260.801599999889731, 262641.779799999669194 ], [ 103267.150799999944866, 262633.313400000333786 ], [ 103278.796400000341237, 262624.847999999299645 ], [ 103288.16399999987334, 262612.351199999451637 ], [ 103288.327600000426173, 262612.090600000694394 ], [ 103291.493800000287592, 262593.0945999994874 ], [ 103301.017599999904633, 262568.754599999636412 ], [ 103309.487200000323355, 262552.878599999472499 ], [ 103322.185399999842048, 262526.419999999925494 ], [ 103333.827600000426173, 262494.670800000429153 ], [ 103338.060999999754131, 262468.212600000202656 ], [ 103339.118200000375509, 262438.578600000590086 ], [ 103344.409599999897182, 262407.885600000619888 ], [ 103346.526800000108778, 262371.903400000184774 ], [ 103347.58559999987483, 262329.570000000298023 ], [ 103343.351800000295043, 262287.235799999907613 ], [ 103344.821399999782443, 262277.686599999666214 ], [ 103347.58559999987483, 262259.720000000670552 ], [ 103352.877600000239909, 262234.320199999958277 ], [ 103351.819600000046194, 262196.2195999994874 ], [ 103357.1097999997437, 262154.943600000813603 ], [ 103353.935399999842048, 262127.42879999987781 ], [ 103353.6097999997437, 262125.801400000229478 ], [ 103348.646599999628961, 262100.9695999994874 ], [ 103349.702200000174344, 262059.694599999114871 ], [ 103350.759600000455976, 262036.410399999469519 ], [ 103356.051599999889731, 262015.243200000375509 ], [ 103363.460199999623001, 261993.016799999400973 ], [ 103375.344800000078976, 261984.888000000268221 ], [ 103385.411000000312924, 261948.380999999120831 ], [ 103384.626799999736249, 261932.694599999114871 ], [ 103385.685200000181794, 261907.295199999585748 ], [ 103392.035400000400841, 261878.719200000166893 ], [ 103402.409199999645352, 261865.951199999079108 ], [ 103400.874400000087917, 261853.401200000196695 ], [ 103389.918800000101328, 261840.619400000199676 ], [ 103390.978199999779463, 261823.685599999502301 ], [ 103392.501400000415742, 261813.522199999541044 ], [ 103394.152599999681115, 261802.517799999564886 ], [ 103388.860999999567866, 261778.176400000229478 ], [ 103380.394199999980628, 261754.893600000068545 ], [ 103383.568400000222027, 261742.19400000013411 ], [ 103392.035400000400841, 261724.200799999758601 ], [ 103383.568400000222027, 261705.151200000196695 ], [ 103372.050400000065565, 261693.63260000012815 ], [ 103372.594399999827147, 261689.000399999320507 ], [ 103360.706000000238419, 261662.000399999320507 ], [ 103348.5, 261616.203199999406934 ], [ 103342.297399999573827, 261584.203199999406934 ], [ 103331.000799999572337, 261552.093000000342727 ], [ 103327.477400000207126, 261532.644600000232458 ], [ 103324.301799999549985, 261513.593599999323487 ], [ 103315.834999999962747, 261503.009999999776483 ], [ 103309.660199999809265, 261498.687000000849366 ], [ 103305.252000000327826, 261495.601199999451637 ], [ 103297.842799999751151, 261472.318199999630451 ], [ 103292.552799999713898, 261445.857799999415874 ], [ 103290.204599999822676, 261420.905799999833107 ], [ 103296.785199999809265, 261394.001000000163913 ], [ 103291.493800000287592, 261371.775399999693036 ], [ 103288.318599999882281, 261355.901000000536442 ], [ 103286.202399999834597, 261346.376800000667572 ], [ 103288.318599999882281, 261320.976399999111891 ], [ 103291.493800000287592, 261278.643200000748038 ], [ 103287.259800000116229, 261270.175599999725819 ], [ 103273.502199999988079, 261251.126199999824166 ], [ 103266.09360000025481, 261239.484400000423193 ], [ 103265.034199999645352, 261227.842399999499321 ], [ 103271.386199999600649, 261221.491599999368191 ], [ 103271.386199999600649, 261202.439999999478459 ], [ 103267.150799999944866, 261184.450999999418855 ], [ 103263.97759999986738, 261169.633199999108911 ], [ 103265.034199999645352, 261154.816800000146031 ], [ 103256.570000000298023, 261138.942800000309944 ], [ 103263.97759999986738, 261125.185399999842048 ], [ 103268.210799999535084, 261115.658600000664592 ], [ 103259.746000000275671, 261096.60700000077486 ], [ 103259.746000000275671, 261076.500199999660254 ], [ 103255.509600000455976, 261053.216000000014901 ], [ 103243.868200000375509, 261048.984400000423193 ], [ 103236.46059999987483, 261039.458599999547005 ], [ 103229.053000000305474, 261026.757799999788404 ], [ 103233.284599999897182, 261016.176999999210238 ], [ 103232.226800000295043, 261001.359200000762939 ], [ 103226.935399999842048, 260985.484999999403954 ], [ 103215.293399999849498, 260959.025399999693036 ], [ 103215.293399999849498, 260941.033600000664592 ], [ 103203.651600000448525, 260927.275800000876188 ], [ 103197.300200000405312, 260903.993599999696016 ], [ 103186.720200000330806, 260877.533800000324845 ], [ 103175.076799999922514, 260870.124600000679493 ], [ 103166.608199999667704, 260863.774800000712276 ], [ 103154.967000000178814, 260845.785199999809265 ], [ 103143.326200000010431, 260824.616599999368191 ], [ 103141.209999999962747, 260798.158999999985099 ], [ 103138.035199999809265, 260769.583200000226498 ], [ 103156.025999999605119, 260746.300400000065565 ], [ 103196.243999999947846, 260730.424799999222159 ], [ 103205.765999999828637, 260721.958399999886751 ], [ 103218.468399999663234, 260712.433800000697374 ], [ 103231.167399999685585, 260689.150000000372529 ], [ 103255.509600000455976, 260664.807399999350309 ], [ 103273.502199999988079, 260642.583000000566244 ], [ 103273.502199999988079, 260617.782999999821186 ], [ 103273.502199999988079, 260614.008199999108911 ], [ 103273.502199999988079, 260591.782800000160933 ], [ 103284.085199999623001, 260568.49860000051558 ], [ 103286.279400000348687, 260557.524000000208616 ], [ 103286.82660000026226, 260554.794800000265241 ], [ 103288.318599999882281, 260547.334000000730157 ], [ 103292.552799999713898, 260527.224199999123812 ], [ 103290.435200000181794, 260513.465800000354648 ], [ 103281.968399999663234, 260497.591199999675155 ], [ 103276.677199999801815, 260484.89159999974072 ], [ 103261.859600000083447, 260466.899800000712276 ], [ 103245.985799999907613, 260447.848799999803305 ], [ 103234.343999999575317, 260417.157400000840425 ], [ 103215.293399999849498, 260408.690600000321865 ], [ 103186.720200000330806, 260401.283399999141693 ], [ 103171.901399999856949, 260385.407800000160933 ], [ 103169.594600000418723, 260357.500800000503659 ], [ 103184.595200000330806, 260316.797199999913573 ], [ 103204.203999999910593, 260279.092800000682473 ], [ 103213.0, 260250.501199999824166 ], [ 103213.252999999560416, 260244.014799999073148 ], [ 103217.412200000137091, 260239.357599999755621 ], [ 103227.992600000463426, 260213.959400000050664 ], [ 103268.210799999535084, 260185.381400000303984 ], [ 103326.420599999837577, 260172.682600000873208 ], [ 103387.798999999649823, 260165.274399999529123 ], [ 103433.3114, 260146.223799999803305 ], [ 103473.527400000020862, 260116.591199999675155 ], [ 103483.023599999956787, 260108.189600000157952 ], [ 103501.044999999925494, 260092.247999999672174 ], [ 103525.385999999940395, 260062.612999999895692 ], [ 103542.318400000222027, 260035.096000000834465 ], [ 103552.407200000248849, 259994.000600000843406 ], [ 103553.960799999535084, 259958.898600000888109 ], [ 103549.728000000119209, 259925.0318 ], [ 103533.851800000295043, 259892.223400000482798 ], [ 103513.744199999608099, 259864.7043999992311 ], [ 103498.927600000053644, 259838.248400000855327 ], [ 103490.460799999535084, 259813.905200000852346 ], [ 103489.401999999769032, 259780.03940000012517 ], [ 103475.643600000068545, 259753.581599999219179 ], [ 103452.360399999655783, 259729.239399999380112 ], [ 103428.018400000408292, 259716.54079999960959 ], [ 103423.199199999682605, 259715.253399999812245 ], [ 103396.270200000144541, 259708.072200000286102 ], [ 103370.86780000012368, 259705.958200000226498 ], [ 103359.226999999955297, 259699.605200000107288 ], [ 103359.226999999955297, 259687.847599999979138 ], [ 103359.226999999955297, 259678.440199999138713 ], [ 103360.285000000149012, 259658.331399999558926 ], [ 103353.934999999590218, 259641.398000000044703 ], [ 103356.051599999889731, 259627.639399999752641 ], [ 103353.935399999842048, 259609.64780000038445 ], [ 103348.646599999628961, 259580.014799999073148 ], [ 103352.877600000239909, 259559.9054000005126 ], [ 103347.58559999987483, 259548.264000000432134 ], [ 103348.646599999628961, 259526.039200000464916 ], [ 103346.526800000108778, 259494.289599999785423 ], [ 103343.351800000295043, 259446.664799999445677 ], [ 103346.526800000108778, 259415.972400000318885 ], [ 103359.226999999955297, 259389.51380000077188 ], [ 103358.168600000441074, 259368.347599999979138 ], [ 103351.819600000046194, 259347.18019999936223 ], [ 103348.646599999628961, 259328.130000000819564 ], [ 103363.460799999535084, 259281.563999999314547 ], [ 103367.692400000058115, 259252.99100000038743 ], [ 103359.226999999955297, 259227.588400000706315 ], [ 103351.819600000046194, 259204.30519999936223 ], [ 103341.236399999819696, 259181.021600000560284 ], [ 103348.646599999628961, 259183.1402000002563 ], [ 103346.526800000108778, 259172.555600000545382 ], [ 103350.759600000455976, 259171.496799999848008 ], [ 103352.877600000239909, 259163.028200000524521 ], [ 103349.702200000174344, 259137.630000000819564 ], [ 103339.118200000375509, 259121.755999999120831 ], [ 103334.885999999940395, 259111.171800000593066 ], [ 103341.236399999819696, 259111.171800000593066 ], [ 103343.351800000295043, 259098.471799999475479 ], [ 103334.885999999940395, 259073.07179999910295 ], [ 103328.534599999897182, 259050.8454 ], [ 103314.776600000448525, 259039.204600000753999 ], [ 103304.194199999794364, 259024.389399999752641 ], [ 103313.718399999663234, 258995.8114 ], [ 103332.768400000408292, 258955.596400000154972 ], [ 103356.051599999889731, 258898.446000000461936 ], [ 103365.577800000086427, 258869.870600000023842 ], [ 103380.394199999980628, 258842.355799999088049 ], [ 103390.978199999779463, 258805.312599999830127 ], [ 103395.209400000050664, 258772.505599999800324 ], [ 103402.618400000035763, 258732.287399999797344 ], [ 103388.860600000247359, 258696.303600000217557 ], [ 103363.297600000165403, 258642.407199999317527 ], [ 103333.361999999731779, 258601.30320000089705 ], [ 103311.601800000295043, 258571.421000000089407 ], [ 103267.150799999944866, 258508.978000000119209 ], [ 103233.284599999897182, 258455.004000000655651 ], [ 103223.760400000028312, 258402.086600000038743 ], [ 103221.643799999728799, 258366.104399999603629 ], [ 103215.49959999974817, 258355.705000000074506 ], [ 103207.884800000116229, 258342.820599999278784 ], [ 103189.297600000165403, 258323.094799999147654 ], [ 103187.776399999856949, 258296.253599999472499 ], [ 103199.417799999937415, 258277.203600000590086 ], [ 103216.35120000038296, 258243.336799999698997 ], [ 103216.35120000038296, 258214.760999999940395 ], [ 103211.059600000269711, 258181.95299999974668 ], [ 103206.826999999582767, 258154.436200000345707 ], [ 103214.235600000247359, 258119.511600000783801 ], [ 103214.2352, 258088.819199999794364 ], [ 103214.97620000038296, 258061.287200000137091 ], [ 103216.570000000298023, 258030.969000000506639 ], [ 103206.465200000442564, 258010.22580000013113 ], [ 103197.422799999825656, 257991.076400000602007 ], [ 103195.29619999974966, 257968.736800000071526 ], [ 103195.826999999582767, 257927.249800000339746 ], [ 103201.147199999541044, 257882.038799999281764 ], [ 103203.80559999961406, 257840.549799999222159 ], [ 103196.359199999831617, 257780.978800000622869 ], [ 103193.700199999846518, 257738.426000000908971 ], [ 103197.422799999825656, 257703.321399999782443 ], [ 103203.80559999961406, 257675.663599999621511 ], [ 103216.570000000298023, 257640.558599999174476 ], [ 103233.059399999678135, 257617.685000000521541 ], [ 103251.144999999552965, 257603.324999999254942 ], [ 103252.208200000226498, 257596.409399999305606 ], [ 103254.33600000012666, 257590.559000000357628 ], [ 103259.65500000026077, 257579.920199999585748 ], [ 103266.569600000046194, 257575.665200000628829 ], [ 103262.000199999660254, 257555.807000000029802 ], [ 103260.41260000038892, 257528.81980000063777 ], [ 103254.856599999591708, 257499.450799999758601 ], [ 103243.743800000287592, 257455.795199999585748 ], [ 103237.394000000320375, 257438.332200000062585 ], [ 103235.154199999757111, 257431.933000000193715 ], [ 103159.669300000183284, 257464.959899999201298 ], [ 103149.3454, 257458.387599999085069 ], [ 103135.247399999760091, 257453.174399999901652 ], [ 103137.186999999918044, 257445.778999999165535 ], [ 103143.370199999772012, 257421.03800000064075 ], [ 103125.45299999974668, 257388.780200000852346 ], [ 103123.660600000061095, 257363.692800000309944 ], [ 103111.103799999691546, 257336.795399999246001 ], [ 103105.7347999997437, 257349.698599999770522 ], [ 103102.149600000120699, 257358.306399999186397 ], [ 103071.675800000317395, 257383.402400000020862 ], [ 103064.669999999925494, 257357.128599999472499 ], [ 103064.496799999848008, 257356.51380000077188 ], [ 103066.298000000417233, 257329.633799999952316 ], [ 103062.712799999862909, 257290.197200000286102 ], [ 103069.883200000040233, 257234.627199999988079 ], [ 103042.466199999675155, 257243.771999999880791 ], [ 103032.247800000011921, 257247.184000000357628 ], [ 103030.446399999782443, 257227.457000000402331 ], [ 103030.169400000013411, 257221.897399999201298 ], [ 103028.654000000096858, 257191.614000000059605 ], [ 103023.276200000196695, 257134.251599999144673 ], [ 102994.603600000031292, 257084.067999999970198 ], [ 102955.166799999773502, 257042.838800000026822 ], [ 102939.033599999733269, 257012.365000000223517 ], [ 102926.485600000247359, 256969.351800000295043 ], [ 102904.974799999967217, 256971.499399999156594 ], [ 102872.708399999886751, 256974.729399999603629 ], [ 102813.561999999918044, 256996.240399999544024 ], [ 102750.830400000326335, 257023.129000000655651 ], [ 102673.758200000040233, 257046.432600000873208 ], [ 102598.478600000031292, 257067.934800000861287 ], [ 102528.568199999630451, 257084.067999999970198 ], [ 102474.799399999901652, 257080.482999999076128 ], [ 102438.947999999858439, 257076.89780000038445 ], [ 102399.519799999892712, 257082.275399999693036 ], [ 102374.423799999989569, 257078.690400000661612 ], [ 102340.373399999924004, 257089.445800000801682 ], [ 102281.209800000302494, 257089.445800000801682 ], [ 102232.827399999834597, 257084.067999999970198 ], [ 102179.050200000405312, 257069.727399999275804 ], [ 102137.82079999987036, 257075.105200000107288 ], [ 102075.089399999938905, 257084.067999999970198 ], [ 101989.05420000012964, 257075.105200000107288 ], [ 101940.663399999961257, 257053.594200000166893 ], [ 101901.226599999703467, 257024.921599999070168 ], [ 101858.213399999774992, 257008.788399999961257 ], [ 101825.946999999694526, 257008.788399999961257 ], [ 101795.473199999891222, 257008.788399999961257 ], [ 101756.045199999585748, 256999.825600000098348 ], [ 101704.061200000345707, 256996.239299999549985 ], [ 101659.998800000175834, 256913.769200000911951 ], [ 101590.317999999970198, 256802.215800000354648 ], [ 101583.267199999652803, 256802.644400000572205 ], [ 101551.592799999751151, 256777.297199999913573 ], [ 101515.798999999649823, 256732.529200000688434 ], [ 101494.633399999700487, 256671.673599999397993 ], [ 101468.174800000153482, 256618.756799999624491 ], [ 101477.274000000208616, 256607.86879999935627 ], [ 101622.956000000238419, 256433.549399999901652 ], [ 101615.605200000107288, 256409.396999999880791 ], [ 101614.018400000408292, 256396.69620000012219 ], [ 101613.69579999987036, 256375.340600000694394 ], [ 101622.955400000326335, 256335.652599999681115 ], [ 101636.184799999929965, 256281.41499999910593 ], [ 101641.476800000295043, 256249.663200000301003 ], [ 101635.449000000022352, 256226.040999999269843 ], [ 101630.687599999830127, 256202.229199999943376 ], [ 101625.130599999800324, 256184.765000000596046 ], [ 101622.748800000175834, 256171.269600000232458 ], [ 101622.17920000012964, 256163.277000000700355 ], [ 101621.955400000326335, 256160.157999999821186 ], [ 101621.072999999858439, 256148.660599999129772 ], [ 101619.435800000093877, 256127.404200000688434 ], [ 101618.782800000160933, 256118.88399999961257 ], [ 101617.193199999630451, 256110.152599999681115 ], [ 101615.605200000107288, 256099.042400000616908 ], [ 101612.536600000225008, 256091.750800000503659 ], [ 101611.729600000195205, 256089.833799999207258 ], [ 101609.255400000140071, 256083.957399999722838 ], [ 101602.907800000160933, 256072.846200000494719 ], [ 101599.181800000369549, 256068.856399999931455 ], [ 101591.793399999849498, 256060.939799999818206 ], [ 101581.474399999715388, 256054.590199999511242 ], [ 101562.423799999989569, 256037.12639999948442 ], [ 101550.517400000244379, 256025.2204 ], [ 101531.458499999716878, 256009.33809999935329 ], [ 101521.945000000298023, 255996.640399999916553 ], [ 101511.613800000399351, 255977.839999999850988 ], [ 101511.613800000399351, 255969.379399999976158 ], [ 101510.479399999603629, 255932.973600000143051 ], [ 101516.134200000204146, 255860.447799999266863 ], [ 101523.036199999973178, 255798.911399999633431 ], [ 101542.745799999684095, 255729.009400000795722 ], [ 101533.782999999821186, 255659.098999999463558 ], [ 101523.036199999973178, 255592.773600000888109 ], [ 101513.39780000038445, 255524.439200000837445 ], [ 101514.800599999725819, 255431.510999999940395 ], [ 101523.562699999660254, 255394.55350000038743 ], [ 102065.376799999736249, 255568.93019999936223 ], [ 102068.997600000351667, 255556.607599999755621 ], [ 102085.6716, 255529.066199999302626 ], [ 102100.167000000365078, 255485.579600000753999 ], [ 102105.237599999643862, 255435.570599999278784 ], [ 102098.716199999675155, 255339.173200000077486 ], [ 102087.798799999989569, 255305.945800000801682 ], [ 102089.534599999897182, 255250.621400000527501 ], [ 102100.890599999576807, 255223.932199999690056 ], [ 102108.863400000147521, 255196.391200000420213 ], [ 102112.486800000071526, 255144.931800000369549 ], [ 102116.835799999535084, 255083.325400000438094 ], [ 102121.909599999897182, 255056.507200000807643 ], [ 102120.460199999623001, 255013.745200000703335 ], [ 102122.634200000204146, 254963.734999999403954 ], [ 102130.605399999767542, 254926.77140000090003 ], [ 102121.909599999897182, 254876.036000000312924 ], [ 102101.615199999883771, 254822.402000000700355 ], [ 102079.870000000111759, 254786.887800000607967 ], [ 102071.174800000153482, 254759.344799999147654 ], [ 102063.385599999688566, 254730.582000000402331 ], [ 102048.551799999549985, 254710.589400000870228 ], [ 102028.410000000149012, 254692.666400000452995 ], [ 102018.412999999709427, 254674.086600000038743 ], [ 102029.861600000411272, 254646.279999999329448 ], [ 102039.282599999569356, 254613.66440000012517 ], [ 102032.363400000147521, 254589.990199999883771 ], [ 102025.512600000016391, 254566.552799999713898 ], [ 102037.597000000067055, 254553.145600000396371 ], [ 102071.89879999961704, 254515.092800000682473 ], [ 102121.185999999754131, 254505.670399999246001 ], [ 102166.845999999903142, 254510.744400000199676 ], [ 102203.809600000269711, 254522.341600000858307 ], [ 102233.526600000448525, 254524.515599999576807 ], [ 102274.114000000059605, 254531.762800000607967 ], [ 102304.557799999602139, 254525.965600000694394 ], [ 102347.316999999806285, 254500.597400000318885 ], [ 102382.107200000435114, 254504.221799999475479 ], [ 102438.639399999752641, 254515.092800000682473 ], [ 102511.118800000287592, 254500.596999999135733 ], [ 102527.064000000245869, 254501.322200000286102 ], [ 102566.927000000141561, 254504.222400000318885 ], [ 102629.98340000025928, 254504.946599999442697 ], [ 102686.518000000156462, 254481.028400000184774 ], [ 102717.682000000029802, 254458.560200000181794 ], [ 102754.645999999716878, 254431.018799999728799 ], [ 102780.012799999676645, 254393.3293999992311 ], [ 102789.435600000433624, 254352.742000000551343 ], [ 102808.2796, 254323.750800000503659 ], [ 102861.914800000376999, 254321.574999999254942 ], [ 102882.931599999777973, 254334.621799999848008 ], [ 102930.766400000080466, 254357.815799999982119 ], [ 102979.330000000074506, 254370.135600000619888 ], [ 103022.817200000397861, 254354.915599999949336 ], [ 103046.734199999831617, 254362.164200000464916 ], [ 103066.304800000041723, 254387.530600000172853 ], [ 103096.295400000177324, 254382.076999999582767 ], [ 103130.088200000114739, 254369.425200000405312 ], [ 103142.986600000411272, 254361.686599999666214 ], [ 103162.33420000039041, 254361.686599999666214 ], [ 103172.008200000040233, 254363.620799999684095 ], [ 103180.245600000023842, 254367.011600000783801 ], [ 103221.751199999824166, 254410.227800000458956 ], [ 103286.09360000025481, 254387.999800000339746 ], [ 103334.692599999718368, 254371.5296 ], [ 103346.546000000089407, 254405.223799999803305 ], [ 103389.021599999628961, 254455.766200000420213 ], [ 103408.942200000397861, 254479.47440000064671 ], [ 103405.199000000022352, 254531.261199999600649 ], [ 103407.07120000012219, 254566.826999999582767 ], [ 103402.703999999910593, 254639.829800000414252 ], [ 103412.50040000025183, 254690.4068 ], [ 103407.69539999961853, 254731.551999999210238 ], [ 103406.446399999782443, 254776.476800000295043 ], [ 103402.079800000414252, 254832.63120000064373 ], [ 103428.284400000236928, 254870.692800000309944 ], [ 103449.50040000025183, 254906.258799999952316 ], [ 103491.928199999965727, 254911.249600000679493 ], [ 103527.493599999696016, 254904.386600000783801 ], [ 103569.92339999973774, 254905.009800000116229 ], [ 103641.677799999713898, 254916.86739999987185 ], [ 103705.4852, 254924.83699999935925 ], [ 103714.767599999904633, 254925.63880000077188 ], [ 103754.734000000171363, 254929.114800000563264 ], [ 103762.761599999852479, 254965.516799999400973 ], [ 103767.045800000429153, 255007.269999999552965 ], [ 103763.297199999913573, 255042.064400000497699 ], [ 103767.580199999734759, 255062.941400000825524 ], [ 103789.528400000184774, 255109.514799999073148 ], [ 103807.728400000371039, 255143.77140000090003 ], [ 103831.817999999970198, 255182.850600000470877 ], [ 103858.583200000226498, 255231.027799999341369 ], [ 103879.994199999608099, 255271.710400000214577 ], [ 103889.224000000394881, 255302.475600000470877 ], [ 103891.235600000247359, 255309.182399999350309 ], [ 103901.406000000424683, 255331.128399999812245 ], [ 103927.636199999600649, 255337.017000000923872 ], [ 103955.472199999727309, 255345.582399999722838 ], [ 103980.630199999548495, 255357.357599999755621 ], [ 104007.395399999804795, 255359.500800000503659 ], [ 104028.275200000032783, 255353.613600000739098 ], [ 104050.221199999563396, 255338.088600000366569 ], [ 104068.762199999764562, 255337.438400000333786 ], [ 104080.734000000171363, 255337.017000000923872 ], [ 104110.711400000378489, 255355.754200000315905 ], [ 104142.550200000405312, 255370.735600000247359 ], [ 104145.504599999636412, 255372.349600000306964 ], [ 104177.625199999660254, 255389.478000000119209 ], [ 104239.184200000017881, 255417.313200000673532 ], [ 104276.657800000160933, 255426.414000000804663 ], [ 104307.167399999685585, 255436.049799999222159 ], [ 104334.467199999839067, 255441.400800000876188 ], [ 104355.344800000078976, 255444.614399999380112 ], [ 104381.041600000113249, 255445.684000000357628 ], [ 104437.782399999909103, 255461.746200000867248 ], [ 104498.80599999986589, 255470.308599999174476 ], [ 104522.361200000159442, 255462.280999999493361 ], [ 104535.743599999696016, 255445.149399999529123 ], [ 104555.014000000432134, 255413.031199999153614 ], [ 104570.538399999961257, 255388.407600000500679 ], [ 104601.050800000317395, 255365.38880000077188 ], [ 104615.503600000403821, 255350.400399999693036 ], [ 104634.774600000120699, 255335.412599999457598 ], [ 104643.874200000427663, 255319.88880000077188 ], [ 104656.722199999727309, 255309.717399999499321 ], [ 104698.47580000013113, 255292.587400000542402 ], [ 104727.917000000365078, 255284.558399999514222 ], [ 104746.653599999845028, 255281.346000000834465 ], [ 104758.965400000102818, 255275.459000000730157 ], [ 104770.206600000150502, 255267.42879999987781 ], [ 104791.083800000138581, 255263.146800000220537 ], [ 104806.071600000374019, 255259.400200000032783 ], [ 104830.161199999973178, 255250.300000000745058 ], [ 104843.187199999578297, 255247.065600000321865 ], [ 104850.910199999809265, 255246.716000000014901 ], [ 104865.657399999909103, 255240.393799999728799 ], [ 104890.586600000038743, 255240.74379999935627 ], [ 104907.791000000201166, 255241.798000000417233 ], [ 104929.909599999897182, 255237.234200000762939 ], [ 104961.158800000324845, 255227.403400000184774 ], [ 104992.75800000037998, 255218.625800000503659 ], [ 105003.641800000332296, 255215.115000000223517 ], [ 105026.114199999719858, 255206.337400000542402 ], [ 105060.170800000429153, 255197.559599999338388 ], [ 105086.152800000272691, 255191.239399999380112 ], [ 105109.980600000359118, 255183.714999999850988 ], [ 105141.275999999605119, 255179.302200000733137 ], [ 105157.426799999549985, 255179.653200000524521 ], [ 105167.25800000037998, 255176.844000000506639 ], [ 105174.631599999964237, 255170.875 ], [ 105185.867600000463426, 255164.553400000557303 ], [ 105202.018000000156462, 255161.394999999552965 ], [ 105221.679800000041723, 255155.776200000196695 ], [ 105233.617200000211596, 255154.723799999803305 ], [ 105246.95920000039041, 255141.030600000172853 ], [ 105256.087600000202656, 255121.01799999922514 ], [ 105268.377000000327826, 255100.303400000557303 ], [ 105289.793999999761581, 255094.685799999162555 ], [ 105312.966000000014901, 255082.396199999377131 ], [ 105327.011400000192225, 255072.564400000497699 ], [ 105350.183600000105798, 255053.254599999636412 ], [ 105374.762199999764562, 255038.859600000083447 ], [ 105397.935399999842048, 255032.891400000080466 ], [ 105426.72580000013113, 255024.464199999347329 ], [ 105457.271999999880791, 255016.739399999380112 ], [ 105497.299599999561906, 255008.663399999961257 ], [ 105522.929399999789894, 255006.557000000029802 ], [ 105541.889600000344217, 255003.046399999409914 ], [ 105567.168399999849498, 254997.07740000076592 ], [ 105574.893400000408292, 254995.672199999913573 ], [ 105597.714599999599159, 254990.406400000676513 ], [ 105622.643199999816716, 254980.224199999123812 ], [ 105644.060999999754131, 254972.851199999451637 ], [ 105665.479000000283122, 254957.753399999812245 ], [ 105694.269999999552965, 254931.419999999925494 ], [ 105711.824400000274181, 254914.215800000354648 ], [ 105724.466599999926984, 254897.012000000104308 ], [ 105730.783599999733269, 254882.614800000563264 ], [ 105749.392599999904633, 254873.837999999523163 ], [ 105777.482200000435114, 254865.061000000685453 ], [ 105803.112200000323355, 254858.742000000551343 ], [ 105824.880199999548495, 254854.879000000655651 ], [ 105863.502799999900162, 254854.179400000721216 ], [ 105886.323800000362098, 254861.198599999770522 ], [ 105904.581799999810755, 254865.763199999928474 ], [ 105921.78760000038892, 254861.198999999091029 ], [ 105942.501199999824166, 254849.964400000870228 ], [ 105988.848600000143051, 254835.570800000801682 ], [ 106019.042200000025332, 254822.226199999451637 ], [ 106043.622200000099838, 254810.639000000432134 ], [ 106056.259999999776483, 254802.91579999960959 ], [ 106073.8136, 254779.742599999532104 ], [ 106091.722000000067055, 254757.622999999672174 ], [ 106101.903400000184774, 254733.747400000691414 ], [ 106108.926199999637902, 254729.183599999174476 ], [ 106117.353400000371039, 254710.925599999725819 ], [ 106122.970599999651313, 254700.040999999269843 ], [ 106130.694199999794364, 254685.997199999168515 ], [ 106141.930200000293553, 254666.685399999842048 ], [ 106144.739199999719858, 254644.216600000858307 ], [ 106141.227400000207126, 254622.095200000330806 ], [ 106139.120400000363588, 254596.464400000870228 ], [ 106144.388000000268221, 254581.717599999159575 ], [ 106164.752799999900162, 254556.087799999862909 ], [ 106179.849399999715388, 254529.052200000733137 ], [ 106187.924999999813735, 254502.719399999827147 ], [ 106188.276200000196695, 254490.078999999910593 ], [ 106183.361399999819696, 254456.372999999672174 ], [ 106192.489799999631941, 254397.036800000816584 ], [ 106214.959599999710917, 254334.539000000804663 ], [ 106264.466199999675155, 254258.700200000777841 ], [ 106264.816800000146031, 254233.770600000396371 ], [ 106254.635400000028312, 254212.354199999943376 ], [ 106239.160799999721348, 254191.393200000748038 ], [ 106231.816399999894202, 254181.106200000271201 ], [ 106205.480600000359118, 254156.177600000053644 ], [ 106178.093799999915063, 254135.46199999935925 ], [ 106154.2182, 254112.641000000759959 ], [ 106129.99239999987185, 254090.521199999377131 ], [ 106112.4364, 254073.668199999257922 ], [ 106093.476800000295043, 254056.462799999862909 ], [ 106079.435200000181794, 254038.555400000885129 ], [ 106078.027200000360608, 254035.393400000408292 ], [ 106073.815200000070035, 254025.917999999597669 ], [ 106069.603199999779463, 254016.085999999195337 ], [ 106060.473600000143051, 254003.446000000461936 ], [ 106033.791000000201166, 253974.303999999538064 ], [ 106032.967000000178814, 253973.481000000610948 ], [ 106007.806800000369549, 253948.322799999266863 ], [ 105983.230999999679625, 253925.149599999189377 ], [ 105960.054999999701977, 253902.328400000929832 ], [ 105950.228600000031292, 253881.611600000411272 ], [ 105946.990399999544024, 253868.496999999508262 ], [ 105943.55460000038147, 253854.577600000426173 ], [ 105942.944199999794364, 253847.021600000560284 ], [ 105941.799399999901652, 253832.807800000533462 ], [ 105939.692800000309944, 253814.902200000360608 ], [ 105954.087799999862909, 253804.367000000551343 ], [ 105986.553000000305474, 253798.218000000342727 ], [ 106014.757399999536574, 253800.307000000029802 ], [ 106044.761400000192225, 253808.802200000733137 ], [ 106087.09499999973923, 253819.385199999436736 ], [ 106102.970200000330806, 253800.863800000399351 ], [ 106117.230600000359118, 253775.3136 ], [ 106150.598000000230968, 253766.469399999827147 ], [ 106174.407800000160933, 253753.238600000739098 ], [ 106206.15639999974519, 253750.592599999159575 ], [ 106235.260800000280142, 253737.362400000914931 ], [ 106259.074199999682605, 253716.196399999782443 ], [ 106264.365799999795854, 253684.447200000286102 ], [ 106256.780600000172853, 253654.871999999508262 ], [ 106263.870000000111759, 253632.709799999371171 ], [ 106278.498200000263751, 253602.567800000309944 ], [ 106282.487999999895692, 253552.482200000435114 ], [ 106325.483199999667704, 253497.518400000408292 ], [ 106330.511199999600649, 253441.029999999329448 ], [ 106300.975999999791384, 253376.786800000816584 ], [ 106277.124800000339746, 253303.64640000090003 ], [ 106237.903800000436604, 253245.87639999948442 ], [ 106214.054800000041723, 253216.197799999266863 ], [ 106209.282999999821186, 253181.745600000023842 ], [ 106220.415199999697506, 253157.895999999716878 ], [ 106212.999200000427663, 253146.766200000420213 ], [ 106192.482800000347197, 253137.416200000792742 ], [ 106192.0, 253125.4068 ], [ 106191.181800000369549, 253124.785199999809265 ], [ 106190.966000000014901, 253111.728000000119209 ], [ 106171.49959999974817, 253087.240800000727177 ], [ 106152.221400000154972, 253062.989199999719858 ], [ 106144.72580000013113, 253050.493000000715256 ], [ 106139.967799999751151, 253038.598799999803305 ], [ 106139.726599999703467, 253037.995799999684095 ], [ 106130.979000000283122, 253024.249600000679493 ], [ 106113.293399999849498, 253009.215399999171495 ], [ 106105.984600000083447, 253003.004200000315905 ], [ 106106.61780000012368, 253001.316400000825524 ], [ 106109.733799999579787, 252993.007200000807643 ], [ 106134.728799999691546, 252998.005400000140071 ], [ 106148.474600000306964, 253001.754200000315905 ], [ 106187.214200000278652, 253020.500199999660254 ], [ 106199.711400000378489, 253025.499600000679493 ], [ 106224.707399999722838, 253030.497400000691414 ], [ 106262.196999999694526, 253034.246600000187755 ], [ 106274.693799999542534, 253032.996999999508262 ], [ 106287.189799999818206, 253027.998800000175834 ], [ 106299.687599999830127, 253025.499600000679493 ], [ 106312.183199999853969, 253018.001199999824166 ], [ 106324.681599999777973, 253008.004599999636412 ], [ 106347.175400000065565, 252983.010199999436736 ], [ 106359.672399999573827, 252974.263199999928474 ], [ 106372.169200000353158, 252966.76380000077188 ], [ 106384.663800000213087, 252960.515399999916553 ], [ 106397.16260000038892, 252951.767400000244379 ], [ 106409.660000000149012, 252945.518999999389052 ], [ 106419.657999999821186, 252933.022399999201298 ], [ 106432.154199999757111, 252923.02419999986887 ], [ 106457.148000000044703, 252913.027200000360608 ], [ 106467.146599999628961, 252903.032400000840425 ], [ 106469.645800000056624, 252890.532999999821186 ], [ 106482.141400000080466, 252885.534199999645352 ], [ 106492.139000000432134, 252880.535399999469519 ], [ 106499.639000000432134, 252868.036599999293685 ], [ 106509.634600000455976, 252858.03999999910593 ], [ 106547.126199999824166, 252830.546000000089407 ], [ 106559.622399999760091, 252829.29700000025332 ], [ 106572.120600000023842, 252830.546000000089407 ], [ 106584.615799999795854, 252823.048599999397993 ], [ 106592.113599999807775, 252810.553400000557303 ], [ 106604.611399999819696, 252803.054400000721216 ], [ 106617.107800000347197, 252803.054400000721216 ], [ 106629.603799999691546, 252808.05379999987781 ], [ 106639.603400000371039, 252818.050599999725819 ], [ 106652.099600000306964, 252823.048599999397993 ], [ 106664.597400000318885, 252818.050599999725819 ], [ 106667.096400000154972, 252805.55460000038147 ], [ 106659.596599999815226, 252793.056399999186397 ], [ 106659.596599999815226, 252780.561200000345707 ], [ 106684.592000000178814, 252770.563200000673532 ], [ 106692.089399999938905, 252758.065400000661612 ], [ 106694.586799999698997, 252733.071399999782443 ], [ 106694.586799999698997, 252720.574799999594688 ], [ 106702.08739999961108, 252708.079600000753999 ], [ 106712.084999999962747, 252700.581800000742078 ], [ 106749.575600000098348, 252678.085400000214577 ], [ 106759.572599999606609, 252668.089999999850988 ], [ 106764.573599999770522, 252655.591199999675155 ], [ 106772.071000000461936, 252643.095000000670552 ], [ 106783.317599999718368, 252633.096799999475479 ], [ 106808.3114, 252618.100600000470877 ], [ 106819.558000000193715, 252613.10219999961555 ], [ 106842.052400000393391, 252608.103000000119209 ], [ 106854.548999999649823, 252603.104199999943376 ], [ 106864.547199999913573, 252590.60700000077486 ], [ 106869.54619999974966, 252578.110200000926852 ], [ 106877.043800000101328, 252565.614000000059605 ], [ 106874.545199999585748, 252553.116800000891089 ], [ 106867.046799999661744, 252540.619999999180436 ], [ 106862.046400000341237, 252528.121799999848008 ], [ 106869.54619999974966, 252518.124800000339746 ], [ 106874.544800000265241, 252505.629200000315905 ], [ 106874.544800000265241, 252493.131599999964237 ], [ 106872.045599999837577, 252480.634199999272823 ], [ 106873.295199999585748, 252466.889000000432134 ], [ 106872.045599999837577, 252455.640799999237061 ], [ 106875.794200000353158, 252441.893400000408292 ], [ 106888.291000000201166, 252416.900000000372529 ], [ 106903.286799999885261, 252391.907199999317527 ], [ 106912.035400000400841, 252380.659600000828505 ], [ 106924.531999999657273, 252370.662000000476837 ], [ 106938.278199999593198, 252363.163599999621511 ], [ 106963.27280000038445, 252339.420199999585748 ], [ 106974.519799999892712, 252333.170800000429153 ], [ 106984.517400000244379, 252323.172199999913573 ], [ 106997.013600000180304, 252313.175200000405312 ], [ 107012.010999999940395, 252288.181800000369549 ], [ 107022.00800000037998, 252278.184200000017881 ], [ 107034.506400000303984, 252268.187000000849366 ], [ 107047.002000000327826, 252255.689400000497699 ], [ 107061.999200000427663, 252230.697000000625849 ], [ 107074.495000000111759, 252218.199400000274181 ], [ 107088.24100000038743, 252209.451799999922514 ], [ 107110.736600000411272, 252186.957599999383092 ], [ 107134.478400000371039, 252165.714400000870228 ], [ 107146.97719999961555, 252153.215199999511242 ], [ 107171.971599999815226, 252131.971000000834465 ], [ 107194.464800000190735, 252106.976999999955297 ], [ 107203.210799999535084, 252094.480399999767542 ], [ 107225.707600000314415, 252070.736600000411272 ], [ 107238.206399999558926, 252059.48960000090301 ], [ 107258.199000000022352, 252036.994000000879169 ], [ 107286.943199999630451, 252000.754000000655651 ], [ 107299.438799999654293, 251988.256799999624491 ], [ 107306.93819999974221, 251975.759600000455976 ], [ 107316.935399999842048, 251963.264000000432134 ], [ 107329.43099999986589, 251950.766200000420213 ], [ 107335.870600000023842, 251945.936799999326468 ], [ 107339.42960000038147, 251943.267799999564886 ], [ 107351.925999999977648, 251945.767400000244379 ], [ 107354.989000000059605, 251948.2182 ], [ 107364.421799999661744, 251955.764399999752641 ], [ 107401.911999999545515, 251963.264000000432134 ], [ 107414.410199999809265, 251963.264000000432134 ], [ 107419.409599999897182, 251953.265399999916553 ], [ 107411.910400000400841, 251940.768600000068545 ], [ 107399.412800000049174, 251930.772600000724196 ], [ 107388.122700000181794, 251929.52280000038445 ], [ 107386.839599999599159, 251928.105599999427795 ], [ 107340.3597999997437, 251922.700999999418855 ], [ 107300.366399999707937, 251918.378399999812245 ], [ 107193.203599999658763, 251922.406600000336766 ], [ 107159.1546, 251919.615800000727177 ], [ 107122.974600000306964, 251916.64919999986887 ], [ 107112.715599999763072, 251915.810799999162555 ], [ 107107.077200000174344, 251911.865000000223517 ], [ 107034.463800000026822, 251861.087600000202656 ], [ 107013.608599999919534, 251844.844399999827147 ], [ 106929.450000000186265, 251779.29079999960959 ], [ 106875.001000000163913, 251791.509600000455976 ], [ 106859.6398, 251812.607599999755621 ], [ 106857.19539999961853, 251823.256599999964237 ], [ 106816.119599999859929, 251862.17259999923408 ], [ 106786.298000000417233, 251861.175799999386072 ], [ 106718.839200000278652, 251858.929199999198318 ], [ 106700.972199999727309, 251858.090399999171495 ], [ 106649.661600000225008, 251855.684000000357628 ], [ 106191.356999999843538, 251957.28999999910593 ], [ 106058.406000000424683, 251957.28999999910593 ], [ 105899.526200000196695, 251946.635999999940395 ], [ 105864.92200000025332, 251943.238600000739098 ], [ 105724.404400000348687, 251906.486999999731779 ], [ 105688.735000000335276, 251907.569199999794364 ], [ 105668.198599999770522, 251909.730399999767542 ], [ 105615.233, 251893.516799999400973 ], [ 105483.363599999807775, 251851.360999999567866 ], [ 105448.77379999961704, 251834.066400000825524 ], [ 105377.433799999766052, 251827.579600000753999 ], [ 105284.476800000295043, 251818.934000000357628 ], [ 105194.760200000368059, 251843.795199999585748 ], [ 105139.631599999964237, 251838.388399999588728 ], [ 105020.734600000083447, 251825.419399999082088 ], [ 104939.488400000147521, 251822.439999999478459 ], [ 104690.992999999783933, 251867.089600000530481 ], [ 104621.879399999976158, 251857.846400000154972 ], [ 104462.989400000311434, 251932.429199999198318 ], [ 104413.264600000344217, 251941.077800000086427 ], [ 104380.838600000366569, 251948.643799999728799 ], [ 104291.122399999760091, 251947.561599999666214 ], [ 104161.413800000213087, 252016.740599999204278 ], [ 103973.335400000214577, 252042.683000000193715 ], [ 103873.893000000156462, 252083.756999999284744 ], [ 103780.978000000119209, 252128.559599999338388 ], [ 103633.931200000457466, 252118.345799999311566 ], [ 103593.931400000117719, 252116.390799999237061 ], [ 103472.409199999645352, 252110.453199999406934 ], [ 103435.102400000207126, 252108.629799999296665 ], [ 103284.798999999649823, 252119.426400000229478 ], [ 103211.291400000452995, 252102.663599999621511 ], [ 103123.745400000363588, 252109.697599999606609 ], [ 103075.103199999779463, 252115.129000000655651 ], [ 102929.181599999777973, 252120.506599999964237 ], [ 102822.170800000429153, 252126.99239999987185 ], [ 102696.785799999721348, 252126.99239999987185 ], [ 102543.293399999849498, 252108.764799999073148 ], [ 102447.097799999639392, 252112.940600000321865 ], [ 102244.486200000159442, 252135.543500000610948 ], [ 102193.702600000426173, 252138.702199999243021 ], [ 102125.878999999724329, 252116.98340000025928 ], [ 102092.573400000110269, 252103.811799999326468 ], [ 102046.347400000318885, 252095.767000000923872 ], [ 101992.07660000026226, 252097.784600000828505 ], [ 101966.94579999987036, 252082.699200000613928 ], [ 101942.880199999548495, 252078.949599999934435 ], [ 101867.4534, 252034.464199999347329 ], [ 101710.685200000181794, 251971.152400000020862 ], [ 101672.712000000290573, 251937.794999999925494 ], [ 101622.493800000287592, 251869.495200000703335 ], [ 101573.696000000461936, 251813.41440000012517 ], [ 101517.086799999698997, 251753.800400000065565 ], [ 101470.592400000430644, 251710.207000000402331 ], [ 101442.5954, 251678.40819999948144 ], [ 101425.275799999944866, 251659.200799999758601 ], [ 101470.488599999807775, 251593.273800000548363 ], [ 101487.565600000321865, 251530.966600000858307 ], [ 101485.556599999777973, 251400.307600000873208 ], [ 101497.619599999859929, 251377.203199999406934 ], [ 101496.615199999883771, 251353.08559999987483 ], [ 101506.669200000353158, 251327.963600000366569 ], [ 101520.732599999755621, 251299.810599999502301 ], [ 101533.800200000405312, 251271.675000000745058 ], [ 101553.899600000120699, 251234.489800000563264 ], [ 101573.998999999836087, 251206.354199999943376 ], [ 101613.201999999582767, 251183.241200000047684 ], [ 101621.229600000195205, 251158.119000000879169 ], [ 101641.337600000202656, 251123.947599999606609 ], [ 101663.446000000461936, 251084.753399999812245 ], [ 101677.518199999816716, 251066.654400000348687 ], [ 101688.568199999630451, 251051.586200000718236 ], [ 101726.757799999788404, 251032.482799999415874 ], [ 101738.82079999987036, 251007.360799999907613 ], [ 101780.02419999986887, 250986.265399999916553 ], [ 101809.173000000417233, 250964.148399999365211 ], [ 101846.245600000023842, 250922.607400000095367 ], [ 101879.51659999974072, 250881.741800000891089 ], [ 101910.674399999901652, 250846.565600000321865 ], [ 101948.864199999719858, 250795.308399999514222 ], [ 101983.035799999721348, 250746.068800000473857 ], [ 102000.875, 250707.264200000092387 ], [ 102013.180399999953806, 250668.684800000861287 ], [ 102050.547399999573827, 250645.848999999463558 ], [ 102070.464999999850988, 250613.409399999305606 ], [ 102075.496399999596179, 250575.2195999994874 ], [ 102086.54619999974966, 250547.084000000730157 ], [ 102123.722799999639392, 250521.96199999935925 ], [ 102174.980000000447035, 250509.898800000548363 ], [ 102195.434600000269711, 250511.345000000670552 ], [ 102216.191999999806285, 250513.916999999433756 ], [ 102255.386199999600649, 250492.804400000721216 ], [ 102290.562400000169873, 250487.790400000289083 ], [ 102335.783800000324845, 250471.700600000098348 ], [ 102378.996199999935925, 250437.537599999457598 ], [ 102405.122800000011921, 250416.433800000697374 ], [ 102446.334800000302494, 250379.24860000051558 ], [ 102444.325600000098348, 250357.131400000303984 ], [ 102455.384200000204146, 250338.045199999585748 ], [ 102484.524400000460446, 250321.955399999395013 ], [ 102493.573800000362098, 250312.914599999785423 ], [ 102505.74100000038743, 250286.4847999997437 ], [ 102513.664599999785423, 250255.630000000819564 ], [ 102512.660000000149012, 250219.458000000566244 ], [ 102531.754999999888241, 250185.286399999633431 ], [ 102551.854399999603629, 250149.105799999088049 ], [ 102571.953599999658763, 250120.961600000038743 ], [ 102583.012199999764562, 250095.839400000870228 ], [ 102592.06180000025779, 250071.713199999183416 ], [ 102610.143400000408292, 250055.631999999284744 ], [ 102611.234600000083447, 250034.78800000064075 ], [ 102597.881199999712408, 250032.233200000599027 ], [ 102567.935600000433624, 250026.491800000891089 ], [ 102535.773000000044703, 250020.456000000238419 ], [ 102517.691399999894202, 250006.392400000244379 ], [ 102519.293399999849498, 249988.509999999776483 ], [ 102528.057199999690056, 249973.407400000840425 ], [ 102542.813400000333786, 249966.193600000813603 ], [ 102566.93099999986589, 249951.117000000551343 ], [ 102569.944600000046194, 249918.954600000753999 ], [ 102581.003200000151992, 249890.818800000473857 ], [ 102598.080199999734759, 249865.69679999910295 ], [ 102594.07079999987036, 249838.557000000029802 ], [ 102578.993999999947846, 249807.407800000160933 ], [ 102586.025799999944866, 249795.3445999994874 ], [ 102610.143400000408292, 249781.281199999153614 ], [ 102630.24280000012368, 249763.182199999690056 ], [ 102638.287800000049174, 249747.109600000083447 ], [ 102644.315000000409782, 249718.965199999511242 ], [ 102658.387000000104308, 249716.956199999898672 ], [ 102680.287800000049174, 249711.067600000649691 ], [ 102697.572599999606609, 249703.888599999248981 ], [ 102697.572599999606609, 249681.779999999329448 ], [ 102685.708800000138581, 249653.956199999898672 ], [ 102695.009399999864399, 249627.734400000423193 ], [ 102723.318199999630451, 249567.704600000753999 ], [ 102743.348399999551475, 249536.442800000309944 ], [ 102749.8432, 249493.845200000330806 ], [ 102732.748800000175834, 249452.642000000923872 ], [ 102731.233199999667704, 249425.753200000151992 ], [ 102702.604000000283122, 249385.303400000557303 ], [ 102677.481999999843538, 249343.104199999943376 ], [ 102630.849000000394881, 249308.499600000679493 ], [ 102593.793600000441074, 249261.797399999573827 ], [ 102569.000599999912083, 249233.592399999499321 ], [ 102562.765599999576807, 249223.70299999974668 ], [ 102549.68059999961406, 249228.015599999576807 ], [ 102525.814399999566376, 249235.852600000798702 ], [ 102505.628399999812245, 249232.55320000089705 ], [ 102490.551599999889731, 249221.494799999520183 ], [ 102483.052199999801815, 249217.744999999180436 ], [ 102466.425400000065565, 249209.431600000709295 ], [ 102460.926400000229478, 249215.216399999335408 ], [ 102451.877000000327826, 249224.716199999675155 ], [ 102434.349600000306964, 249229.21059999987483 ], [ 102413.825799999758601, 249224.231200000271201 ], [ 102392.202399999834597, 249226.093000000342727 ], [ 102366.006400000303984, 249228.3445999994874 ], [ 102338.797399999573827, 249226.517400000244379 ], [ 102316.689000000245869, 249219.485600000247359 ], [ 102303.188400000333786, 249212.731000000610948 ], [ 102280.793999999761581, 249213.198599999770522 ], [ 102244.206399999558926, 249206.20160000026226 ], [ 102226.705000000074506, 249193.203199999406934 ], [ 102219.924399999901652, 249177.442399999126792 ], [ 102220.980800000019372, 249168.375600000843406 ], [ 102226.237399999983609, 249152.146999999880791 ], [ 102254.381799999624491, 249146.119799999520183 ], [ 102292.562800000421703, 249145.115399999544024 ], [ 102335.783800000324845, 249132.056399999186397 ], [ 102380.009399999864399, 249129.033999999985099 ], [ 102432.262600000016391, 249107.93019999936223 ], [ 102489.54700000025332, 249088.835400000214577 ], [ 102536.779900000430644, 249064.717299999669194 ], [ 102551.404000000096858, 249047.565600000321865 ], [ 102564.103600000031292, 249034.86600000038743 ], [ 102582.095200000330806, 249027.456800000742078 ], [ 102599.028599999845028, 249007.348600000143051 ], [ 102615.962600000202656, 248999.939799999818206 ], [ 102625.487800000235438, 248988.29839999973774 ], [ 102637.129599999636412, 248969.248400000855327 ], [ 102636.07079999987036, 248925.85700000077486 ], [ 102638.187400000169873, 248898.339999999850988 ], [ 102644.537800000049174, 248866.589800000190735 ], [ 102648.93680000025779, 248848.866399999707937 ], [ 102649.615799999795854, 248836.4206000007689 ], [ 102647.5784, 248814.469399999827147 ], [ 102650.067800000309944, 248797.722999999299645 ], [ 102653.462199999950826, 248786.40819999948144 ], [ 102661.157800000160933, 248772.604199999943376 ], [ 102667.040000000037253, 248763.551799999549985 ], [ 102673.603400000371039, 248752.237800000235438 ], [ 102685.371199999935925, 248725.534199999645352 ], [ 102694.423600000329316, 248703.582399999722838 ], [ 102696.685399999842048, 248696.793600000441074 ], [ 102702.11699999962002, 248687.289200000464916 ], [ 102707.095599999651313, 248679.595200000330806 ], [ 102709.800999999977648, 248671.967199999839067 ], [ 102711.917000000365078, 248659.002800000831485 ], [ 102715.886800000444055, 248650.535599999129772 ], [ 102719.325600000098348, 248639.423200000077486 ], [ 102720.38399999961257, 248626.194399999454618 ], [ 102721.707399999722838, 248614.817199999466538 ], [ 102726.205799999646842, 248593.120799999684095 ], [ 102728.851400000043213, 248575.923000000417233 ], [ 102730.967000000178814, 248563.222599999979138 ], [ 102729.115600000135601, 248545.23200000077486 ], [ 102724.616600000299513, 248526.974999999627471 ], [ 102716.415400000289083, 248503.161800000816584 ], [ 102706.575000000186265, 248477.443199999630451 ], [ 102665.70380000025034, 248418.500199999660254 ], [ 102655.643199999816716, 248406.165599999949336 ], [ 102598.340200000442564, 248376.191400000825524 ], [ 102562.384399999864399, 248366.93019999936223 ], [ 102561.611800000071526, 248365.974999999627471 ], [ 102557.03760000038892, 248362.315400000661612 ], [ 102544.226800000295043, 248359.571000000461936 ], [ 102529.587600000202656, 248356.368400000035763 ], [ 102508.792399999685585, 248355.041200000792742 ], [ 102508.085799999535084, 248354.994999999180436 ], [ 102507.644199999980628, 248354.917999999597669 ], [ 102492.530399999581277, 248352.251199999824166 ], [ 102477.433600000105798, 248349.505799999460578 ], [ 102470.113800000399351, 248349.505799999460578 ], [ 102456.350399999879301, 248349.422399999573827 ], [ 102431.912200000137091, 248354.078600000590086 ], [ 102395.833800000138581, 248364.55320000089705 ], [ 102377.211400000378489, 248357.569599999114871 ], [ 102369.78000000026077, 248342.707599999383092 ], [ 102367.901399999856949, 248338.949400000274181 ], [ 102370.380400000140071, 248329.834799999371171 ], [ 102369.922399999573827, 248322.51380000077188 ], [ 102364.404000000096858, 248315.450200000777841 ], [ 102358.485000000335276, 248307.873999999836087 ], [ 102348.877999999560416, 248298.266799999400973 ], [ 102341.100599999539554, 248290.032199999317527 ], [ 102333.781999999657273, 248281.797399999573827 ], [ 102327.832999999634922, 248271.27559999935329 ], [ 102317.310999999754131, 248256.635800000280142 ], [ 102311.141400000080466, 248247.76799999922514 ], [ 102309.991200000047684, 248246.113600000739098 ], [ 102303.586600000038743, 248233.760800000280142 ], [ 102257.338399999774992, 248189.979599999263883 ], [ 102218.034799999557436, 248165.593800000846386 ], [ 102209.343399999663234, 248159.646600000560284 ], [ 102202.938400000333786, 248155.529799999669194 ], [ 102197.905600000172853, 248151.869799999520183 ], [ 102186.926199999637902, 248145.921599999070168 ], [ 102172.5636, 248138.741399999707937 ], [ 102172.285799999721348, 248138.602800000458956 ], [ 102153.071000000461936, 248120.302799999713898 ], [ 102152.373999999836087, 248118.791999999433756 ], [ 102147.581799999810755, 248108.407600000500679 ], [ 102143.92200000025332, 248096.971400000154972 ], [ 102136.144000000320375, 248090.108799999579787 ], [ 102128.366600000299513, 248085.533600000664592 ], [ 102116.929399999789894, 248083.245799999684095 ], [ 102100.001799999736249, 248079.128399999812245 ], [ 102077.586199999786913, 248070.893600000068545 ], [ 102069.35080000013113, 248062.201400000602007 ], [ 102068.797199999913573, 248053.898600000888109 ], [ 102068.435399999842048, 248048.476399999111891 ], [ 102041.901800000108778, 248012.792199999094009 ], [ 102027.718999999575317, 248000.439999999478459 ], [ 102026.474200000055134, 247999.238199999555945 ], [ 102014.451799999922514, 247987.630400000140071 ], [ 101996.609400000423193, 247974.820199999958277 ], [ 101988.37459999974817, 247970.245400000363588 ], [ 101983.027800000272691, 247968.240399999544024 ], [ 101977.394799999892712, 247966.127399999648333 ], [ 101963.669800000265241, 247956.978199999779463 ], [ 101955.049200000241399, 247949.909399999305606 ], [ 101940.794999999925494, 247938.221000000834465 ], [ 101931.188000000081956, 247928.612800000235438 ], [ 101869.093999999575317, 247878.700799999758601 ], [ 101835.085900000296533, 247860.433100000023842 ], [ 101811.782999999821186, 247848.552600000053644 ], [ 101801.259999999776483, 247843.062999999150634 ], [ 101787.535600000061095, 247835.285599999129772 ], [ 101774.268000000156462, 247827.050200000405312 ], [ 101756.230999999679625, 247813.736999999731779 ], [ 101755.053000000305474, 247812.867799999192357 ], [ 101746.81900000013411, 247805.091000000014901 ], [ 101737.211799999698997, 247792.280799999833107 ], [ 101726.688799999654293, 247784.504000000655651 ], [ 101716.623800000175834, 247780.385999999940395 ], [ 101702.442400000058115, 247777.183599999174476 ], [ 101690.547199999913573, 247772.151200000196695 ], [ 101679.1097999997437, 247764.830800000578165 ], [ 101668.588200000114739, 247758.884199999272823 ], [ 101658.980600000359118, 247750.649399999529123 ], [ 101651.660799999721348, 247743.329600000753999 ], [ 101643.88300000037998, 247733.264399999752641 ], [ 101643.424999999813735, 247721.827199999243021 ], [ 101648.001000000163913, 247710.847799999639392 ], [ 101647.543399999849498, 247697.580800000578165 ], [ 101642.9682, 247683.398199999704957 ], [ 101641.595800000242889, 247673.790200000628829 ], [ 101639.765599999576807, 247661.438400000333786 ], [ 101629.767400000244379, 247645.63399999961257 ], [ 101625.583599999547005, 247639.021199999377131 ], [ 101610.943199999630451, 247624.839400000870228 ], [ 101592.644000000320375, 247612.944599999114871 ], [ 101575.20380000025034, 247604.551400000229478 ], [ 101564.395399999804795, 247600.498400000855327 ], [ 101553.323599999770522, 247598.257999999448657 ], [ 101553.046400000341237, 247598.201400000602007 ], [ 101541.56180000025779, 247597.79619999974966 ], [ 101530.483, 247598.742000000551343 ], [ 101517.782800000160933, 247602.660199999809265 ], [ 101511.297600000165403, 247605.767200000584126 ], [ 101505.487999999895692, 247608.199200000613928 ], [ 101503.895200000144541, 247607.656199999153614 ], [ 101497.943400000222027, 247605.624199999496341 ], [ 101493.826200000010431, 247601.049799999222159 ], [ 101493.229799999855459, 247599.498999999836087 ], [ 101491.538200000301003, 247595.10219999961555 ], [ 101494.283400000073016, 247583.664799999445677 ], [ 101502.517599999904633, 247574.057800000533462 ], [ 101508.923200000077486, 247563.535399999469519 ], [ 101511.667799999937415, 247552.097999999299645 ], [ 101512.125199999660254, 247538.372999999672174 ], [ 101514.412999999709427, 247528.308000000193715 ], [ 101519.444600000046194, 247519.616200000047684 ], [ 101518.306599999777973, 247502.154999999329448 ], [ 101515.402599999681115, 247490.546399999409914 ], [ 101515.327200000174344, 247485.30379999987781 ], [ 101518.235000000335276, 247483.366200000047684 ], [ 101520.817999999970198, 247481.643799999728799 ], [ 101556.165000000037253, 247478.410399999469519 ], [ 101561.368800000287592, 247476.552999999374151 ], [ 101565.194600000046194, 247472.036599999293685 ], [ 101565.194600000046194, 247465.174200000241399 ], [ 101565.651399999856949, 247454.19480000063777 ], [ 101564.736999999731779, 247443.214400000870228 ], [ 101562.450000000186265, 247437.725199999287724 ], [ 101556.712600000202656, 247431.163399999961257 ], [ 101534.599399999715388, 247426.507200000807643 ], [ 101531.731399999931455, 247425.624399999156594 ], [ 101504.341000000014901, 247417.19620000012219 ], [ 101491.538200000301003, 247403.230000000447035 ], [ 101491.538200000301003, 247397.52559999935329 ], [ 101483.635999999940395, 247396.288799999281764 ], [ 101482.388600000180304, 247396.0932 ], [ 101470.035799999721348, 247399.295199999585748 ], [ 101457.684200000017881, 247398.837799999862909 ], [ 101445.78899999987334, 247393.804999999701977 ], [ 101431.606999999843538, 247381.453999999910593 ], [ 101420.169200000353158, 247370.472999999299645 ], [ 101405.529799999669194, 247358.121400000527501 ], [ 101392.490799999795854, 247345.082200000062585 ], [ 101380.367600000463426, 247332.959599999710917 ], [ 101369.367999999783933, 247319.370600000023842 ], [ 101364.812800000421703, 247313.744200000539422 ], [ 101363.440399999730289, 247305.051999999210238 ], [ 101365.271200000308454, 247296.817800000309944 ], [ 101362.983599999919534, 247289.03940000012517 ], [ 101353.833399999886751, 247277.602600000798702 ], [ 101354.085199999623001, 247274.585400000214577 ], [ 101354.440600000321865, 247270.317800000309944 ], [ 101355.205599999986589, 247261.132999999448657 ], [ 101358.865600000135601, 247254.270400000736117 ], [ 101362.259999999776483, 247244.512800000607967 ], [ 101362.525600000284612, 247243.747999999672174 ], [ 101354.29079999960959, 247232.768600000068545 ], [ 101348.009600000455976, 247222.7182 ], [ 101347.428399999625981, 247221.788799999281764 ], [ 101347.093000000342727, 247220.311200000345707 ], [ 101345.140599999576807, 247211.724199999123812 ], [ 101343.32799999974668, 247210.42879999987781 ], [ 101338.735600000247359, 247207.149399999529123 ], [ 101327.298799999989569, 247200.287399999797344 ], [ 101319.063400000333786, 247193.882400000467896 ], [ 101308.083999999798834, 247182.444599999114871 ], [ 101306.293200000189245, 247179.75899999961257 ], [ 101304.424200000241399, 247176.954199999570847 ], [ 101300.307000000029802, 247169.177400000393391 ], [ 101287.039599999785423, 247163.68720000050962 ], [ 101264.622399999760091, 247148.589999999850988 ], [ 101262.33420000039041, 247139.897199999541044 ], [ 101260.96239999961108, 247129.833200000226498 ], [ 101263.249400000087917, 247114.735400000587106 ], [ 101264.165599999949336, 247107.415400000289083 ], [ 101262.334800000302494, 247101.010999999940395 ], [ 101255.472799999639392, 247089.573599999770522 ], [ 101227.108, 247028.269600000232458 ], [ 101215.670800000429153, 247004.480000000447035 ], [ 101198.744199999608099, 246978.860799999907613 ], [ 101179.528800000436604, 246951.86879999935627 ], [ 101165.346400000154972, 246931.2818 ], [ 101137.500599999912083, 246903.778200000524521 ], [ 101094.372600000351667, 246883.653799999505281 ], [ 101083.831199999898672, 246886.528000000864267 ], [ 101050.339800000190735, 246860.301999999210238 ], [ 101047.771599999628961, 246874.095000000670552 ], [ 101045.940999999642372, 246881.41499999910593 ], [ 101037.248599999584258, 246884.159600000828505 ], [ 101029.014399999752641, 246874.551999999210238 ], [ 101021.236600000411272, 246865.860799999907613 ], [ 101005.682400000281632, 246849.848200000822544 ], [ 100995.159799999557436, 246841.612800000235438 ], [ 100989.212199999950826, 246822.856000000610948 ], [ 100982.240799999795854, 246806.98200000077486 ], [ 100972.742600000463426, 246789.91579999960959 ], [ 100954.442200000397861, 246754.23200000077486 ], [ 100952.648199999704957, 246747.652200000360608 ], [ 100950.326000000350177, 246739.134800000116229 ], [ 100943.634999999776483, 246726.362400000914931 ], [ 100940.260800000280142, 246719.9206000007689 ], [ 100944.897599999792874, 246714.894799999892712 ], [ 100947.737599999643862, 246689.097599999979138 ], [ 100951.330599999986589, 246671.528200000524521 ], [ 100951.240000000223517, 246660.903200000524521 ], [ 100954.442800000309944, 246645.80599999986589 ], [ 100958.617600000463426, 246630.500600000843406 ], [ 100959.932400000281632, 246625.676400000229478 ], [ 100962.678000000305474, 246610.580199999734759 ], [ 100962.520399999804795, 246602.070599999278784 ], [ 100962.376799999736249, 246594.336799999698997 ], [ 100962.220599999651313, 246585.874600000679493 ], [ 100959.932400000281632, 246567.575400000438094 ], [ 100954.446600000374019, 246552.044999999925494 ], [ 100943.903800000436604, 246522.332800000905991 ], [ 100913.235399999655783, 246497.415400000289083 ], [ 100900.775399999693036, 246476.330600000917912 ], [ 100908.693599999882281, 246468.757400000467896 ], [ 100911.438000000081956, 246450.457000000402331 ], [ 100917.385599999688566, 246439.477600000798702 ], [ 100920.588800000026822, 246433.529400000348687 ], [ 100921.503600000403821, 246422.551200000569224 ], [ 100916.365600000135601, 246419.89640000090003 ], [ 100894.05420000012964, 246408.368200000375509 ], [ 100881.244400000199676, 246405.165599999949336 ], [ 100866.147199999541044, 246398.30320000089705 ], [ 100851.301199999637902, 246391.354599999263883 ], [ 100844.644799999892712, 246388.237999999895692 ], [ 100838.239799999631941, 246385.035599999129772 ], [ 100822.22759999986738, 246381.834000000730157 ], [ 100801.640599999576807, 246378.173599999397993 ], [ 100798.2182, 246377.855799999088049 ], [ 100781.968399999663234, 246376.343800000846386 ], [ 100769.158800000324845, 246373.141200000420213 ], [ 100750.858599999919534, 246366.736999999731779 ], [ 100741.67920000012964, 246363.239199999719858 ], [ 100687.049999999813735, 246341.196599999442697 ], [ 100669.659799999557436, 246329.302999999374151 ], [ 100654.328200000338256, 246315.039799999445677 ], [ 100641.060999999754131, 246306.804400000721216 ], [ 100633.741200000047684, 246299.942399999126792 ], [ 100621.846400000154972, 246291.250800000503659 ], [ 100611.872200000099838, 246289.783399999141693 ], [ 100595.384600000455976, 246275.511800000444055 ], [ 100582.044800000265241, 246271.578600000590086 ], [ 100569.691999999806285, 246268.375800000503659 ], [ 100553.679800000041723, 246268.375800000503659 ], [ 100540.415400000289083, 246269.315400000661612 ], [ 100497.041000000201166, 246253.240599999204278 ], [ 100483.793600000441074, 246234.878599999472499 ], [ 100482.593399999663234, 246234.500399999320507 ], [ 100463.725599999539554, 246209.237600000575185 ], [ 100459.069600000046194, 246160.189600000157952 ], [ 100418.792399999685585, 246156.628399999812245 ], [ 100412.298999999649823, 246158.354599999263883 ], [ 100364.068599999882281, 246175.392000000923872 ], [ 100311.358, 246217.560000000521541 ], [ 100264.394799999892712, 246248.231200000271201 ], [ 100246.18099999986589, 246255.895999999716878 ], [ 100223.419999999925494, 246259.750800000503659 ], [ 100191.55559999961406, 246281.775000000372529 ], [ 100158.970200000330806, 246276.98340000025928 ], [ 100134.052400000393391, 246297.108200000599027 ], [ 100103.382799999788404, 246298.068199999630451 ], [ 100072.715400000102818, 246279.857599999755621 ], [ 100050.669999999925494, 246259.731200000271201 ], [ 100034.376799999736249, 246249.190400000661612 ], [ 100006.583599999547005, 246238.647399999201298 ], [ 99992.70380000025034, 246233.499399999156594 ], [ 99969.093000000342727, 246221.29700000025332 ], [ 99951.49959999974817, 246213.29700000025332 ], [ 99928.296799999661744, 246205.703600000590086 ], [ 99905.095399999991059, 246205.593000000342727 ], [ 99890.704599999822676, 246187.9068 ], [ 99890.729600000195205, 246182.118599999696016 ], [ 99927.995000000111759, 246138.972400000318885 ], [ 99935.661799999885261, 246081.469200000166893 ], [ 99926.077600000426173, 246056.548599999397993 ], [ 99896.345800000242889, 246020.95240000076592 ], [ 99893.997999999672174, 246012.796800000593066 ], [ 99887.5, 245999.596200000494719 ], [ 99861.403599999845028, 245979.204199999570847 ], [ 99852.282399999909103, 245941.540200000628829 ], [ 99831.19579999987036, 245902.245600000023842 ], [ 99813.11699999962002, 245878.354000000283122 ], [ 99812.092600000090897, 245874.906999999657273 ], [ 99797.090800000354648, 245842.088999999687076 ], [ 99779.441999999806285, 245792.988399999216199 ], [ 99757.703200000338256, 245756.905799999833107 ], [ 99713.202800000086427, 245699.592599999159575 ], [ 99641.99959999974817, 245603.799000000581145 ], [ 99561.90639999974519, 245498.498999999836087 ], [ 99508.591199999675155, 245439.204800000414252 ], [ 99404.500799999572337, 245402.592800000682473 ], [ 99367.647599999792874, 245394.236400000751019 ], [ 99308.890999999828637, 245394.069599999114871 ], [ 99270.069600000046194, 245398.922199999913573 ], [ 99167.191599999554455, 245373.687599999830127 ], [ 99101.192599999718368, 245363.982200000435114 ], [ 99011.901399999856949, 245353.30519999936223 ], [ 98923.580799999646842, 245347.481399999931455 ], [ 98858.553000000305474, 245340.688400000333786 ], [ 98795.467199999839067, 245336.806399999186397 ], [ 98786.870600000023842, 245344.583200000226498 ], [ 98754.702800000086427, 245373.68720000050962 ], [ 98720.733000000007451, 245416.391799999400973 ], [ 98695.498800000175834, 245432.89159999974072 ], [ 98678.842600000090897, 245411.427999999374151 ], [ 98657.680200000293553, 245365.339199999347329 ], [ 98608.339599999599159, 245312.908999999985099 ], [ 98562.659400000236928, 245282.299599999561906 ], [ 98539.138799999840558, 245266.538599999621511 ], [ 98526.404600000008941, 245258.035000000149012 ], [ 98514.348399999551475, 245260.114399999380112 ], [ 98499.014600000344217, 245254.364000000059605 ], [ 98484.335400000214577, 245235.303400000557303 ], [ 98465.201399999670684, 245223.289599999785423 ], [ 98462.678999999538064, 245215.200799999758601 ], [ 98458.759800000116229, 245202.61119999922812 ], [ 98448.167600000277162, 245174.410399999469519 ], [ 98434.065999999642372, 245154.813799999654293 ], [ 98405.089599999599159, 245125.93779999949038 ], [ 98386.276999999769032, 245119.064200000837445 ], [ 98355.253200000151992, 245107.731599999591708 ], [ 98326.548799999989569, 245087.191199999302626 ], [ 98284.329800000414252, 245075.143600000068545 ], [ 98246.951799999922514, 245055.972999999299645 ], [ 98227.096400000154972, 245022.028999999165535 ], [ 98216.204199999570847, 245012.002399999648333 ], [ 98192.203200000338256, 244968.500800000503659 ], [ 98178.905399999581277, 244932.595000000670552 ], [ 98171.730399999767542, 244922.642000000923872 ], [ 98140.572200000286102, 244897.839400000870228 ], [ 98089.775200000032783, 244867.167199999094009 ], [ 98044.731399999931455, 244847.043400000780821 ], [ 98018.853400000371039, 244825.958599999547005 ], [ 97973.539800000376999, 244786.262199999764562 ], [ 97968.913399999961257, 244782.973600000143051 ], [ 97923.96999999973923, 244764.622199999168515 ], [ 97873.248399999924004, 244745.929199999198318 ], [ 97829.090200000442564, 244719.574200000613928 ], [ 97778.419800000265241, 244691.079600000753999 ], [ 97740.915400000289083, 244668.781400000676513 ], [ 97712.16399999987334, 244647.695000000298023 ], [ 97664.242999999783933, 244625.652200000360608 ], [ 97644.116600000299513, 244623.73340000025928 ], [ 97634.53179999999702, 244617.985600000247359 ], [ 97622.597199999727309, 244601.837999999523163 ], [ 97612.488199999555945, 244587.315400000661612 ], [ 97565.419999999925494, 244544.596000000834465 ], [ 97560.59360000025481, 244538.79759999923408 ], [ 97533.800800000317395, 244518.154799999669194 ], [ 97482.146599999628961, 244493.392599999904633 ], [ 97417.933000000193715, 244476.140399999916553 ], [ 97386.305399999953806, 244452.180400000885129 ], [ 97339.344800000078976, 244431.095599999651313 ], [ 97329.759999999776483, 244422.470799999311566 ], [ 97361.389200000092387, 244390.842800000682473 ], [ 97366.742200000211596, 244365.4695999994874 ], [ 97368.219800000078976, 244354.399399999529123 ], [ 97370.012799999676645, 244341.005400000140071 ], [ 97365.221199999563396, 244341.964400000870228 ], [ 97360.426400000229478, 244352.356599999591708 ], [ 97353.720399999991059, 244366.882799999788404 ], [ 97337.150600000284612, 244395.079800000414252 ], [ 97312.509600000455976, 244411.927600000053644 ], [ 97293.341000000014901, 244404.260199999436736 ], [ 97268.42160000000149, 244396.592800000682473 ], [ 97243.504599999636412, 244391.800200000405312 ], [ 97214.752000000327826, 244383.176599999889731 ], [ 97184.082799999974668, 244368.799200000241399 ], [ 97150.540199999697506, 244351.548599999397993 ], [ 97133.297600000165403, 244345.706199999898672 ], [ 97131.384999999776483, 244343.564600000157952 ], [ 97086.919800000265241, 244309.707800000905991 ], [ 97034.082600000314415, 244275.539799999445677 ], [ 96992.402400000020862, 244246.124600000679493 ], [ 96986.482900000177324, 244242.074599999934435 ], [ 96980.534799999557436, 244238.005100000649691 ], [ 96972.945000000298023, 244232.685000000521541 ], [ 96972.429399999789894, 244232.459599999710917 ], [ 96940.009999999776483, 244218.259999999776483 ], [ 96906.049999999813735, 244202.890000000596046 ], [ 96890.519999999552965, 244196.580000000074506 ], [ 96875.0, 244191.307000000029802 ], [ 96872.299999999813735, 244190.390000000596046 ], [ 96854.870000000111759, 244183.740000000223517 ], [ 96849.849999999627471, 244181.359999999403954 ], [ 96843.450000000186265, 244177.980000000447035 ], [ 96838.309999999590218, 244174.779999999329448 ], [ 96834.549999999813735, 244172.080000000074506 ], [ 96832.259999999776483, 244167.990000000223517 ], [ 96831.110000000335276, 244164.0 ], [ 96832.040000000037253, 244157.769999999552965 ], [ 96833.519999999552965, 244151.689999999478459 ], [ 96835.799999999813735, 244144.619999999180436 ], [ 96836.459999999962747, 244141.660000000149012 ], [ 96836.96999999973923, 244137.689999999478459 ], [ 96836.599999999627471, 244132.320000000298023 ], [ 96834.740000000223517, 244127.269999999552965 ], [ 96832.910000000149012, 244123.980000000447035 ], [ 96828.679999999701977, 244117.75 ], [ 96823.099999999627471, 244111.169999999925494 ], [ 96810.059999999590218, 244093.220000000670552 ], [ 96799.179999999701977, 244082.150000000372529 ], [ 96797.162200000137091, 244079.926200000569224 ], [ 96794.860000000335276, 244077.390000000596046 ], [ 96787.862599999643862, 244073.386700000613928 ], [ 96787.709999999962747, 244073.300000000745058 ], [ 96725.410000000149012, 244038.650000000372529 ], [ 96720.46929999999702, 244035.953500000759959 ], [ 96703.137299999594688, 244026.49379999935627 ], [ 96681.089999999850988, 244014.46000000089407 ], [ 96655.490000000223517, 244000.0 ], [ 96649.049999999813735, 243996.359999999403954 ], [ 96639.96999999973923, 243991.910000000149012 ], [ 96624.049999999813735, 243984.099999999627471 ], [ 96597.910000000149012, 243973.689999999478459 ], [ 96536.129999999888241, 243954.660000000149012 ], [ 96529.277300000190735, 243952.596100000664592 ], [ 96510.346499999985099, 243946.894500000402331 ], [ 96509.683000000193715, 243960.668899999931455 ] ] ], [ [ [ 85405.799999999813735, 259760.905600000172853 ], [ 85375.793800000101328, 259802.204199999570847 ], [ 85356.707600000314415, 259842.792600000277162 ], [ 85338.70380000025034, 259867.706800000742078 ], [ 85322.198400000110269, 259896.093599999323487 ], [ 85302.211400000378489, 259921.501599999144673 ], [ 85283.705599999986589, 259949.005000000819564 ], [ 85267.494400000199676, 259974.404200000688434 ], [ 85256.496399999596179, 259994.408399999141693 ], [ 85248.589999999850988, 260004.999199999496341 ], [ 85235.002799999900162, 260013.494599999859929 ], [ 85254.296799999661744, 260031.498199999332428 ], [ 85287.299399999901652, 260051.086600000038743 ], [ 85329.203999999910593, 260085.500600000843406 ], [ 85361.600399999879301, 260112.701199999079108 ], [ 85389.095200000330806, 260132.999600000679493 ], [ 85395.494800000451505, 260125.006599999964237 ], [ 85396.499400000087917, 260109.800000000745058 ], [ 85412.701799999922514, 260081.794199999421835 ], [ 85430.289800000376999, 260075.403400000184774 ], [ 85455.411999999545515, 260068.995200000703335 ], [ 85487.098000000230968, 260062.404999999329448 ], [ 85518.792999999597669, 260063.504799999296665 ], [ 85549.595800000242889, 260062.0932 ], [ 85573.401600000448525, 260061.798800000920892 ], [ 85598.705599999986589, 260067.003399999812245 ], [ 85607.096800000406802, 260057.304400000721216 ], [ 85613.409799999557436, 260037.508199999108911 ], [ 85614.700199999846518, 260024.414599999785423 ], [ 85623.697599999606609, 260003.501199999824166 ], [ 85634.401200000196695, 259957.898600000888109 ], [ 85644.905600000172853, 259908.199999999254942 ], [ 85662.406999999657273, 259856.094000000506639 ], [ 85682.800800000317395, 259796.800400000065565 ], [ 85699.297600000165403, 259752.592199999839067 ], [ 85714.097199999727309, 259705.907199999317527 ], [ 85723.086199999786913, 259675.502800000831485 ], [ 85728.593799999915063, 259659.793800000101328 ], [ 85699.202399999834597, 259639.304800000041723 ], [ 85685.597799999639392, 259606.995200000703335 ], [ 85681.79619999974966, 259556.092800000682473 ], [ 85680.705199999734759, 259530.79759999923408 ], [ 85679.007799999788404, 259514.092800000682473 ], [ 85676.401200000196695, 259490.503599999472499 ], [ 85660.207399999722838, 259464.706000000238419 ], [ 85632.998399999924004, 259462.991399999707937 ], [ 85598.298600000329316, 259464.913799999281764 ], [ 85564.499400000087917, 259466.593800000846386 ], [ 85545.292000000365078, 259467.39919999986887 ], [ 85534.79619999974966, 259469.902000000700355 ], [ 85539.801599999889731, 259498.297399999573827 ], [ 85549.09360000025481, 259528.502800000831485 ], [ 85553.795800000429153, 259552.706800000742078 ], [ 85547.794599999673665, 259590.20380000025034 ], [ 85535.792200000025332, 259625.709000000730157 ], [ 85528.899000000208616, 259646.501000000163913 ], [ 85520.906000000424683, 259663.301000000908971 ], [ 85502.79839999973774, 259664.911800000816584 ], [ 85489.098600000143051, 259670.211600000038743 ], [ 85446.405799999833107, 259709.994799999520183 ], [ 85429.501799999736249, 259733.402200000360608 ], [ 85405.799999999813735, 259760.905600000172853 ] ] ], [ [ [ 71548.726599999703467, 238983.94679999910295 ], [ 71553.108599999919534, 238987.644600000232458 ], [ 71554.623999999836087, 238994.243400000035763 ], [ 71554.927199999801815, 238995.576999999582767 ], [ 71557.239199999719858, 238999.993400000035763 ], [ 71561.335400000214577, 239007.830600000917912 ], [ 71574.151800000108778, 239023.409600000828505 ], [ 71577.736999999731779, 239030.095000000670552 ], [ 71573.450400000438094, 239043.457000000402331 ], [ 71548.674800000153482, 239076.615399999544024 ], [ 71552.623599999584258, 239083.473799999803305 ], [ 71557.802199999801815, 239086.444199999794364 ], [ 71558.598799999803305, 239086.903200000524521 ], [ 71574.18640000000596, 239091.969200000166893 ], [ 71588.024799999780953, 239093.935000000521541 ], [ 71598.884200000204146, 239097.753799999132752 ], [ 71608.392599999904633, 239104.595200000330806 ], [ 71629.799599999561906, 239124.677200000733137 ], [ 71654.44539999961853, 239146.066800000146031 ], [ 71664.083800000138581, 239158.874800000339746 ], [ 71664.378200000151992, 239159.2818 ], [ 71666.950199999846518, 239151.332000000402331 ], [ 71713.462000000290573, 239125.266000000759959 ], [ 71762.588999999687076, 239097.736600000411272 ], [ 71811.282999999821186, 239071.350199999287724 ], [ 71814.175400000065565, 239069.782800000160933 ], [ 71815.881400000303984, 239068.864800000563264 ], [ 71813.915599999949336, 239056.57660000026226 ], [ 71810.47759999986738, 239029.558000000193715 ], [ 71811.464800000190735, 239008.42820000089705 ], [ 71813.42200000025332, 238987.306800000369549 ], [ 71813.915599999949336, 238977.486600000411272 ], [ 71811.958399999886751, 238969.62360000051558 ], [ 71809.490399999544024, 238963.726199999451637 ], [ 71809.490399999544024, 238961.310200000181794 ], [ 71810.928000000305474, 238961.431399999186397 ], [ 71815.006799999624491, 238961.769200000911951 ], [ 71858.68680000025779, 238964.98200000077486 ], [ 71875.001799999736249, 238967.8136 ], [ 71884.163800000213087, 238969.398399999365211 ], [ 71912.983599999919534, 238977.46059999987483 ], [ 71934.529199999757111, 238978.855000000447035 ], [ 71934.918800000101328, 238978.880999999120831 ], [ 71934.953599999658763, 238978.638399999588728 ], [ 71936.616200000047684, 238967.692399999126792 ], [ 71958.941200000233948, 238956.348200000822544 ], [ 71959.278800000436604, 238956.183599999174476 ], [ 71978.16579999960959, 238958.296599999070168 ], [ 71977.048799999989569, 238947.272600000724196 ], [ 71972.138600000180304, 238939.141200000420213 ], [ 71970.519199999980628, 238936.465199999511242 ], [ 71970.259399999864399, 238922.479599999263883 ], [ 71961.262000000104308, 238917.379000000655651 ], [ 71960.292000000365078, 238916.833399999886751 ], [ 71959.625199999660254, 238903.947799999266863 ], [ 71959.088399999774992, 238893.304800000041723 ], [ 71969.644600000232458, 238849.261199999600649 ], [ 71963.678000000305474, 238841.986800000071526 ], [ 71943.916400000452995, 238815.470599999651313 ], [ 71954.212799999862909, 238796.574999999254942 ], [ 71907.31140000000596, 238734.553400000557303 ], [ 71879.660799999721348, 238682.646600000560284 ], [ 71875.001799999736249, 238673.882999999448657 ], [ 71870.879599999636412, 238666.149800000712276 ], [ 71891.429399999789894, 238640.707200000062585 ], [ 71896.720599999651313, 238634.091199999675155 ], [ 71903.180800000205636, 238628.557600000873208 ], [ 71905.977800000458956, 238626.158800000324845 ], [ 71916.560200000181794, 238622.184000000357628 ], [ 71921.85120000038296, 238619.533999999985099 ], [ 71924.501199999824166, 238618.217800000682473 ], [ 71921.85120000038296, 238603.660599999129772 ], [ 71915.243800000287592, 238598.369599999859929 ], [ 71908.229399999603629, 238597.590199999511242 ], [ 71906.852400000207126, 238597.442999999970198 ], [ 71903.32799999974668, 238597.044600000604987 ], [ 71892.745600000023842, 238597.044600000604987 ], [ 71891.429399999789894, 238597.044600000604987 ], [ 71879.522199999541044, 238597.044600000604987 ], [ 71866.298600000329316, 238597.044600000604987 ], [ 71845.12540000025183, 238595.7195999994874 ], [ 71841.159199999645352, 238591.753399999812245 ], [ 71842.484199999831617, 238586.462400000542402 ], [ 71853.152999999932945, 238578.01039999909699 ], [ 71870.230200000107288, 238541.613199999555945 ], [ 71875.001799999736249, 238531.437999999150634 ], [ 71889.749400000087917, 238500.003000000491738 ], [ 71892.736999999731779, 238493.603399999439716 ], [ 71835.071399999782443, 238471.572799999266863 ], [ 71785.537399999797344, 238443.255400000140071 ], [ 71746.784799999557436, 238395.756400000303984 ], [ 71687.456600000150502, 238373.362199999392033 ], [ 71661.849600000306964, 238363.282199999317527 ], [ 71657.381199999712408, 238380.775000000372529 ], [ 71612.964999999850988, 238454.513000000268221 ], [ 71607.80379999987781, 238463.302799999713898 ], [ 71591.454199999570847, 238490.936200000345707 ], [ 71586.760599999688566, 238499.154200000688434 ], [ 71586.275600000284612, 238500.003000000491738 ], [ 71580.516800000332296, 238510.022399999201298 ], [ 71578.144000000320375, 238500.003000000491738 ], [ 71572.185999999754131, 238474.759600000455976 ], [ 71542.864000000059605, 238500.003000000491738 ], [ 71442.756799999624491, 238586.15059999935329 ], [ 71429.134999999776483, 238597.876000000163913 ], [ 71423.20299999974668, 238594.948999999091029 ], [ 71413.694600000046194, 238590.255400000140071 ], [ 71404.160000000149012, 238581.803400000557303 ], [ 71401.085799999535084, 238538.391799999400973 ], [ 71378.812800000421703, 238532.503200000151992 ], [ 71318.19440000038594, 238516.491200000047684 ], [ 71309.101599999703467, 238513.659399999305606 ], [ 71312.496199999935925, 238459.683000000193715 ], [ 71313.535400000400841, 238443.125399999320507 ], [ 71318.54079999960959, 238363.53319999948144 ], [ 71309.075600000098348, 238358.753000000491738 ], [ 71308.28760000038892, 238359.237999999895692 ], [ 71262.754399999976158, 238340.593399999663234 ], [ 71263.949400000274181, 238338.861600000411272 ], [ 71255.843799999915063, 238334.2804000005126 ], [ 71249.998399999924004, 238333.873400000855327 ], [ 71235.268199999816716, 238332.816999999806285 ], [ 71234.306800000369549, 238314.389000000432134 ], [ 71233.709400000050664, 238303.13120000064373 ], [ 71216.502399999648333, 238292.254399999976158 ], [ 71222.702800000086427, 238282.962600000202656 ], [ 71211.072599999606609, 238275.800799999386072 ], [ 71108.246199999935925, 238213.770800000056624 ], [ 71075.607599999755621, 238259.36460000090301 ], [ 71053.040000000037253, 238291.17200000025332 ], [ 71047.913399999961257, 238298.385600000619888 ], [ 71005.220800000242889, 238308.1886 ], [ 70998.717199999839067, 238309.686599999666214 ], [ 70988.134999999776483, 238312.111400000751019 ], [ 70979.899400000460446, 238313.999199999496341 ], [ 70973.958800000138581, 238315.36739999987185 ], [ 70974.85080000013113, 238301.875600000843406 ], [ 70972.027800000272691, 238281.516400000080466 ], [ 70965.801400000229478, 238267.946399999782443 ], [ 70964.96999999973923, 238266.941999999806285 ], [ 70944.576200000010431, 238242.382799999788404 ], [ 70940.506000000052154, 238238.901599999517202 ], [ 70933.656200000084937, 238230.614000000059605 ], [ 70932.946000000461936, 238229.739399999380112 ], [ 70934.158400000073016, 238228.509800000116229 ], [ 70935.777800000272691, 238226.855799999088049 ], [ 70937.405799999833107, 238225.201799999922514 ], [ 70975.690799999982119, 238175.832200000062585 ], [ 70988.931599999777973, 238158.755200000479817 ], [ 71005.982800000347197, 238136.776599999517202 ], [ 70989.823599999770522, 238135.737400000914931 ], [ 70981.111800000071526, 238145.367000000551343 ], [ 70955.470200000330806, 238131.944399999454618 ], [ 70941.016999999992549, 238127.10359999909997 ], [ 70940.254999999888241, 238126.947599999606609 ], [ 70911.469800000078976, 238121.024399999529123 ], [ 70879.290000000037253, 238113.196000000461936 ], [ 70875.020800000056624, 238102.431800000369549 ], [ 70886.16579999960959, 238081.301999999210238 ], [ 70887.863199999555945, 238078.054400000721216 ], [ 70891.916000000201166, 238070.60700000077486 ], [ 70895.163399999961257, 238064.796399999409914 ], [ 70896.228600000031292, 238062.891200000420213 ], [ 70893.769199999980628, 238061.644200000911951 ], [ 70868.811599999666214, 238048.957599999383092 ], [ 70865.979799999855459, 238047.519999999552965 ], [ 70851.032999999821186, 238050.862800000235438 ], [ 70807.483000000007451, 238060.613600000739098 ], [ 70765.993800000287592, 238065.991399999707937 ], [ 70756.173600000329316, 238067.255799999460578 ], [ 70720.919599999673665, 238045.909399999305606 ], [ 70714.381599999964237, 238041.934399999678135 ], [ 70699.330799999646842, 238032.824400000274181 ], [ 70698.802600000053644, 238032.504000000655651 ], [ 70691.94400000013411, 238028.356000000610948 ], [ 70691.233799999579787, 238027.914200000464916 ], [ 70653.39919999986887, 238004.983200000599027 ], [ 70634.979799999855459, 238002.376599999144673 ], [ 70624.995199999772012, 238023.4543999992311 ], [ 70620.543999999761581, 238032.850400000810623 ], [ 70611.736999999731779, 238051.45160000026226 ], [ 70601.449199999682605, 238056.301000000908971 ], [ 70580.059399999678135, 238066.398399999365211 ], [ 70567.71059999987483, 238074.633799999952316 ], [ 70521.423999999649823, 238145.289200000464916 ], [ 70413.921400000341237, 238224.95920000039041 ], [ 70401.459800000302494, 238238.07880000025034 ], [ 70398.229799999855459, 238241.473400000482798 ], [ 70429.838000000454485, 238261.78940000012517 ], [ 70441.476800000295043, 238263.815799999982119 ], [ 70450.249200000427663, 238266.664799999445677 ], [ 70451.30559999961406, 238267.011199999600649 ], [ 70461.905199999921024, 238272.683399999514222 ], [ 70495.739000000059605, 238290.816999999806285 ], [ 70513.17119999974966, 238301.139399999752641 ], [ 70548.806200000457466, 238321.316800000146031 ], [ 70568.282200000248849, 238332.357999999076128 ], [ 70597.231800000183284, 238346.265599999576807 ], [ 70606.290000000037253, 238353.184800000861287 ], [ 70611.122200000099838, 238359.264000000432134 ], [ 70616.231399999931455, 238371.924599999561906 ], [ 70619.599999999627471, 238377.172399999573827 ], [ 70624.995199999772012, 238385.581000000238419 ], [ 70633.628999999724329, 238399.012399999424815 ], [ 70642.228199999779463, 238404.745200000703335 ], [ 70651.173600000329316, 238409.932399999350309 ], [ 70658.43059999961406, 238414.141000000759959 ], [ 70691.476400000043213, 238424.004599999636412 ], [ 70699.997600000351667, 238428.455800000578165 ], [ 70701.894199999980628, 238429.365000000223517 ], [ 70705.686999999918044, 238431.192199999466538 ], [ 70725.24100000038743, 238444.294600000604987 ], [ 70755.368400000035763, 238449.58559999987483 ], [ 70760.997200000099838, 238450.278400000184774 ], [ 70784.898199999704957, 238453.179400000721216 ], [ 70792.371600000187755, 238457.362199999392033 ], [ 70805.803000000305474, 238469.650399999693036 ], [ 70807.145200000144541, 238470.880000000819564 ], [ 70818.870600000023842, 238479.531199999153614 ], [ 70830.024400000460446, 238484.441400000825524 ], [ 70838.372399999760091, 238485.965399999171495 ], [ 70843.914800000376999, 238485.385199999436736 ], [ 70855.49280000012368, 238484.190199999138713 ], [ 70862.888399999588728, 238488.234200000762939 ], [ 70865.408400000073016, 238489.61119999922812 ], [ 70865.009999999776483, 238495.560399999842048 ], [ 70864.914800000376999, 238496.92879999987781 ], [ 70867.400000000372529, 238497.586799999698997 ], [ 70869.157999999821186, 238498.05460000038147 ], [ 70876.49280000012368, 238500.003000000491738 ], [ 70906.481800000183284, 238507.961400000378489 ], [ 70945.225599999539554, 238527.973999999463558 ], [ 70985.528400000184774, 238552.61119999922812 ], [ 70990.646200000308454, 238560.309800000861287 ], [ 70991.884600000455976, 238562.171599999070168 ], [ 70992.707399999722838, 238563.401399999856949 ], [ 71002.769999999552965, 238569.601800000295043 ], [ 71009.403400000184774, 238573.689200000837445 ], [ 71016.790199999697506, 238580.235999999567866 ], [ 71036.638399999588728, 238597.849999999627471 ], [ 71054.936599999666214, 238620.1402000002563 ], [ 71056.001799999736249, 238621.300599999725819 ], [ 71074.429800000041723, 238641.443399999290705 ], [ 71089.497800000011921, 238658.598400000482798 ], [ 71102.210400000214577, 238673.06900000013411 ], [ 71144.045800000429153, 238709.344799999147654 ], [ 71165.626000000163913, 238731.115599999204278 ], [ 71174.285799999721348, 238742.442600000649691 ], [ 71176.736600000411272, 238747.560399999842048 ], [ 71180.616200000047684, 238780.528400000184774 ], [ 71187.110999999567866, 238806.230599999427795 ], [ 71196.195199999958277, 238819.038399999961257 ], [ 71199.191399999894202, 238819.722599999979138 ], [ 71209.626400000415742, 238822.112600000575185 ], [ 71227.032700000330806, 238824.762499999254942 ], [ 71228.149799999780953, 238825.715199999511242 ], [ 71249.998399999924004, 238819.480000000447035 ], [ 71276.653199999593198, 238811.868200000375509 ], [ 71303.589599999599159, 238805.321299999952316 ], [ 71307.759200000204146, 238838.964600000530481 ], [ 71307.092400000430644, 238863.142799999564886 ], [ 71306.685399999842048, 238877.994400000199676 ], [ 71306.538200000301003, 238888.801799999549985 ], [ 71306.330400000326335, 238894.707800000905991 ], [ 71321.935399999842048, 238912.356399999931455 ], [ 71325.797600000165403, 238916.738199999555945 ], [ 71340.89159999974072, 238933.157199999317527 ], [ 71353.101999999955297, 238939.184399999678135 ], [ 71379.895399999804795, 238938.950600000098348 ], [ 71387.767199999652803, 238939.808000000193715 ], [ 71441.518400000408292, 238981.418199999257922 ], [ 71467.419800000265241, 238976.863199999555945 ], [ 71471.91440000012517, 238971.268999999389052 ], [ 71486.220399999991059, 238972.749800000339746 ], [ 71492.186999999918044, 238972.169600000604987 ], [ 71501.210400000214577, 238971.294999999925494 ], [ 71521.578200000338256, 238976.724600000306964 ], [ 71529.952200000174344, 238978.958799999207258 ], [ 71548.726599999703467, 238983.94679999910295 ] ] ], [ [ [ 78434.198200000450015, 238756.687999999150634 ], [ 78420.714800000190735, 238780.970000000670552 ], [ 78428.993599999696016, 238785.213199999183416 ], [ 78447.638199999928474, 238794.773600000888109 ], [ 78456.713600000366569, 238799.424000000581145 ], [ 78511.616799999959767, 238843.788200000301003 ], [ 78513.833599999547005, 238840.436799999326468 ], [ 78528.009800000116229, 238819.012399999424815 ], [ 78529.854199999943376, 238813.877199999988079 ], [ 78538.617999999783933, 238790.053999999538064 ], [ 78519.618400000035763, 238777.687999999150634 ], [ 78512.777200000360608, 238773.245400000363588 ], [ 78447.516999999992549, 238730.80379999987781 ], [ 78444.494599999859929, 238733.020600000396371 ], [ 78441.576399999670684, 238731.297399999573827 ], [ 78434.198200000450015, 238756.687999999150634 ] ] ], [ [ [ 69128.097799999639392, 238737.593000000342727 ], [ 69115.705599999986589, 238704.504000000655651 ], [ 69144.499400000087917, 238658.39919999986887 ], [ 69172.089599999599159, 238616.710999999195337 ], [ 69195.999200000427663, 238578.79839999973774 ], [ 69170.201799999922514, 238559.599600000306964 ], [ 69131.293200000189245, 238527.497800000011921 ], [ 69104.092799999751151, 238520.4054000005126 ], [ 69085.993800000287592, 238532.208799999207258 ], [ 69070.908599999733269, 238547.796399999409914 ], [ 69038.087799999862909, 238556.707200000062585 ], [ 68992.087000000290573, 238559.21000000089407 ], [ 68956.902400000020862, 238567.497400000691414 ], [ 68929.095800000242889, 238579.092800000682473 ], [ 68889.208800000138581, 238576.295800000429153 ], [ 68865.506799999624491, 238573.403400000184774 ], [ 68846.29079999960959, 238591.199200000613928 ], [ 68822.588999999687076, 238595.79759999923408 ], [ 68795.795599999837577, 238618.00139999948442 ], [ 68790.798799999989569, 238644.907199999317527 ], [ 68798.298200000077486, 238688.795199999585748 ], [ 68803.797199999913573, 238726.205399999395013 ], [ 68804.403400000184774, 238763.996799999848008 ], [ 68805.407800000160933, 238793.907800000160933 ], [ 68818.501400000415742, 238815.496600000187755 ], [ 68846.004999999888241, 238828.798000000417233 ], [ 68873.292000000365078, 238835.596000000834465 ], [ 68896.500199999660254, 238851.29619999974966 ], [ 68910.200000000186265, 238874.902799999341369 ], [ 68919.292799999937415, 238901.202600000426173 ], [ 68937.911399999633431, 238903.098999999463558 ], [ 68950.087000000290573, 238880.297800000756979 ], [ 68964.202600000426173, 238845.494000000879169 ], [ 68982.907599999569356, 238823.091199999675155 ], [ 68995.412399999797344, 238803.000399999320507 ], [ 69014.706399999558926, 238775.496999999508262 ], [ 69044.496199999935925, 238752.297399999573827 ], [ 69073.090800000354648, 238745.594799999147654 ], [ 69095.406999999657273, 238739.991800000891089 ], [ 69108.084999999962747, 238744.902000000700355 ], [ 69128.097799999639392, 238737.593000000342727 ] ] ] ] } }
]
}
